url,path,classification,first_status,final_status,robots,canonical,in_sitemap,indexable,noindex,staged
https://www.expatcopilot.com/,/,INDEXABLE,200,200,,https://www.expatcopilot.com/,YES,True,False,False
https://www.expatcopilot.com/about,/about,INDEXABLE,200,200,,https://www.expatcopilot.com/about,YES,True,False,False
https://www.expatcopilot.com/affiliate-disclosure,/affiliate-disclosure,INDEXABLE,200,200,,https://www.expatcopilot.com/affiliate-disclosure,YES,True,False,False
https://www.expatcopilot.com/contact,/contact,INDEXABLE,200,200,,https://www.expatcopilot.com/contact,YES,True,False,False
https://www.expatcopilot.com/cookies,/cookies,INDEXABLE,200,200,,https://www.expatcopilot.com/cookies,YES,True,False,False
https://www.expatcopilot.com/disclaimer,/disclaimer,INDEXABLE,200,200,,https://www.expatcopilot.com/disclaimer,YES,True,False,False
https://www.expatcopilot.com/editorial-policy,/editorial-policy,INDEXABLE,200,200,,https://www.expatcopilot.com/editorial-policy,YES,True,False,False
https://www.expatcopilot.com/how-this-site-works,/how-this-site-works,INDEXABLE,200,200,,https://www.expatcopilot.com/how-this-site-works,YES,True,False,False
https://www.expatcopilot.com/how-we-rank-services,/how-we-rank-services,INDEXABLE,200,200,,https://www.expatcopilot.com/how-we-rank-services,YES,True,False,False
https://www.expatcopilot.com/methodology,/methodology,INDEXABLE,200,200,,https://www.expatcopilot.com/methodology,YES,True,False,False
https://www.expatcopilot.com/netherlands,/netherlands,INDEXABLE,200,200,,https://www.expatcopilot.com/netherlands,YES,True,False,False
https://www.expatcopilot.com/netherlands/after-arriving-netherlands,/netherlands/after-arriving-netherlands,INDEXABLE,200,200,,https://www.expatcopilot.com/netherlands/after-arriving-netherlands,YES,True,False,False
https://www.expatcopilot.com/netherlands/amstelveen,/netherlands/amstelveen,INDEXABLE,200,200,,https://www.expatcopilot.com/netherlands/amstelveen,YES,True,False,False
https://www.expatcopilot.com/netherlands/amsterdam,/netherlands/amsterdam,INDEXABLE,200,200,,https://www.expatcopilot.com/netherlands/amsterdam,YES,True,False,False
https://www.expatcopilot.com/netherlands/apostille-documents-netherlands,/netherlands/apostille-documents-netherlands,INDEXABLE,200,200,,https://www.expatcopilot.com/netherlands/apostille-documents-netherlands,YES,True,False,False
https://www.expatcopilot.com/netherlands/arnhem,/netherlands/arnhem,INDEXABLE,200,200,,https://www.expatcopilot.com/netherlands/arnhem,YES,True,False,False
https://www.expatcopilot.com/netherlands/breda,/netherlands/breda,INDEXABLE,200,200,,https://www.expatcopilot.com/netherlands/breda,YES,True,False,False
https://www.expatcopilot.com/netherlands/bringing-pets-to-netherlands,/netherlands/bringing-pets-to-netherlands,INDEXABLE,200,200,,https://www.expatcopilot.com/netherlands/bringing-pets-to-netherlands,YES,True,False,False
https://www.expatcopilot.com/netherlands/bsn-registration,/netherlands/bsn-registration,INDEXABLE,200,200,,https://www.expatcopilot.com/netherlands/bsn-registration,YES,True,False,False
https://www.expatcopilot.com/netherlands/business/starting-a-business-netherlands,/netherlands/business/starting-a-business-netherlands,INDEXABLE,200,200,"index, follow",https://www.expatcopilot.com/netherlands/business/starting-a-business-netherlands,YES,True,False,False
https://www.expatcopilot.com/netherlands/business/zzp-netherlands,/netherlands/business/zzp-netherlands,INDEXABLE,200,200,"index, follow",https://www.expatcopilot.com/netherlands/business/zzp-netherlands,YES,True,False,False
https://www.expatcopilot.com/netherlands/cities,/netherlands/cities,INDEXABLE,200,200,,https://www.expatcopilot.com/netherlands/cities,YES,True,False,False
https://www.expatcopilot.com/netherlands/cities/amsterdam-vs-rotterdam,/netherlands/cities/amsterdam-vs-rotterdam,INDEXABLE,200,200,"index, follow",https://www.expatcopilot.com/netherlands/cities/amsterdam-vs-rotterdam,YES,True,False,False
https://www.expatcopilot.com/netherlands/cities/best-cities-for-expats,/netherlands/cities/best-cities-for-expats,INDEXABLE,200,200,,https://www.expatcopilot.com/netherlands/cities/best-cities-for-expats,YES,True,False,False
https://www.expatcopilot.com/netherlands/cities/best-cities-for-families,/netherlands/cities/best-cities-for-families,INDEXABLE,200,200,,https://www.expatcopilot.com/netherlands/cities/best-cities-for-families,YES,True,False,False
https://www.expatcopilot.com/netherlands/cities/best-cities-for-international-professionals,/netherlands/cities/best-cities-for-international-professionals,INDEXABLE,200,200,,https://www.expatcopilot.com/netherlands/cities/best-cities-for-international-professionals,YES,True,False,False
https://www.expatcopilot.com/netherlands/cities/cheapest-cities-for-expats,/netherlands/cities/cheapest-cities-for-expats,INDEXABLE,200,200,,https://www.expatcopilot.com/netherlands/cities/cheapest-cities-for-expats,YES,True,False,False
https://www.expatcopilot.com/netherlands/cities/compare,/netherlands/cities/compare,INDEXABLE,200,200,,https://www.expatcopilot.com/netherlands/cities/compare,YES,True,False,False
https://www.expatcopilot.com/netherlands/citizenship/dutch-citizenship,/netherlands/citizenship/dutch-citizenship,INDEXABLE,200,200,,https://www.expatcopilot.com/netherlands/citizenship/dutch-citizenship,YES,True,False,False
https://www.expatcopilot.com/netherlands/citizenship/permanent-residence,/netherlands/citizenship/permanent-residence,INDEXABLE,200,200,,https://www.expatcopilot.com/netherlands/citizenship/permanent-residence,YES,True,False,False
https://www.expatcopilot.com/netherlands/citizenship/tools,/netherlands/citizenship/tools,INDEXABLE,200,200,,https://www.expatcopilot.com/netherlands/citizenship/tools,YES,True,False,False
https://www.expatcopilot.com/netherlands/citizenship/tools/dual-citizenship-awareness-tool,/netherlands/citizenship/tools/dual-citizenship-awareness-tool,INDEXABLE,200,200,,https://www.expatcopilot.com/netherlands/citizenship/tools/dual-citizenship-awareness-tool,YES,True,False,False
https://www.expatcopilot.com/netherlands/citizenship/tools/dutch-citizenship-timeline-calculator,/netherlands/citizenship/tools/dutch-citizenship-timeline-calculator,INDEXABLE,200,200,,https://www.expatcopilot.com/netherlands/citizenship/tools/dutch-citizenship-timeline-calculator,YES,True,False,False
https://www.expatcopilot.com/netherlands/citizenship/tools/permanent-residence-eligibility-calculator,/netherlands/citizenship/tools/permanent-residence-eligibility-calculator,INDEXABLE,200,200,,https://www.expatcopilot.com/netherlands/citizenship/tools/permanent-residence-eligibility-calculator,YES,True,False,False
https://www.expatcopilot.com/netherlands/culture,/netherlands/culture,INDEXABLE,200,200,,https://www.expatcopilot.com/netherlands/culture,YES,True,False,False
https://www.expatcopilot.com/netherlands/culture/communication-style,/netherlands/culture/communication-style,INDEXABLE,200,200,,https://www.expatcopilot.com/netherlands/culture/communication-style,YES,True,False,False
https://www.expatcopilot.com/netherlands/culture/dutch-language-basics,/netherlands/culture/dutch-language-basics,INDEXABLE,200,200,,https://www.expatcopilot.com/netherlands/culture/dutch-language-basics,YES,True,False,False
https://www.expatcopilot.com/netherlands/culture/dutch-social-calendar,/netherlands/culture/dutch-social-calendar,INDEXABLE,200,200,,https://www.expatcopilot.com/netherlands/culture/dutch-social-calendar,YES,True,False,False
https://www.expatcopilot.com/netherlands/culture/dutch-traditions,/netherlands/culture/dutch-traditions,INDEXABLE,200,200,,https://www.expatcopilot.com/netherlands/culture/dutch-traditions,YES,True,False,False
https://www.expatcopilot.com/netherlands/culture/family-and-school-culture,/netherlands/culture/family-and-school-culture,INDEXABLE,200,200,,https://www.expatcopilot.com/netherlands/culture/family-and-school-culture,YES,True,False,False
https://www.expatcopilot.com/netherlands/culture/health-system-culture-basics,/netherlands/culture/health-system-culture-basics,INDEXABLE,200,200,,https://www.expatcopilot.com/netherlands/culture/health-system-culture-basics,YES,True,False,False
https://www.expatcopilot.com/netherlands/culture/hierarchy-and-flatness,/netherlands/culture/hierarchy-and-flatness,INDEXABLE,200,200,,https://www.expatcopilot.com/netherlands/culture/hierarchy-and-flatness,YES,True,False,False
https://www.expatcopilot.com/netherlands/culture/invitations-and-planning,/netherlands/culture/invitations-and-planning,INDEXABLE,200,200,,https://www.expatcopilot.com/netherlands/culture/invitations-and-planning,YES,True,False,False
https://www.expatcopilot.com/netherlands/culture/kings-day,/netherlands/culture/kings-day,INDEXABLE,200,200,,https://www.expatcopilot.com/netherlands/culture/kings-day,YES,True,False,False
https://www.expatcopilot.com/netherlands/culture/learning-dutch,/netherlands/culture/learning-dutch,INDEXABLE,200,200,,https://www.expatcopilot.com/netherlands/culture/learning-dutch,YES,True,False,False
https://www.expatcopilot.com/netherlands/culture/meetings-and-consensus,/netherlands/culture/meetings-and-consensus,INDEXABLE,200,200,,https://www.expatcopilot.com/netherlands/culture/meetings-and-consensus,YES,True,False,False
https://www.expatcopilot.com/netherlands/culture/national-holidays,/netherlands/culture/national-holidays,INDEXABLE,200,200,,https://www.expatcopilot.com/netherlands/culture/national-holidays,YES,True,False,False
https://www.expatcopilot.com/netherlands/culture/practice-scenarios,/netherlands/culture/practice-scenarios,INDEXABLE,200,200,,https://www.expatcopilot.com/netherlands/culture/practice-scenarios,YES,True,False,False
https://www.expatcopilot.com/netherlands/culture/sinterklaas,/netherlands/culture/sinterklaas,INDEXABLE,200,200,,https://www.expatcopilot.com/netherlands/culture/sinterklaas,YES,True,False,False
https://www.expatcopilot.com/netherlands/culture/time-and-boundaries,/netherlands/culture/time-and-boundaries,INDEXABLE,200,200,,https://www.expatcopilot.com/netherlands/culture/time-and-boundaries,YES,True,False,False
https://www.expatcopilot.com/netherlands/culture/what-feels-normal-in-dutch-daily-life,/netherlands/culture/what-feels-normal-in-dutch-daily-life,INDEXABLE,200,200,,https://www.expatcopilot.com/netherlands/culture/what-feels-normal-in-dutch-daily-life,YES,True,False,False
https://www.expatcopilot.com/netherlands/culture/written-follow-ups,/netherlands/culture/written-follow-ups,INDEXABLE,200,200,,https://www.expatcopilot.com/netherlands/culture/written-follow-ups,YES,True,False,False
https://www.expatcopilot.com/netherlands/delft,/netherlands/delft,INDEXABLE,200,200,,https://www.expatcopilot.com/netherlands/delft,YES,True,False,False
https://www.expatcopilot.com/netherlands/digid-awareness,/netherlands/digid-awareness,INDEXABLE,200,200,,https://www.expatcopilot.com/netherlands/digid-awareness,YES,True,False,False
https://www.expatcopilot.com/netherlands/document-legalization-netherlands,/netherlands/document-legalization-netherlands,INDEXABLE,200,200,,https://www.expatcopilot.com/netherlands/document-legalization-netherlands,YES,True,False,False
https://www.expatcopilot.com/netherlands/document-readiness-checker,/netherlands/document-readiness-checker,INDEXABLE,200,200,,https://www.expatcopilot.com/netherlands/document-readiness-checker,YES,True,False,False
https://www.expatcopilot.com/netherlands/document-translation-netherlands,/netherlands/document-translation-netherlands,INDEXABLE,200,200,,https://www.expatcopilot.com/netherlands/document-translation-netherlands,YES,True,False,False
https://www.expatcopilot.com/netherlands/education,/netherlands/education,INDEXABLE,200,200,"index, follow",https://www.expatcopilot.com/netherlands/education,YES,True,False,False
https://www.expatcopilot.com/netherlands/education/after-school-care-netherlands,/netherlands/education/after-school-care-netherlands,INDEXABLE,200,200,"index, follow",https://www.expatcopilot.com/netherlands/education/after-school-care-netherlands,YES,True,False,False
https://www.expatcopilot.com/netherlands/education/before-school-care-netherlands,/netherlands/education/before-school-care-netherlands,INDEXABLE,200,200,"index, follow",https://www.expatcopilot.com/netherlands/education/before-school-care-netherlands,YES,True,False,False
https://www.expatcopilot.com/netherlands/education/daycare-netherlands,/netherlands/education/daycare-netherlands,INDEXABLE,200,200,"index, follow",https://www.expatcopilot.com/netherlands/education/daycare-netherlands,YES,True,False,False
https://www.expatcopilot.com/netherlands/education/dutch-schools-netherlands,/netherlands/education/dutch-schools-netherlands,INDEXABLE,200,200,"index, follow",https://www.expatcopilot.com/netherlands/education/dutch-schools-netherlands,YES,True,False,False
https://www.expatcopilot.com/netherlands/education/international-schools-netherlands,/netherlands/education/international-schools-netherlands,INDEXABLE,200,200,"index, follow",https://www.expatcopilot.com/netherlands/education/international-schools-netherlands,YES,True,False,False
https://www.expatcopilot.com/netherlands/eindhoven,/netherlands/eindhoven,INDEXABLE,200,200,,https://www.expatcopilot.com/netherlands/eindhoven,YES,True,False,False
https://www.expatcopilot.com/netherlands/eu-vs-non-eu-moving-to-netherlands,/netherlands/eu-vs-non-eu-moving-to-netherlands,INDEXABLE,200,200,,https://www.expatcopilot.com/netherlands/eu-vs-non-eu-moving-to-netherlands,YES,True,False,False
https://www.expatcopilot.com/netherlands/family/child-benefits-netherlands,/netherlands/family/child-benefits-netherlands,INDEXABLE,200,200,"index, follow",https://www.expatcopilot.com/netherlands/family/child-benefits-netherlands,YES,True,False,False
https://www.expatcopilot.com/netherlands/family/family-activities-netherlands,/netherlands/family/family-activities-netherlands,INDEXABLE,200,200,,https://www.expatcopilot.com/netherlands/family/family-activities-netherlands,YES,True,False,False
https://www.expatcopilot.com/netherlands/family/giving-birth-netherlands,/netherlands/family/giving-birth-netherlands,INDEXABLE,200,200,,https://www.expatcopilot.com/netherlands/family/giving-birth-netherlands,YES,True,False,False
https://www.expatcopilot.com/netherlands/family/healthcare-for-children-netherlands,/netherlands/family/healthcare-for-children-netherlands,INDEXABLE,200,200,"index, follow",https://www.expatcopilot.com/netherlands/family/healthcare-for-children-netherlands,YES,True,False,False
https://www.expatcopilot.com/netherlands/family/parenting-netherlands,/netherlands/family/parenting-netherlands,INDEXABLE,200,200,"index, follow",https://www.expatcopilot.com/netherlands/family/parenting-netherlands,YES,True,False,False
https://www.expatcopilot.com/netherlands/family/pets-netherlands,/netherlands/family/pets-netherlands,INDEXABLE,200,200,,https://www.expatcopilot.com/netherlands/family/pets-netherlands,YES,True,False,False
https://www.expatcopilot.com/netherlands/family/pregnancy-netherlands,/netherlands/family/pregnancy-netherlands,INDEXABLE,200,200,,https://www.expatcopilot.com/netherlands/family/pregnancy-netherlands,YES,True,False,False
https://www.expatcopilot.com/netherlands/family/tools,/netherlands/family/tools,INDEXABLE,200,200,,https://www.expatcopilot.com/netherlands/family/tools,YES,True,False,False
https://www.expatcopilot.com/netherlands/family/tools/childcare-cost-estimator,/netherlands/family/tools/childcare-cost-estimator,INDEXABLE,200,200,"index, follow",https://www.expatcopilot.com/netherlands/family/tools/childcare-cost-estimator,YES,True,False,False
https://www.expatcopilot.com/netherlands/first-30-days-netherlands,/netherlands/first-30-days-netherlands,INDEXABLE,200,200,,https://www.expatcopilot.com/netherlands/first-30-days-netherlands,YES,True,False,False
https://www.expatcopilot.com/netherlands/first-60-days-netherlands,/netherlands/first-60-days-netherlands,INDEXABLE,200,200,,https://www.expatcopilot.com/netherlands/first-60-days-netherlands,YES,True,False,False
https://www.expatcopilot.com/netherlands/first-90-days-netherlands,/netherlands/first-90-days-netherlands,INDEXABLE,200,200,,https://www.expatcopilot.com/netherlands/first-90-days-netherlands,YES,True,False,False
https://www.expatcopilot.com/netherlands/government-services,/netherlands/government-services,INDEXABLE,200,200,,https://www.expatcopilot.com/netherlands/government-services,YES,True,False,False
https://www.expatcopilot.com/netherlands/groningen,/netherlands/groningen,INDEXABLE,200,200,,https://www.expatcopilot.com/netherlands/groningen,YES,True,False,False
https://www.expatcopilot.com/netherlands/haarlem,/netherlands/haarlem,INDEXABLE,200,200,,https://www.expatcopilot.com/netherlands/haarlem,YES,True,False,False
https://www.expatcopilot.com/netherlands/health,/netherlands/health,INDEXABLE,200,200,"index, follow",https://www.expatcopilot.com/netherlands/health,YES,True,False,False
https://www.expatcopilot.com/netherlands/health-insurance-netherlands,/netherlands/health-insurance-netherlands,INDEXABLE,200,200,,https://www.expatcopilot.com/netherlands/health-insurance-netherlands,YES,True,False,False
https://www.expatcopilot.com/netherlands/health/dentists-netherlands,/netherlands/health/dentists-netherlands,INDEXABLE,200,200,"index, follow",https://www.expatcopilot.com/netherlands/health/dentists-netherlands,YES,True,False,False
https://www.expatcopilot.com/netherlands/health/emergency-healthcare-netherlands,/netherlands/health/emergency-healthcare-netherlands,INDEXABLE,200,200,"index, follow",https://www.expatcopilot.com/netherlands/health/emergency-healthcare-netherlands,YES,True,False,False
https://www.expatcopilot.com/netherlands/health/gp-netherlands,/netherlands/health/gp-netherlands,INDEXABLE,200,200,"index, follow",https://www.expatcopilot.com/netherlands/health/gp-netherlands,YES,True,False,False
https://www.expatcopilot.com/netherlands/health/health-insurance-comparison-netherlands,/netherlands/health/health-insurance-comparison-netherlands,INDEXABLE,200,200,"index, follow",https://www.expatcopilot.com/netherlands/health/health-insurance-comparison-netherlands,YES,True,False,False
https://www.expatcopilot.com/netherlands/health/hospitals-netherlands,/netherlands/health/hospitals-netherlands,INDEXABLE,200,200,"index, follow",https://www.expatcopilot.com/netherlands/health/hospitals-netherlands,YES,True,False,False
https://www.expatcopilot.com/netherlands/health/maternity-care-netherlands,/netherlands/health/maternity-care-netherlands,INDEXABLE,200,200,"index, follow",https://www.expatcopilot.com/netherlands/health/maternity-care-netherlands,YES,True,False,False
https://www.expatcopilot.com/netherlands/health/mental-healthcare-netherlands,/netherlands/health/mental-healthcare-netherlands,INDEXABLE,200,200,"index, follow",https://www.expatcopilot.com/netherlands/health/mental-healthcare-netherlands,YES,True,False,False
https://www.expatcopilot.com/netherlands/health/pharmacies-netherlands,/netherlands/health/pharmacies-netherlands,INDEXABLE,200,200,"index, follow",https://www.expatcopilot.com/netherlands/health/pharmacies-netherlands,YES,True,False,False
https://www.expatcopilot.com/netherlands/health/physiotherapy-netherlands,/netherlands/health/physiotherapy-netherlands,INDEXABLE,200,200,"index, follow",https://www.expatcopilot.com/netherlands/health/physiotherapy-netherlands,YES,True,False,False
https://www.expatcopilot.com/netherlands/health/prescriptions-netherlands,/netherlands/health/prescriptions-netherlands,INDEXABLE,200,200,"index, follow",https://www.expatcopilot.com/netherlands/health/prescriptions-netherlands,YES,True,False,False
https://www.expatcopilot.com/netherlands/health/tools,/netherlands/health/tools,INDEXABLE,200,200,,https://www.expatcopilot.com/netherlands/health/tools,YES,True,False,False
https://www.expatcopilot.com/netherlands/housing,/netherlands/housing,INDEXABLE,200,200,,https://www.expatcopilot.com/netherlands/housing,YES,True,False,False
https://www.expatcopilot.com/netherlands/housing/buy-vs-rent-netherlands,/netherlands/housing/buy-vs-rent-netherlands,INDEXABLE,200,200,"index, follow",https://www.expatcopilot.com/netherlands/housing/buy-vs-rent-netherlands,YES,True,False,False
https://www.expatcopilot.com/netherlands/housing/buying-a-house-netherlands,/netherlands/housing/buying-a-house-netherlands,INDEXABLE,200,200,"index, follow",https://www.expatcopilot.com/netherlands/housing/buying-a-house-netherlands,YES,True,False,False
https://www.expatcopilot.com/netherlands/housing/housing-costs-netherlands,/netherlands/housing/housing-costs-netherlands,INDEXABLE,200,200,"index, follow",https://www.expatcopilot.com/netherlands/housing/housing-costs-netherlands,YES,True,False,False
https://www.expatcopilot.com/netherlands/housing/mortgages-netherlands-expats,/netherlands/housing/mortgages-netherlands-expats,INDEXABLE,200,200,"index, follow",https://www.expatcopilot.com/netherlands/housing/mortgages-netherlands-expats,YES,True,False,False
https://www.expatcopilot.com/netherlands/housing/rental-contracts-and-deposits-netherlands,/netherlands/housing/rental-contracts-and-deposits-netherlands,INDEXABLE,200,200,"index, follow",https://www.expatcopilot.com/netherlands/housing/rental-contracts-and-deposits-netherlands,YES,True,False,False
https://www.expatcopilot.com/netherlands/housing/rental-scams-netherlands,/netherlands/housing/rental-scams-netherlands,INDEXABLE,200,200,"index, follow",https://www.expatcopilot.com/netherlands/housing/rental-scams-netherlands,YES,True,False,False
https://www.expatcopilot.com/netherlands/housing/tools,/netherlands/housing/tools,INDEXABLE,200,200,,https://www.expatcopilot.com/netherlands/housing/tools,YES,True,False,False
https://www.expatcopilot.com/netherlands/housing/tools/rent-affordability-calculator,/netherlands/housing/tools/rent-affordability-calculator,INDEXABLE,200,200,"index, follow",https://www.expatcopilot.com/netherlands/housing/tools/rent-affordability-calculator,YES,True,False,False
https://www.expatcopilot.com/netherlands/integration/inburgering,/netherlands/integration/inburgering,INDEXABLE,200,200,,https://www.expatcopilot.com/netherlands/integration/inburgering,YES,True,False,False
https://www.expatcopilot.com/netherlands/integration/tools,/netherlands/integration/tools,INDEXABLE,200,200,,https://www.expatcopilot.com/netherlands/integration/tools,YES,True,False,False
https://www.expatcopilot.com/netherlands/integration/tools/inburgering-exam-readiness-checker,/netherlands/integration/tools/inburgering-exam-readiness-checker,INDEXABLE,200,200,,https://www.expatcopilot.com/netherlands/integration/tools/inburgering-exam-readiness-checker,YES,True,False,False
https://www.expatcopilot.com/netherlands/integration/tools/integration-requirement-checker,/netherlands/integration/tools/integration-requirement-checker,INDEXABLE,200,200,,https://www.expatcopilot.com/netherlands/integration/tools/integration-requirement-checker,YES,True,False,False
https://www.expatcopilot.com/netherlands/jobs/contractor-vs-employee-netherlands,/netherlands/jobs/contractor-vs-employee-netherlands,INDEXABLE,200,200,"index, follow",https://www.expatcopilot.com/netherlands/jobs/contractor-vs-employee-netherlands,YES,True,False,False
https://www.expatcopilot.com/netherlands/jobs/dutch-directness-at-work,/netherlands/jobs/dutch-directness-at-work,INDEXABLE,200,200,"index, follow",https://www.expatcopilot.com/netherlands/jobs/dutch-directness-at-work,YES,True,False,False
https://www.expatcopilot.com/netherlands/jobs/dutch-workplace-culture,/netherlands/jobs/dutch-workplace-culture,INDEXABLE,200,200,"index, follow",https://www.expatcopilot.com/netherlands/jobs/dutch-workplace-culture,YES,True,False,False
https://www.expatcopilot.com/netherlands/jobs/employee-benefits-netherlands,/netherlands/jobs/employee-benefits-netherlands,INDEXABLE,200,200,"index, follow",https://www.expatcopilot.com/netherlands/jobs/employee-benefits-netherlands,YES,True,False,False
https://www.expatcopilot.com/netherlands/jobs/employee-rights-netherlands,/netherlands/jobs/employee-rights-netherlands,INDEXABLE,200,200,"index, follow",https://www.expatcopilot.com/netherlands/jobs/employee-rights-netherlands,YES,True,False,False
https://www.expatcopilot.com/netherlands/jobs/employment-contract-netherlands,/netherlands/jobs/employment-contract-netherlands,INDEXABLE,200,200,"index, follow",https://www.expatcopilot.com/netherlands/jobs/employment-contract-netherlands,YES,True,False,False
https://www.expatcopilot.com/netherlands/jobs/expat-salary-netherlands,/netherlands/jobs/expat-salary-netherlands,INDEXABLE,200,200,"index, follow",https://www.expatcopilot.com/netherlands/jobs/expat-salary-netherlands,YES,True,False,False
https://www.expatcopilot.com/netherlands/jobs/finding-jobs-netherlands,/netherlands/jobs/finding-jobs-netherlands,INDEXABLE,200,200,"index, follow",https://www.expatcopilot.com/netherlands/jobs/finding-jobs-netherlands,YES,True,False,False
https://www.expatcopilot.com/netherlands/jobs/freelancing-netherlands,/netherlands/jobs/freelancing-netherlands,INDEXABLE,200,200,"index, follow",https://www.expatcopilot.com/netherlands/jobs/freelancing-netherlands,YES,True,False,False
https://www.expatcopilot.com/netherlands/jobs/holiday-allowance-netherlands,/netherlands/jobs/holiday-allowance-netherlands,INDEXABLE,200,200,"index, follow",https://www.expatcopilot.com/netherlands/jobs/holiday-allowance-netherlands,YES,True,False,False
https://www.expatcopilot.com/netherlands/jobs/minimum-wage-netherlands,/netherlands/jobs/minimum-wage-netherlands,INDEXABLE,200,200,"index, follow",https://www.expatcopilot.com/netherlands/jobs/minimum-wage-netherlands,YES,True,False,False
https://www.expatcopilot.com/netherlands/jobs/notice-period-netherlands,/netherlands/jobs/notice-period-netherlands,INDEXABLE,200,200,"index, follow",https://www.expatcopilot.com/netherlands/jobs/notice-period-netherlands,YES,True,False,False
https://www.expatcopilot.com/netherlands/jobs/pension-netherlands-expats,/netherlands/jobs/pension-netherlands-expats,INDEXABLE,200,200,"index, follow",https://www.expatcopilot.com/netherlands/jobs/pension-netherlands-expats,YES,True,False,False
https://www.expatcopilot.com/netherlands/jobs/probation-period-netherlands,/netherlands/jobs/probation-period-netherlands,INDEXABLE,200,200,"index, follow",https://www.expatcopilot.com/netherlands/jobs/probation-period-netherlands,YES,True,False,False
https://www.expatcopilot.com/netherlands/jobs/salary-negotiation-netherlands,/netherlands/jobs/salary-negotiation-netherlands,INDEXABLE,200,200,"index, follow",https://www.expatcopilot.com/netherlands/jobs/salary-negotiation-netherlands,YES,True,False,False
https://www.expatcopilot.com/netherlands/leaving,/netherlands/leaving,INDEXABLE,200,200,"index, follow",https://www.expatcopilot.com/netherlands/leaving,YES,True,False,False
https://www.expatcopilot.com/netherlands/leaving/tools,/netherlands/leaving/tools,INDEXABLE,200,200,,https://www.expatcopilot.com/netherlands/leaving/tools,YES,True,False,False
https://www.expatcopilot.com/netherlands/leaving/tools/exit-readiness-checker,/netherlands/leaving/tools/exit-readiness-checker,INDEXABLE,200,200,,https://www.expatcopilot.com/netherlands/leaving/tools/exit-readiness-checker,YES,True,False,False
https://www.expatcopilot.com/netherlands/leaving/tools/repatriation-cost-calculator,/netherlands/leaving/tools/repatriation-cost-calculator,INDEXABLE,200,200,,https://www.expatcopilot.com/netherlands/leaving/tools/repatriation-cost-calculator,YES,True,False,False
https://www.expatcopilot.com/netherlands/leiden,/netherlands/leiden,INDEXABLE,200,200,,https://www.expatcopilot.com/netherlands/leiden,YES,True,False,False
https://www.expatcopilot.com/netherlands/life,/netherlands/life,INDEXABLE,200,200,"index, follow",https://www.expatcopilot.com/netherlands/life,YES,True,False,False
https://www.expatcopilot.com/netherlands/life/community-basics-netherlands,/netherlands/life/community-basics-netherlands,INDEXABLE,200,200,,https://www.expatcopilot.com/netherlands/life/community-basics-netherlands,YES,True,False,False
https://www.expatcopilot.com/netherlands/life/dating-in-the-netherlands,/netherlands/life/dating-in-the-netherlands,INDEXABLE,200,200,"index, follow",https://www.expatcopilot.com/netherlands/life/dating-in-the-netherlands,YES,True,False,False
https://www.expatcopilot.com/netherlands/life/dutch-birthday-traditions,/netherlands/life/dutch-birthday-traditions,INDEXABLE,200,200,"index, follow",https://www.expatcopilot.com/netherlands/life/dutch-birthday-traditions,YES,True,False,False
https://www.expatcopilot.com/netherlands/life/dutch-culture,/netherlands/life/dutch-culture,INDEXABLE,200,200,"index, follow",https://www.expatcopilot.com/netherlands/life/dutch-culture,YES,True,False,False
https://www.expatcopilot.com/netherlands/life/dutch-etiquette,/netherlands/life/dutch-etiquette,INDEXABLE,200,200,"index, follow",https://www.expatcopilot.com/netherlands/life/dutch-etiquette,YES,True,False,False
https://www.expatcopilot.com/netherlands/life/dutch-holidays-and-traditions,/netherlands/life/dutch-holidays-and-traditions,INDEXABLE,200,200,"index, follow",https://www.expatcopilot.com/netherlands/life/dutch-holidays-and-traditions,YES,True,False,False
https://www.expatcopilot.com/netherlands/life/dutch-humour,/netherlands/life/dutch-humour,INDEXABLE,200,200,"index, follow",https://www.expatcopilot.com/netherlands/life/dutch-humour,YES,True,False,False
https://www.expatcopilot.com/netherlands/life/dutch-social-norms,/netherlands/life/dutch-social-norms,INDEXABLE,200,200,"index, follow",https://www.expatcopilot.com/netherlands/life/dutch-social-norms,YES,True,False,False
https://www.expatcopilot.com/netherlands/life/expat-loneliness-netherlands,/netherlands/life/expat-loneliness-netherlands,INDEXABLE,200,200,"index, follow",https://www.expatcopilot.com/netherlands/life/expat-loneliness-netherlands,YES,True,False,False
https://www.expatcopilot.com/netherlands/life/making-dutch-friends,/netherlands/life/making-dutch-friends,INDEXABLE,200,200,"index, follow",https://www.expatcopilot.com/netherlands/life/making-dutch-friends,YES,True,False,False
https://www.expatcopilot.com/netherlands/living/apps,/netherlands/living/apps,INDEXABLE,200,200,"index, follow",https://www.expatcopilot.com/netherlands/living/apps,YES,True,False,False
https://www.expatcopilot.com/netherlands/living/buying-a-car-netherlands,/netherlands/living/buying-a-car-netherlands,INDEXABLE,200,200,,https://www.expatcopilot.com/netherlands/living/buying-a-car-netherlands,YES,True,False,False
https://www.expatcopilot.com/netherlands/living/car-insurance-netherlands,/netherlands/living/car-insurance-netherlands,INDEXABLE,200,200,,https://www.expatcopilot.com/netherlands/living/car-insurance-netherlands,YES,True,False,False
https://www.expatcopilot.com/netherlands/living/car-sharing-netherlands,/netherlands/living/car-sharing-netherlands,INDEXABLE,200,200,,https://www.expatcopilot.com/netherlands/living/car-sharing-netherlands,YES,True,False,False
https://www.expatcopilot.com/netherlands/living/daily-life,/netherlands/living/daily-life,INDEXABLE,200,200,"index, follow",https://www.expatcopilot.com/netherlands/living/daily-life,YES,True,False,False
https://www.expatcopilot.com/netherlands/living/driving-licence-exchange-netherlands,/netherlands/living/driving-licence-exchange-netherlands,INDEXABLE,200,200,,https://www.expatcopilot.com/netherlands/living/driving-licence-exchange-netherlands,YES,True,False,False
https://www.expatcopilot.com/netherlands/living/electric-vehicles-netherlands,/netherlands/living/electric-vehicles-netherlands,INDEXABLE,200,200,,https://www.expatcopilot.com/netherlands/living/electric-vehicles-netherlands,YES,True,False,False
https://www.expatcopilot.com/netherlands/living/emergencies-safety,/netherlands/living/emergencies-safety,INDEXABLE,200,200,"index, follow",https://www.expatcopilot.com/netherlands/living/emergencies-safety,YES,True,False,False
https://www.expatcopilot.com/netherlands/living/getting-around,/netherlands/living/getting-around,INDEXABLE,200,200,"index, follow",https://www.expatcopilot.com/netherlands/living/getting-around,YES,True,False,False
https://www.expatcopilot.com/netherlands/living/government-portals-overview,/netherlands/living/government-portals-overview,INDEXABLE,200,200,,https://www.expatcopilot.com/netherlands/living/government-portals-overview,YES,True,False,False
https://www.expatcopilot.com/netherlands/living/healthcare-basics,/netherlands/living/healthcare-basics,INDEXABLE,200,200,"index, follow",https://www.expatcopilot.com/netherlands/living/healthcare-basics,YES,True,False,False
https://www.expatcopilot.com/netherlands/living/language,/netherlands/living/language,INDEXABLE,200,200,"index, follow",https://www.expatcopilot.com/netherlands/living/language,YES,True,False,False
https://www.expatcopilot.com/netherlands/living/lease-cars-netherlands,/netherlands/living/lease-cars-netherlands,INDEXABLE,200,200,,https://www.expatcopilot.com/netherlands/living/lease-cars-netherlands,YES,True,False,False
https://www.expatcopilot.com/netherlands/living/mot-apk-netherlands,/netherlands/living/mot-apk-netherlands,INDEXABLE,200,200,,https://www.expatcopilot.com/netherlands/living/mot-apk-netherlands,YES,True,False,False
https://www.expatcopilot.com/netherlands/living/ns-trains-netherlands,/netherlands/living/ns-trains-netherlands,INDEXABLE,200,200,,https://www.expatcopilot.com/netherlands/living/ns-trains-netherlands,YES,True,False,False
https://www.expatcopilot.com/netherlands/living/ov-chipkaart-netherlands,/netherlands/living/ov-chipkaart-netherlands,INDEXABLE,200,200,,https://www.expatcopilot.com/netherlands/living/ov-chipkaart-netherlands,YES,True,False,False
https://www.expatcopilot.com/netherlands/living/ovpay-netherlands,/netherlands/living/ovpay-netherlands,INDEXABLE,200,200,,https://www.expatcopilot.com/netherlands/living/ovpay-netherlands,YES,True,False,False
https://www.expatcopilot.com/netherlands/living/payments,/netherlands/living/payments,INDEXABLE,200,200,"index, follow",https://www.expatcopilot.com/netherlands/living/payments,YES,True,False,False
https://www.expatcopilot.com/netherlands/living/rental-market,/netherlands/living/rental-market,INDEXABLE,200,200,,https://www.expatcopilot.com/netherlands/living/rental-market,YES,True,False,False
https://www.expatcopilot.com/netherlands/living/road-tax-netherlands,/netherlands/living/road-tax-netherlands,INDEXABLE,200,200,,https://www.expatcopilot.com/netherlands/living/road-tax-netherlands,YES,True,False,False
https://www.expatcopilot.com/netherlands/living/shopping-groceries,/netherlands/living/shopping-groceries,INDEXABLE,200,200,"index, follow",https://www.expatcopilot.com/netherlands/living/shopping-groceries,YES,True,False,False
https://www.expatcopilot.com/netherlands/living/speed-cameras-netherlands,/netherlands/living/speed-cameras-netherlands,INDEXABLE,200,200,,https://www.expatcopilot.com/netherlands/living/speed-cameras-netherlands,YES,True,False,False
https://www.expatcopilot.com/netherlands/living/survival-guide,/netherlands/living/survival-guide,INDEXABLE,200,200,"index, follow",https://www.expatcopilot.com/netherlands/living/survival-guide,YES,True,False,False
https://www.expatcopilot.com/netherlands/living/tools/utilities-services-comparison,/netherlands/living/tools/utilities-services-comparison,INDEXABLE,200,200,"index, follow",https://www.expatcopilot.com/netherlands/living/tools/utilities-services-comparison,YES,True,False,False
https://www.expatcopilot.com/netherlands/living/weather,/netherlands/living/weather,INDEXABLE,200,200,"index, follow",https://www.expatcopilot.com/netherlands/living/weather,YES,True,False,False
https://www.expatcopilot.com/netherlands/maastricht,/netherlands/maastricht,INDEXABLE,200,200,,https://www.expatcopilot.com/netherlands/maastricht,YES,True,False,False
https://www.expatcopilot.com/netherlands/money,/netherlands/money,INDEXABLE,200,200,"index, follow",https://www.expatcopilot.com/netherlands/money,YES,True,False,False
https://www.expatcopilot.com/netherlands/money/banking,/netherlands/money/banking,INDEXABLE,200,200,"index, follow",https://www.expatcopilot.com/netherlands/money/banking,YES,True,False,False
https://www.expatcopilot.com/netherlands/money/banking/account-rejection,/netherlands/money/banking/account-rejection,INDEXABLE,200,200,"index, follow",https://www.expatcopilot.com/netherlands/money/banking/account-rejection,YES,True,False,False
https://www.expatcopilot.com/netherlands/money/banking/best-bank-zzp,/netherlands/money/banking/best-bank-zzp,INDEXABLE,200,200,"index, follow",https://www.expatcopilot.com/netherlands/money/banking/best-bank-zzp,YES,True,False,False
https://www.expatcopilot.com/netherlands/money/banking/best-banks-expats,/netherlands/money/banking/best-banks-expats,INDEXABLE,200,200,"index, follow",https://www.expatcopilot.com/netherlands/money/banking/best-banks-expats,YES,True,False,False
https://www.expatcopilot.com/netherlands/money/banking/cash-vs-card,/netherlands/money/banking/cash-vs-card,INDEXABLE,200,200,"index, follow",https://www.expatcopilot.com/netherlands/money/banking/cash-vs-card,YES,True,False,False
https://www.expatcopilot.com/netherlands/money/banking/cheapest-accounts,/netherlands/money/banking/cheapest-accounts,INDEXABLE,200,200,"index, follow",https://www.expatcopilot.com/netherlands/money/banking/cheapest-accounts,YES,True,False,False
https://www.expatcopilot.com/netherlands/money/banking/credit-cards,/netherlands/money/banking/credit-cards,INDEXABLE,200,200,"index, follow",https://www.expatcopilot.com/netherlands/money/banking/credit-cards,YES,True,False,False
https://www.expatcopilot.com/netherlands/money/banking/debit-cards,/netherlands/money/banking/debit-cards,INDEXABLE,200,200,"index, follow",https://www.expatcopilot.com/netherlands/money/banking/debit-cards,YES,True,False,False
https://www.expatcopilot.com/netherlands/money/banking/fees,/netherlands/money/banking/fees,INDEXABLE,200,200,"index, follow",https://www.expatcopilot.com/netherlands/money/banking/fees,YES,True,False,False
https://www.expatcopilot.com/netherlands/money/banking/how-payments-work,/netherlands/money/banking/how-payments-work,INDEXABLE,200,200,"index, follow",https://www.expatcopilot.com/netherlands/money/banking/how-payments-work,YES,True,False,False
https://www.expatcopilot.com/netherlands/money/banking/international-transfers,/netherlands/money/banking/international-transfers,INDEXABLE,200,200,"index, follow",https://www.expatcopilot.com/netherlands/money/banking/international-transfers,YES,True,False,False
https://www.expatcopilot.com/netherlands/money/banking/joint-accounts,/netherlands/money/banking/joint-accounts,INDEXABLE,200,200,,https://www.expatcopilot.com/netherlands/money/banking/joint-accounts,YES,True,False,False
https://www.expatcopilot.com/netherlands/money/banking/security,/netherlands/money/banking/security,INDEXABLE,200,200,"index, follow",https://www.expatcopilot.com/netherlands/money/banking/security,YES,True,False,False
https://www.expatcopilot.com/netherlands/money/banking/student-accounts,/netherlands/money/banking/student-accounts,INDEXABLE,200,200,,https://www.expatcopilot.com/netherlands/money/banking/student-accounts,YES,True,False,False
https://www.expatcopilot.com/netherlands/money/banking/traditional-vs-digital,/netherlands/money/banking/traditional-vs-digital,INDEXABLE,200,200,"index, follow",https://www.expatcopilot.com/netherlands/money/banking/traditional-vs-digital,YES,True,False,False
https://www.expatcopilot.com/netherlands/money/banking/types-of-accounts,/netherlands/money/banking/types-of-accounts,INDEXABLE,200,200,"index, follow",https://www.expatcopilot.com/netherlands/money/banking/types-of-accounts,YES,True,False,False
https://www.expatcopilot.com/netherlands/money/banking/wise-vs-revolut,/netherlands/money/banking/wise-vs-revolut,INDEXABLE,200,200,"index, follow",https://www.expatcopilot.com/netherlands/money/banking/wise-vs-revolut,YES,True,False,False
https://www.expatcopilot.com/netherlands/money/cost-of-living-netherlands,/netherlands/money/cost-of-living-netherlands,INDEXABLE,200,200,,https://www.expatcopilot.com/netherlands/money/cost-of-living-netherlands,YES,True,False,False
https://www.expatcopilot.com/netherlands/money/expat-taxes-netherlands,/netherlands/money/expat-taxes-netherlands,INDEXABLE,200,200,"index, follow",https://www.expatcopilot.com/netherlands/money/expat-taxes-netherlands,YES,True,False,False
https://www.expatcopilot.com/netherlands/money/financial-checklist-netherlands,/netherlands/money/financial-checklist-netherlands,INDEXABLE,200,200,,https://www.expatcopilot.com/netherlands/money/financial-checklist-netherlands,YES,True,False,False
https://www.expatcopilot.com/netherlands/money/hidden-costs-netherlands,/netherlands/money/hidden-costs-netherlands,INDEXABLE,200,200,,https://www.expatcopilot.com/netherlands/money/hidden-costs-netherlands,YES,True,False,False
https://www.expatcopilot.com/netherlands/money/how-taxes-work-in-the-netherlands,/netherlands/money/how-taxes-work-in-the-netherlands,INDEXABLE,200,200,"index, follow",https://www.expatcopilot.com/netherlands/money/how-taxes-work-in-the-netherlands,YES,True,False,False
https://www.expatcopilot.com/netherlands/money/monthly-budget-netherlands,/netherlands/money/monthly-budget-netherlands,INDEXABLE,200,200,,https://www.expatcopilot.com/netherlands/money/monthly-budget-netherlands,YES,True,False,False
https://www.expatcopilot.com/netherlands/money/saving-money-netherlands,/netherlands/money/saving-money-netherlands,INDEXABLE,200,200,,https://www.expatcopilot.com/netherlands/money/saving-money-netherlands,YES,True,False,False
https://www.expatcopilot.com/netherlands/money/tax-guide-for-expats,/netherlands/money/tax-guide-for-expats,INDEXABLE,200,200,,https://www.expatcopilot.com/netherlands/money/tax-guide-for-expats,YES,True,False,False
https://www.expatcopilot.com/netherlands/money/tax-residency-netherlands,/netherlands/money/tax-residency-netherlands,INDEXABLE,200,200,"index, follow",https://www.expatcopilot.com/netherlands/money/tax-residency-netherlands,YES,True,False,False
https://www.expatcopilot.com/netherlands/money/tax-return-netherlands,/netherlands/money/tax-return-netherlands,INDEXABLE,200,200,"index, follow",https://www.expatcopilot.com/netherlands/money/tax-return-netherlands,YES,True,False,False
https://www.expatcopilot.com/netherlands/money/taxes/tax-advisors,/netherlands/money/taxes/tax-advisors,INDEXABLE,200,200,"index, follow",https://www.expatcopilot.com/netherlands/money/taxes/tax-advisors,YES,True,False,False
https://www.expatcopilot.com/netherlands/money/tools,/netherlands/money/tools,INDEXABLE,200,200,,https://www.expatcopilot.com/netherlands/money/tools,YES,True,False,False
https://www.expatcopilot.com/netherlands/money/tools/cost-of-living-calculator,/netherlands/money/tools/cost-of-living-calculator,INDEXABLE,200,200,"index, follow",https://www.expatcopilot.com/netherlands/money/tools/cost-of-living-calculator,YES,True,False,False
https://www.expatcopilot.com/netherlands/move-to-netherlands-without-job,/netherlands/move-to-netherlands-without-job,INDEXABLE,200,200,,https://www.expatcopilot.com/netherlands/move-to-netherlands-without-job,YES,True,False,False
https://www.expatcopilot.com/netherlands/moving-checklist-netherlands,/netherlands/moving-checklist-netherlands,INDEXABLE,200,200,,https://www.expatcopilot.com/netherlands/moving-checklist-netherlands,YES,True,False,False
https://www.expatcopilot.com/netherlands/moving-mistakes-netherlands,/netherlands/moving-mistakes-netherlands,INDEXABLE,200,200,,https://www.expatcopilot.com/netherlands/moving-mistakes-netherlands,YES,True,False,False
https://www.expatcopilot.com/netherlands/moving-requirements-netherlands,/netherlands/moving-requirements-netherlands,INDEXABLE,200,200,,https://www.expatcopilot.com/netherlands/moving-requirements-netherlands,YES,True,False,False
https://www.expatcopilot.com/netherlands/moving-to-netherlands-cost,/netherlands/moving-to-netherlands-cost,INDEXABLE,200,200,,https://www.expatcopilot.com/netherlands/moving-to-netherlands-cost,YES,True,False,False
https://www.expatcopilot.com/netherlands/moving-to-netherlands-from,/netherlands/moving-to-netherlands-from,INDEXABLE,200,200,,https://www.expatcopilot.com/netherlands/moving-to-netherlands-from,YES,True,False,False
https://www.expatcopilot.com/netherlands/moving-to-netherlands-steps,/netherlands/moving-to-netherlands-steps,INDEXABLE,200,200,,https://www.expatcopilot.com/netherlands/moving-to-netherlands-steps,YES,True,False,False
https://www.expatcopilot.com/netherlands/moving-to-netherlands-timeline,/netherlands/moving-to-netherlands-timeline,INDEXABLE,200,200,,https://www.expatcopilot.com/netherlands/moving-to-netherlands-timeline,YES,True,False,False
https://www.expatcopilot.com/netherlands/moving-to-netherlands-with-family,/netherlands/moving-to-netherlands-with-family,INDEXABLE,200,200,,https://www.expatcopilot.com/netherlands/moving-to-netherlands-with-family,YES,True,False,False
https://www.expatcopilot.com/netherlands/moving-to-netherlands-with-kids,/netherlands/moving-to-netherlands-with-kids,INDEXABLE,200,200,,https://www.expatcopilot.com/netherlands/moving-to-netherlands-with-kids,YES,True,False,False
https://www.expatcopilot.com/netherlands/moving-to-netherlands-with-partner,/netherlands/moving-to-netherlands-with-partner,INDEXABLE,200,200,,https://www.expatcopilot.com/netherlands/moving-to-netherlands-with-partner,YES,True,False,False
https://www.expatcopilot.com/netherlands/moving-to-the-netherlands,/netherlands/moving-to-the-netherlands,INDEXABLE,200,200,,https://www.expatcopilot.com/netherlands/moving-to-the-netherlands,YES,True,False,False
https://www.expatcopilot.com/netherlands/moving/changing-jobs-netherlands,/netherlands/moving/changing-jobs-netherlands,INDEXABLE,200,200,,https://www.expatcopilot.com/netherlands/moving/changing-jobs-netherlands,YES,True,False,False
https://www.expatcopilot.com/netherlands/moving/extensions-changes,/netherlands/moving/extensions-changes,INDEXABLE,200,200,"index, follow",https://www.expatcopilot.com/netherlands/moving/extensions-changes,YES,True,False,False
https://www.expatcopilot.com/netherlands/moving/layoffs-netherlands,/netherlands/moving/layoffs-netherlands,INDEXABLE,200,200,,https://www.expatcopilot.com/netherlands/moving/layoffs-netherlands,YES,True,False,False
https://www.expatcopilot.com/netherlands/moving/moving-to-netherlands-from/argentina,/netherlands/moving/moving-to-netherlands-from/argentina,INDEXABLE,200,200,,https://www.expatcopilot.com/netherlands/moving/moving-to-netherlands-from/argentina,YES,True,False,False
https://www.expatcopilot.com/netherlands/moving/moving-to-netherlands-from/australia,/netherlands/moving/moving-to-netherlands-from/australia,INDEXABLE,200,200,,https://www.expatcopilot.com/netherlands/moving/moving-to-netherlands-from/australia,YES,True,False,False
https://www.expatcopilot.com/netherlands/moving/moving-to-netherlands-from/brazil,/netherlands/moving/moving-to-netherlands-from/brazil,INDEXABLE,200,200,,https://www.expatcopilot.com/netherlands/moving/moving-to-netherlands-from/brazil,YES,True,False,False
https://www.expatcopilot.com/netherlands/moving/moving-to-netherlands-from/canada,/netherlands/moving/moving-to-netherlands-from/canada,INDEXABLE,200,200,,https://www.expatcopilot.com/netherlands/moving/moving-to-netherlands-from/canada,YES,True,False,False
https://www.expatcopilot.com/netherlands/moving/moving-to-netherlands-from/chile,/netherlands/moving/moving-to-netherlands-from/chile,INDEXABLE,200,200,,https://www.expatcopilot.com/netherlands/moving/moving-to-netherlands-from/chile,YES,True,False,False
https://www.expatcopilot.com/netherlands/moving/moving-to-netherlands-from/denmark,/netherlands/moving/moving-to-netherlands-from/denmark,INDEXABLE,200,200,,https://www.expatcopilot.com/netherlands/moving/moving-to-netherlands-from/denmark,YES,True,False,False
https://www.expatcopilot.com/netherlands/moving/moving-to-netherlands-from/france,/netherlands/moving/moving-to-netherlands-from/france,INDEXABLE,200,200,,https://www.expatcopilot.com/netherlands/moving/moving-to-netherlands-from/france,YES,True,False,False
https://www.expatcopilot.com/netherlands/moving/moving-to-netherlands-from/germany,/netherlands/moving/moving-to-netherlands-from/germany,INDEXABLE,200,200,,https://www.expatcopilot.com/netherlands/moving/moving-to-netherlands-from/germany,YES,True,False,False
https://www.expatcopilot.com/netherlands/moving/moving-to-netherlands-from/india,/netherlands/moving/moving-to-netherlands-from/india,INDEXABLE,200,200,,https://www.expatcopilot.com/netherlands/moving/moving-to-netherlands-from/india,YES,True,False,False
https://www.expatcopilot.com/netherlands/moving/moving-to-netherlands-from/indonesia,/netherlands/moving/moving-to-netherlands-from/indonesia,INDEXABLE,200,200,,https://www.expatcopilot.com/netherlands/moving/moving-to-netherlands-from/indonesia,YES,True,False,False
https://www.expatcopilot.com/netherlands/moving/moving-to-netherlands-from/ireland,/netherlands/moving/moving-to-netherlands-from/ireland,INDEXABLE,200,200,,https://www.expatcopilot.com/netherlands/moving/moving-to-netherlands-from/ireland,YES,True,False,False
https://www.expatcopilot.com/netherlands/moving/moving-to-netherlands-from/italy,/netherlands/moving/moving-to-netherlands-from/italy,INDEXABLE,200,200,,https://www.expatcopilot.com/netherlands/moving/moving-to-netherlands-from/italy,YES,True,False,False
https://www.expatcopilot.com/netherlands/moving/moving-to-netherlands-from/japan,/netherlands/moving/moving-to-netherlands-from/japan,INDEXABLE,200,200,,https://www.expatcopilot.com/netherlands/moving/moving-to-netherlands-from/japan,YES,True,False,False
https://www.expatcopilot.com/netherlands/moving/moving-to-netherlands-from/kenya,/netherlands/moving/moving-to-netherlands-from/kenya,INDEXABLE,200,200,,https://www.expatcopilot.com/netherlands/moving/moving-to-netherlands-from/kenya,YES,True,False,False
https://www.expatcopilot.com/netherlands/moving/moving-to-netherlands-from/mexico,/netherlands/moving/moving-to-netherlands-from/mexico,INDEXABLE,200,200,,https://www.expatcopilot.com/netherlands/moving/moving-to-netherlands-from/mexico,YES,True,False,False
https://www.expatcopilot.com/netherlands/moving/moving-to-netherlands-from/new-zealand,/netherlands/moving/moving-to-netherlands-from/new-zealand,INDEXABLE,200,200,,https://www.expatcopilot.com/netherlands/moving/moving-to-netherlands-from/new-zealand,YES,True,False,False
https://www.expatcopilot.com/netherlands/moving/moving-to-netherlands-from/nigeria,/netherlands/moving/moving-to-netherlands-from/nigeria,INDEXABLE,200,200,,https://www.expatcopilot.com/netherlands/moving/moving-to-netherlands-from/nigeria,YES,True,False,False
https://www.expatcopilot.com/netherlands/moving/moving-to-netherlands-from/norway,/netherlands/moving/moving-to-netherlands-from/norway,INDEXABLE,200,200,,https://www.expatcopilot.com/netherlands/moving/moving-to-netherlands-from/norway,YES,True,False,False
https://www.expatcopilot.com/netherlands/moving/moving-to-netherlands-from/pakistan,/netherlands/moving/moving-to-netherlands-from/pakistan,INDEXABLE,200,200,,https://www.expatcopilot.com/netherlands/moving/moving-to-netherlands-from/pakistan,YES,True,False,False
https://www.expatcopilot.com/netherlands/moving/moving-to-netherlands-from/philippines,/netherlands/moving/moving-to-netherlands-from/philippines,INDEXABLE,200,200,,https://www.expatcopilot.com/netherlands/moving/moving-to-netherlands-from/philippines,YES,True,False,False
https://www.expatcopilot.com/netherlands/moving/moving-to-netherlands-from/singapore,/netherlands/moving/moving-to-netherlands-from/singapore,INDEXABLE,200,200,,https://www.expatcopilot.com/netherlands/moving/moving-to-netherlands-from/singapore,YES,True,False,False
https://www.expatcopilot.com/netherlands/moving/moving-to-netherlands-from/south-africa,/netherlands/moving/moving-to-netherlands-from/south-africa,INDEXABLE,200,200,,https://www.expatcopilot.com/netherlands/moving/moving-to-netherlands-from/south-africa,YES,True,False,False
https://www.expatcopilot.com/netherlands/moving/moving-to-netherlands-from/south-korea,/netherlands/moving/moving-to-netherlands-from/south-korea,INDEXABLE,200,200,,https://www.expatcopilot.com/netherlands/moving/moving-to-netherlands-from/south-korea,YES,True,False,False
https://www.expatcopilot.com/netherlands/moving/moving-to-netherlands-from/spain,/netherlands/moving/moving-to-netherlands-from/spain,INDEXABLE,200,200,,https://www.expatcopilot.com/netherlands/moving/moving-to-netherlands-from/spain,YES,True,False,False
https://www.expatcopilot.com/netherlands/moving/moving-to-netherlands-from/sweden,/netherlands/moving/moving-to-netherlands-from/sweden,INDEXABLE,200,200,,https://www.expatcopilot.com/netherlands/moving/moving-to-netherlands-from/sweden,YES,True,False,False
https://www.expatcopilot.com/netherlands/moving/moving-to-netherlands-from/switzerland,/netherlands/moving/moving-to-netherlands-from/switzerland,INDEXABLE,200,200,,https://www.expatcopilot.com/netherlands/moving/moving-to-netherlands-from/switzerland,YES,True,False,False
https://www.expatcopilot.com/netherlands/moving/moving-to-netherlands-from/turkey,/netherlands/moving/moving-to-netherlands-from/turkey,INDEXABLE,200,200,,https://www.expatcopilot.com/netherlands/moving/moving-to-netherlands-from/turkey,YES,True,False,False
https://www.expatcopilot.com/netherlands/moving/moving-to-netherlands-from/uae,/netherlands/moving/moving-to-netherlands-from/uae,INDEXABLE,200,200,,https://www.expatcopilot.com/netherlands/moving/moving-to-netherlands-from/uae,YES,True,False,False
https://www.expatcopilot.com/netherlands/moving/moving-to-netherlands-from/united-kingdom,/netherlands/moving/moving-to-netherlands-from/united-kingdom,INDEXABLE,200,200,,https://www.expatcopilot.com/netherlands/moving/moving-to-netherlands-from/united-kingdom,YES,True,False,False
https://www.expatcopilot.com/netherlands/moving/moving-to-netherlands-from/united-states,/netherlands/moving/moving-to-netherlands-from/united-states,INDEXABLE,200,200,,https://www.expatcopilot.com/netherlands/moving/moving-to-netherlands-from/united-states,YES,True,False,False
https://www.expatcopilot.com/netherlands/moving/residence-permits,/netherlands/moving/residence-permits,INDEXABLE,200,200,"index, follow",https://www.expatcopilot.com/netherlands/moving/residence-permits,YES,True,False,False
https://www.expatcopilot.com/netherlands/moving/resigning-job-netherlands,/netherlands/moving/resigning-job-netherlands,INDEXABLE,200,200,"index, follow",https://www.expatcopilot.com/netherlands/moving/resigning-job-netherlands,YES,True,False,False
https://www.expatcopilot.com/netherlands/moving/status-changes,/netherlands/moving/status-changes,INDEXABLE,200,200,"index, follow",https://www.expatcopilot.com/netherlands/moving/status-changes,YES,True,False,False
https://www.expatcopilot.com/netherlands/moving/tools,/netherlands/moving/tools,INDEXABLE,200,200,,https://www.expatcopilot.com/netherlands/moving/tools,YES,True,False,False
https://www.expatcopilot.com/netherlands/moving/tools/arrival-planner,/netherlands/moving/tools/arrival-planner,INDEXABLE,200,200,,https://www.expatcopilot.com/netherlands/moving/tools/arrival-planner,YES,True,False,False
https://www.expatcopilot.com/netherlands/moving/tools/arrival-planner/from/argentina,/netherlands/moving/tools/arrival-planner/from/argentina,INDEXABLE,200,200,,https://www.expatcopilot.com/netherlands/moving/tools/arrival-planner/from/argentina,YES,True,False,False
https://www.expatcopilot.com/netherlands/moving/tools/arrival-planner/from/australia,/netherlands/moving/tools/arrival-planner/from/australia,INDEXABLE,200,200,,https://www.expatcopilot.com/netherlands/moving/tools/arrival-planner/from/australia,YES,True,False,False
https://www.expatcopilot.com/netherlands/moving/tools/arrival-planner/from/brazil,/netherlands/moving/tools/arrival-planner/from/brazil,INDEXABLE,200,200,,https://www.expatcopilot.com/netherlands/moving/tools/arrival-planner/from/brazil,YES,True,False,False
https://www.expatcopilot.com/netherlands/moving/tools/arrival-planner/from/canada,/netherlands/moving/tools/arrival-planner/from/canada,INDEXABLE,200,200,,https://www.expatcopilot.com/netherlands/moving/tools/arrival-planner/from/canada,YES,True,False,False
https://www.expatcopilot.com/netherlands/moving/tools/arrival-planner/from/chile,/netherlands/moving/tools/arrival-planner/from/chile,INDEXABLE,200,200,,https://www.expatcopilot.com/netherlands/moving/tools/arrival-planner/from/chile,YES,True,False,False
https://www.expatcopilot.com/netherlands/moving/tools/arrival-planner/from/denmark,/netherlands/moving/tools/arrival-planner/from/denmark,INDEXABLE,200,200,,https://www.expatcopilot.com/netherlands/moving/tools/arrival-planner/from/denmark,YES,True,False,False
https://www.expatcopilot.com/netherlands/moving/tools/arrival-planner/from/france,/netherlands/moving/tools/arrival-planner/from/france,INDEXABLE,200,200,,https://www.expatcopilot.com/netherlands/moving/tools/arrival-planner/from/france,YES,True,False,False
https://www.expatcopilot.com/netherlands/moving/tools/arrival-planner/from/germany,/netherlands/moving/tools/arrival-planner/from/germany,INDEXABLE,200,200,,https://www.expatcopilot.com/netherlands/moving/tools/arrival-planner/from/germany,YES,True,False,False
https://www.expatcopilot.com/netherlands/moving/tools/arrival-planner/from/india,/netherlands/moving/tools/arrival-planner/from/india,INDEXABLE,200,200,,https://www.expatcopilot.com/netherlands/moving/tools/arrival-planner/from/india,YES,True,False,False
https://www.expatcopilot.com/netherlands/moving/tools/arrival-planner/from/indonesia,/netherlands/moving/tools/arrival-planner/from/indonesia,INDEXABLE,200,200,,https://www.expatcopilot.com/netherlands/moving/tools/arrival-planner/from/indonesia,YES,True,False,False
https://www.expatcopilot.com/netherlands/moving/tools/arrival-planner/from/ireland,/netherlands/moving/tools/arrival-planner/from/ireland,INDEXABLE,200,200,,https://www.expatcopilot.com/netherlands/moving/tools/arrival-planner/from/ireland,YES,True,False,False
https://www.expatcopilot.com/netherlands/moving/tools/arrival-planner/from/italy,/netherlands/moving/tools/arrival-planner/from/italy,INDEXABLE,200,200,,https://www.expatcopilot.com/netherlands/moving/tools/arrival-planner/from/italy,YES,True,False,False
https://www.expatcopilot.com/netherlands/moving/tools/arrival-planner/from/japan,/netherlands/moving/tools/arrival-planner/from/japan,INDEXABLE,200,200,,https://www.expatcopilot.com/netherlands/moving/tools/arrival-planner/from/japan,YES,True,False,False
https://www.expatcopilot.com/netherlands/moving/tools/arrival-planner/from/kenya,/netherlands/moving/tools/arrival-planner/from/kenya,INDEXABLE,200,200,,https://www.expatcopilot.com/netherlands/moving/tools/arrival-planner/from/kenya,YES,True,False,False
https://www.expatcopilot.com/netherlands/moving/tools/arrival-planner/from/mexico,/netherlands/moving/tools/arrival-planner/from/mexico,INDEXABLE,200,200,,https://www.expatcopilot.com/netherlands/moving/tools/arrival-planner/from/mexico,YES,True,False,False
https://www.expatcopilot.com/netherlands/moving/tools/arrival-planner/from/new-zealand,/netherlands/moving/tools/arrival-planner/from/new-zealand,INDEXABLE,200,200,,https://www.expatcopilot.com/netherlands/moving/tools/arrival-planner/from/new-zealand,YES,True,False,False
https://www.expatcopilot.com/netherlands/moving/tools/arrival-planner/from/norway,/netherlands/moving/tools/arrival-planner/from/norway,INDEXABLE,200,200,,https://www.expatcopilot.com/netherlands/moving/tools/arrival-planner/from/norway,YES,True,False,False
https://www.expatcopilot.com/netherlands/moving/tools/arrival-planner/from/pakistan,/netherlands/moving/tools/arrival-planner/from/pakistan,INDEXABLE,200,200,,https://www.expatcopilot.com/netherlands/moving/tools/arrival-planner/from/pakistan,YES,True,False,False
https://www.expatcopilot.com/netherlands/moving/tools/arrival-planner/from/singapore,/netherlands/moving/tools/arrival-planner/from/singapore,INDEXABLE,200,200,,https://www.expatcopilot.com/netherlands/moving/tools/arrival-planner/from/singapore,YES,True,False,False
https://www.expatcopilot.com/netherlands/moving/tools/arrival-planner/from/south-africa,/netherlands/moving/tools/arrival-planner/from/south-africa,INDEXABLE,200,200,,https://www.expatcopilot.com/netherlands/moving/tools/arrival-planner/from/south-africa,YES,True,False,False
https://www.expatcopilot.com/netherlands/moving/tools/arrival-planner/from/south-korea,/netherlands/moving/tools/arrival-planner/from/south-korea,INDEXABLE,200,200,,https://www.expatcopilot.com/netherlands/moving/tools/arrival-planner/from/south-korea,YES,True,False,False
https://www.expatcopilot.com/netherlands/moving/tools/arrival-planner/from/spain,/netherlands/moving/tools/arrival-planner/from/spain,INDEXABLE,200,200,,https://www.expatcopilot.com/netherlands/moving/tools/arrival-planner/from/spain,YES,True,False,False
https://www.expatcopilot.com/netherlands/moving/tools/arrival-planner/from/sweden,/netherlands/moving/tools/arrival-planner/from/sweden,INDEXABLE,200,200,,https://www.expatcopilot.com/netherlands/moving/tools/arrival-planner/from/sweden,YES,True,False,False
https://www.expatcopilot.com/netherlands/moving/tools/arrival-planner/from/switzerland,/netherlands/moving/tools/arrival-planner/from/switzerland,INDEXABLE,200,200,,https://www.expatcopilot.com/netherlands/moving/tools/arrival-planner/from/switzerland,YES,True,False,False
https://www.expatcopilot.com/netherlands/moving/tools/arrival-planner/from/turkey,/netherlands/moving/tools/arrival-planner/from/turkey,INDEXABLE,200,200,,https://www.expatcopilot.com/netherlands/moving/tools/arrival-planner/from/turkey,YES,True,False,False
https://www.expatcopilot.com/netherlands/moving/tools/arrival-planner/from/uae,/netherlands/moving/tools/arrival-planner/from/uae,INDEXABLE,200,200,,https://www.expatcopilot.com/netherlands/moving/tools/arrival-planner/from/uae,YES,True,False,False
https://www.expatcopilot.com/netherlands/moving/tools/arrival-planner/from/united-kingdom,/netherlands/moving/tools/arrival-planner/from/united-kingdom,INDEXABLE,200,200,,https://www.expatcopilot.com/netherlands/moving/tools/arrival-planner/from/united-kingdom,YES,True,False,False
https://www.expatcopilot.com/netherlands/moving/tools/arrival-planner/from/united-states,/netherlands/moving/tools/arrival-planner/from/united-states,INDEXABLE,200,200,,https://www.expatcopilot.com/netherlands/moving/tools/arrival-planner/from/united-states,YES,True,False,False
https://www.expatcopilot.com/netherlands/moving/tools/document-readiness/from/argentina,/netherlands/moving/tools/document-readiness/from/argentina,INDEXABLE,200,200,,https://www.expatcopilot.com/netherlands/moving/tools/document-readiness/from/argentina,YES,True,False,False
https://www.expatcopilot.com/netherlands/moving/tools/document-readiness/from/australia,/netherlands/moving/tools/document-readiness/from/australia,INDEXABLE,200,200,,https://www.expatcopilot.com/netherlands/moving/tools/document-readiness/from/australia,YES,True,False,False
https://www.expatcopilot.com/netherlands/moving/tools/document-readiness/from/brazil,/netherlands/moving/tools/document-readiness/from/brazil,INDEXABLE,200,200,,https://www.expatcopilot.com/netherlands/moving/tools/document-readiness/from/brazil,YES,True,False,False
https://www.expatcopilot.com/netherlands/moving/tools/document-readiness/from/canada,/netherlands/moving/tools/document-readiness/from/canada,INDEXABLE,200,200,,https://www.expatcopilot.com/netherlands/moving/tools/document-readiness/from/canada,YES,True,False,False
https://www.expatcopilot.com/netherlands/moving/tools/document-readiness/from/chile,/netherlands/moving/tools/document-readiness/from/chile,INDEXABLE,200,200,,https://www.expatcopilot.com/netherlands/moving/tools/document-readiness/from/chile,YES,True,False,False
https://www.expatcopilot.com/netherlands/moving/tools/document-readiness/from/denmark,/netherlands/moving/tools/document-readiness/from/denmark,INDEXABLE,200,200,,https://www.expatcopilot.com/netherlands/moving/tools/document-readiness/from/denmark,YES,True,False,False
https://www.expatcopilot.com/netherlands/moving/tools/document-readiness/from/france,/netherlands/moving/tools/document-readiness/from/france,INDEXABLE,200,200,,https://www.expatcopilot.com/netherlands/moving/tools/document-readiness/from/france,YES,True,False,False
https://www.expatcopilot.com/netherlands/moving/tools/document-readiness/from/germany,/netherlands/moving/tools/document-readiness/from/germany,INDEXABLE,200,200,,https://www.expatcopilot.com/netherlands/moving/tools/document-readiness/from/germany,YES,True,False,False
https://www.expatcopilot.com/netherlands/moving/tools/document-readiness/from/india,/netherlands/moving/tools/document-readiness/from/india,INDEXABLE,200,200,,https://www.expatcopilot.com/netherlands/moving/tools/document-readiness/from/india,YES,True,False,False
https://www.expatcopilot.com/netherlands/moving/tools/document-readiness/from/indonesia,/netherlands/moving/tools/document-readiness/from/indonesia,INDEXABLE,200,200,,https://www.expatcopilot.com/netherlands/moving/tools/document-readiness/from/indonesia,YES,True,False,False
https://www.expatcopilot.com/netherlands/moving/tools/document-readiness/from/ireland,/netherlands/moving/tools/document-readiness/from/ireland,INDEXABLE,200,200,,https://www.expatcopilot.com/netherlands/moving/tools/document-readiness/from/ireland,YES,True,False,False
https://www.expatcopilot.com/netherlands/moving/tools/document-readiness/from/italy,/netherlands/moving/tools/document-readiness/from/italy,INDEXABLE,200,200,,https://www.expatcopilot.com/netherlands/moving/tools/document-readiness/from/italy,YES,True,False,False
https://www.expatcopilot.com/netherlands/moving/tools/document-readiness/from/japan,/netherlands/moving/tools/document-readiness/from/japan,INDEXABLE,200,200,,https://www.expatcopilot.com/netherlands/moving/tools/document-readiness/from/japan,YES,True,False,False
https://www.expatcopilot.com/netherlands/moving/tools/document-readiness/from/kenya,/netherlands/moving/tools/document-readiness/from/kenya,INDEXABLE,200,200,,https://www.expatcopilot.com/netherlands/moving/tools/document-readiness/from/kenya,YES,True,False,False
https://www.expatcopilot.com/netherlands/moving/tools/document-readiness/from/mexico,/netherlands/moving/tools/document-readiness/from/mexico,INDEXABLE,200,200,,https://www.expatcopilot.com/netherlands/moving/tools/document-readiness/from/mexico,YES,True,False,False
https://www.expatcopilot.com/netherlands/moving/tools/document-readiness/from/new-zealand,/netherlands/moving/tools/document-readiness/from/new-zealand,INDEXABLE,200,200,,https://www.expatcopilot.com/netherlands/moving/tools/document-readiness/from/new-zealand,YES,True,False,False
https://www.expatcopilot.com/netherlands/moving/tools/document-readiness/from/norway,/netherlands/moving/tools/document-readiness/from/norway,INDEXABLE,200,200,,https://www.expatcopilot.com/netherlands/moving/tools/document-readiness/from/norway,YES,True,False,False
https://www.expatcopilot.com/netherlands/moving/tools/document-readiness/from/pakistan,/netherlands/moving/tools/document-readiness/from/pakistan,INDEXABLE,200,200,,https://www.expatcopilot.com/netherlands/moving/tools/document-readiness/from/pakistan,YES,True,False,False
https://www.expatcopilot.com/netherlands/moving/tools/document-readiness/from/singapore,/netherlands/moving/tools/document-readiness/from/singapore,INDEXABLE,200,200,,https://www.expatcopilot.com/netherlands/moving/tools/document-readiness/from/singapore,YES,True,False,False
https://www.expatcopilot.com/netherlands/moving/tools/document-readiness/from/south-africa,/netherlands/moving/tools/document-readiness/from/south-africa,INDEXABLE,200,200,,https://www.expatcopilot.com/netherlands/moving/tools/document-readiness/from/south-africa,YES,True,False,False
https://www.expatcopilot.com/netherlands/moving/tools/document-readiness/from/south-korea,/netherlands/moving/tools/document-readiness/from/south-korea,INDEXABLE,200,200,,https://www.expatcopilot.com/netherlands/moving/tools/document-readiness/from/south-korea,YES,True,False,False
https://www.expatcopilot.com/netherlands/moving/tools/document-readiness/from/spain,/netherlands/moving/tools/document-readiness/from/spain,INDEXABLE,200,200,,https://www.expatcopilot.com/netherlands/moving/tools/document-readiness/from/spain,YES,True,False,False
https://www.expatcopilot.com/netherlands/moving/tools/document-readiness/from/sweden,/netherlands/moving/tools/document-readiness/from/sweden,INDEXABLE,200,200,,https://www.expatcopilot.com/netherlands/moving/tools/document-readiness/from/sweden,YES,True,False,False
https://www.expatcopilot.com/netherlands/moving/tools/document-readiness/from/switzerland,/netherlands/moving/tools/document-readiness/from/switzerland,INDEXABLE,200,200,,https://www.expatcopilot.com/netherlands/moving/tools/document-readiness/from/switzerland,YES,True,False,False
https://www.expatcopilot.com/netherlands/moving/tools/document-readiness/from/turkey,/netherlands/moving/tools/document-readiness/from/turkey,INDEXABLE,200,200,,https://www.expatcopilot.com/netherlands/moving/tools/document-readiness/from/turkey,YES,True,False,False
https://www.expatcopilot.com/netherlands/moving/tools/document-readiness/from/uae,/netherlands/moving/tools/document-readiness/from/uae,INDEXABLE,200,200,,https://www.expatcopilot.com/netherlands/moving/tools/document-readiness/from/uae,YES,True,False,False
https://www.expatcopilot.com/netherlands/moving/tools/document-readiness/from/united-kingdom,/netherlands/moving/tools/document-readiness/from/united-kingdom,INDEXABLE,200,200,,https://www.expatcopilot.com/netherlands/moving/tools/document-readiness/from/united-kingdom,YES,True,False,False
https://www.expatcopilot.com/netherlands/moving/tools/document-readiness/from/united-states,/netherlands/moving/tools/document-readiness/from/united-states,INDEXABLE,200,200,,https://www.expatcopilot.com/netherlands/moving/tools/document-readiness/from/united-states,YES,True,False,False
https://www.expatcopilot.com/netherlands/moving/tools/first-90-days,/netherlands/moving/tools/first-90-days,INDEXABLE,200,200,,https://www.expatcopilot.com/netherlands/moving/tools/first-90-days,YES,True,False,False
https://www.expatcopilot.com/netherlands/moving/tools/first-90-days/from/argentina,/netherlands/moving/tools/first-90-days/from/argentina,INDEXABLE,200,200,,https://www.expatcopilot.com/netherlands/moving/tools/first-90-days/from/argentina,YES,True,False,False
https://www.expatcopilot.com/netherlands/moving/tools/first-90-days/from/australia,/netherlands/moving/tools/first-90-days/from/australia,INDEXABLE,200,200,,https://www.expatcopilot.com/netherlands/moving/tools/first-90-days/from/australia,YES,True,False,False
https://www.expatcopilot.com/netherlands/moving/tools/first-90-days/from/brazil,/netherlands/moving/tools/first-90-days/from/brazil,INDEXABLE,200,200,,https://www.expatcopilot.com/netherlands/moving/tools/first-90-days/from/brazil,YES,True,False,False
https://www.expatcopilot.com/netherlands/moving/tools/first-90-days/from/canada,/netherlands/moving/tools/first-90-days/from/canada,INDEXABLE,200,200,,https://www.expatcopilot.com/netherlands/moving/tools/first-90-days/from/canada,YES,True,False,False
https://www.expatcopilot.com/netherlands/moving/tools/first-90-days/from/chile,/netherlands/moving/tools/first-90-days/from/chile,INDEXABLE,200,200,,https://www.expatcopilot.com/netherlands/moving/tools/first-90-days/from/chile,YES,True,False,False
https://www.expatcopilot.com/netherlands/moving/tools/first-90-days/from/denmark,/netherlands/moving/tools/first-90-days/from/denmark,INDEXABLE,200,200,,https://www.expatcopilot.com/netherlands/moving/tools/first-90-days/from/denmark,YES,True,False,False
https://www.expatcopilot.com/netherlands/moving/tools/first-90-days/from/france,/netherlands/moving/tools/first-90-days/from/france,INDEXABLE,200,200,,https://www.expatcopilot.com/netherlands/moving/tools/first-90-days/from/france,YES,True,False,False
https://www.expatcopilot.com/netherlands/moving/tools/first-90-days/from/germany,/netherlands/moving/tools/first-90-days/from/germany,INDEXABLE,200,200,,https://www.expatcopilot.com/netherlands/moving/tools/first-90-days/from/germany,YES,True,False,False
https://www.expatcopilot.com/netherlands/moving/tools/first-90-days/from/india,/netherlands/moving/tools/first-90-days/from/india,INDEXABLE,200,200,,https://www.expatcopilot.com/netherlands/moving/tools/first-90-days/from/india,YES,True,False,False
https://www.expatcopilot.com/netherlands/moving/tools/first-90-days/from/indonesia,/netherlands/moving/tools/first-90-days/from/indonesia,INDEXABLE,200,200,,https://www.expatcopilot.com/netherlands/moving/tools/first-90-days/from/indonesia,YES,True,False,False
https://www.expatcopilot.com/netherlands/moving/tools/first-90-days/from/ireland,/netherlands/moving/tools/first-90-days/from/ireland,INDEXABLE,200,200,,https://www.expatcopilot.com/netherlands/moving/tools/first-90-days/from/ireland,YES,True,False,False
https://www.expatcopilot.com/netherlands/moving/tools/first-90-days/from/italy,/netherlands/moving/tools/first-90-days/from/italy,INDEXABLE,200,200,,https://www.expatcopilot.com/netherlands/moving/tools/first-90-days/from/italy,YES,True,False,False
https://www.expatcopilot.com/netherlands/moving/tools/first-90-days/from/japan,/netherlands/moving/tools/first-90-days/from/japan,INDEXABLE,200,200,,https://www.expatcopilot.com/netherlands/moving/tools/first-90-days/from/japan,YES,True,False,False
https://www.expatcopilot.com/netherlands/moving/tools/first-90-days/from/kenya,/netherlands/moving/tools/first-90-days/from/kenya,INDEXABLE,200,200,,https://www.expatcopilot.com/netherlands/moving/tools/first-90-days/from/kenya,YES,True,False,False
https://www.expatcopilot.com/netherlands/moving/tools/first-90-days/from/mexico,/netherlands/moving/tools/first-90-days/from/mexico,INDEXABLE,200,200,,https://www.expatcopilot.com/netherlands/moving/tools/first-90-days/from/mexico,YES,True,False,False
https://www.expatcopilot.com/netherlands/moving/tools/first-90-days/from/new-zealand,/netherlands/moving/tools/first-90-days/from/new-zealand,INDEXABLE,200,200,,https://www.expatcopilot.com/netherlands/moving/tools/first-90-days/from/new-zealand,YES,True,False,False
https://www.expatcopilot.com/netherlands/moving/tools/first-90-days/from/norway,/netherlands/moving/tools/first-90-days/from/norway,INDEXABLE,200,200,,https://www.expatcopilot.com/netherlands/moving/tools/first-90-days/from/norway,YES,True,False,False
https://www.expatcopilot.com/netherlands/moving/tools/first-90-days/from/pakistan,/netherlands/moving/tools/first-90-days/from/pakistan,INDEXABLE,200,200,,https://www.expatcopilot.com/netherlands/moving/tools/first-90-days/from/pakistan,YES,True,False,False
https://www.expatcopilot.com/netherlands/moving/tools/first-90-days/from/singapore,/netherlands/moving/tools/first-90-days/from/singapore,INDEXABLE,200,200,,https://www.expatcopilot.com/netherlands/moving/tools/first-90-days/from/singapore,YES,True,False,False
https://www.expatcopilot.com/netherlands/moving/tools/first-90-days/from/south-africa,/netherlands/moving/tools/first-90-days/from/south-africa,INDEXABLE,200,200,,https://www.expatcopilot.com/netherlands/moving/tools/first-90-days/from/south-africa,YES,True,False,False
https://www.expatcopilot.com/netherlands/moving/tools/first-90-days/from/south-korea,/netherlands/moving/tools/first-90-days/from/south-korea,INDEXABLE,200,200,,https://www.expatcopilot.com/netherlands/moving/tools/first-90-days/from/south-korea,YES,True,False,False
https://www.expatcopilot.com/netherlands/moving/tools/first-90-days/from/spain,/netherlands/moving/tools/first-90-days/from/spain,INDEXABLE,200,200,,https://www.expatcopilot.com/netherlands/moving/tools/first-90-days/from/spain,YES,True,False,False
https://www.expatcopilot.com/netherlands/moving/tools/first-90-days/from/sweden,/netherlands/moving/tools/first-90-days/from/sweden,INDEXABLE,200,200,,https://www.expatcopilot.com/netherlands/moving/tools/first-90-days/from/sweden,YES,True,False,False
https://www.expatcopilot.com/netherlands/moving/tools/first-90-days/from/switzerland,/netherlands/moving/tools/first-90-days/from/switzerland,INDEXABLE,200,200,,https://www.expatcopilot.com/netherlands/moving/tools/first-90-days/from/switzerland,YES,True,False,False
https://www.expatcopilot.com/netherlands/moving/tools/first-90-days/from/turkey,/netherlands/moving/tools/first-90-days/from/turkey,INDEXABLE,200,200,,https://www.expatcopilot.com/netherlands/moving/tools/first-90-days/from/turkey,YES,True,False,False
https://www.expatcopilot.com/netherlands/moving/tools/first-90-days/from/uae,/netherlands/moving/tools/first-90-days/from/uae,INDEXABLE,200,200,,https://www.expatcopilot.com/netherlands/moving/tools/first-90-days/from/uae,YES,True,False,False
https://www.expatcopilot.com/netherlands/moving/tools/first-90-days/from/united-kingdom,/netherlands/moving/tools/first-90-days/from/united-kingdom,INDEXABLE,200,200,,https://www.expatcopilot.com/netherlands/moving/tools/first-90-days/from/united-kingdom,YES,True,False,False
https://www.expatcopilot.com/netherlands/moving/tools/first-90-days/from/united-states,/netherlands/moving/tools/first-90-days/from/united-states,INDEXABLE,200,200,,https://www.expatcopilot.com/netherlands/moving/tools/first-90-days/from/united-states,YES,True,False,False
https://www.expatcopilot.com/netherlands/moving/tools/hsm-salary-checker,/netherlands/moving/tools/hsm-salary-checker,INDEXABLE,200,200,,https://www.expatcopilot.com/netherlands/moving/tools/hsm-salary-checker,YES,True,False,False
https://www.expatcopilot.com/netherlands/moving/tools/moving-checklist,/netherlands/moving/tools/moving-checklist,INDEXABLE,200,200,,https://www.expatcopilot.com/netherlands/moving/tools/moving-checklist,YES,True,False,False
https://www.expatcopilot.com/netherlands/moving/tools/moving-checklist/from/argentina,/netherlands/moving/tools/moving-checklist/from/argentina,INDEXABLE,200,200,,https://www.expatcopilot.com/netherlands/moving/tools/moving-checklist/from/argentina,YES,True,False,False
https://www.expatcopilot.com/netherlands/moving/tools/moving-checklist/from/australia,/netherlands/moving/tools/moving-checklist/from/australia,INDEXABLE,200,200,,https://www.expatcopilot.com/netherlands/moving/tools/moving-checklist/from/australia,YES,True,False,False
https://www.expatcopilot.com/netherlands/moving/tools/moving-checklist/from/brazil,/netherlands/moving/tools/moving-checklist/from/brazil,INDEXABLE,200,200,,https://www.expatcopilot.com/netherlands/moving/tools/moving-checklist/from/brazil,YES,True,False,False
https://www.expatcopilot.com/netherlands/moving/tools/moving-checklist/from/canada,/netherlands/moving/tools/moving-checklist/from/canada,INDEXABLE,200,200,,https://www.expatcopilot.com/netherlands/moving/tools/moving-checklist/from/canada,YES,True,False,False
https://www.expatcopilot.com/netherlands/moving/tools/moving-checklist/from/chile,/netherlands/moving/tools/moving-checklist/from/chile,INDEXABLE,200,200,,https://www.expatcopilot.com/netherlands/moving/tools/moving-checklist/from/chile,YES,True,False,False
https://www.expatcopilot.com/netherlands/moving/tools/moving-checklist/from/denmark,/netherlands/moving/tools/moving-checklist/from/denmark,INDEXABLE,200,200,,https://www.expatcopilot.com/netherlands/moving/tools/moving-checklist/from/denmark,YES,True,False,False
https://www.expatcopilot.com/netherlands/moving/tools/moving-checklist/from/france,/netherlands/moving/tools/moving-checklist/from/france,INDEXABLE,200,200,,https://www.expatcopilot.com/netherlands/moving/tools/moving-checklist/from/france,YES,True,False,False
https://www.expatcopilot.com/netherlands/moving/tools/moving-checklist/from/germany,/netherlands/moving/tools/moving-checklist/from/germany,INDEXABLE,200,200,,https://www.expatcopilot.com/netherlands/moving/tools/moving-checklist/from/germany,YES,True,False,False
https://www.expatcopilot.com/netherlands/moving/tools/moving-checklist/from/india,/netherlands/moving/tools/moving-checklist/from/india,INDEXABLE,200,200,,https://www.expatcopilot.com/netherlands/moving/tools/moving-checklist/from/india,YES,True,False,False
https://www.expatcopilot.com/netherlands/moving/tools/moving-checklist/from/indonesia,/netherlands/moving/tools/moving-checklist/from/indonesia,INDEXABLE,200,200,,https://www.expatcopilot.com/netherlands/moving/tools/moving-checklist/from/indonesia,YES,True,False,False
https://www.expatcopilot.com/netherlands/moving/tools/moving-checklist/from/ireland,/netherlands/moving/tools/moving-checklist/from/ireland,INDEXABLE,200,200,,https://www.expatcopilot.com/netherlands/moving/tools/moving-checklist/from/ireland,YES,True,False,False
https://www.expatcopilot.com/netherlands/moving/tools/moving-checklist/from/italy,/netherlands/moving/tools/moving-checklist/from/italy,INDEXABLE,200,200,,https://www.expatcopilot.com/netherlands/moving/tools/moving-checklist/from/italy,YES,True,False,False
https://www.expatcopilot.com/netherlands/moving/tools/moving-checklist/from/japan,/netherlands/moving/tools/moving-checklist/from/japan,INDEXABLE,200,200,,https://www.expatcopilot.com/netherlands/moving/tools/moving-checklist/from/japan,YES,True,False,False
https://www.expatcopilot.com/netherlands/moving/tools/moving-checklist/from/kenya,/netherlands/moving/tools/moving-checklist/from/kenya,INDEXABLE,200,200,,https://www.expatcopilot.com/netherlands/moving/tools/moving-checklist/from/kenya,YES,True,False,False
https://www.expatcopilot.com/netherlands/moving/tools/moving-checklist/from/mexico,/netherlands/moving/tools/moving-checklist/from/mexico,INDEXABLE,200,200,,https://www.expatcopilot.com/netherlands/moving/tools/moving-checklist/from/mexico,YES,True,False,False
https://www.expatcopilot.com/netherlands/moving/tools/moving-checklist/from/new-zealand,/netherlands/moving/tools/moving-checklist/from/new-zealand,INDEXABLE,200,200,,https://www.expatcopilot.com/netherlands/moving/tools/moving-checklist/from/new-zealand,YES,True,False,False
https://www.expatcopilot.com/netherlands/moving/tools/moving-checklist/from/norway,/netherlands/moving/tools/moving-checklist/from/norway,INDEXABLE,200,200,,https://www.expatcopilot.com/netherlands/moving/tools/moving-checklist/from/norway,YES,True,False,False
https://www.expatcopilot.com/netherlands/moving/tools/moving-checklist/from/pakistan,/netherlands/moving/tools/moving-checklist/from/pakistan,INDEXABLE,200,200,,https://www.expatcopilot.com/netherlands/moving/tools/moving-checklist/from/pakistan,YES,True,False,False
https://www.expatcopilot.com/netherlands/moving/tools/moving-checklist/from/singapore,/netherlands/moving/tools/moving-checklist/from/singapore,INDEXABLE,200,200,,https://www.expatcopilot.com/netherlands/moving/tools/moving-checklist/from/singapore,YES,True,False,False
https://www.expatcopilot.com/netherlands/moving/tools/moving-checklist/from/south-africa,/netherlands/moving/tools/moving-checklist/from/south-africa,INDEXABLE,200,200,,https://www.expatcopilot.com/netherlands/moving/tools/moving-checklist/from/south-africa,YES,True,False,False
https://www.expatcopilot.com/netherlands/moving/tools/moving-checklist/from/south-korea,/netherlands/moving/tools/moving-checklist/from/south-korea,INDEXABLE,200,200,,https://www.expatcopilot.com/netherlands/moving/tools/moving-checklist/from/south-korea,YES,True,False,False
https://www.expatcopilot.com/netherlands/moving/tools/moving-checklist/from/spain,/netherlands/moving/tools/moving-checklist/from/spain,INDEXABLE,200,200,,https://www.expatcopilot.com/netherlands/moving/tools/moving-checklist/from/spain,YES,True,False,False
https://www.expatcopilot.com/netherlands/moving/tools/moving-checklist/from/sweden,/netherlands/moving/tools/moving-checklist/from/sweden,INDEXABLE,200,200,,https://www.expatcopilot.com/netherlands/moving/tools/moving-checklist/from/sweden,YES,True,False,False
https://www.expatcopilot.com/netherlands/moving/tools/moving-checklist/from/switzerland,/netherlands/moving/tools/moving-checklist/from/switzerland,INDEXABLE,200,200,,https://www.expatcopilot.com/netherlands/moving/tools/moving-checklist/from/switzerland,YES,True,False,False
https://www.expatcopilot.com/netherlands/moving/tools/moving-checklist/from/turkey,/netherlands/moving/tools/moving-checklist/from/turkey,INDEXABLE,200,200,,https://www.expatcopilot.com/netherlands/moving/tools/moving-checklist/from/turkey,YES,True,False,False
https://www.expatcopilot.com/netherlands/moving/tools/moving-checklist/from/uae,/netherlands/moving/tools/moving-checklist/from/uae,INDEXABLE,200,200,,https://www.expatcopilot.com/netherlands/moving/tools/moving-checklist/from/uae,YES,True,False,False
https://www.expatcopilot.com/netherlands/moving/tools/moving-checklist/from/united-kingdom,/netherlands/moving/tools/moving-checklist/from/united-kingdom,INDEXABLE,200,200,,https://www.expatcopilot.com/netherlands/moving/tools/moving-checklist/from/united-kingdom,YES,True,False,False
https://www.expatcopilot.com/netherlands/moving/tools/moving-checklist/from/united-states,/netherlands/moving/tools/moving-checklist/from/united-states,INDEXABLE,200,200,,https://www.expatcopilot.com/netherlands/moving/tools/moving-checklist/from/united-states,YES,True,False,False
https://www.expatcopilot.com/netherlands/moving/tools/relocation-cost-estimator,/netherlands/moving/tools/relocation-cost-estimator,INDEXABLE,200,200,,https://www.expatcopilot.com/netherlands/moving/tools/relocation-cost-estimator,YES,True,False,False
https://www.expatcopilot.com/netherlands/moving/twv-work-permit,/netherlands/moving/twv-work-permit,INDEXABLE,200,200,"index, follow",https://www.expatcopilot.com/netherlands/moving/twv-work-permit,YES,True,False,False
https://www.expatcopilot.com/netherlands/moving/visas-residency,/netherlands/moving/visas-residency,INDEXABLE,200,200,"index, follow",https://www.expatcopilot.com/netherlands/moving/visas-residency,YES,True,False,False
https://www.expatcopilot.com/netherlands/moving/working-in-the-netherlands,/netherlands/moving/working-in-the-netherlands,INDEXABLE,200,200,"index, follow",https://www.expatcopilot.com/netherlands/moving/working-in-the-netherlands,YES,True,False,False
https://www.expatcopilot.com/netherlands/municipality-registration-netherlands,/netherlands/municipality-registration-netherlands,INDEXABLE,200,200,,https://www.expatcopilot.com/netherlands/municipality-registration-netherlands,YES,True,False,False
https://www.expatcopilot.com/netherlands/nijmegen,/netherlands/nijmegen,INDEXABLE,200,200,,https://www.expatcopilot.com/netherlands/nijmegen,YES,True,False,False
https://www.expatcopilot.com/netherlands/official-figures,/netherlands/official-figures,INDEXABLE,200,200,"index, follow",https://www.expatcopilot.com/netherlands/official-figures,YES,True,False,False
https://www.expatcopilot.com/netherlands/open-bank-account-netherlands,/netherlands/open-bank-account-netherlands,INDEXABLE,200,200,"index, follow",https://www.expatcopilot.com/netherlands/open-bank-account-netherlands,YES,True,False,False
https://www.expatcopilot.com/netherlands/practical-life/digid-netherlands,/netherlands/practical-life/digid-netherlands,INDEXABLE,200,200,,https://www.expatcopilot.com/netherlands/practical-life/digid-netherlands,YES,True,False,False
https://www.expatcopilot.com/netherlands/practical-life/government-portals-netherlands,/netherlands/practical-life/government-portals-netherlands,INDEXABLE,200,200,,https://www.expatcopilot.com/netherlands/practical-life/government-portals-netherlands,YES,True,False,False
https://www.expatcopilot.com/netherlands/practical-life/municipality-services-netherlands,/netherlands/practical-life/municipality-services-netherlands,INDEXABLE,200,200,,https://www.expatcopilot.com/netherlands/practical-life/municipality-services-netherlands,YES,True,False,False
https://www.expatcopilot.com/netherlands/practical-life/parking-and-local-permits-netherlands,/netherlands/practical-life/parking-and-local-permits-netherlands,INDEXABLE,200,200,,https://www.expatcopilot.com/netherlands/practical-life/parking-and-local-permits-netherlands,YES,True,False,False
https://www.expatcopilot.com/netherlands/practical-life/privacy-and-safety-basics-netherlands,/netherlands/practical-life/privacy-and-safety-basics-netherlands,INDEXABLE,200,200,,https://www.expatcopilot.com/netherlands/practical-life/privacy-and-safety-basics-netherlands,YES,True,False,False
https://www.expatcopilot.com/netherlands/practical-life/registering-your-address-netherlands,/netherlands/practical-life/registering-your-address-netherlands,INDEXABLE,200,200,,https://www.expatcopilot.com/netherlands/practical-life/registering-your-address-netherlands,YES,True,False,False
https://www.expatcopilot.com/netherlands/practical-life/subscriptions-and-cancellations-netherlands,/netherlands/practical-life/subscriptions-and-cancellations-netherlands,INDEXABLE,200,200,,https://www.expatcopilot.com/netherlands/practical-life/subscriptions-and-cancellations-netherlands,YES,True,False,False
https://www.expatcopilot.com/netherlands/practical-life/waste-and-recycling-netherlands,/netherlands/practical-life/waste-and-recycling-netherlands,INDEXABLE,200,200,,https://www.expatcopilot.com/netherlands/practical-life/waste-and-recycling-netherlands,YES,True,False,False
https://www.expatcopilot.com/netherlands/randstad,/netherlands/randstad,INDEXABLE,200,200,,https://www.expatcopilot.com/netherlands/randstad,YES,True,False,False
https://www.expatcopilot.com/netherlands/rotterdam,/netherlands/rotterdam,INDEXABLE,200,200,,https://www.expatcopilot.com/netherlands/rotterdam,YES,True,False,False
https://www.expatcopilot.com/netherlands/services,/netherlands/services,INDEXABLE,200,200,,https://www.expatcopilot.com/netherlands/services,YES,True,False,False
https://www.expatcopilot.com/netherlands/services/banks,/netherlands/services/banks,INDEXABLE,200,200,,https://www.expatcopilot.com/netherlands/services/banks,YES,True,False,False
https://www.expatcopilot.com/netherlands/services/financial-advisors,/netherlands/services/financial-advisors,INDEXABLE,200,200,,https://www.expatcopilot.com/netherlands/services/financial-advisors,YES,True,False,False
https://www.expatcopilot.com/netherlands/services/health-insurance,/netherlands/services/health-insurance,INDEXABLE,200,200,,https://www.expatcopilot.com/netherlands/services/health-insurance,YES,True,False,False
https://www.expatcopilot.com/netherlands/services/highly-skilled-migrant-sponsors,/netherlands/services/highly-skilled-migrant-sponsors,INDEXABLE,200,200,,https://www.expatcopilot.com/netherlands/services/highly-skilled-migrant-sponsors,YES,True,False,False
https://www.expatcopilot.com/netherlands/services/housing-platforms,/netherlands/services/housing-platforms,INDEXABLE,200,200,,https://www.expatcopilot.com/netherlands/services/housing-platforms,YES,True,False,False
https://www.expatcopilot.com/netherlands/services/immigration-lawyers,/netherlands/services/immigration-lawyers,INDEXABLE,200,200,,https://www.expatcopilot.com/netherlands/services/immigration-lawyers,YES,True,False,False
https://www.expatcopilot.com/netherlands/services/insurance-providers,/netherlands/services/insurance-providers,INDEXABLE,200,200,,https://www.expatcopilot.com/netherlands/services/insurance-providers,YES,True,False,False
https://www.expatcopilot.com/netherlands/services/mobile-connectivity,/netherlands/services/mobile-connectivity,INDEXABLE,200,200,,https://www.expatcopilot.com/netherlands/services/mobile-connectivity,YES,True,False,False
https://www.expatcopilot.com/netherlands/services/mortgage-advisors,/netherlands/services/mortgage-advisors,INDEXABLE,200,200,,https://www.expatcopilot.com/netherlands/services/mortgage-advisors,YES,True,False,False
https://www.expatcopilot.com/netherlands/services/relocation-agencies,/netherlands/services/relocation-agencies,INDEXABLE,200,200,,https://www.expatcopilot.com/netherlands/services/relocation-agencies,YES,True,False,False
https://www.expatcopilot.com/netherlands/services/relocation-services,/netherlands/services/relocation-services,INDEXABLE,200,200,,https://www.expatcopilot.com/netherlands/services/relocation-services,YES,True,False,False
https://www.expatcopilot.com/netherlands/services/rental-agencies,/netherlands/services/rental-agencies,INDEXABLE,200,200,,https://www.expatcopilot.com/netherlands/services/rental-agencies,YES,True,False,False
https://www.expatcopilot.com/netherlands/services/startup-visa-advisors,/netherlands/services/startup-visa-advisors,INDEXABLE,200,200,,https://www.expatcopilot.com/netherlands/services/startup-visa-advisors,YES,True,False,False
https://www.expatcopilot.com/netherlands/services/tax-advisors,/netherlands/services/tax-advisors,INDEXABLE,200,200,"index, follow",https://www.expatcopilot.com/netherlands/services/tax-advisors,YES,True,False,False
https://www.expatcopilot.com/netherlands/services/visa-consultants,/netherlands/services/visa-consultants,INDEXABLE,200,200,,https://www.expatcopilot.com/netherlands/services/visa-consultants,YES,True,False,False
https://www.expatcopilot.com/netherlands/shipping-household-goods-netherlands,/netherlands/shipping-household-goods-netherlands,INDEXABLE,200,200,,https://www.expatcopilot.com/netherlands/shipping-household-goods-netherlands,YES,True,False,False
https://www.expatcopilot.com/netherlands/taxes,/netherlands/taxes,INDEXABLE,200,200,"index, follow",https://www.expatcopilot.com/netherlands/taxes,YES,True,False,False
https://www.expatcopilot.com/netherlands/taxes/30-percent-ruling,/netherlands/taxes/30-percent-ruling,INDEXABLE,200,200,"index, follow",https://www.expatcopilot.com/netherlands/taxes/30-percent-ruling,YES,True,False,False
https://www.expatcopilot.com/netherlands/taxes/average-salary-netherlands,/netherlands/taxes/average-salary-netherlands,INDEXABLE,200,200,"index, follow",https://www.expatcopilot.com/netherlands/taxes/average-salary-netherlands,YES,True,False,False
https://www.expatcopilot.com/netherlands/taxes/bonus-tax-netherlands,/netherlands/taxes/bonus-tax-netherlands,INDEXABLE,200,200,"index, follow",https://www.expatcopilot.com/netherlands/taxes/bonus-tax-netherlands,YES,True,False,False
https://www.expatcopilot.com/netherlands/taxes/childcare-allowance-netherlands,/netherlands/taxes/childcare-allowance-netherlands,INDEXABLE,200,200,"index, follow",https://www.expatcopilot.com/netherlands/taxes/childcare-allowance-netherlands,YES,True,False,False
https://www.expatcopilot.com/netherlands/taxes/double-taxation-netherlands,/netherlands/taxes/double-taxation-netherlands,INDEXABLE,200,200,"index, follow",https://www.expatcopilot.com/netherlands/taxes/double-taxation-netherlands,YES,True,False,False
https://www.expatcopilot.com/netherlands/taxes/foreign-income-netherlands,/netherlands/taxes/foreign-income-netherlands,INDEXABLE,200,200,"index, follow",https://www.expatcopilot.com/netherlands/taxes/foreign-income-netherlands,YES,True,False,False
https://www.expatcopilot.com/netherlands/taxes/gross-vs-net-salary,/netherlands/taxes/gross-vs-net-salary,INDEXABLE,200,200,"index, follow",https://www.expatcopilot.com/netherlands/taxes/gross-vs-net-salary,YES,True,False,False
https://www.expatcopilot.com/netherlands/taxes/healthcare-allowance-netherlands,/netherlands/taxes/healthcare-allowance-netherlands,INDEXABLE,200,200,"index, follow",https://www.expatcopilot.com/netherlands/taxes/healthcare-allowance-netherlands,YES,True,False,False
https://www.expatcopilot.com/netherlands/taxes/leaving-netherlands-tax,/netherlands/taxes/leaving-netherlands-tax,INDEXABLE,200,200,"index, follow",https://www.expatcopilot.com/netherlands/taxes/leaving-netherlands-tax,YES,True,False,False
https://www.expatcopilot.com/netherlands/taxes/net-salary-netherlands,/netherlands/taxes/net-salary-netherlands,INDEXABLE,200,200,"index, follow",https://www.expatcopilot.com/netherlands/taxes/net-salary-netherlands,YES,True,False,False
https://www.expatcopilot.com/netherlands/taxes/payroll-tax-netherlands,/netherlands/taxes/payroll-tax-netherlands,INDEXABLE,200,200,"index, follow",https://www.expatcopilot.com/netherlands/taxes/payroll-tax-netherlands,YES,True,False,False
https://www.expatcopilot.com/netherlands/taxes/property-tax-netherlands,/netherlands/taxes/property-tax-netherlands,INDEXABLE,200,200,"index, follow",https://www.expatcopilot.com/netherlands/taxes/property-tax-netherlands,YES,True,False,False
https://www.expatcopilot.com/netherlands/taxes/rent-allowance-netherlands,/netherlands/taxes/rent-allowance-netherlands,INDEXABLE,200,200,"index, follow",https://www.expatcopilot.com/netherlands/taxes/rent-allowance-netherlands,YES,True,False,False
https://www.expatcopilot.com/netherlands/taxes/taxes-after-moving-netherlands,/netherlands/taxes/taxes-after-moving-netherlands,INDEXABLE,200,200,"index, follow",https://www.expatcopilot.com/netherlands/taxes/taxes-after-moving-netherlands,YES,True,False,False
https://www.expatcopilot.com/netherlands/taxes/tools,/netherlands/taxes/tools,INDEXABLE,200,200,,https://www.expatcopilot.com/netherlands/taxes/tools,YES,True,False,False
https://www.expatcopilot.com/netherlands/taxes/tools/30-ruling-calculator,/netherlands/taxes/tools/30-ruling-calculator,INDEXABLE,200,200,,https://www.expatcopilot.com/netherlands/taxes/tools/30-ruling-calculator,YES,True,False,False
https://www.expatcopilot.com/netherlands/taxes/tools/double-tax-awareness-tool,/netherlands/taxes/tools/double-tax-awareness-tool,INDEXABLE,200,200,,https://www.expatcopilot.com/netherlands/taxes/tools/double-tax-awareness-tool,YES,True,False,False
https://www.expatcopilot.com/netherlands/taxes/tools/dutch-salary-net-calculator,/netherlands/taxes/tools/dutch-salary-net-calculator,INDEXABLE,200,200,,https://www.expatcopilot.com/netherlands/taxes/tools/dutch-salary-net-calculator,YES,True,False,False
https://www.expatcopilot.com/netherlands/taxes/tools/healthcare-allowance-estimator,/netherlands/taxes/tools/healthcare-allowance-estimator,INDEXABLE,200,200,,https://www.expatcopilot.com/netherlands/taxes/tools/healthcare-allowance-estimator,YES,True,False,False
https://www.expatcopilot.com/netherlands/the-hague,/netherlands/the-hague,INDEXABLE,200,200,,https://www.expatcopilot.com/netherlands/the-hague,YES,True,False,False
https://www.expatcopilot.com/netherlands/tilburg,/netherlands/tilburg,INDEXABLE,200,200,,https://www.expatcopilot.com/netherlands/tilburg,YES,True,False,False
https://www.expatcopilot.com/netherlands/tools,/netherlands/tools,INDEXABLE,200,200,,https://www.expatcopilot.com/netherlands/tools,YES,True,False,False
https://www.expatcopilot.com/netherlands/tools/advanced,/netherlands/tools/advanced,INDEXABLE,200,200,,https://www.expatcopilot.com/netherlands/tools/advanced,YES,True,False,False
https://www.expatcopilot.com/netherlands/tools/bank-comparison,/netherlands/tools/bank-comparison,INDEXABLE,200,200,"index, follow",https://www.expatcopilot.com/netherlands/tools/bank-comparison,YES,True,False,False
https://www.expatcopilot.com/netherlands/tools/banking-cost-estimator,/netherlands/tools/banking-cost-estimator,INDEXABLE,200,200,"index, follow",https://www.expatcopilot.com/netherlands/tools/banking-cost-estimator,YES,True,False,False
https://www.expatcopilot.com/netherlands/tools/city-comparison,/netherlands/tools/city-comparison,INDEXABLE,200,200,"index, follow",https://www.expatcopilot.com/netherlands/tools/city-comparison,YES,True,False,False
https://www.expatcopilot.com/netherlands/tools/transfer-cost-calculator,/netherlands/tools/transfer-cost-calculator,INDEXABLE,200,200,"index, follow",https://www.expatcopilot.com/netherlands/tools/transfer-cost-calculator,YES,True,False,False
https://www.expatcopilot.com/netherlands/transport/tools,/netherlands/transport/tools,INDEXABLE,200,200,,https://www.expatcopilot.com/netherlands/transport/tools,YES,True,False,False
https://www.expatcopilot.com/netherlands/utilities,/netherlands/utilities,INDEXABLE,200,200,,https://www.expatcopilot.com/netherlands/utilities,YES,True,False,False
https://www.expatcopilot.com/netherlands/utilities/energy-and-water-netherlands,/netherlands/utilities/energy-and-water-netherlands,INDEXABLE,200,200,,https://www.expatcopilot.com/netherlands/utilities/energy-and-water-netherlands,YES,True,False,False
https://www.expatcopilot.com/netherlands/utilities/internet-and-mobile-netherlands,/netherlands/utilities/internet-and-mobile-netherlands,INDEXABLE,200,200,,https://www.expatcopilot.com/netherlands/utilities/internet-and-mobile-netherlands,YES,True,False,False
https://www.expatcopilot.com/netherlands/utilities/utilities-netherlands,/netherlands/utilities/utilities-netherlands,INDEXABLE,200,200,,https://www.expatcopilot.com/netherlands/utilities/utilities-netherlands,YES,True,False,False
https://www.expatcopilot.com/netherlands/utrecht,/netherlands/utrecht,INDEXABLE,200,200,,https://www.expatcopilot.com/netherlands/utrecht,YES,True,False,False
https://www.expatcopilot.com/netherlands/visa-application-plan,/netherlands/visa-application-plan,INDEXABLE,200,200,,https://www.expatcopilot.com/netherlands/visa-application-plan,YES,True,False,False
https://www.expatcopilot.com/netherlands/visa-checker,/netherlands/visa-checker,INDEXABLE,200,200,,https://www.expatcopilot.com/netherlands/visa-checker,YES,True,False,False
https://www.expatcopilot.com/netherlands/visa-cost-calculator,/netherlands/visa-cost-calculator,INDEXABLE,200,200,,https://www.expatcopilot.com/netherlands/visa-cost-calculator,YES,True,False,False
https://www.expatcopilot.com/netherlands/visa-timeline-estimator,/netherlands/visa-timeline-estimator,INDEXABLE,200,200,,https://www.expatcopilot.com/netherlands/visa-timeline-estimator,YES,True,False,False
https://www.expatcopilot.com/netherlands/visa/compare-visas,/netherlands/visa/compare-visas,INDEXABLE,200,200,,https://www.expatcopilot.com/netherlands/visa/compare-visas,YES,True,False,False
https://www.expatcopilot.com/netherlands/visa/dutch-american-friendship-treaty,/netherlands/visa/dutch-american-friendship-treaty,INDEXABLE,200,200,,https://www.expatcopilot.com/netherlands/visa/dutch-american-friendship-treaty,YES,True,False,False
https://www.expatcopilot.com/netherlands/visa/eu-blue-card,/netherlands/visa/eu-blue-card,INDEXABLE,200,200,,https://www.expatcopilot.com/netherlands/visa/eu-blue-card,YES,True,False,False
https://www.expatcopilot.com/netherlands/visa/highly-skilled-migrant,/netherlands/visa/highly-skilled-migrant,INDEXABLE,200,200,,https://www.expatcopilot.com/netherlands/visa/highly-skilled-migrant,YES,True,False,False
https://www.expatcopilot.com/netherlands/visa/partner-family-visa,/netherlands/visa/partner-family-visa,INDEXABLE,200,200,,https://www.expatcopilot.com/netherlands/visa/partner-family-visa,YES,True,False,False
https://www.expatcopilot.com/netherlands/visa/self-employed-visa,/netherlands/visa/self-employed-visa,INDEXABLE,200,200,,https://www.expatcopilot.com/netherlands/visa/self-employed-visa,YES,True,False,False
https://www.expatcopilot.com/netherlands/visa/student-visa,/netherlands/visa/student-visa,INDEXABLE,200,200,,https://www.expatcopilot.com/netherlands/visa/student-visa,YES,True,False,False
https://www.expatcopilot.com/netherlands/work/tools,/netherlands/work/tools,INDEXABLE,200,200,,https://www.expatcopilot.com/netherlands/work/tools,YES,True,False,False
https://www.expatcopilot.com/netherlands/work/tools/employment-contract-risk-scanner,/netherlands/work/tools/employment-contract-risk-scanner,INDEXABLE,200,200,,https://www.expatcopilot.com/netherlands/work/tools/employment-contract-risk-scanner,YES,True,False,False
https://www.expatcopilot.com/netherlands/work/tools/employment-type-scenario-tool,/netherlands/work/tools/employment-type-scenario-tool,INDEXABLE,200,200,,https://www.expatcopilot.com/netherlands/work/tools/employment-type-scenario-tool,YES,True,False,False
https://www.expatcopilot.com/netherlands/work/tools/job-offer-comparison,/netherlands/work/tools/job-offer-comparison,INDEXABLE,200,200,,https://www.expatcopilot.com/netherlands/work/tools/job-offer-comparison,YES,True,False,False
https://www.expatcopilot.com/netherlands/work/tools/payslip-decoder,/netherlands/work/tools/payslip-decoder,INDEXABLE,200,200,,https://www.expatcopilot.com/netherlands/work/tools/payslip-decoder,YES,True,False,False
https://www.expatcopilot.com/privacy,/privacy,INDEXABLE,200,200,,https://www.expatcopilot.com/privacy,YES,True,False,False
https://www.expatcopilot.com/sitemap,/sitemap,INDEXABLE,200,200,,https://www.expatcopilot.com/sitemap,YES,True,False,False
https://www.expatcopilot.com/sources,/sources,INDEXABLE,200,200,,https://www.expatcopilot.com/sources,YES,True,False,False
https://www.expatcopilot.com/terms,/terms,INDEXABLE,200,200,,https://www.expatcopilot.com/terms,YES,True,False,False
https://www.expatcopilot.com/netherlands/can-i-open-bank-account-before-bsn,/netherlands/can-i-open-bank-account-before-bsn,REDIRECT,308,308,,,NO,False,,False
https://www.expatcopilot.com/netherlands/culture/dutch-directness-at-work,/netherlands/culture/dutch-directness-at-work,REDIRECT,308,308,,,NO,False,,False
https://www.expatcopilot.com/netherlands/documents-needed-to-move-netherlands,/netherlands/documents-needed-to-move-netherlands,REDIRECT,308,308,,,NO,False,,False
https://www.expatcopilot.com/netherlands/integration/tools/inburgering-timeline-planner,/netherlands/integration/tools/inburgering-timeline-planner,STAGED_NOT_LAUNCHED,308,308,,,NO,False,,True
https://www.expatcopilot.com/netherlands/integration/tools/knm-knowledge-quiz,/netherlands/integration/tools/knm-knowledge-quiz,STAGED_NOT_LAUNCHED,308,308,,,NO,False,,True
https://www.expatcopilot.com/netherlands/jobs/cover-letter-netherlands,/netherlands/jobs/cover-letter-netherlands,STAGED_NOT_LAUNCHED,404,404,,,NO,False,,True
https://www.expatcopilot.com/netherlands/jobs/cv-netherlands,/netherlands/jobs/cv-netherlands,STAGED_NOT_LAUNCHED,404,404,,,NO,False,,True
https://www.expatcopilot.com/netherlands/jobs/english-speaking-jobs-netherlands,/netherlands/jobs/english-speaking-jobs-netherlands,STAGED_NOT_LAUNCHED,404,404,,,NO,False,,True
https://www.expatcopilot.com/netherlands/jobs/interview-tips-netherlands,/netherlands/jobs/interview-tips-netherlands,STAGED_NOT_LAUNCHED,404,404,,,NO,False,,True
https://www.expatcopilot.com/netherlands/jobs/linkedin-netherlands,/netherlands/jobs/linkedin-netherlands,STAGED_NOT_LAUNCHED,404,404,,,NO,False,,True
https://www.expatcopilot.com/netherlands/jobs/networking-netherlands,/netherlands/jobs/networking-netherlands,STAGED_NOT_LAUNCHED,404,404,,,NO,False,,True
https://www.expatcopilot.com/netherlands/jobs/recruitment-agencies-netherlands,/netherlands/jobs/recruitment-agencies-netherlands,STAGED_NOT_LAUNCHED,404,404,,,NO,False,,True
https://www.expatcopilot.com/netherlands/jobs/remote-work-netherlands,/netherlands/jobs/remote-work-netherlands,STAGED_NOT_LAUNCHED,404,404,,,NO,False,,True
https://www.expatcopilot.com/netherlands/jobs/starting-consultancy-netherlands,/netherlands/jobs/starting-consultancy-netherlands,STAGED_NOT_LAUNCHED,404,404,,,NO,False,,True
https://www.expatcopilot.com/netherlands/living,/netherlands/living,REDIRECT,308,308,,,NO,False,,False
https://www.expatcopilot.com/netherlands/living/asian-supermarkets-netherlands,/netherlands/living/asian-supermarkets-netherlands,STAGED_NOT_LAUNCHED,404,404,,,NO,False,,True
https://www.expatcopilot.com/netherlands/living/best-supermarkets-netherlands,/netherlands/living/best-supermarkets-netherlands,STAGED_NOT_LAUNCHED,404,404,,,NO,False,,True
https://www.expatcopilot.com/netherlands/living/bike-sharing-netherlands,/netherlands/living/bike-sharing-netherlands,STAGED_NOT_LAUNCHED,404,404,,,NO,False,,True
https://www.expatcopilot.com/netherlands/living/cheap-groceries-netherlands,/netherlands/living/cheap-groceries-netherlands,STAGED_NOT_LAUNCHED,404,404,,,NO,False,,True
https://www.expatcopilot.com/netherlands/living/culture-etiquette,/netherlands/living/culture-etiquette,REDIRECT,308,308,,,NO,False,,False
https://www.expatcopilot.com/netherlands/living/cycling-netherlands,/netherlands/living/cycling-netherlands,STAGED_NOT_LAUNCHED,404,404,,,NO,False,,True
https://www.expatcopilot.com/netherlands/living/dutch-supermarkets,/netherlands/living/dutch-supermarkets,STAGED_NOT_LAUNCHED,404,404,,,NO,False,,True
https://www.expatcopilot.com/netherlands/living/energy-and-water,/netherlands/living/energy-and-water,REDIRECT,308,308,,,NO,False,,False
https://www.expatcopilot.com/netherlands/living/food-delivery-netherlands,/netherlands/living/food-delivery-netherlands,STAGED_NOT_LAUNCHED,404,404,,,NO,False,,True
https://www.expatcopilot.com/netherlands/living/hidden-gems-netherlands,/netherlands/living/hidden-gems-netherlands,STAGED_NOT_LAUNCHED,404,404,,,NO,False,,True
https://www.expatcopilot.com/netherlands/living/hiking-netherlands,/netherlands/living/hiking-netherlands,STAGED_NOT_LAUNCHED,404,404,,,NO,False,,True
https://www.expatcopilot.com/netherlands/living/indian-supermarkets-netherlands,/netherlands/living/indian-supermarkets-netherlands,STAGED_NOT_LAUNCHED,404,404,,,NO,False,,True
https://www.expatcopilot.com/netherlands/living/international-supermarkets-netherlands,/netherlands/living/international-supermarkets-netherlands,STAGED_NOT_LAUNCHED,404,404,,,NO,False,,True
https://www.expatcopilot.com/netherlands/living/meal-kits-netherlands,/netherlands/living/meal-kits-netherlands,STAGED_NOT_LAUNCHED,404,404,,,NO,False,,True
https://www.expatcopilot.com/netherlands/living/metro-netherlands,/netherlands/living/metro-netherlands,STAGED_NOT_LAUNCHED,404,404,,,NO,False,,True
https://www.expatcopilot.com/netherlands/living/museums-netherlands,/netherlands/living/museums-netherlands,STAGED_NOT_LAUNCHED,404,404,,,NO,False,,True
https://www.expatcopilot.com/netherlands/living/regional-buses-netherlands,/netherlands/living/regional-buses-netherlands,STAGED_NOT_LAUNCHED,404,404,,,NO,False,,True
https://www.expatcopilot.com/netherlands/living/restaurants-netherlands,/netherlands/living/restaurants-netherlands,STAGED_NOT_LAUNCHED,404,404,,,NO,False,,True
https://www.expatcopilot.com/netherlands/living/south-african-shops-netherlands,/netherlands/living/south-african-shops-netherlands,STAGED_NOT_LAUNCHED,404,404,,,NO,False,,True
https://www.expatcopilot.com/netherlands/living/tipping-netherlands,/netherlands/living/tipping-netherlands,STAGED_NOT_LAUNCHED,404,404,,,NO,False,,True
https://www.expatcopilot.com/netherlands/living/train-discounts-netherlands,/netherlands/living/train-discounts-netherlands,STAGED_NOT_LAUNCHED,404,404,,,NO,False,,True
https://www.expatcopilot.com/netherlands/living/trams-netherlands,/netherlands/living/trams-netherlands,STAGED_NOT_LAUNCHED,404,404,,,NO,False,,True
https://www.expatcopilot.com/netherlands/living/turkish-supermarkets-netherlands,/netherlands/living/turkish-supermarkets-netherlands,STAGED_NOT_LAUNCHED,404,404,,,NO,False,,True
https://www.expatcopilot.com/netherlands/living/utilities,/netherlands/living/utilities,REDIRECT,308,308,,,NO,False,,False
https://www.expatcopilot.com/netherlands/living/weekend-travel-netherlands,/netherlands/living/weekend-travel-netherlands,STAGED_NOT_LAUNCHED,404,404,,,NO,False,,True
https://www.expatcopilot.com/netherlands/living/weekend-trips-netherlands,/netherlands/living/weekend-trips-netherlands,STAGED_NOT_LAUNCHED,404,404,,,NO,False,,True
https://www.expatcopilot.com/netherlands/money/taxes/30-percent-ruling,/netherlands/money/taxes/30-percent-ruling,REDIRECT,308,308,,,NO,False,,False
https://www.expatcopilot.com/netherlands/moving-documents-checklist,/netherlands/moving-documents-checklist,REDIRECT,308,308,,,NO,False,,False
https://www.expatcopilot.com/netherlands/moving/tools/document-readiness,/netherlands/moving/tools/document-readiness,REDIRECT,308,308,,,NO,False,,False
https://www.expatcopilot.com/netherlands/moving/tools/visa-cost-calculator,/netherlands/moving/tools/visa-cost-calculator,REDIRECT,307,307,,,NO,False,,False
https://www.expatcopilot.com/netherlands/register-address-netherlands,/netherlands/register-address-netherlands,REDIRECT,308,308,,,NO,False,,False
https://www.expatcopilot.com/netherlands/services/accountants,/netherlands/services/accountants,STAGED_NOT_LAUNCHED,404,404,,,NO,False,,True
https://www.expatcopilot.com/netherlands/services/banking-finance,/netherlands/services/banking-finance,STAGED_NOT_LAUNCHED,404,404,,,NO,False,,True
https://www.expatcopilot.com/netherlands/services/business-consultants,/netherlands/services/business-consultants,STAGED_NOT_LAUNCHED,404,404,,,NO,False,,True
https://www.expatcopilot.com/netherlands/services/career-coaches,/netherlands/services/career-coaches,STAGED_NOT_LAUNCHED,404,404,,,NO,False,,True
https://www.expatcopilot.com/netherlands/services/compare-health-insurance,/netherlands/services/compare-health-insurance,STAGED_NOT_LAUNCHED,404,404,,,NO,False,,True
https://www.expatcopilot.com/netherlands/services/daycare-providers,/netherlands/services/daycare-providers,STAGED_NOT_LAUNCHED,404,404,,,NO,False,,True
https://www.expatcopilot.com/netherlands/services/documents-legal,/netherlands/services/documents-legal,STAGED_NOT_LAUNCHED,404,404,,,NO,False,,True
https://www.expatcopilot.com/netherlands/services/energy-providers,/netherlands/services/energy-providers,STAGED_NOT_LAUNCHED,404,404,,,NO,False,,True
https://www.expatcopilot.com/netherlands/services/estate-agents,/netherlands/services/estate-agents,STAGED_NOT_LAUNCHED,404,404,,,NO,False,,True
https://www.expatcopilot.com/netherlands/services/expat-housing-agencies,/netherlands/services/expat-housing-agencies,STAGED_NOT_LAUNCHED,404,404,,,NO,False,,True
https://www.expatcopilot.com/netherlands/services/expat-tax-services,/netherlands/services/expat-tax-services,STAGED_NOT_LAUNCHED,404,404,,,NO,False,,True
https://www.expatcopilot.com/netherlands/services/immigration-visas,/netherlands/services/immigration-visas,STAGED_NOT_LAUNCHED,404,404,,,NO,False,,True
https://www.expatcopilot.com/netherlands/services/insurance,/netherlands/services/insurance,STAGED_NOT_LAUNCHED,404,404,,,NO,False,,True
https://www.expatcopilot.com/netherlands/services/insurance-brokers,/netherlands/services/insurance-brokers,STAGED_NOT_LAUNCHED,404,404,,,NO,False,,True
https://www.expatcopilot.com/netherlands/services/international-schools,/netherlands/services/international-schools,STAGED_NOT_LAUNCHED,404,404,,,NO,False,,True
https://www.expatcopilot.com/netherlands/services/internet-providers,/netherlands/services/internet-providers,STAGED_NOT_LAUNCHED,404,404,,,NO,False,,True
https://www.expatcopilot.com/netherlands/services/moving-companies,/netherlands/services/moving-companies,STAGED_NOT_LAUNCHED,404,404,,,NO,False,,True
https://www.expatcopilot.com/netherlands/services/notaries,/netherlands/services/notaries,STAGED_NOT_LAUNCHED,404,404,,,NO,False,,True
https://www.expatcopilot.com/netherlands/services/payroll-services,/netherlands/services/payroll-services,STAGED_NOT_LAUNCHED,404,404,,,NO,False,,True
https://www.expatcopilot.com/netherlands/services/pet-relocation-companies,/netherlands/services/pet-relocation-companies,STAGED_NOT_LAUNCHED,404,404,,,NO,False,,True
https://www.expatcopilot.com/netherlands/services/phone-providers,/netherlands/services/phone-providers,STAGED_NOT_LAUNCHED,404,404,,,NO,False,,True
https://www.expatcopilot.com/netherlands/services/real-estate-agents,/netherlands/services/real-estate-agents,STAGED_NOT_LAUNCHED,404,404,,,NO,False,,True
https://www.expatcopilot.com/netherlands/services/recruitment-agencies,/netherlands/services/recruitment-agencies,STAGED_NOT_LAUNCHED,404,404,,,NO,False,,True
https://www.expatcopilot.com/netherlands/services/removal-companies,/netherlands/services/removal-companies,STAGED_NOT_LAUNCHED,404,404,,,NO,False,,True
https://www.expatcopilot.com/netherlands/services/storage-companies,/netherlands/services/storage-companies,STAGED_NOT_LAUNCHED,404,404,,,NO,False,,True
https://www.expatcopilot.com/netherlands/settling-in-netherlands,/netherlands/settling-in-netherlands,REDIRECT,308,308,,,NO,False,,False
https://www.expatcopilot.com/netherlands/taxes/expat-taxes-netherlands,/netherlands/taxes/expat-taxes-netherlands,REDIRECT,308,308,,,NO,False,,False
https://www.expatcopilot.com/netherlands/visa-documents-netherlands,/netherlands/visa-documents-netherlands,REDIRECT,308,308,,,NO,False,,False
