url,country_slug,country_label,tool_slug,region_group,distance_category,movement_framing,quality_class,intro_chars,what_matters_count,document_count,travel_count,visa_diff_count,official_ref_count,has_country_guide,curated_intro_chars,curated_has_doc_extras,curated_has_travel_extras,low_visa_diff_cluster,uniqueness_notes,visa_routes,document_notes_sample,official_refs_sample,information_as_of
"/netherlands/moving/tools/moving-checklist/from/south-africa","south-africa","South Africa","moving-checklist","non-eu","far","immigration-first","STRONG_UNIQUE_VALUE","248","6","6","5","4","3","true","248","true","true","false","","Highly Skilled Migrant; Partner / Family route; Study route","Obtaining replacement civil documents may take time. | Translation or legalization may be relevant depending on document use.","IND; Netherlands Embassy in South Africa; Department of Home Affairs","2026-09-06"
"/netherlands/moving/tools/arrival-planner/from/south-africa","south-africa","South Africa","arrival-planner","non-eu","far","immigration-first","STRONG_UNIQUE_VALUE","223","6","4","3","4","3","true","223","true","false","false","","Highly Skilled Migrant; Partner / Family route; Study route","Obtaining replacement civil documents may take time. | Translation or legalization may be relevant depending on document use.","IND; Netherlands Embassy in South Africa; Department of Home Affairs","2026-09-06"
"/netherlands/moving/tools/document-readiness/from/south-africa","south-africa","South Africa","document-readiness","non-eu","far","immigration-first","STRONG_UNIQUE_VALUE","204","6","6","3","4","3","true","204","true","false","false","","Highly Skilled Migrant; Partner / Family route; Study route","Obtaining replacement civil documents may take time. | Translation or legalization may be relevant depending on document use.","IND; Netherlands Embassy in South Africa; Department of Home Affairs","2026-09-06"
"/netherlands/moving/tools/first-90-days/from/south-africa","south-africa","South Africa","first-90-days","non-eu","far","immigration-first","STRONG_UNIQUE_VALUE","186","6","3","3","4","3","true","186","false","false","false","first-90-days curated JSON historically thin across countries","Highly Skilled Migrant; Partner / Family route; Study route","Obtaining replacement civil documents may take time. | Translation or legalization may be relevant depending on document use.","IND; Netherlands Embassy in South Africa; Department of Home Affairs","2026-09-06"
"/netherlands/moving/tools/moving-checklist/from/kenya","kenya","Kenya","moving-checklist","non-eu","far","immigration-first","STRONG_UNIQUE_VALUE","433","6","6","5","4","4","true","433","true","false","false","","Highly skilled migrant and other employer-sponsored employment; EU Blue Card where salary and qualification rules are met; Study with a Dutch institution as sponsor; Partner or family routes with relationship and evidence requirements; Startup or self-employment where conditions are met; Orientation year for eligible graduates—see IND pages for current criteria; Intra-corporate transfer where the official route matches your case","Netherlands Worldwide explains that Kenyan documents for use in the Netherlands must be legalised by the Kenyan Ministry of Foreign Affairs. | Documents should be original and complete as described on the Kenya legalisation page. Swahili documents generally need translation into Dutch, English, French, or German when translation is required; English documents often do not—verify per document on Netherlands Worldwide and with the receiving authority.","IND; Netherlands Worldwide; Netherlands Worldwide; Netherlands Worldwide","2026-09-06"
"/netherlands/moving/tools/arrival-planner/from/kenya","kenya","Kenya","arrival-planner","non-eu","far","immigration-first","STRONG_UNIQUE_VALUE","231","6","4","5","4","4","true","231","false","false","false","arrival-planner curated JSON historically thin across countries","Highly skilled migrant and other employer-sponsored employment; EU Blue Card where salary and qualification rules are met; Study with a Dutch institution as sponsor; Partner or family routes with relationship and evidence requirements; Startup or self-employment where conditions are met; Orientation year for eligible graduates—see IND pages for current criteria; Intra-corporate transfer where the official route matches your case","Netherlands Worldwide explains that Kenyan documents for use in the Netherlands must be legalised by the Kenyan Ministry of Foreign Affairs. | Documents should be original and complete as described on the Kenya legalisation page. Swahili documents generally need translation into Dutch, English, French, or German when translation is required; English documents often do not—verify per document on Netherlands Worldwide and with the receiving authority.","IND; Netherlands Worldwide; Netherlands Worldwide; Netherlands Worldwide","2026-09-06"
"/netherlands/moving/tools/document-readiness/from/kenya","kenya","Kenya","document-readiness","non-eu","far","immigration-first","STRONG_UNIQUE_VALUE","272","6","6","5","4","4","true","272","true","false","false","","Highly skilled migrant and other employer-sponsored employment; EU Blue Card where salary and qualification rules are met; Study with a Dutch institution as sponsor; Partner or family routes with relationship and evidence requirements; Startup or self-employment where conditions are met; Orientation year for eligible graduates—see IND pages for current criteria; Intra-corporate transfer where the official route matches your case","Netherlands Worldwide explains that Kenyan documents for use in the Netherlands must be legalised by the Kenyan Ministry of Foreign Affairs. | Documents should be original and complete as described on the Kenya legalisation page. Swahili documents generally need translation into Dutch, English, French, or German when translation is required; English documents often do not—verify per document on Netherlands Worldwide and with the receiving authority.","IND; Netherlands Worldwide; Netherlands Worldwide; Netherlands Worldwide","2026-09-06"
"/netherlands/moving/tools/first-90-days/from/kenya","kenya","Kenya","first-90-days","non-eu","far","immigration-first","ADEQUATE","353","6","4","5","4","4","true","136","false","false","false","Curated intro was thin/boilerplate; composer supplied record-backed framing | first-90-days curated JSON historically thin across countries","Highly skilled migrant and other employer-sponsored employment; EU Blue Card where salary and qualification rules are met; Study with a Dutch institution as sponsor; Partner or family routes with relationship and evidence requirements; Startup or self-employment where conditions are met; Orientation year for eligible graduates—see IND pages for current criteria; Intra-corporate transfer where the official route matches your case","Netherlands Worldwide explains that Kenyan documents for use in the Netherlands must be legalised by the Kenyan Ministry of Foreign Affairs. | Documents should be original and complete as described on the Kenya legalisation page. Swahili documents generally need translation into Dutch, English, French, or German when translation is required; English documents often do not—verify per document on Netherlands Worldwide and with the receiving authority.","IND; Netherlands Worldwide; Netherlands Worldwide; Netherlands Worldwide","2026-09-06"
"/netherlands/moving/tools/moving-checklist/from/united-states","united-states","United States","moving-checklist","non-eu","far","immigration-first","STRONG_UNIQUE_VALUE","207","6","5","5","4","3","true","207","true","false","false","","Highly Skilled Migrant visa — employer-sponsored work visa for skilled professionals; Dutch American Friendship Treaty (DAFT) — allows US entrepreneurs to start businesses in the Netherlands; Partner / family visa — for spouses or partners of EU / Dutch residents; Study visa — for students enrolled in Dutch universities","US documents may need apostille certification depending on visa route.","IND; Netherlands Embassy in the US; Vital Records","2026-09-06"
"/netherlands/moving/tools/arrival-planner/from/united-states","united-states","United States","arrival-planner","non-eu","far","immigration-first","ADEQUATE","171","6","2","5","4","3","true","171","false","false","false","arrival-planner curated JSON historically thin across countries","Highly Skilled Migrant visa — employer-sponsored work visa for skilled professionals; Dutch American Friendship Treaty (DAFT) — allows US entrepreneurs to start businesses in the Netherlands; Partner / family visa — for spouses or partners of EU / Dutch residents; Study visa — for students enrolled in Dutch universities","US documents may need apostille certification depending on visa route.","IND; Netherlands Embassy in the US; Vital Records","2026-09-06"
"/netherlands/moving/tools/document-readiness/from/united-states","united-states","United States","document-readiness","non-eu","far","immigration-first","STRONG_UNIQUE_VALUE","195","6","3","5","4","3","true","195","false","false","false","","Highly Skilled Migrant visa — employer-sponsored work visa for skilled professionals; Dutch American Friendship Treaty (DAFT) — allows US entrepreneurs to start businesses in the Netherlands; Partner / family visa — for spouses or partners of EU / Dutch residents; Study visa — for students enrolled in Dutch universities","US documents may need apostille certification depending on visa route.","IND; Netherlands Embassy in the US; Vital Records","2026-09-06"
"/netherlands/moving/tools/first-90-days/from/united-states","united-states","United States","first-90-days","non-eu","far","immigration-first","ADEQUATE","255","6","2","5","4","3","true","178","false","false","false","Curated intro was thin/boilerplate; composer supplied record-backed framing | first-90-days curated JSON historically thin across countries","Highly Skilled Migrant visa — employer-sponsored work visa for skilled professionals; Dutch American Friendship Treaty (DAFT) — allows US entrepreneurs to start businesses in the Netherlands; Partner / family visa — for spouses or partners of EU / Dutch residents; Study visa — for students enrolled in Dutch universities","US documents may need apostille certification depending on visa route.","IND; Netherlands Embassy in the US; Vital Records","2026-09-06"
"/netherlands/moving/tools/moving-checklist/from/india","india","India","moving-checklist","non-eu","far","immigration-first","STRONG_UNIQUE_VALUE","187","6","5","5","4","3","true","187","true","false","false","","Highly Skilled Migrant visa — employer-sponsored route used by most Indian professionals; EU Blue Card — alternative for highly qualified workers; Partner / family visa — for spouses or partners of Dutch residents; Study visa — for students relocating for Dutch universities","Educational certificates may need verification or apostille depending on visa route.","IND; Netherlands Embassy in India; Passport Seva","2026-09-06"
"/netherlands/moving/tools/arrival-planner/from/india","india","India","arrival-planner","non-eu","far","immigration-first","ADEQUATE","382","6","2","5","4","3","true","159","false","false","false","Curated intro was thin/boilerplate; composer supplied record-backed framing | arrival-planner curated JSON historically thin across countries","Highly Skilled Migrant visa — employer-sponsored route used by most Indian professionals; EU Blue Card — alternative for highly qualified workers; Partner / family visa — for spouses or partners of Dutch residents; Study visa — for students relocating for Dutch universities","Educational certificates may need verification or apostille depending on visa route.","IND; Netherlands Embassy in India; Passport Seva","2026-09-06"
"/netherlands/moving/tools/document-readiness/from/india","india","India","document-readiness","non-eu","far","immigration-first","ADEQUATE","151","6","4","5","4","3","true","151","true","false","false","","Highly Skilled Migrant visa — employer-sponsored route used by most Indian professionals; EU Blue Card — alternative for highly qualified workers; Partner / family visa — for spouses or partners of Dutch residents; Study visa — for students relocating for Dutch universities","Educational certificates may need verification or apostille depending on visa route.","IND; Netherlands Embassy in India; Passport Seva","2026-09-06"
"/netherlands/moving/tools/first-90-days/from/india","india","India","first-90-days","non-eu","far","immigration-first","ADEQUATE","133","6","2","5","4","3","true","133","false","false","false","first-90-days curated JSON historically thin across countries","Highly Skilled Migrant visa — employer-sponsored route used by most Indian professionals; EU Blue Card — alternative for highly qualified workers; Partner / family visa — for spouses or partners of Dutch residents; Study visa — for students relocating for Dutch universities","Educational certificates may need verification or apostille depending on visa route.","IND; Netherlands Embassy in India; Passport Seva","2026-09-06"
"/netherlands/moving/tools/moving-checklist/from/indonesia","indonesia","Indonesia","moving-checklist","non-eu","far","immigration-first","STRONG_UNIQUE_VALUE","486","6","6","5","4","4","true","486","true","false","false","","Highly skilled migrant and other employer-sponsored employment; EU Blue Card where salary and qualification rules are met; Study with a Dutch institution as sponsor; Partner or family routes with relationship and evidence requirements; Startup or self-employment where conditions are met; Orientation year for eligible graduates—see IND pages for current criteria; Intra-corporate transfer where the official route matches your case","Netherlands Worldwide explains that to use a document from Indonesia in the Netherlands it must be legalised with an apostille from the Indonesian Ministry of Law—a simplified legalisation route for use in the Netherlands. | Whether you also need certified translation depends on the document and the authority that receives it; confirm on the Netherlands Worldwide Indonesia legalisation page and with your sponsor or the IND checklist.","IND; Netherlands Worldwide; Netherlands Worldwide; Netherlands Worldwide","2026-09-06"
"/netherlands/moving/tools/arrival-planner/from/indonesia","indonesia","Indonesia","arrival-planner","non-eu","far","immigration-first","STRONG_UNIQUE_VALUE","252","6","4","5","4","4","true","252","false","false","false","arrival-planner curated JSON historically thin across countries","Highly skilled migrant and other employer-sponsored employment; EU Blue Card where salary and qualification rules are met; Study with a Dutch institution as sponsor; Partner or family routes with relationship and evidence requirements; Startup or self-employment where conditions are met; Orientation year for eligible graduates—see IND pages for current criteria; Intra-corporate transfer where the official route matches your case","Netherlands Worldwide explains that to use a document from Indonesia in the Netherlands it must be legalised with an apostille from the Indonesian Ministry of Law—a simplified legalisation route for use in the Netherlands. | Whether you also need certified translation depends on the document and the authority that receives it; confirm on the Netherlands Worldwide Indonesia legalisation page and with your sponsor or the IND checklist.","IND; Netherlands Worldwide; Netherlands Worldwide; Netherlands Worldwide","2026-09-06"
"/netherlands/moving/tools/document-readiness/from/indonesia","indonesia","Indonesia","document-readiness","non-eu","far","immigration-first","STRONG_UNIQUE_VALUE","265","6","6","5","4","4","true","265","true","false","false","","Highly skilled migrant and other employer-sponsored employment; EU Blue Card where salary and qualification rules are met; Study with a Dutch institution as sponsor; Partner or family routes with relationship and evidence requirements; Startup or self-employment where conditions are met; Orientation year for eligible graduates—see IND pages for current criteria; Intra-corporate transfer where the official route matches your case","Netherlands Worldwide explains that to use a document from Indonesia in the Netherlands it must be legalised with an apostille from the Indonesian Ministry of Law—a simplified legalisation route for use in the Netherlands. | Whether you also need certified translation depends on the document and the authority that receives it; confirm on the Netherlands Worldwide Indonesia legalisation page and with your sponsor or the IND checklist.","IND; Netherlands Worldwide; Netherlands Worldwide; Netherlands Worldwide","2026-09-06"
"/netherlands/moving/tools/first-90-days/from/indonesia","indonesia","Indonesia","first-90-days","non-eu","far","immigration-first","ADEQUATE","355","6","4","5","4","4","true","147","false","false","false","Curated intro was thin/boilerplate; composer supplied record-backed framing | first-90-days curated JSON historically thin across countries","Highly skilled migrant and other employer-sponsored employment; EU Blue Card where salary and qualification rules are met; Study with a Dutch institution as sponsor; Partner or family routes with relationship and evidence requirements; Startup or self-employment where conditions are met; Orientation year for eligible graduates—see IND pages for current criteria; Intra-corporate transfer where the official route matches your case","Netherlands Worldwide explains that to use a document from Indonesia in the Netherlands it must be legalised with an apostille from the Indonesian Ministry of Law—a simplified legalisation route for use in the Netherlands. | Whether you also need certified translation depends on the document and the authority that receives it; confirm on the Netherlands Worldwide Indonesia legalisation page and with your sponsor or the IND checklist.","IND; Netherlands Worldwide; Netherlands Worldwide; Netherlands Worldwide","2026-09-06"
"/netherlands/moving/tools/moving-checklist/from/united-kingdom","united-kingdom","United Kingdom","moving-checklist","non-eu","near","immigration-first","ADEQUATE","172","6","3","5","4","3","true","172","false","false","false","","Highly Skilled Migrant visa — employer-sponsored route for skilled professionals; EU Blue Card — alternative for highly qualified professionals; Partner / family visa — for partners of Dutch or EU residents; Entrepreneur visa — for founders launching businesses in the Netherlands","Certain documents may require apostille certification.","IND; Netherlands Embassy in the UK; GOV.UK","2026-09-06"
"/netherlands/moving/tools/arrival-planner/from/united-kingdom","united-kingdom","United Kingdom","arrival-planner","non-eu","near","immigration-first","ADEQUATE","390","6","2","5","4","3","true","152","false","false","false","Curated intro was thin/boilerplate; composer supplied record-backed framing | arrival-planner curated JSON historically thin across countries","Highly Skilled Migrant visa — employer-sponsored route for skilled professionals; EU Blue Card — alternative for highly qualified professionals; Partner / family visa — for partners of Dutch or EU residents; Entrepreneur visa — for founders launching businesses in the Netherlands","Certain documents may require apostille certification.","IND; Netherlands Embassy in the UK; GOV.UK","2026-09-06"
"/netherlands/moving/tools/document-readiness/from/united-kingdom","united-kingdom","United Kingdom","document-readiness","non-eu","near","immigration-first","ADEQUATE","167","6","3","5","4","3","true","167","false","false","false","","Highly Skilled Migrant visa — employer-sponsored route for skilled professionals; EU Blue Card — alternative for highly qualified professionals; Partner / family visa — for partners of Dutch or EU residents; Entrepreneur visa — for founders launching businesses in the Netherlands","Certain documents may require apostille certification.","IND; Netherlands Embassy in the UK; GOV.UK","2026-09-06"
"/netherlands/moving/tools/first-90-days/from/united-kingdom","united-kingdom","United Kingdom","first-90-days","non-eu","near","immigration-first","ADEQUATE","255","6","2","5","4","3","true","145","false","false","false","Curated intro was thin/boilerplate; composer supplied record-backed framing | first-90-days curated JSON historically thin across countries","Highly Skilled Migrant visa — employer-sponsored route for skilled professionals; EU Blue Card — alternative for highly qualified professionals; Partner / family visa — for partners of Dutch or EU residents; Entrepreneur visa — for founders launching businesses in the Netherlands","Certain documents may require apostille certification.","IND; Netherlands Embassy in the UK; GOV.UK","2026-09-06"
"/netherlands/moving/tools/moving-checklist/from/canada","canada","Canada","moving-checklist","non-eu","far","immigration-first","ADEQUATE","153","6","4","5","4","3","true","153","false","false","false","","Sponsored employment and highly skilled migrant routes; Study permits with enrollment at a Dutch institution; Partner and family routes with relationship evidence; Entrepreneurship, startup, or self-employment where criteria are met; Working Holiday Scheme for eligible Canadians","Canadian documents may require apostille authentication for use abroad (see Global Affairs Canada). | Provincial issuing bodies can have different processing times for civil records.","IND; Netherlands Worldwide; Global Affairs Canada","2026-09-06"
"/netherlands/moving/tools/arrival-planner/from/canada","canada","Canada","arrival-planner","non-eu","far","immigration-first","ADEQUATE","383","6","3","5","4","3","true","137","false","false","false","Curated intro was thin/boilerplate; composer supplied record-backed framing | arrival-planner curated JSON historically thin across countries","Sponsored employment and highly skilled migrant routes; Study permits with enrollment at a Dutch institution; Partner and family routes with relationship evidence; Entrepreneurship, startup, or self-employment where criteria are met; Working Holiday Scheme for eligible Canadians","Canadian documents may require apostille authentication for use abroad (see Global Affairs Canada). | Provincial issuing bodies can have different processing times for civil records.","IND; Netherlands Worldwide; Global Affairs Canada","2026-09-06"
"/netherlands/moving/tools/document-readiness/from/canada","canada","Canada","document-readiness","non-eu","far","immigration-first","ADEQUATE","116","6","4","5","4","3","true","116","false","false","false","","Sponsored employment and highly skilled migrant routes; Study permits with enrollment at a Dutch institution; Partner and family routes with relationship evidence; Entrepreneurship, startup, or self-employment where criteria are met; Working Holiday Scheme for eligible Canadians","Canadian documents may require apostille authentication for use abroad (see Global Affairs Canada). | Provincial issuing bodies can have different processing times for civil records.","IND; Netherlands Worldwide; Global Affairs Canada","2026-09-06"
"/netherlands/moving/tools/first-90-days/from/canada","canada","Canada","first-90-days","non-eu","far","immigration-first","ADEQUATE","248","6","3","5","4","3","true","145","false","false","false","Curated intro was thin/boilerplate; composer supplied record-backed framing | first-90-days curated JSON historically thin across countries","Sponsored employment and highly skilled migrant routes; Study permits with enrollment at a Dutch institution; Partner and family routes with relationship evidence; Entrepreneurship, startup, or self-employment where criteria are met; Working Holiday Scheme for eligible Canadians","Canadian documents may require apostille authentication for use abroad (see Global Affairs Canada). | Provincial issuing bodies can have different processing times for civil records.","IND; Netherlands Worldwide; Global Affairs Canada","2026-09-06"
"/netherlands/moving/tools/moving-checklist/from/australia","australia","Australia","moving-checklist","non-eu","far","immigration-first","ADEQUATE","158","6","4","5","4","3","true","158","false","false","false","","Sponsored employment and highly skilled migrant routes; Study permits with Dutch institution admission; Partner and family routes with relationship evidence; Entrepreneurship, startup, or self-employment where criteria are met; Working Holiday Scheme for eligible Australians","Australian documents may require apostille or authentication before foreign authorities accept them (see Smartraveller). | State and Commonwealth issuing bodies can have different lead times.","IND; Netherlands Worldwide; Smartraveller","2026-09-06"
"/netherlands/moving/tools/arrival-planner/from/australia","australia","Australia","arrival-planner","non-eu","far","immigration-first","ADEQUATE","387","6","3","5","4","3","true","140","false","false","false","Curated intro was thin/boilerplate; composer supplied record-backed framing | arrival-planner curated JSON historically thin across countries","Sponsored employment and highly skilled migrant routes; Study permits with Dutch institution admission; Partner and family routes with relationship evidence; Entrepreneurship, startup, or self-employment where criteria are met; Working Holiday Scheme for eligible Australians","Australian documents may require apostille or authentication before foreign authorities accept them (see Smartraveller). | State and Commonwealth issuing bodies can have different lead times.","IND; Netherlands Worldwide; Smartraveller","2026-09-06"
"/netherlands/moving/tools/document-readiness/from/australia","australia","Australia","document-readiness","non-eu","far","immigration-first","ADEQUATE","151","6","4","5","4","3","true","151","false","false","false","","Sponsored employment and highly skilled migrant routes; Study permits with Dutch institution admission; Partner and family routes with relationship evidence; Entrepreneurship, startup, or self-employment where criteria are met; Working Holiday Scheme for eligible Australians","Australian documents may require apostille or authentication before foreign authorities accept them (see Smartraveller). | State and Commonwealth issuing bodies can have different lead times.","IND; Netherlands Worldwide; Smartraveller","2026-09-06"
"/netherlands/moving/tools/first-90-days/from/australia","australia","Australia","first-90-days","non-eu","far","immigration-first","ADEQUATE","252","6","3","5","4","3","true","148","false","false","false","Curated intro was thin/boilerplate; composer supplied record-backed framing | first-90-days curated JSON historically thin across countries","Sponsored employment and highly skilled migrant routes; Study permits with Dutch institution admission; Partner and family routes with relationship evidence; Entrepreneurship, startup, or self-employment where criteria are met; Working Holiday Scheme for eligible Australians","Australian documents may require apostille or authentication before foreign authorities accept them (see Smartraveller). | State and Commonwealth issuing bodies can have different lead times.","IND; Netherlands Worldwide; Smartraveller","2026-09-06"
"/netherlands/moving/tools/moving-checklist/from/new-zealand","new-zealand","New Zealand","moving-checklist","non-eu","far","immigration-first","STRONG_UNIQUE_VALUE","190","6","4","5","4","4","true","190","false","false","false","","Sponsored employment and highly skilled migrant routes; Study permits with Dutch institution admission; Partner and family routes with relationship evidence; Entrepreneurship, startup, or self-employment where criteria are met; Working Holiday Scheme for eligible New Zealanders","NZ documents for overseas use may need apostille or authentication (Govt.nz, MFAT). | Some Dutch authorities require sworn translation—verify per procedure.","IND; Netherlands Worldwide; Govt.nz; MFAT","2026-09-06"
"/netherlands/moving/tools/arrival-planner/from/new-zealand","new-zealand","New Zealand","arrival-planner","non-eu","far","immigration-first","ADEQUATE","389","6","3","5","4","4","true","168","false","false","false","Curated intro was thin/boilerplate; composer supplied record-backed framing | arrival-planner curated JSON historically thin across countries","Sponsored employment and highly skilled migrant routes; Study permits with Dutch institution admission; Partner and family routes with relationship evidence; Entrepreneurship, startup, or self-employment where criteria are met; Working Holiday Scheme for eligible New Zealanders","NZ documents for overseas use may need apostille or authentication (Govt.nz, MFAT). | Some Dutch authorities require sworn translation—verify per procedure.","IND; Netherlands Worldwide; Govt.nz; MFAT","2026-09-06"
"/netherlands/moving/tools/document-readiness/from/new-zealand","new-zealand","New Zealand","document-readiness","non-eu","far","immigration-first","STRONG_UNIQUE_VALUE","188","6","4","5","4","4","true","188","false","false","false","","Sponsored employment and highly skilled migrant routes; Study permits with Dutch institution admission; Partner and family routes with relationship evidence; Entrepreneurship, startup, or self-employment where criteria are met; Working Holiday Scheme for eligible New Zealanders","NZ documents for overseas use may need apostille or authentication (Govt.nz, MFAT). | Some Dutch authorities require sworn translation—verify per procedure.","IND; Netherlands Worldwide; Govt.nz; MFAT","2026-09-06"
"/netherlands/moving/tools/first-90-days/from/new-zealand","new-zealand","New Zealand","first-90-days","non-eu","far","immigration-first","ADEQUATE","254","6","3","5","4","4","true","150","false","false","false","Curated intro was thin/boilerplate; composer supplied record-backed framing | first-90-days curated JSON historically thin across countries","Sponsored employment and highly skilled migrant routes; Study permits with Dutch institution admission; Partner and family routes with relationship evidence; Entrepreneurship, startup, or self-employment where criteria are met; Working Holiday Scheme for eligible New Zealanders","NZ documents for overseas use may need apostille or authentication (Govt.nz, MFAT). | Some Dutch authorities require sworn translation—verify per procedure.","IND; Netherlands Worldwide; Govt.nz; MFAT","2026-09-06"
"/netherlands/moving/tools/moving-checklist/from/germany","germany","Germany","moving-checklist","eu","near","eu-eea-swiss","ADEQUATE","185","6","4","5","5","3","true","185","false","false","true","EU/EEA/Swiss peer: limited visa uniqueness vs other free-movement origins | Adequate free-movement peer page: do not pad with invented visa differences; deepen documents/travel only when verifiable","EU free movement (ordinary residence); Work, study, or self-sufficiency within EU rules","Netherlands Worldwide describes when German civil-status documents need no legalisation and when German does not require translation. | Always confirm requirements for the specific document and authority.","IND; Government.nl; Netherlands Worldwide","2026-09-06"
"/netherlands/moving/tools/arrival-planner/from/germany","germany","Germany","arrival-planner","eu","near","eu-eea-swiss","ADEQUATE","389","6","3","5","5","3","true","138","false","false","true","EU/EEA/Swiss peer: limited visa uniqueness vs other free-movement origins | Curated intro was thin/boilerplate; composer supplied record-backed framing | arrival-planner curated JSON historically thin across countries | Adequate free-movement peer page: do not pad with invented visa differences; deepen documents/travel only when verifiable","EU free movement (ordinary residence); Work, study, or self-sufficiency within EU rules","Netherlands Worldwide describes when German civil-status documents need no legalisation and when German does not require translation. | Always confirm requirements for the specific document and authority.","IND; Government.nl; Netherlands Worldwide","2026-09-06"
"/netherlands/moving/tools/document-readiness/from/germany","germany","Germany","document-readiness","eu","near","eu-eea-swiss","ADEQUATE","134","6","4","5","5","3","true","134","false","false","true","EU/EEA/Swiss peer: limited visa uniqueness vs other free-movement origins | Adequate free-movement peer page: do not pad with invented visa differences; deepen documents/travel only when verifiable","EU free movement (ordinary residence); Work, study, or self-sufficiency within EU rules","Netherlands Worldwide describes when German civil-status documents need no legalisation and when German does not require translation. | Always confirm requirements for the specific document and authority.","IND; Government.nl; Netherlands Worldwide","2026-09-06"
"/netherlands/moving/tools/first-90-days/from/germany","germany","Germany","first-90-days","eu","near","eu-eea-swiss","ADEQUATE","263","6","3","5","5","3","true","146","false","false","true","EU/EEA/Swiss peer: limited visa uniqueness vs other free-movement origins | Curated intro was thin/boilerplate; composer supplied record-backed framing | first-90-days curated JSON historically thin across countries | Adequate free-movement peer page: do not pad with invented visa differences; deepen documents/travel only when verifiable","EU free movement (ordinary residence); Work, study, or self-sufficiency within EU rules","Netherlands Worldwide describes when German civil-status documents need no legalisation and when German does not require translation. | Always confirm requirements for the specific document and authority.","IND; Government.nl; Netherlands Worldwide","2026-09-06"
"/netherlands/moving/tools/moving-checklist/from/france","france","France","moving-checklist","eu","near","eu-eea-swiss","ADEQUATE","156","6","4","5","5","3","true","156","false","false","true","EU/EEA/Swiss peer: limited visa uniqueness vs other free-movement origins | Adequate free-movement peer page: do not pad with invented visa differences; deepen documents/travel only when verifiable","EU free movement (ordinary residence); Work, study, or self-sufficiency within EU rules","Netherlands Worldwide describes which French documents can be used immediately and which need apostille; official documents in French often need no translation for Dutch use. | Confirm each document with the requesting authority.","IND; Government.nl; Netherlands Worldwide","2026-09-06"
"/netherlands/moving/tools/arrival-planner/from/france","france","France","arrival-planner","eu","near","eu-eea-swiss","ADEQUATE","389","6","3","5","5","3","true","137","false","false","true","EU/EEA/Swiss peer: limited visa uniqueness vs other free-movement origins | Curated intro was thin/boilerplate; composer supplied record-backed framing | arrival-planner curated JSON historically thin across countries | Adequate free-movement peer page: do not pad with invented visa differences; deepen documents/travel only when verifiable","EU free movement (ordinary residence); Work, study, or self-sufficiency within EU rules","Netherlands Worldwide describes which French documents can be used immediately and which need apostille; official documents in French often need no translation for Dutch use. | Confirm each document with the requesting authority.","IND; Government.nl; Netherlands Worldwide","2026-09-06"
"/netherlands/moving/tools/document-readiness/from/france","france","France","document-readiness","eu","near","eu-eea-swiss","ADEQUATE","114","6","4","5","5","3","true","114","false","false","true","EU/EEA/Swiss peer: limited visa uniqueness vs other free-movement origins | Adequate free-movement peer page: do not pad with invented visa differences; deepen documents/travel only when verifiable","EU free movement (ordinary residence); Work, study, or self-sufficiency within EU rules","Netherlands Worldwide describes which French documents can be used immediately and which need apostille; official documents in French often need no translation for Dutch use. | Confirm each document with the requesting authority.","IND; Government.nl; Netherlands Worldwide","2026-09-06"
"/netherlands/moving/tools/first-90-days/from/france","france","France","first-90-days","eu","near","eu-eea-swiss","ADEQUATE","263","6","3","5","5","3","true","145","false","false","true","EU/EEA/Swiss peer: limited visa uniqueness vs other free-movement origins | Curated intro was thin/boilerplate; composer supplied record-backed framing | first-90-days curated JSON historically thin across countries | Adequate free-movement peer page: do not pad with invented visa differences; deepen documents/travel only when verifiable","EU free movement (ordinary residence); Work, study, or self-sufficiency within EU rules","Netherlands Worldwide describes which French documents can be used immediately and which need apostille; official documents in French often need no translation for Dutch use. | Confirm each document with the requesting authority.","IND; Government.nl; Netherlands Worldwide","2026-09-06"
"/netherlands/moving/tools/moving-checklist/from/spain","spain","Spain","moving-checklist","eu","near","eu-eea-swiss","ADEQUATE","155","6","4","5","5","3","true","155","false","false","true","EU/EEA/Swiss peer: limited visa uniqueness vs other free-movement origins | Adequate free-movement peer page: do not pad with invented visa differences; deepen documents/travel only when verifiable","EU free movement (ordinary residence); Work, study, or self-sufficiency within EU rules","Netherlands Worldwide describes which Spanish documents can be used immediately in the Netherlands and which need an apostille from the Spanish authorities; official documents in Spanish often need no translation for Dutch use. | Confirm each document with the organisation that requests it.","IND; Government.nl; Netherlands Worldwide","2026-09-06"
"/netherlands/moving/tools/arrival-planner/from/spain","spain","Spain","arrival-planner","eu","near","eu-eea-swiss","ADEQUATE","411","6","3","5","5","3","true","136","false","false","true","EU/EEA/Swiss peer: limited visa uniqueness vs other free-movement origins | Curated intro was thin/boilerplate; composer supplied record-backed framing | arrival-planner curated JSON historically thin across countries | Adequate free-movement peer page: do not pad with invented visa differences; deepen documents/travel only when verifiable","EU free movement (ordinary residence); Work, study, or self-sufficiency within EU rules","Netherlands Worldwide describes which Spanish documents can be used immediately in the Netherlands and which need an apostille from the Spanish authorities; official documents in Spanish often need no translation for Dutch use. | Confirm each document with the organisation that requests it.","IND; Government.nl; Netherlands Worldwide","2026-09-06"
"/netherlands/moving/tools/document-readiness/from/spain","spain","Spain","document-readiness","eu","near","eu-eea-swiss","ADEQUATE","115","6","4","5","5","3","true","115","false","false","true","EU/EEA/Swiss peer: limited visa uniqueness vs other free-movement origins | Adequate free-movement peer page: do not pad with invented visa differences; deepen documents/travel only when verifiable","EU free movement (ordinary residence); Work, study, or self-sufficiency within EU rules","Netherlands Worldwide describes which Spanish documents can be used immediately in the Netherlands and which need an apostille from the Spanish authorities; official documents in Spanish often need no translation for Dutch use. | Confirm each document with the organisation that requests it.","IND; Government.nl; Netherlands Worldwide","2026-09-06"
"/netherlands/moving/tools/first-90-days/from/spain","spain","Spain","first-90-days","eu","near","eu-eea-swiss","ADEQUATE","285","6","3","5","5","3","true","144","false","false","true","EU/EEA/Swiss peer: limited visa uniqueness vs other free-movement origins | Curated intro was thin/boilerplate; composer supplied record-backed framing | first-90-days curated JSON historically thin across countries | Adequate free-movement peer page: do not pad with invented visa differences; deepen documents/travel only when verifiable","EU free movement (ordinary residence); Work, study, or self-sufficiency within EU rules","Netherlands Worldwide describes which Spanish documents can be used immediately in the Netherlands and which need an apostille from the Spanish authorities; official documents in Spanish often need no translation for Dutch use. | Confirm each document with the organisation that requests it.","IND; Government.nl; Netherlands Worldwide","2026-09-06"
"/netherlands/moving/tools/moving-checklist/from/italy","italy","Italy","moving-checklist","eu","near","eu-eea-swiss","ADEQUATE","155","6","4","5","5","3","true","155","false","false","true","EU/EEA/Swiss peer: limited visa uniqueness vs other free-movement origins | Adequate free-movement peer page: do not pad with invented visa differences; deepen documents/travel only when verifiable","EU free movement (ordinary residence); Work, study, or self-sufficiency within EU rules","Netherlands Worldwide describes which Italian documents can be used immediately in the Netherlands and which need an apostille from the Italian authorities; official documents in Italian often need no translation for Dutch use. | Confirm each document with the organisation that requests it.","IND; Government.nl; Netherlands Worldwide","2026-09-06"
"/netherlands/moving/tools/arrival-planner/from/italy","italy","Italy","arrival-planner","eu","near","eu-eea-swiss","ADEQUATE","427","6","3","5","5","3","true","136","false","false","true","EU/EEA/Swiss peer: limited visa uniqueness vs other free-movement origins | Curated intro was thin/boilerplate; composer supplied record-backed framing | arrival-planner curated JSON historically thin across countries | Adequate free-movement peer page: do not pad with invented visa differences; deepen documents/travel only when verifiable","EU free movement (ordinary residence); Work, study, or self-sufficiency within EU rules","Netherlands Worldwide describes which Italian documents can be used immediately in the Netherlands and which need an apostille from the Italian authorities; official documents in Italian often need no translation for Dutch use. | Confirm each document with the organisation that requests it.","IND; Government.nl; Netherlands Worldwide","2026-09-06"
"/netherlands/moving/tools/document-readiness/from/italy","italy","Italy","document-readiness","eu","near","eu-eea-swiss","ADEQUATE","115","6","4","5","5","3","true","115","false","false","true","EU/EEA/Swiss peer: limited visa uniqueness vs other free-movement origins | Adequate free-movement peer page: do not pad with invented visa differences; deepen documents/travel only when verifiable","EU free movement (ordinary residence); Work, study, or self-sufficiency within EU rules","Netherlands Worldwide describes which Italian documents can be used immediately in the Netherlands and which need an apostille from the Italian authorities; official documents in Italian often need no translation for Dutch use. | Confirm each document with the organisation that requests it.","IND; Government.nl; Netherlands Worldwide","2026-09-06"
"/netherlands/moving/tools/first-90-days/from/italy","italy","Italy","first-90-days","eu","near","eu-eea-swiss","ADEQUATE","301","6","3","5","5","3","true","144","false","false","true","EU/EEA/Swiss peer: limited visa uniqueness vs other free-movement origins | Curated intro was thin/boilerplate; composer supplied record-backed framing | first-90-days curated JSON historically thin across countries | Adequate free-movement peer page: do not pad with invented visa differences; deepen documents/travel only when verifiable","EU free movement (ordinary residence); Work, study, or self-sufficiency within EU rules","Netherlands Worldwide describes which Italian documents can be used immediately in the Netherlands and which need an apostille from the Italian authorities; official documents in Italian often need no translation for Dutch use. | Confirm each document with the organisation that requests it.","IND; Government.nl; Netherlands Worldwide","2026-09-06"
"/netherlands/moving/tools/moving-checklist/from/switzerland","switzerland","Switzerland","moving-checklist","eea-swiss","near","eu-eea-swiss","STRONG_UNIQUE_VALUE","299","6","5","5","5","4","true","299","true","false","true","EU/EEA/Swiss peer: limited visa uniqueness vs other free-movement origins","Stay and work under IND guidance for EU, EEA and Swiss citizens; Registration-based residence for longer stays (no ordinary residence permit for standard Swiss route)","Netherlands Worldwide explains that some Swiss documents can be used in the Netherlands immediately, while others must be legalised with a Hague apostille by the Swiss authorities—the document type and who requests it determine the rule. | Do not assume every Swiss document needs an apostille; always confirm with the requesting authority.","IND; Government.nl; IND; Netherlands Worldwide","2026-09-06"
"/netherlands/moving/tools/arrival-planner/from/switzerland","switzerland","Switzerland","arrival-planner","eea-swiss","near","eu-eea-swiss","ADEQUATE","146","6","3","5","5","4","true","146","false","false","true","EU/EEA/Swiss peer: limited visa uniqueness vs other free-movement origins | arrival-planner curated JSON historically thin across countries | Adequate free-movement peer page: do not pad with invented visa differences; deepen documents/travel only when verifiable","Stay and work under IND guidance for EU, EEA and Swiss citizens; Registration-based residence for longer stays (no ordinary residence permit for standard Swiss route)","Netherlands Worldwide explains that some Swiss documents can be used in the Netherlands immediately, while others must be legalised with a Hague apostille by the Swiss authorities—the document type and who requests it determine the rule. | Do not assume every Swiss document needs an apostille; always confirm with the requesting authority.","IND; Government.nl; IND; Netherlands Worldwide","2026-09-06"
"/netherlands/moving/tools/document-readiness/from/switzerland","switzerland","Switzerland","document-readiness","eea-swiss","near","eu-eea-swiss","STRONG_UNIQUE_VALUE","187","6","5","5","5","4","true","187","true","false","true","EU/EEA/Swiss peer: limited visa uniqueness vs other free-movement origins","Stay and work under IND guidance for EU, EEA and Swiss citizens; Registration-based residence for longer stays (no ordinary residence permit for standard Swiss route)","Netherlands Worldwide explains that some Swiss documents can be used in the Netherlands immediately, while others must be legalised with a Hague apostille by the Swiss authorities—the document type and who requests it determine the rule. | Do not assume every Swiss document needs an apostille; always confirm with the requesting authority.","IND; Government.nl; IND; Netherlands Worldwide","2026-09-06"
"/netherlands/moving/tools/first-90-days/from/switzerland","switzerland","Switzerland","first-90-days","eea-swiss","near","eu-eea-swiss","ADEQUATE","313","6","3","5","5","4","true","129","false","false","true","EU/EEA/Swiss peer: limited visa uniqueness vs other free-movement origins | Curated intro was thin/boilerplate; composer supplied record-backed framing | first-90-days curated JSON historically thin across countries | Adequate free-movement peer page: do not pad with invented visa differences; deepen documents/travel only when verifiable","Stay and work under IND guidance for EU, EEA and Swiss citizens; Registration-based residence for longer stays (no ordinary residence permit for standard Swiss route)","Netherlands Worldwide explains that some Swiss documents can be used in the Netherlands immediately, while others must be legalised with a Hague apostille by the Swiss authorities—the document type and who requests it determine the rule. | Do not assume every Swiss document needs an apostille; always confirm with the requesting authority.","IND; Government.nl; IND; Netherlands Worldwide","2026-09-06"
"/netherlands/moving/tools/moving-checklist/from/sweden","sweden","Sweden","moving-checklist","eu","near","eu-eea-swiss","STRONG_UNIQUE_VALUE","235","6","5","5","5","3","true","235","true","false","true","EU/EEA/Swiss peer: limited visa uniqueness vs other free-movement origins","EU free movement (ordinary residence); Work, study, or self-sufficiency within EU rules","EU documents are generally easier to use across Member States, but unusual document types or uses may still require legalisation or apostille per Netherlands Worldwide—verify with the authority that requests each document. | Always confirm language and format requirements with your municipality, employer, or school.","European Union; Government.nl; Government.nl","2026-09-06"
"/netherlands/moving/tools/arrival-planner/from/sweden","sweden","Sweden","arrival-planner","eu","near","eu-eea-swiss","ADEQUATE","110","6","3","5","5","3","true","110","false","false","true","EU/EEA/Swiss peer: limited visa uniqueness vs other free-movement origins | arrival-planner curated JSON historically thin across countries | Adequate free-movement peer page: do not pad with invented visa differences; deepen documents/travel only when verifiable","EU free movement (ordinary residence); Work, study, or self-sufficiency within EU rules","EU documents are generally easier to use across Member States, but unusual document types or uses may still require legalisation or apostille per Netherlands Worldwide—verify with the authority that requests each document. | Always confirm language and format requirements with your municipality, employer, or school.","European Union; Government.nl; Government.nl","2026-09-06"
"/netherlands/moving/tools/document-readiness/from/sweden","sweden","Sweden","document-readiness","eu","near","eu-eea-swiss","ADEQUATE","148","6","4","5","5","3","true","148","false","false","true","EU/EEA/Swiss peer: limited visa uniqueness vs other free-movement origins | Adequate free-movement peer page: do not pad with invented visa differences; deepen documents/travel only when verifiable","EU free movement (ordinary residence); Work, study, or self-sufficiency within EU rules","EU documents are generally easier to use across Member States, but unusual document types or uses may still require legalisation or apostille per Netherlands Worldwide—verify with the authority that requests each document. | Always confirm language and format requirements with your municipality, employer, or school.","European Union; Government.nl; Government.nl","2026-09-06"
"/netherlands/moving/tools/first-90-days/from/sweden","sweden","Sweden","first-90-days","eu","near","eu-eea-swiss","ADEQUATE","303","6","3","5","5","3","true","85","false","false","true","EU/EEA/Swiss peer: limited visa uniqueness vs other free-movement origins | Curated intro was thin/boilerplate; composer supplied record-backed framing | first-90-days curated JSON historically thin across countries | Adequate free-movement peer page: do not pad with invented visa differences; deepen documents/travel only when verifiable","EU free movement (ordinary residence); Work, study, or self-sufficiency within EU rules","EU documents are generally easier to use across Member States, but unusual document types or uses may still require legalisation or apostille per Netherlands Worldwide—verify with the authority that requests each document. | Always confirm language and format requirements with your municipality, employer, or school.","European Union; Government.nl; Government.nl","2026-09-06"
"/netherlands/moving/tools/moving-checklist/from/denmark","denmark","Denmark","moving-checklist","eu","near","eu-eea-swiss","STRONG_UNIQUE_VALUE","243","6","5","5","5","4","true","243","true","false","true","EU/EEA/Swiss peer: limited visa uniqueness vs other free-movement origins","EU free movement (ordinary residence); Work, study, or self-sufficiency within EU rules","Netherlands Worldwide’s Denmark-specific page describes when documents can be used immediately, when diplomas and certificates generally need a digital e-apostille, and when Danish-language documents need sworn translation into Dutch, English, French, or German unless a multilingual standard form is attached. | Do not assume every document follows the same rule—confirm with the IND, municipality, employer, or university.","Government.nl; European Union; Netherlands Worldwide; European Union","2026-09-06"
"/netherlands/moving/tools/arrival-planner/from/denmark","denmark","Denmark","arrival-planner","eu","near","eu-eea-swiss","ADEQUATE","115","6","3","5","5","4","true","115","false","false","true","EU/EEA/Swiss peer: limited visa uniqueness vs other free-movement origins | arrival-planner curated JSON historically thin across countries | Adequate free-movement peer page: do not pad with invented visa differences; deepen documents/travel only when verifiable","EU free movement (ordinary residence); Work, study, or self-sufficiency within EU rules","Netherlands Worldwide’s Denmark-specific page describes when documents can be used immediately, when diplomas and certificates generally need a digital e-apostille, and when Danish-language documents need sworn translation into Dutch, English, French, or German unless a multilingual standard form is attached. | Do not assume every document follows the same rule—confirm with the IND, municipality, employer, or university.","Government.nl; European Union; Netherlands Worldwide; European Union","2026-09-06"
"/netherlands/moving/tools/document-readiness/from/denmark","denmark","Denmark","document-readiness","eu","near","eu-eea-swiss","ADEQUATE","201","6","4","5","5","4","true","201","false","false","true","EU/EEA/Swiss peer: limited visa uniqueness vs other free-movement origins | Adequate free-movement peer page: do not pad with invented visa differences; deepen documents/travel only when verifiable","EU free movement (ordinary residence); Work, study, or self-sufficiency within EU rules","Netherlands Worldwide’s Denmark-specific page describes when documents can be used immediately, when diplomas and certificates generally need a digital e-apostille, and when Danish-language documents need sworn translation into Dutch, English, French, or German unless a multilingual standard form is attached. | Do not assume every document follows the same rule—confirm with the IND, municipality, employer, or university.","Government.nl; European Union; Netherlands Worldwide; European Union","2026-09-06"
"/netherlands/moving/tools/first-90-days/from/denmark","denmark","Denmark","first-90-days","eu","near","eu-eea-swiss","ADEQUATE","289","6","3","5","5","4","true","86","false","false","true","EU/EEA/Swiss peer: limited visa uniqueness vs other free-movement origins | Curated intro was thin/boilerplate; composer supplied record-backed framing | first-90-days curated JSON historically thin across countries | Adequate free-movement peer page: do not pad with invented visa differences; deepen documents/travel only when verifiable","EU free movement (ordinary residence); Work, study, or self-sufficiency within EU rules","Netherlands Worldwide’s Denmark-specific page describes when documents can be used immediately, when diplomas and certificates generally need a digital e-apostille, and when Danish-language documents need sworn translation into Dutch, English, French, or German unless a multilingual standard form is attached. | Do not assume every document follows the same rule—confirm with the IND, municipality, employer, or university.","Government.nl; European Union; Netherlands Worldwide; European Union","2026-09-06"
"/netherlands/moving/tools/moving-checklist/from/norway","norway","Norway","moving-checklist","eea","near","eu-eea-swiss","STRONG_UNIQUE_VALUE","251","6","5","5","5","3","true","251","true","false","true","EU/EEA/Swiss peer: limited visa uniqueness vs other free-movement origins","EEA free movement rights (aligned with EU citizens under IND guidance); Work, study, or self-sufficiency within the conditions that apply to your situation","Netherlands Worldwide’s Norway-specific legalisation page explains which Norwegian documents can be used directly in the Netherlands and which must be legalised with an apostille issued by the Norwegian authorities. Requirements depend on document type and who requests the paper—not every Norwegian document follows the same rule. | Do not assume apostille is needed for every certificate; confirm with the municipality, employer, university, or other receiving body.","IND; Government.nl; Netherlands Worldwide","2026-09-06"
"/netherlands/moving/tools/arrival-planner/from/norway","norway","Norway","arrival-planner","eea","near","eu-eea-swiss","ADEQUATE","134","6","3","5","5","3","true","134","false","false","true","EU/EEA/Swiss peer: limited visa uniqueness vs other free-movement origins | arrival-planner curated JSON historically thin across countries | Adequate free-movement peer page: do not pad with invented visa differences; deepen documents/travel only when verifiable","EEA free movement rights (aligned with EU citizens under IND guidance); Work, study, or self-sufficiency within the conditions that apply to your situation","Netherlands Worldwide’s Norway-specific legalisation page explains which Norwegian documents can be used directly in the Netherlands and which must be legalised with an apostille issued by the Norwegian authorities. Requirements depend on document type and who requests the paper—not every Norwegian document follows the same rule. | Do not assume apostille is needed for every certificate; confirm with the municipality, employer, university, or other receiving body.","IND; Government.nl; Netherlands Worldwide","2026-09-06"
"/netherlands/moving/tools/document-readiness/from/norway","norway","Norway","document-readiness","eea","near","eu-eea-swiss","ADEQUATE","192","6","4","5","5","3","true","192","false","false","true","EU/EEA/Swiss peer: limited visa uniqueness vs other free-movement origins | Adequate free-movement peer page: do not pad with invented visa differences; deepen documents/travel only when verifiable","EEA free movement rights (aligned with EU citizens under IND guidance); Work, study, or self-sufficiency within the conditions that apply to your situation","Netherlands Worldwide’s Norway-specific legalisation page explains which Norwegian documents can be used directly in the Netherlands and which must be legalised with an apostille issued by the Norwegian authorities. Requirements depend on document type and who requests the paper—not every Norwegian document follows the same rule. | Do not assume apostille is needed for every certificate; confirm with the municipality, employer, university, or other receiving body.","IND; Government.nl; Netherlands Worldwide","2026-09-06"
"/netherlands/moving/tools/first-90-days/from/norway","norway","Norway","first-90-days","eea","near","eu-eea-swiss","ADEQUATE","345","6","3","5","5","3","true","85","false","false","true","EU/EEA/Swiss peer: limited visa uniqueness vs other free-movement origins | Curated intro was thin/boilerplate; composer supplied record-backed framing | first-90-days curated JSON historically thin across countries | Adequate free-movement peer page: do not pad with invented visa differences; deepen documents/travel only when verifiable","EEA free movement rights (aligned with EU citizens under IND guidance); Work, study, or self-sufficiency within the conditions that apply to your situation","Netherlands Worldwide’s Norway-specific legalisation page explains which Norwegian documents can be used directly in the Netherlands and which must be legalised with an apostille issued by the Norwegian authorities. Requirements depend on document type and who requests the paper—not every Norwegian document follows the same rule. | Do not assume apostille is needed for every certificate; confirm with the municipality, employer, university, or other receiving body.","IND; Government.nl; Netherlands Worldwide","2026-09-06"
"/netherlands/moving/tools/moving-checklist/from/pakistan","pakistan","Pakistan","moving-checklist","non-eu","far","immigration-first","STRONG_UNIQUE_VALUE","531","6","6","5","4","4","true","531","true","false","false","","Highly skilled migrant and other employer-sponsored employment; EU Blue Card where salary and qualification rules are met; Study with a Dutch institution as sponsor; Partner or family routes with relationship and evidence requirements; Startup or self-employment where conditions are met; Orientation year for eligible graduates—see IND pages for current criteria; Intra-corporate transfer where the official route matches your case","Netherlands Worldwide explains that to use a document from Pakistan in the Netherlands it must first be legalised by the Pakistani Ministry of Foreign Affairs. | Whether you also need certified translation depends on the document language, document type, and the authority that receives it; confirm on the Netherlands Worldwide Pakistan legalisation page and with your sponsor or IND checklist.","IND; Netherlands Worldwide; Netherlands Worldwide; Netherlands Worldwide","2026-09-06"
"/netherlands/moving/tools/arrival-planner/from/pakistan","pakistan","Pakistan","arrival-planner","non-eu","far","immigration-first","STRONG_UNIQUE_VALUE","252","6","4","5","4","4","true","252","false","false","false","arrival-planner curated JSON historically thin across countries","Highly skilled migrant and other employer-sponsored employment; EU Blue Card where salary and qualification rules are met; Study with a Dutch institution as sponsor; Partner or family routes with relationship and evidence requirements; Startup or self-employment where conditions are met; Orientation year for eligible graduates—see IND pages for current criteria; Intra-corporate transfer where the official route matches your case","Netherlands Worldwide explains that to use a document from Pakistan in the Netherlands it must first be legalised by the Pakistani Ministry of Foreign Affairs. | Whether you also need certified translation depends on the document language, document type, and the authority that receives it; confirm on the Netherlands Worldwide Pakistan legalisation page and with your sponsor or IND checklist.","IND; Netherlands Worldwide; Netherlands Worldwide; Netherlands Worldwide","2026-09-06"
"/netherlands/moving/tools/document-readiness/from/pakistan","pakistan","Pakistan","document-readiness","non-eu","far","immigration-first","STRONG_UNIQUE_VALUE","268","6","6","5","4","4","true","268","true","false","false","","Highly skilled migrant and other employer-sponsored employment; EU Blue Card where salary and qualification rules are met; Study with a Dutch institution as sponsor; Partner or family routes with relationship and evidence requirements; Startup or self-employment where conditions are met; Orientation year for eligible graduates—see IND pages for current criteria; Intra-corporate transfer where the official route matches your case","Netherlands Worldwide explains that to use a document from Pakistan in the Netherlands it must first be legalised by the Pakistani Ministry of Foreign Affairs. | Whether you also need certified translation depends on the document language, document type, and the authority that receives it; confirm on the Netherlands Worldwide Pakistan legalisation page and with your sponsor or IND checklist.","IND; Netherlands Worldwide; Netherlands Worldwide; Netherlands Worldwide","2026-09-06"
"/netherlands/moving/tools/first-90-days/from/pakistan","pakistan","Pakistan","first-90-days","non-eu","far","immigration-first","ADEQUATE","356","6","4","5","4","4","true","139","false","false","false","Curated intro was thin/boilerplate; composer supplied record-backed framing | first-90-days curated JSON historically thin across countries","Highly skilled migrant and other employer-sponsored employment; EU Blue Card where salary and qualification rules are met; Study with a Dutch institution as sponsor; Partner or family routes with relationship and evidence requirements; Startup or self-employment where conditions are met; Orientation year for eligible graduates—see IND pages for current criteria; Intra-corporate transfer where the official route matches your case","Netherlands Worldwide explains that to use a document from Pakistan in the Netherlands it must first be legalised by the Pakistani Ministry of Foreign Affairs. | Whether you also need certified translation depends on the document language, document type, and the authority that receives it; confirm on the Netherlands Worldwide Pakistan legalisation page and with your sponsor or IND checklist.","IND; Netherlands Worldwide; Netherlands Worldwide; Netherlands Worldwide","2026-09-06"
"/netherlands/moving/tools/moving-checklist/from/ireland","ireland","Ireland","moving-checklist","eu","near","eu-eea-swiss","STRONG_UNIQUE_VALUE","300","6","5","5","5","4","true","300","true","false","true","EU/EEA/Swiss peer: limited visa uniqueness vs other free-movement origins","EU free movement (ordinary residence); Work, study, or self-sufficiency within EU rules","Netherlands Worldwide’s Ireland-specific legalisation page explains which Irish documents can be used directly in the Netherlands and which must be legalised with an apostille issued by the Irish Department of Foreign Affairs. Foreign qualifications for work may follow separate checks—see Netherlands Worldwide’s foreign qualifications overview when relevant. | Do not assume apostille is needed for every paper: confirm with the municipality, employer, university, or other receiving body.","Government.nl; Government.nl; Netherlands Worldwide; Government.nl","2026-09-06"
"/netherlands/moving/tools/arrival-planner/from/ireland","ireland","Ireland","arrival-planner","eu","near","eu-eea-swiss","ADEQUATE","138","6","3","5","5","4","true","138","false","false","true","EU/EEA/Swiss peer: limited visa uniqueness vs other free-movement origins | arrival-planner curated JSON historically thin across countries | Adequate free-movement peer page: do not pad with invented visa differences; deepen documents/travel only when verifiable","EU free movement (ordinary residence); Work, study, or self-sufficiency within EU rules","Netherlands Worldwide’s Ireland-specific legalisation page explains which Irish documents can be used directly in the Netherlands and which must be legalised with an apostille issued by the Irish Department of Foreign Affairs. Foreign qualifications for work may follow separate checks—see Netherlands Worldwide’s foreign qualifications overview when relevant. | Do not assume apostille is needed for every paper: confirm with the municipality, employer, university, or other receiving body.","Government.nl; Government.nl; Netherlands Worldwide; Government.nl","2026-09-06"
"/netherlands/moving/tools/document-readiness/from/ireland","ireland","Ireland","document-readiness","eu","near","eu-eea-swiss","ADEQUATE","187","6","4","5","5","4","true","187","false","false","true","EU/EEA/Swiss peer: limited visa uniqueness vs other free-movement origins | Adequate free-movement peer page: do not pad with invented visa differences; deepen documents/travel only when verifiable","EU free movement (ordinary residence); Work, study, or self-sufficiency within EU rules","Netherlands Worldwide’s Ireland-specific legalisation page explains which Irish documents can be used directly in the Netherlands and which must be legalised with an apostille issued by the Irish Department of Foreign Affairs. Foreign qualifications for work may follow separate checks—see Netherlands Worldwide’s foreign qualifications overview when relevant. | Do not assume apostille is needed for every paper: confirm with the municipality, employer, university, or other receiving body.","Government.nl; Government.nl; Netherlands Worldwide; Government.nl","2026-09-06"
"/netherlands/moving/tools/first-90-days/from/ireland","ireland","Ireland","first-90-days","eu","near","eu-eea-swiss","ADEQUATE","357","6","3","5","5","4","true","86","false","false","true","EU/EEA/Swiss peer: limited visa uniqueness vs other free-movement origins | Curated intro was thin/boilerplate; composer supplied record-backed framing | first-90-days curated JSON historically thin across countries | Adequate free-movement peer page: do not pad with invented visa differences; deepen documents/travel only when verifiable","EU free movement (ordinary residence); Work, study, or self-sufficiency within EU rules","Netherlands Worldwide’s Ireland-specific legalisation page explains which Irish documents can be used directly in the Netherlands and which must be legalised with an apostille issued by the Irish Department of Foreign Affairs. Foreign qualifications for work may follow separate checks—see Netherlands Worldwide’s foreign qualifications overview when relevant. | Do not assume apostille is needed for every paper: confirm with the municipality, employer, university, or other receiving body.","Government.nl; Government.nl; Netherlands Worldwide; Government.nl","2026-09-06"
"/netherlands/moving/tools/moving-checklist/from/uae","uae","United Arab Emirates","moving-checklist","non-eu","far","immigration-first","STRONG_UNIQUE_VALUE","211","6","6","5","4","2","true","211","true","false","false","","Highly skilled migrant and other sponsored employment; Study with a Dutch institution as sponsor; Partner or family routes with relationship evidence; Startup or self-employment where conditions are met; Intra-corporate transfer within qualifying corporate structures","Documents issued outside the UAE may need legalisation or apostille in their country of origin; UAE-issued documents often go through UAE attestation (e.g. Ministry of Foreign Affairs) rather than a simple apostille chain. | Keep both passport nationality and UAE residency context clear in your application pack—consular staff assess the procedure for your nationality.","IND; Netherlands Worldwide","2026-09-06"
"/netherlands/moving/tools/arrival-planner/from/uae","uae","United Arab Emirates","arrival-planner","non-eu","far","immigration-first","ADEQUATE","178","6","4","5","4","2","true","178","false","false","false","arrival-planner curated JSON historically thin across countries","Highly skilled migrant and other sponsored employment; Study with a Dutch institution as sponsor; Partner or family routes with relationship evidence; Startup or self-employment where conditions are met; Intra-corporate transfer within qualifying corporate structures","Documents issued outside the UAE may need legalisation or apostille in their country of origin; UAE-issued documents often go through UAE attestation (e.g. Ministry of Foreign Affairs) rather than a simple apostille chain. | Keep both passport nationality and UAE residency context clear in your application pack—consular staff assess the procedure for your nationality.","IND; Netherlands Worldwide","2026-09-06"
"/netherlands/moving/tools/document-readiness/from/uae","uae","United Arab Emirates","document-readiness","non-eu","far","immigration-first","ADEQUATE","164","6","6","5","4","2","true","164","true","false","false","","Highly skilled migrant and other sponsored employment; Study with a Dutch institution as sponsor; Partner or family routes with relationship evidence; Startup or self-employment where conditions are met; Intra-corporate transfer within qualifying corporate structures","Documents issued outside the UAE may need legalisation or apostille in their country of origin; UAE-issued documents often go through UAE attestation (e.g. Ministry of Foreign Affairs) rather than a simple apostille chain. | Keep both passport nationality and UAE residency context clear in your application pack—consular staff assess the procedure for your nationality.","IND; Netherlands Worldwide","2026-09-06"
"/netherlands/moving/tools/first-90-days/from/uae","uae","United Arab Emirates","first-90-days","non-eu","far","immigration-first","ADEQUATE","284","6","4","5","4","2","true","146","false","false","false","Curated intro was thin/boilerplate; composer supplied record-backed framing | first-90-days curated JSON historically thin across countries","Highly skilled migrant and other sponsored employment; Study with a Dutch institution as sponsor; Partner or family routes with relationship evidence; Startup or self-employment where conditions are met; Intra-corporate transfer within qualifying corporate structures","Documents issued outside the UAE may need legalisation or apostille in their country of origin; UAE-issued documents often go through UAE attestation (e.g. Ministry of Foreign Affairs) rather than a simple apostille chain. | Keep both passport nationality and UAE residency context clear in your application pack—consular staff assess the procedure for your nationality.","IND; Netherlands Worldwide","2026-09-06"
"/netherlands/moving/tools/moving-checklist/from/brazil","brazil","Brazil","moving-checklist","non-eu","far","immigration-first","STRONG_UNIQUE_VALUE","207","6","6","5","4","2","true","207","true","false","false","","Highly skilled migrant and other sponsored employment; Study with a Dutch institution as sponsor; Partner and family routes with relationship evidence; Startup or self-employment where conditions are met; Orientation year (search year) for eligible recent graduates—distinct criteria and timelines","Brazil uses the Hague Apostille Convention: many Brazilian public documents are legalised with an apostille issued through the competent Brazilian authorities (often via cartório and CNJ where applicable)—not the same workflow as EU mutual recognition. | Dutch authorities may require sworn translations into Dutch or English for civil and educational records.","IND; Netherlands Worldwide","2026-09-06"
"/netherlands/moving/tools/arrival-planner/from/brazil","brazil","Brazil","arrival-planner","non-eu","far","immigration-first","STRONG_UNIQUE_VALUE","183","6","4","5","4","2","true","183","false","false","false","arrival-planner curated JSON historically thin across countries","Highly skilled migrant and other sponsored employment; Study with a Dutch institution as sponsor; Partner and family routes with relationship evidence; Startup or self-employment where conditions are met; Orientation year (search year) for eligible recent graduates—distinct criteria and timelines","Brazil uses the Hague Apostille Convention: many Brazilian public documents are legalised with an apostille issued through the competent Brazilian authorities (often via cartório and CNJ where applicable)—not the same workflow as EU mutual recognition. | Dutch authorities may require sworn translations into Dutch or English for civil and educational records.","IND; Netherlands Worldwide","2026-09-06"
"/netherlands/moving/tools/document-readiness/from/brazil","brazil","Brazil","document-readiness","non-eu","far","immigration-first","ADEQUATE","164","6","6","5","4","2","true","164","true","false","false","","Highly skilled migrant and other sponsored employment; Study with a Dutch institution as sponsor; Partner and family routes with relationship evidence; Startup or self-employment where conditions are met; Orientation year (search year) for eligible recent graduates—distinct criteria and timelines","Brazil uses the Hague Apostille Convention: many Brazilian public documents are legalised with an apostille issued through the competent Brazilian authorities (often via cartório and CNJ where applicable)—not the same workflow as EU mutual recognition. | Dutch authorities may require sworn translations into Dutch or English for civil and educational records.","IND; Netherlands Worldwide","2026-09-06"
"/netherlands/moving/tools/first-90-days/from/brazil","brazil","Brazil","first-90-days","non-eu","far","immigration-first","ADEQUATE","276","6","4","5","4","2","true","150","false","false","false","Curated intro was thin/boilerplate; composer supplied record-backed framing | first-90-days curated JSON historically thin across countries","Highly skilled migrant and other sponsored employment; Study with a Dutch institution as sponsor; Partner and family routes with relationship evidence; Startup or self-employment where conditions are met; Orientation year (search year) for eligible recent graduates—distinct criteria and timelines","Brazil uses the Hague Apostille Convention: many Brazilian public documents are legalised with an apostille issued through the competent Brazilian authorities (often via cartório and CNJ where applicable)—not the same workflow as EU mutual recognition. | Dutch authorities may require sworn translations into Dutch or English for civil and educational records.","IND; Netherlands Worldwide","2026-09-06"
"/netherlands/moving/tools/moving-checklist/from/mexico","mexico","Mexico","moving-checklist","non-eu","far","immigration-first","STRONG_UNIQUE_VALUE","210","6","6","5","4","2","true","210","true","false","false","","Highly skilled migrant and other sponsored employment; Study with a Dutch institution as sponsor; Partner and family routes with relationship evidence; Startup route with facilitator or advisor where applicable; Self-employment when conditions and business plans meet IND criteria","Mexico is party to the Hague Apostille Convention: many Mexican public documents need an apostille (Apostilla de La Haya) from the competent authority for that document before use abroad—requirements vary by issuing state or agency. | Dutch authorities may require sworn translations into Dutch or English.","IND; Netherlands Worldwide","2026-09-06"
"/netherlands/moving/tools/arrival-planner/from/mexico","mexico","Mexico","arrival-planner","non-eu","far","immigration-first","STRONG_UNIQUE_VALUE","200","6","4","5","4","2","true","200","false","false","false","arrival-planner curated JSON historically thin across countries","Highly skilled migrant and other sponsored employment; Study with a Dutch institution as sponsor; Partner and family routes with relationship evidence; Startup route with facilitator or advisor where applicable; Self-employment when conditions and business plans meet IND criteria","Mexico is party to the Hague Apostille Convention: many Mexican public documents need an apostille (Apostilla de La Haya) from the competent authority for that document before use abroad—requirements vary by issuing state or agency. | Dutch authorities may require sworn translations into Dutch or English.","IND; Netherlands Worldwide","2026-09-06"
"/netherlands/moving/tools/document-readiness/from/mexico","mexico","Mexico","document-readiness","non-eu","far","immigration-first","ADEQUATE","171","6","6","5","4","2","true","171","true","false","false","","Highly skilled migrant and other sponsored employment; Study with a Dutch institution as sponsor; Partner and family routes with relationship evidence; Startup route with facilitator or advisor where applicable; Self-employment when conditions and business plans meet IND criteria","Mexico is party to the Hague Apostille Convention: many Mexican public documents need an apostille (Apostilla de La Haya) from the competent authority for that document before use abroad—requirements vary by issuing state or agency. | Dutch authorities may require sworn translations into Dutch or English.","IND; Netherlands Worldwide","2026-09-06"
"/netherlands/moving/tools/first-90-days/from/mexico","mexico","Mexico","first-90-days","non-eu","far","immigration-first","ADEQUATE","278","6","4","5","4","2","true","144","false","false","false","Curated intro was thin/boilerplate; composer supplied record-backed framing | first-90-days curated JSON historically thin across countries","Highly skilled migrant and other sponsored employment; Study with a Dutch institution as sponsor; Partner and family routes with relationship evidence; Startup route with facilitator or advisor where applicable; Self-employment when conditions and business plans meet IND criteria","Mexico is party to the Hague Apostille Convention: many Mexican public documents need an apostille (Apostilla de La Haya) from the competent authority for that document before use abroad—requirements vary by issuing state or agency. | Dutch authorities may require sworn translations into Dutch or English.","IND; Netherlands Worldwide","2026-09-06"
"/netherlands/moving/tools/moving-checklist/from/singapore","singapore","Singapore","moving-checklist","non-eu","far","immigration-first","STRONG_UNIQUE_VALUE","256","6","6","5","4","2","true","256","true","false","false","","Highly skilled migrant and other sponsored employment; Study with a Dutch institution as sponsor; Partner and family routes; Startup or self-employment where IND criteria are met; Intra-company or assignment structures where applicable","For many Singapore-issued documents used in the Netherlands, legalisation with a Hague apostille through the Singapore Academy of Law (SAL) is the standard path; Singapore MFA describes SAL as the competent authority for apostilles. | Sworn translations may be required when Dutch authorities request Dutch or English versions.","IND; Netherlands Worldwide","2026-09-06"
"/netherlands/moving/tools/arrival-planner/from/singapore","singapore","Singapore","arrival-planner","non-eu","far","immigration-first","STRONG_UNIQUE_VALUE","213","6","4","5","4","2","true","213","false","false","false","arrival-planner curated JSON historically thin across countries","Highly skilled migrant and other sponsored employment; Study with a Dutch institution as sponsor; Partner and family routes; Startup or self-employment where IND criteria are met; Intra-company or assignment structures where applicable","For many Singapore-issued documents used in the Netherlands, legalisation with a Hague apostille through the Singapore Academy of Law (SAL) is the standard path; Singapore MFA describes SAL as the competent authority for apostilles. | Sworn translations may be required when Dutch authorities request Dutch or English versions.","IND; Netherlands Worldwide","2026-09-06"
"/netherlands/moving/tools/document-readiness/from/singapore","singapore","Singapore","document-readiness","non-eu","far","immigration-first","STRONG_UNIQUE_VALUE","191","6","6","5","4","2","true","191","true","false","false","","Highly skilled migrant and other sponsored employment; Study with a Dutch institution as sponsor; Partner and family routes; Startup or self-employment where IND criteria are met; Intra-company or assignment structures where applicable","For many Singapore-issued documents used in the Netherlands, legalisation with a Hague apostille through the Singapore Academy of Law (SAL) is the standard path; Singapore MFA describes SAL as the competent authority for apostilles. | Sworn translations may be required when Dutch authorities request Dutch or English versions.","IND; Netherlands Worldwide","2026-09-06"
"/netherlands/moving/tools/first-90-days/from/singapore","singapore","Singapore","first-90-days","non-eu","far","immigration-first","ADEQUATE","274","6","4","5","4","2","true","147","false","false","false","Curated intro was thin/boilerplate; composer supplied record-backed framing | first-90-days curated JSON historically thin across countries","Highly skilled migrant and other sponsored employment; Study with a Dutch institution as sponsor; Partner and family routes; Startup or self-employment where IND criteria are met; Intra-company or assignment structures where applicable","For many Singapore-issued documents used in the Netherlands, legalisation with a Hague apostille through the Singapore Academy of Law (SAL) is the standard path; Singapore MFA describes SAL as the competent authority for apostilles. | Sworn translations may be required when Dutch authorities request Dutch or English versions.","IND; Netherlands Worldwide","2026-09-06"
"/netherlands/moving/tools/moving-checklist/from/japan","japan","Japan","moving-checklist","non-eu","far","immigration-first","STRONG_UNIQUE_VALUE","252","6","6","5","4","2","true","252","true","false","false","","Highly skilled migrant and other sponsored employment; Study with a Dutch institution as sponsor; Partner and family routes; Startup or self-employment where IND criteria are met; Intra-company or assignment structures where applicable","For many Japan-issued documents used in the Netherlands, legalisation with a Hague apostille through the Japanese Ministry of Foreign Affairs (MOFA) is the standard path described on Netherlands Worldwide. | Sworn translations may be required when Dutch authorities request Dutch or English versions.","IND; Netherlands Worldwide","2026-09-06"
"/netherlands/moving/tools/arrival-planner/from/japan","japan","Japan","arrival-planner","non-eu","far","immigration-first","STRONG_UNIQUE_VALUE","213","6","4","5","4","2","true","213","false","false","false","arrival-planner curated JSON historically thin across countries","Highly skilled migrant and other sponsored employment; Study with a Dutch institution as sponsor; Partner and family routes; Startup or self-employment where IND criteria are met; Intra-company or assignment structures where applicable","For many Japan-issued documents used in the Netherlands, legalisation with a Hague apostille through the Japanese Ministry of Foreign Affairs (MOFA) is the standard path described on Netherlands Worldwide. | Sworn translations may be required when Dutch authorities request Dutch or English versions.","IND; Netherlands Worldwide","2026-09-06"
"/netherlands/moving/tools/document-readiness/from/japan","japan","Japan","document-readiness","non-eu","far","immigration-first","STRONG_UNIQUE_VALUE","191","6","6","5","4","2","true","191","true","false","false","","Highly skilled migrant and other sponsored employment; Study with a Dutch institution as sponsor; Partner and family routes; Startup or self-employment where IND criteria are met; Intra-company or assignment structures where applicable","For many Japan-issued documents used in the Netherlands, legalisation with a Hague apostille through the Japanese Ministry of Foreign Affairs (MOFA) is the standard path described on Netherlands Worldwide. | Sworn translations may be required when Dutch authorities request Dutch or English versions.","IND; Netherlands Worldwide","2026-09-06"
"/netherlands/moving/tools/first-90-days/from/japan","japan","Japan","first-90-days","non-eu","far","immigration-first","ADEQUATE","283","6","4","5","4","2","true","143","false","false","false","Curated intro was thin/boilerplate; composer supplied record-backed framing | first-90-days curated JSON historically thin across countries","Highly skilled migrant and other sponsored employment; Study with a Dutch institution as sponsor; Partner and family routes; Startup or self-employment where IND criteria are met; Intra-company or assignment structures where applicable","For many Japan-issued documents used in the Netherlands, legalisation with a Hague apostille through the Japanese Ministry of Foreign Affairs (MOFA) is the standard path described on Netherlands Worldwide. | Sworn translations may be required when Dutch authorities request Dutch or English versions.","IND; Netherlands Worldwide","2026-09-06"
"/netherlands/moving/tools/moving-checklist/from/south-korea","south-korea","South Korea","moving-checklist","non-eu","far","immigration-first","STRONG_UNIQUE_VALUE","268","6","6","5","4","2","true","268","true","false","false","","Highly skilled migrant and other sponsored employment; Study with a Dutch institution as sponsor; Partner and family routes; Startup or self-employment where IND criteria are met; Intra-company or assignment structures where applicable","For many South Korea–issued documents used in the Netherlands, legalisation with a Hague apostille through the competent South Korean authorities is the standard path described on Netherlands Worldwide. | Documents in Korean generally need translation into Dutch, English, French, or German for use in Dutch administrative processes—confirm what each authority requests.","IND; Netherlands Worldwide","2026-09-06"
"/netherlands/moving/tools/arrival-planner/from/south-korea","south-korea","South Korea","arrival-planner","non-eu","far","immigration-first","STRONG_UNIQUE_VALUE","213","6","4","5","4","2","true","213","false","false","false","arrival-planner curated JSON historically thin across countries","Highly skilled migrant and other sponsored employment; Study with a Dutch institution as sponsor; Partner and family routes; Startup or self-employment where IND criteria are met; Intra-company or assignment structures where applicable","For many South Korea–issued documents used in the Netherlands, legalisation with a Hague apostille through the competent South Korean authorities is the standard path described on Netherlands Worldwide. | Documents in Korean generally need translation into Dutch, English, French, or German for use in Dutch administrative processes—confirm what each authority requests.","IND; Netherlands Worldwide","2026-09-06"
"/netherlands/moving/tools/document-readiness/from/south-korea","south-korea","South Korea","document-readiness","non-eu","far","immigration-first","STRONG_UNIQUE_VALUE","235","6","6","5","4","2","true","235","true","false","false","","Highly skilled migrant and other sponsored employment; Study with a Dutch institution as sponsor; Partner and family routes; Startup or self-employment where IND criteria are met; Intra-company or assignment structures where applicable","For many South Korea–issued documents used in the Netherlands, legalisation with a Hague apostille through the competent South Korean authorities is the standard path described on Netherlands Worldwide. | Documents in Korean generally need translation into Dutch, English, French, or German for use in Dutch administrative processes—confirm what each authority requests.","IND; Netherlands Worldwide","2026-09-06"
"/netherlands/moving/tools/first-90-days/from/south-korea","south-korea","South Korea","first-90-days","non-eu","far","immigration-first","ADEQUATE","289","6","4","5","4","2","true","149","false","false","false","Curated intro was thin/boilerplate; composer supplied record-backed framing | first-90-days curated JSON historically thin across countries","Highly skilled migrant and other sponsored employment; Study with a Dutch institution as sponsor; Partner and family routes; Startup or self-employment where IND criteria are met; Intra-company or assignment structures where applicable","For many South Korea–issued documents used in the Netherlands, legalisation with a Hague apostille through the competent South Korean authorities is the standard path described on Netherlands Worldwide. | Documents in Korean generally need translation into Dutch, English, French, or German for use in Dutch administrative processes—confirm what each authority requests.","IND; Netherlands Worldwide","2026-09-06"
"/netherlands/moving/tools/moving-checklist/from/turkey","turkey","Türkiye","moving-checklist","non-eu","near","immigration-first","STRONG_UNIQUE_VALUE","373","6","6","5","4","4","true","373","true","false","false","","Highly skilled migrant and other sponsored employment; Study with a Dutch educational institution as sponsor; Partner or family reunification with relationship and status evidence; Startup or self-employment where business criteria are met; Intra-corporate transfer where the official route matches your case","Netherlands Worldwide explains that some documents issued in Türkiye can be used in the Netherlands as-is, while others must be legalised with an apostille by the Turkish authorities before Dutch use. | If a document is drawn up in Turkish, it generally needs translation into Dutch, English, French, or German for use with Dutch authorities—confirm what your municipality, employer, or IND procedure requires.","IND; Netherlands Worldwide; Netherlands Worldwide; IND","2026-09-06"
"/netherlands/moving/tools/arrival-planner/from/turkey","turkey","Türkiye","arrival-planner","non-eu","near","immigration-first","STRONG_UNIQUE_VALUE","252","6","4","5","4","4","true","252","false","false","false","arrival-planner curated JSON historically thin across countries","Highly skilled migrant and other sponsored employment; Study with a Dutch educational institution as sponsor; Partner or family reunification with relationship and status evidence; Startup or self-employment where business criteria are met; Intra-corporate transfer where the official route matches your case","Netherlands Worldwide explains that some documents issued in Türkiye can be used in the Netherlands as-is, while others must be legalised with an apostille by the Turkish authorities before Dutch use. | If a document is drawn up in Turkish, it generally needs translation into Dutch, English, French, or German for use with Dutch authorities—confirm what your municipality, employer, or IND procedure requires.","IND; Netherlands Worldwide; Netherlands Worldwide; IND","2026-09-06"
"/netherlands/moving/tools/document-readiness/from/turkey","turkey","Türkiye","document-readiness","non-eu","near","immigration-first","STRONG_UNIQUE_VALUE","265","6","6","5","4","4","true","265","true","false","false","","Highly skilled migrant and other sponsored employment; Study with a Dutch educational institution as sponsor; Partner or family reunification with relationship and status evidence; Startup or self-employment where business criteria are met; Intra-corporate transfer where the official route matches your case","Netherlands Worldwide explains that some documents issued in Türkiye can be used in the Netherlands as-is, while others must be legalised with an apostille by the Turkish authorities before Dutch use. | If a document is drawn up in Turkish, it generally needs translation into Dutch, English, French, or German for use with Dutch authorities—confirm what your municipality, employer, or IND procedure requires.","IND; Netherlands Worldwide; Netherlands Worldwide; IND","2026-09-06"
"/netherlands/moving/tools/first-90-days/from/turkey","turkey","Türkiye","first-90-days","non-eu","near","immigration-first","ADEQUATE","289","6","4","5","4","4","true","138","false","false","false","Curated intro was thin/boilerplate; composer supplied record-backed framing | first-90-days curated JSON historically thin across countries","Highly skilled migrant and other sponsored employment; Study with a Dutch educational institution as sponsor; Partner or family reunification with relationship and status evidence; Startup or self-employment where business criteria are met; Intra-corporate transfer where the official route matches your case","Netherlands Worldwide explains that some documents issued in Türkiye can be used in the Netherlands as-is, while others must be legalised with an apostille by the Turkish authorities before Dutch use. | If a document is drawn up in Turkish, it generally needs translation into Dutch, English, French, or German for use with Dutch authorities—confirm what your municipality, employer, or IND procedure requires.","IND; Netherlands Worldwide; Netherlands Worldwide; IND","2026-09-06"
"/netherlands/moving/tools/moving-checklist/from/argentina","argentina","Argentina","moving-checklist","non-eu","far","immigration-first","STRONG_UNIQUE_VALUE","375","6","6","5","4","3","true","375","true","false","false","","Highly skilled migrant and other sponsored employment; Study with a Dutch institution as sponsor; Partner or family routes with relationship evidence; Startup or self-employment where conditions are met; Working Holiday Scheme for Argentina—distinct quotas, age, and conditions on official pages; Intra-corporate transfer where the official route matches your case","Netherlands Worldwide explains that to use a document from Argentina in the Netherlands it must be legalised with a digital e-apostille issued by the Argentine Ministry of Foreign Affairs—plan lead time for issuing records and obtaining the e-apostille. | Depending on the document language and the receiving authority, sworn or certified translation into Dutch, English, French, or German may still be required—confirm per document.","IND; Netherlands Worldwide; Netherlands Worldwide","2026-09-06"
"/netherlands/moving/tools/arrival-planner/from/argentina","argentina","Argentina","arrival-planner","non-eu","far","immigration-first","STRONG_UNIQUE_VALUE","212","6","4","5","4","3","true","212","false","false","false","arrival-planner curated JSON historically thin across countries","Highly skilled migrant and other sponsored employment; Study with a Dutch institution as sponsor; Partner or family routes with relationship evidence; Startup or self-employment where conditions are met; Working Holiday Scheme for Argentina—distinct quotas, age, and conditions on official pages; Intra-corporate transfer where the official route matches your case","Netherlands Worldwide explains that to use a document from Argentina in the Netherlands it must be legalised with a digital e-apostille issued by the Argentine Ministry of Foreign Affairs—plan lead time for issuing records and obtaining the e-apostille. | Depending on the document language and the receiving authority, sworn or certified translation into Dutch, English, French, or German may still be required—confirm per document.","IND; Netherlands Worldwide; Netherlands Worldwide","2026-09-06"
"/netherlands/moving/tools/document-readiness/from/argentina","argentina","Argentina","document-readiness","non-eu","far","immigration-first","STRONG_UNIQUE_VALUE","214","6","6","5","4","3","true","214","true","false","false","","Highly skilled migrant and other sponsored employment; Study with a Dutch institution as sponsor; Partner or family routes with relationship evidence; Startup or self-employment where conditions are met; Working Holiday Scheme for Argentina—distinct quotas, age, and conditions on official pages; Intra-corporate transfer where the official route matches your case","Netherlands Worldwide explains that to use a document from Argentina in the Netherlands it must be legalised with a digital e-apostille issued by the Argentine Ministry of Foreign Affairs—plan lead time for issuing records and obtaining the e-apostille. | Depending on the document language and the receiving authority, sworn or certified translation into Dutch, English, French, or German may still be required—confirm per document.","IND; Netherlands Worldwide; Netherlands Worldwide","2026-09-06"
"/netherlands/moving/tools/first-90-days/from/argentina","argentina","Argentina","first-90-days","non-eu","far","immigration-first","ADEQUATE","294","6","4","5","4","3","true","113","false","false","false","Curated intro was thin/boilerplate; composer supplied record-backed framing | first-90-days curated JSON historically thin across countries","Highly skilled migrant and other sponsored employment; Study with a Dutch institution as sponsor; Partner or family routes with relationship evidence; Startup or self-employment where conditions are met; Working Holiday Scheme for Argentina—distinct quotas, age, and conditions on official pages; Intra-corporate transfer where the official route matches your case","Netherlands Worldwide explains that to use a document from Argentina in the Netherlands it must be legalised with a digital e-apostille issued by the Argentine Ministry of Foreign Affairs—plan lead time for issuing records and obtaining the e-apostille. | Depending on the document language and the receiving authority, sworn or certified translation into Dutch, English, French, or German may still be required—confirm per document.","IND; Netherlands Worldwide; Netherlands Worldwide","2026-09-06"
"/netherlands/moving/tools/moving-checklist/from/chile","chile","Chile","moving-checklist","non-eu","far","immigration-first","STRONG_UNIQUE_VALUE","504","6","6","5","4","3","true","504","true","false","false","","Highly skilled migrant and other sponsored employment; Study with a Dutch institution as sponsor; Partner or family routes with relationship evidence; Startup or self-employment where conditions are met; Intra-corporate transfer where the official route matches your case","Netherlands Worldwide explains that to use a document from Chile in the Netherlands it must first be legalised by the Chilean authorities with a Hague apostille. | Depending on document language and the receiving authority, sworn or certified translation into Dutch, English, French, or German may be required—confirm per document.","IND; Netherlands Worldwide; Netherlands Worldwide","2026-09-06"
"/netherlands/moving/tools/arrival-planner/from/chile","chile","Chile","arrival-planner","non-eu","far","immigration-first","STRONG_UNIQUE_VALUE","212","6","4","5","4","3","true","212","false","false","false","arrival-planner curated JSON historically thin across countries","Highly skilled migrant and other sponsored employment; Study with a Dutch institution as sponsor; Partner or family routes with relationship evidence; Startup or self-employment where conditions are met; Intra-corporate transfer where the official route matches your case","Netherlands Worldwide explains that to use a document from Chile in the Netherlands it must first be legalised by the Chilean authorities with a Hague apostille. | Depending on document language and the receiving authority, sworn or certified translation into Dutch, English, French, or German may be required—confirm per document.","IND; Netherlands Worldwide; Netherlands Worldwide","2026-09-06"
"/netherlands/moving/tools/document-readiness/from/chile","chile","Chile","document-readiness","non-eu","far","immigration-first","STRONG_UNIQUE_VALUE","214","6","6","5","4","3","true","214","true","false","false","","Highly skilled migrant and other sponsored employment; Study with a Dutch institution as sponsor; Partner or family routes with relationship evidence; Startup or self-employment where conditions are met; Intra-corporate transfer where the official route matches your case","Netherlands Worldwide explains that to use a document from Chile in the Netherlands it must first be legalised by the Chilean authorities with a Hague apostille. | Depending on document language and the receiving authority, sworn or certified translation into Dutch, English, French, or German may be required—confirm per document.","IND; Netherlands Worldwide; Netherlands Worldwide","2026-09-06"
"/netherlands/moving/tools/first-90-days/from/chile","chile","Chile","first-90-days","non-eu","far","immigration-first","ADEQUATE","304","6","4","5","4","3","true","109","false","false","false","Curated intro was thin/boilerplate; composer supplied record-backed framing | first-90-days curated JSON historically thin across countries","Highly skilled migrant and other sponsored employment; Study with a Dutch institution as sponsor; Partner or family routes with relationship evidence; Startup or self-employment where conditions are met; Intra-corporate transfer where the official route matches your case","Netherlands Worldwide explains that to use a document from Chile in the Netherlands it must first be legalised by the Chilean authorities with a Hague apostille. | Depending on document language and the receiving authority, sworn or certified translation into Dutch, English, French, or German may be required—confirm per document.","IND; Netherlands Worldwide; Netherlands Worldwide","2026-09-06"
