url,status,canonical,canonical_status,canonical_final_url,self_canonical,redirect_hops,consistent_with_sitemap,consistent_with_internal_links,intentional,severity,finding
https://www.expatcopilot.com/disclaimer,200,https://www.expatcopilot.com/disclaimer/,308,https://www.expatcopilot.com/disclaimer,no,0,yes,yes,no,P2,CANONICAL_POINTS_TO_TRAILING_SLASH_URL_THAT_308S_TO_NON_SLASH; 200 response URL is non-slash while canonical/sitemap use trailing slash; og:url path differs from canonical
https://www.expatcopilot.com/contact,200,https://www.expatcopilot.com/contact/,308,https://www.expatcopilot.com/contact,no,0,yes,yes,no,P2,CANONICAL_POINTS_TO_TRAILING_SLASH_URL_THAT_308S_TO_NON_SLASH; 200 response URL is non-slash while canonical/sitemap use trailing slash; og:url path differs from canonical
https://www.expatcopilot.com/cookies,200,https://www.expatcopilot.com/cookies/,308,https://www.expatcopilot.com/cookies,no,0,yes,yes,no,P2,CANONICAL_POINTS_TO_TRAILING_SLASH_URL_THAT_308S_TO_NON_SLASH; 200 response URL is non-slash while canonical/sitemap use trailing slash; og:url path differs from canonical
https://www.expatcopilot.com/about,200,https://www.expatcopilot.com/about/,308,https://www.expatcopilot.com/about,no,0,yes,yes,no,P2,CANONICAL_POINTS_TO_TRAILING_SLASH_URL_THAT_308S_TO_NON_SLASH; 200 response URL is non-slash while canonical/sitemap use trailing slash
https://www.expatcopilot.com/affiliate-disclosure,200,https://www.expatcopilot.com/affiliate-disclosure/,308,https://www.expatcopilot.com/affiliate-disclosure,no,0,yes,yes,no,P2,CANONICAL_POINTS_TO_TRAILING_SLASH_URL_THAT_308S_TO_NON_SLASH; 200 response URL is non-slash while canonical/sitemap use trailing slash; og:url path differs from canonical
https://www.expatcopilot.com/editorial-policy/,308,https://www.expatcopilot.com/editorial-policy/,308,https://www.expatcopilot.com/editorial-policy,no,1,yes,yes,no,P1,SITEMAP_URL_REDIRECTS (sitemap loc returns 3xx before content); og:url path differs from canonical
https://www.expatcopilot.com/,307,https://www.expatcopilot.com/netherlands/,308,https://www.expatcopilot.com/netherlands,no,1,no,yes,no,P1,SITEMAP_URL_REDIRECTS (sitemap loc returns 3xx before content)
https://www.expatcopilot.com/cookies/,308,https://www.expatcopilot.com/cookies/,308,https://www.expatcopilot.com/cookies,no,1,yes,yes,no,P1,SITEMAP_URL_REDIRECTS (sitemap loc returns 3xx before content); og:url path differs from canonical
https://www.expatcopilot.com/about/,308,https://www.expatcopilot.com/about/,308,https://www.expatcopilot.com/about,no,1,yes,yes,no,P1,SITEMAP_URL_REDIRECTS (sitemap loc returns 3xx before content)
https://www.expatcopilot.com/contact/,308,https://www.expatcopilot.com/contact/,308,https://www.expatcopilot.com/contact,no,1,yes,yes,no,P1,SITEMAP_URL_REDIRECTS (sitemap loc returns 3xx before content); og:url path differs from canonical
https://www.expatcopilot.com/affiliate-disclosure/,308,https://www.expatcopilot.com/affiliate-disclosure/,308,https://www.expatcopilot.com/affiliate-disclosure,no,1,yes,yes,no,P1,SITEMAP_URL_REDIRECTS (sitemap loc returns 3xx before content); og:url path differs from canonical
https://www.expatcopilot.com/disclaimer/,308,https://www.expatcopilot.com/disclaimer/,308,https://www.expatcopilot.com/disclaimer,no,1,yes,yes,no,P1,SITEMAP_URL_REDIRECTS (sitemap loc returns 3xx before content); og:url path differs from canonical
https://www.expatcopilot.com/editorial-policy,200,https://www.expatcopilot.com/editorial-policy/,308,https://www.expatcopilot.com/editorial-policy,no,0,yes,yes,no,P2,CANONICAL_POINTS_TO_TRAILING_SLASH_URL_THAT_308S_TO_NON_SLASH; 200 response URL is non-slash while canonical/sitemap use trailing slash; og:url path differs from canonical
https://www.expatcopilot.com/how-this-site-works,200,https://www.expatcopilot.com/how-this-site-works/,308,https://www.expatcopilot.com/how-this-site-works,no,0,yes,yes,no,P2,CANONICAL_POINTS_TO_TRAILING_SLASH_URL_THAT_308S_TO_NON_SLASH; 200 response URL is non-slash while canonical/sitemap use trailing slash; og:url path differs from canonical
https://www.expatcopilot.com/how-we-rank-services,200,https://www.expatcopilot.com/how-we-rank-services/,308,https://www.expatcopilot.com/how-we-rank-services,no,0,yes,yes,no,P2,CANONICAL_POINTS_TO_TRAILING_SLASH_URL_THAT_308S_TO_NON_SLASH; 200 response URL is non-slash while canonical/sitemap use trailing slash; og:url path differs from canonical
https://www.expatcopilot.com/netherlands,200,https://www.expatcopilot.com/netherlands/,308,https://www.expatcopilot.com/netherlands,no,0,yes,yes,no,P2,CANONICAL_POINTS_TO_TRAILING_SLASH_URL_THAT_308S_TO_NON_SLASH; 200 response URL is non-slash while canonical/sitemap use trailing slash; breadcrumb page URL slash/form differs from canonical
https://www.expatcopilot.com/methodology,200,https://www.expatcopilot.com/methodology/,308,https://www.expatcopilot.com/methodology,no,0,yes,yes,no,P2,CANONICAL_POINTS_TO_TRAILING_SLASH_URL_THAT_308S_TO_NON_SLASH; 200 response URL is non-slash while canonical/sitemap use trailing slash; og:url path differs from canonical
https://www.expatcopilot.com/how-we-rank-services/,308,https://www.expatcopilot.com/how-we-rank-services/,308,https://www.expatcopilot.com/how-we-rank-services,no,1,yes,yes,no,P1,SITEMAP_URL_REDIRECTS (sitemap loc returns 3xx before content); og:url path differs from canonical
https://www.expatcopilot.com/how-this-site-works/,308,https://www.expatcopilot.com/how-this-site-works/,308,https://www.expatcopilot.com/how-this-site-works,no,1,yes,yes,no,P1,SITEMAP_URL_REDIRECTS (sitemap loc returns 3xx before content); og:url path differs from canonical
https://www.expatcopilot.com/methodology/,308,https://www.expatcopilot.com/methodology/,308,https://www.expatcopilot.com/methodology,no,1,yes,yes,no,P1,SITEMAP_URL_REDIRECTS (sitemap loc returns 3xx before content); og:url path differs from canonical
https://www.expatcopilot.com/netherlands/,308,https://www.expatcopilot.com/netherlands/,308,https://www.expatcopilot.com/netherlands,no,1,yes,yes,no,P1,SITEMAP_URL_REDIRECTS (sitemap loc returns 3xx before content); breadcrumb page URL slash/form differs from canonical
https://www.expatcopilot.com/netherlands/after-arriving-netherlands,200,https://www.expatcopilot.com/netherlands/after-arriving-netherlands/,308,https://www.expatcopilot.com/netherlands/after-arriving-netherlands,no,0,yes,yes,no,P2,CANONICAL_POINTS_TO_TRAILING_SLASH_URL_THAT_308S_TO_NON_SLASH; 200 response URL is non-slash while canonical/sitemap use trailing slash
https://www.expatcopilot.com/netherlands/amstelveen,200,https://www.expatcopilot.com/netherlands/amstelveen/,308,https://www.expatcopilot.com/netherlands/amstelveen,no,0,yes,yes,no,P2,CANONICAL_POINTS_TO_TRAILING_SLASH_URL_THAT_308S_TO_NON_SLASH; 200 response URL is non-slash while canonical/sitemap use trailing slash
https://www.expatcopilot.com/netherlands/amsterdam,200,https://www.expatcopilot.com/netherlands/amsterdam/,308,https://www.expatcopilot.com/netherlands/amsterdam,no,0,yes,yes,no,P2,CANONICAL_POINTS_TO_TRAILING_SLASH_URL_THAT_308S_TO_NON_SLASH; 200 response URL is non-slash while canonical/sitemap use trailing slash
https://www.expatcopilot.com/netherlands/amsterdam/,308,https://www.expatcopilot.com/netherlands/amsterdam/,308,https://www.expatcopilot.com/netherlands/amsterdam,no,1,yes,yes,no,P1,SITEMAP_URL_REDIRECTS (sitemap loc returns 3xx before content)
https://www.expatcopilot.com/netherlands/apostille-documents-netherlands,200,https://www.expatcopilot.com/netherlands/apostille-documents-netherlands/,308,https://www.expatcopilot.com/netherlands/apostille-documents-netherlands,no,0,yes,yes,no,P2,CANONICAL_POINTS_TO_TRAILING_SLASH_URL_THAT_308S_TO_NON_SLASH; 200 response URL is non-slash while canonical/sitemap use trailing slash
https://www.expatcopilot.com/netherlands/amstelveen/,308,https://www.expatcopilot.com/netherlands/amstelveen/,308,https://www.expatcopilot.com/netherlands/amstelveen,no,1,yes,yes,no,P1,SITEMAP_URL_REDIRECTS (sitemap loc returns 3xx before content)
https://www.expatcopilot.com/netherlands/breda,200,https://www.expatcopilot.com/netherlands/breda/,308,https://www.expatcopilot.com/netherlands/breda,no,0,yes,yes,no,P2,CANONICAL_POINTS_TO_TRAILING_SLASH_URL_THAT_308S_TO_NON_SLASH; 200 response URL is non-slash while canonical/sitemap use trailing slash
https://www.expatcopilot.com/netherlands/bringing-pets-to-netherlands,200,https://www.expatcopilot.com/netherlands/bringing-pets-to-netherlands/,308,https://www.expatcopilot.com/netherlands/bringing-pets-to-netherlands,no,0,yes,yes,no,P2,CANONICAL_POINTS_TO_TRAILING_SLASH_URL_THAT_308S_TO_NON_SLASH; 200 response URL is non-slash while canonical/sitemap use trailing slash
https://www.expatcopilot.com/netherlands/bringing-pets-to-netherlands/,308,https://www.expatcopilot.com/netherlands/bringing-pets-to-netherlands/,308,https://www.expatcopilot.com/netherlands/bringing-pets-to-netherlands,no,1,yes,yes,no,P1,SITEMAP_URL_REDIRECTS (sitemap loc returns 3xx before content)
https://www.expatcopilot.com/netherlands/apostille-documents-netherlands/,308,https://www.expatcopilot.com/netherlands/apostille-documents-netherlands/,308,https://www.expatcopilot.com/netherlands/apostille-documents-netherlands,no,1,yes,yes,no,P1,SITEMAP_URL_REDIRECTS (sitemap loc returns 3xx before content)
https://www.expatcopilot.com/netherlands/arnhem/,308,https://www.expatcopilot.com/netherlands/arnhem/,308,https://www.expatcopilot.com/netherlands/arnhem,no,1,yes,yes,no,P1,SITEMAP_URL_REDIRECTS (sitemap loc returns 3xx before content)
https://www.expatcopilot.com/netherlands/after-arriving-netherlands/,308,https://www.expatcopilot.com/netherlands/after-arriving-netherlands/,308,https://www.expatcopilot.com/netherlands/after-arriving-netherlands,no,1,yes,yes,no,P1,SITEMAP_URL_REDIRECTS (sitemap loc returns 3xx before content)
https://www.expatcopilot.com/netherlands/breda/,308,https://www.expatcopilot.com/netherlands/breda/,308,https://www.expatcopilot.com/netherlands/breda,no,1,yes,yes,no,P1,SITEMAP_URL_REDIRECTS (sitemap loc returns 3xx before content)
https://www.expatcopilot.com/netherlands/bsn-registration,200,https://www.expatcopilot.com/netherlands/bsn-registration/,308,https://www.expatcopilot.com/netherlands/bsn-registration,no,0,yes,yes,no,P2,CANONICAL_POINTS_TO_TRAILING_SLASH_URL_THAT_308S_TO_NON_SLASH; 200 response URL is non-slash while canonical/sitemap use trailing slash
https://www.expatcopilot.com/netherlands/bsn-registration/,308,https://www.expatcopilot.com/netherlands/bsn-registration/,308,https://www.expatcopilot.com/netherlands/bsn-registration,no,1,yes,yes,no,P1,SITEMAP_URL_REDIRECTS (sitemap loc returns 3xx before content)
https://www.expatcopilot.com/netherlands/arnhem,200,https://www.expatcopilot.com/netherlands/arnhem/,308,https://www.expatcopilot.com/netherlands/arnhem,no,0,yes,yes,no,P2,CANONICAL_POINTS_TO_TRAILING_SLASH_URL_THAT_308S_TO_NON_SLASH; 200 response URL is non-slash while canonical/sitemap use trailing slash
https://www.expatcopilot.com/netherlands/business/zzp-netherlands,200,https://www.expatcopilot.com/netherlands/business/zzp-netherlands/,308,https://www.expatcopilot.com/netherlands/business/zzp-netherlands,no,0,yes,yes,no,P2,CANONICAL_POINTS_TO_TRAILING_SLASH_URL_THAT_308S_TO_NON_SLASH; 200 response URL is non-slash while canonical/sitemap use trailing slash
https://www.expatcopilot.com/netherlands/cities/amsterdam-vs-rotterdam,200,https://www.expatcopilot.com/netherlands/cities/amsterdam-vs-rotterdam/,308,https://www.expatcopilot.com/netherlands/cities/amsterdam-vs-rotterdam,no,0,yes,yes,no,P2,CANONICAL_POINTS_TO_TRAILING_SLASH_URL_THAT_308S_TO_NON_SLASH; 200 response URL is non-slash while canonical/sitemap use trailing slash
https://www.expatcopilot.com/netherlands/business/zzp-netherlands/,308,https://www.expatcopilot.com/netherlands/business/zzp-netherlands/,308,https://www.expatcopilot.com/netherlands/business/zzp-netherlands,no,1,yes,yes,no,P1,SITEMAP_URL_REDIRECTS (sitemap loc returns 3xx before content)
https://www.expatcopilot.com/netherlands/cities/amsterdam-vs-rotterdam/,308,https://www.expatcopilot.com/netherlands/cities/amsterdam-vs-rotterdam/,308,https://www.expatcopilot.com/netherlands/cities/amsterdam-vs-rotterdam,no,1,yes,yes,no,P1,SITEMAP_URL_REDIRECTS (sitemap loc returns 3xx before content)
https://www.expatcopilot.com/netherlands/cities,200,https://www.expatcopilot.com/netherlands/cities/,308,https://www.expatcopilot.com/netherlands/cities,no,0,yes,yes,no,P2,CANONICAL_POINTS_TO_TRAILING_SLASH_URL_THAT_308S_TO_NON_SLASH; 200 response URL is non-slash while canonical/sitemap use trailing slash
https://www.expatcopilot.com/netherlands/cities/best-cities-for-expats/,308,https://www.expatcopilot.com/netherlands/cities/best-cities-for-expats/,308,https://www.expatcopilot.com/netherlands/cities/best-cities-for-expats,no,1,yes,yes,no,P1,SITEMAP_URL_REDIRECTS (sitemap loc returns 3xx before content)
https://www.expatcopilot.com/netherlands/business/starting-a-business-netherlands/,308,https://www.expatcopilot.com/netherlands/business/starting-a-business-netherlands/,308,https://www.expatcopilot.com/netherlands/business/starting-a-business-netherlands,no,1,yes,yes,no,P1,SITEMAP_URL_REDIRECTS (sitemap loc returns 3xx before content)
https://www.expatcopilot.com/netherlands/cities/best-cities-for-families,200,https://www.expatcopilot.com/netherlands/cities/best-cities-for-families/,308,https://www.expatcopilot.com/netherlands/cities/best-cities-for-families,no,0,yes,yes,no,P2,CANONICAL_POINTS_TO_TRAILING_SLASH_URL_THAT_308S_TO_NON_SLASH; 200 response URL is non-slash while canonical/sitemap use trailing slash
https://www.expatcopilot.com/netherlands/cities/best-cities-for-families/,308,https://www.expatcopilot.com/netherlands/cities/best-cities-for-families/,308,https://www.expatcopilot.com/netherlands/cities/best-cities-for-families,no,1,yes,yes,no,P1,SITEMAP_URL_REDIRECTS (sitemap loc returns 3xx before content)
https://www.expatcopilot.com/netherlands/cities/best-cities-for-expats,200,https://www.expatcopilot.com/netherlands/cities/best-cities-for-expats/,308,https://www.expatcopilot.com/netherlands/cities/best-cities-for-expats,no,0,yes,yes,no,P2,CANONICAL_POINTS_TO_TRAILING_SLASH_URL_THAT_308S_TO_NON_SLASH; 200 response URL is non-slash while canonical/sitemap use trailing slash
https://www.expatcopilot.com/netherlands/cities/,308,https://www.expatcopilot.com/netherlands/cities/,308,https://www.expatcopilot.com/netherlands/cities,no,1,yes,yes,no,P1,SITEMAP_URL_REDIRECTS (sitemap loc returns 3xx before content)
https://www.expatcopilot.com/netherlands/cities/best-cities-for-international-professionals,200,https://www.expatcopilot.com/netherlands/cities/best-cities-for-international-professionals/,308,https://www.expatcopilot.com/netherlands/cities/best-cities-for-international-professionals,no,0,yes,yes,no,P2,CANONICAL_POINTS_TO_TRAILING_SLASH_URL_THAT_308S_TO_NON_SLASH; 200 response URL is non-slash while canonical/sitemap use trailing slash
https://www.expatcopilot.com/netherlands/cities/compare/,308,https://www.expatcopilot.com/netherlands/cities/compare/,308,https://www.expatcopilot.com/netherlands/cities/compare,no,1,yes,yes,no,P1,SITEMAP_URL_REDIRECTS (sitemap loc returns 3xx before content)
https://www.expatcopilot.com/netherlands/cities/best-cities-for-international-professionals/,308,https://www.expatcopilot.com/netherlands/cities/best-cities-for-international-professionals/,308,https://www.expatcopilot.com/netherlands/cities/best-cities-for-international-professionals,no,1,yes,yes,no,P1,SITEMAP_URL_REDIRECTS (sitemap loc returns 3xx before content)
https://www.expatcopilot.com/netherlands/citizenship/dutch-citizenship,200,https://www.expatcopilot.com/netherlands/citizenship/dutch-citizenship/,308,https://www.expatcopilot.com/netherlands/citizenship/dutch-citizenship,no,0,yes,yes,no,P2,CANONICAL_POINTS_TO_TRAILING_SLASH_URL_THAT_308S_TO_NON_SLASH; 200 response URL is non-slash while canonical/sitemap use trailing slash
https://www.expatcopilot.com/netherlands/cities/cheapest-cities-for-expats,200,https://www.expatcopilot.com/netherlands/cities/cheapest-cities-for-expats/,308,https://www.expatcopilot.com/netherlands/cities/cheapest-cities-for-expats,no,0,yes,yes,no,P2,CANONICAL_POINTS_TO_TRAILING_SLASH_URL_THAT_308S_TO_NON_SLASH; 200 response URL is non-slash while canonical/sitemap use trailing slash
https://www.expatcopilot.com/netherlands/citizenship/dutch-citizenship/,308,https://www.expatcopilot.com/netherlands/citizenship/dutch-citizenship/,308,https://www.expatcopilot.com/netherlands/citizenship/dutch-citizenship,no,1,yes,yes,no,P1,SITEMAP_URL_REDIRECTS (sitemap loc returns 3xx before content)
https://www.expatcopilot.com/netherlands/business/starting-a-business-netherlands,200,https://www.expatcopilot.com/netherlands/business/starting-a-business-netherlands/,308,https://www.expatcopilot.com/netherlands/business/starting-a-business-netherlands,no,0,yes,yes,no,P2,CANONICAL_POINTS_TO_TRAILING_SLASH_URL_THAT_308S_TO_NON_SLASH; 200 response URL is non-slash while canonical/sitemap use trailing slash
https://www.expatcopilot.com/netherlands/citizenship/tools,200,https://www.expatcopilot.com/netherlands/citizenship/tools/,308,https://www.expatcopilot.com/netherlands/citizenship/tools,no,0,yes,yes,no,P2,CANONICAL_POINTS_TO_TRAILING_SLASH_URL_THAT_308S_TO_NON_SLASH; 200 response URL is non-slash while canonical/sitemap use trailing slash
https://www.expatcopilot.com/netherlands/cities/compare,200,https://www.expatcopilot.com/netherlands/cities/compare/,308,https://www.expatcopilot.com/netherlands/cities/compare,no,0,yes,yes,no,P2,CANONICAL_POINTS_TO_TRAILING_SLASH_URL_THAT_308S_TO_NON_SLASH; 200 response URL is non-slash while canonical/sitemap use trailing slash
https://www.expatcopilot.com/netherlands/citizenship/permanent-residence,200,https://www.expatcopilot.com/netherlands/citizenship/permanent-residence/,308,https://www.expatcopilot.com/netherlands/citizenship/permanent-residence,no,0,yes,yes,no,P2,CANONICAL_POINTS_TO_TRAILING_SLASH_URL_THAT_308S_TO_NON_SLASH; 200 response URL is non-slash while canonical/sitemap use trailing slash
https://www.expatcopilot.com/netherlands/citizenship/tools/,308,https://www.expatcopilot.com/netherlands/citizenship/tools/,308,https://www.expatcopilot.com/netherlands/citizenship/tools,no,1,yes,yes,no,P1,SITEMAP_URL_REDIRECTS (sitemap loc returns 3xx before content)
https://www.expatcopilot.com/netherlands/citizenship/permanent-residence/,308,https://www.expatcopilot.com/netherlands/citizenship/permanent-residence/,308,https://www.expatcopilot.com/netherlands/citizenship/permanent-residence,no,1,yes,yes,no,P1,SITEMAP_URL_REDIRECTS (sitemap loc returns 3xx before content)
https://www.expatcopilot.com/netherlands/citizenship/tools/dual-citizenship-awareness-tool,200,https://www.expatcopilot.com/netherlands/citizenship/tools/dual-citizenship-awareness-tool/,308,https://www.expatcopilot.com/netherlands/citizenship/tools/dual-citizenship-awareness-tool,no,0,yes,yes,no,P2,CANONICAL_POINTS_TO_TRAILING_SLASH_URL_THAT_308S_TO_NON_SLASH; 200 response URL is non-slash while canonical/sitemap use trailing slash
https://www.expatcopilot.com/netherlands/cities/cheapest-cities-for-expats/,308,https://www.expatcopilot.com/netherlands/cities/cheapest-cities-for-expats/,308,https://www.expatcopilot.com/netherlands/cities/cheapest-cities-for-expats,no,1,yes,yes,no,P1,SITEMAP_URL_REDIRECTS (sitemap loc returns 3xx before content)
https://www.expatcopilot.com/netherlands/citizenship/tools/dutch-citizenship-timeline-calculator,200,https://www.expatcopilot.com/netherlands/citizenship/tools/dutch-citizenship-timeline-calculator/,308,https://www.expatcopilot.com/netherlands/citizenship/tools/dutch-citizenship-timeline-calculator,no,0,yes,yes,no,P2,CANONICAL_POINTS_TO_TRAILING_SLASH_URL_THAT_308S_TO_NON_SLASH; 200 response URL is non-slash while canonical/sitemap use trailing slash
https://www.expatcopilot.com/netherlands/citizenship/tools/dutch-citizenship-timeline-calculator/,308,https://www.expatcopilot.com/netherlands/citizenship/tools/dutch-citizenship-timeline-calculator/,308,https://www.expatcopilot.com/netherlands/citizenship/tools/dutch-citizenship-timeline-calculator,no,1,yes,yes,no,P1,SITEMAP_URL_REDIRECTS (sitemap loc returns 3xx before content)
https://www.expatcopilot.com/netherlands/citizenship/tools/dual-citizenship-awareness-tool/,308,https://www.expatcopilot.com/netherlands/citizenship/tools/dual-citizenship-awareness-tool/,308,https://www.expatcopilot.com/netherlands/citizenship/tools/dual-citizenship-awareness-tool,no,1,yes,yes,no,P1,SITEMAP_URL_REDIRECTS (sitemap loc returns 3xx before content)
https://www.expatcopilot.com/netherlands/culture/dutch-language-basics,200,https://www.expatcopilot.com/netherlands/culture/dutch-language-basics/,308,https://www.expatcopilot.com/netherlands/culture/dutch-language-basics,no,0,yes,yes,no,P2,CANONICAL_POINTS_TO_TRAILING_SLASH_URL_THAT_308S_TO_NON_SLASH; 200 response URL is non-slash while canonical/sitemap use trailing slash
https://www.expatcopilot.com/netherlands/culture,200,https://www.expatcopilot.com/netherlands/culture/,308,https://www.expatcopilot.com/netherlands/culture,no,0,yes,yes,no,P2,CANONICAL_POINTS_TO_TRAILING_SLASH_URL_THAT_308S_TO_NON_SLASH; 200 response URL is non-slash while canonical/sitemap use trailing slash
https://www.expatcopilot.com/netherlands/culture/dutch-language-basics/,308,https://www.expatcopilot.com/netherlands/culture/dutch-language-basics/,308,https://www.expatcopilot.com/netherlands/culture/dutch-language-basics,no,1,yes,yes,no,P1,SITEMAP_URL_REDIRECTS (sitemap loc returns 3xx before content)
https://www.expatcopilot.com/netherlands/citizenship/tools/permanent-residence-eligibility-calculator/,308,https://www.expatcopilot.com/netherlands/citizenship/tools/permanent-residence-eligibility-calculator/,308,https://www.expatcopilot.com/netherlands/citizenship/tools/permanent-residence-eligibility-calculator,no,1,yes,yes,no,P1,SITEMAP_URL_REDIRECTS (sitemap loc returns 3xx before content)
https://www.expatcopilot.com/netherlands/culture/communication-style,200,https://www.expatcopilot.com/netherlands/culture/communication-style/,308,https://www.expatcopilot.com/netherlands/culture/communication-style,no,0,yes,unknown,no,P2,CANONICAL_POINTS_TO_TRAILING_SLASH_URL_THAT_308S_TO_NON_SLASH; 200 response URL is non-slash while canonical/sitemap use trailing slash
https://www.expatcopilot.com/netherlands/culture/dutch-social-calendar,200,https://www.expatcopilot.com/netherlands/culture/dutch-social-calendar/,308,https://www.expatcopilot.com/netherlands/culture/dutch-social-calendar,no,0,yes,yes,no,P2,CANONICAL_POINTS_TO_TRAILING_SLASH_URL_THAT_308S_TO_NON_SLASH; 200 response URL is non-slash while canonical/sitemap use trailing slash
https://www.expatcopilot.com/netherlands/culture/dutch-social-calendar/,308,https://www.expatcopilot.com/netherlands/culture/dutch-social-calendar/,308,https://www.expatcopilot.com/netherlands/culture/dutch-social-calendar,no,1,yes,yes,no,P1,SITEMAP_URL_REDIRECTS (sitemap loc returns 3xx before content)
https://www.expatcopilot.com/netherlands/culture/communication-style/,308,https://www.expatcopilot.com/netherlands/culture/communication-style/,308,https://www.expatcopilot.com/netherlands/culture/communication-style,no,1,yes,unknown,no,P1,SITEMAP_URL_REDIRECTS (sitemap loc returns 3xx before content)
https://www.expatcopilot.com/netherlands/culture/dutch-traditions,200,https://www.expatcopilot.com/netherlands/culture/dutch-traditions/,308,https://www.expatcopilot.com/netherlands/culture/dutch-traditions,no,0,yes,yes,no,P2,CANONICAL_POINTS_TO_TRAILING_SLASH_URL_THAT_308S_TO_NON_SLASH; 200 response URL is non-slash while canonical/sitemap use trailing slash
https://www.expatcopilot.com/netherlands/culture/,308,https://www.expatcopilot.com/netherlands/culture/,308,https://www.expatcopilot.com/netherlands/culture,no,1,yes,yes,no,P1,SITEMAP_URL_REDIRECTS (sitemap loc returns 3xx before content)
https://www.expatcopilot.com/netherlands/culture/dutch-traditions/,308,https://www.expatcopilot.com/netherlands/culture/dutch-traditions/,308,https://www.expatcopilot.com/netherlands/culture/dutch-traditions,no,1,yes,yes,no,P1,SITEMAP_URL_REDIRECTS (sitemap loc returns 3xx before content)
https://www.expatcopilot.com/netherlands/culture/family-and-school-culture,200,https://www.expatcopilot.com/netherlands/culture/family-and-school-culture/,308,https://www.expatcopilot.com/netherlands/culture/family-and-school-culture,no,0,yes,yes,no,P2,CANONICAL_POINTS_TO_TRAILING_SLASH_URL_THAT_308S_TO_NON_SLASH; 200 response URL is non-slash while canonical/sitemap use trailing slash
https://www.expatcopilot.com/netherlands/culture/family-and-school-culture/,308,https://www.expatcopilot.com/netherlands/culture/family-and-school-culture/,308,https://www.expatcopilot.com/netherlands/culture/family-and-school-culture,no,1,yes,yes,no,P1,SITEMAP_URL_REDIRECTS (sitemap loc returns 3xx before content)
https://www.expatcopilot.com/netherlands/culture/health-system-culture-basics,200,https://www.expatcopilot.com/netherlands/culture/health-system-culture-basics/,308,https://www.expatcopilot.com/netherlands/culture/health-system-culture-basics,no,0,yes,yes,no,P2,CANONICAL_POINTS_TO_TRAILING_SLASH_URL_THAT_308S_TO_NON_SLASH; 200 response URL is non-slash while canonical/sitemap use trailing slash
https://www.expatcopilot.com/netherlands/citizenship/tools/permanent-residence-eligibility-calculator,200,https://www.expatcopilot.com/netherlands/citizenship/tools/permanent-residence-eligibility-calculator/,308,https://www.expatcopilot.com/netherlands/citizenship/tools/permanent-residence-eligibility-calculator,no,0,yes,yes,no,P2,CANONICAL_POINTS_TO_TRAILING_SLASH_URL_THAT_308S_TO_NON_SLASH; 200 response URL is non-slash while canonical/sitemap use trailing slash
https://www.expatcopilot.com/netherlands/culture/invitations-and-planning,200,https://www.expatcopilot.com/netherlands/culture/invitations-and-planning/,308,https://www.expatcopilot.com/netherlands/culture/invitations-and-planning,no,0,yes,yes,no,P2,CANONICAL_POINTS_TO_TRAILING_SLASH_URL_THAT_308S_TO_NON_SLASH; 200 response URL is non-slash while canonical/sitemap use trailing slash
https://www.expatcopilot.com/netherlands/culture/kings-day,200,https://www.expatcopilot.com/netherlands/culture/kings-day/,308,https://www.expatcopilot.com/netherlands/culture/kings-day,no,0,yes,yes,no,P2,CANONICAL_POINTS_TO_TRAILING_SLASH_URL_THAT_308S_TO_NON_SLASH; 200 response URL is non-slash while canonical/sitemap use trailing slash
https://www.expatcopilot.com/netherlands/culture/hierarchy-and-flatness/,308,https://www.expatcopilot.com/netherlands/culture/hierarchy-and-flatness/,308,https://www.expatcopilot.com/netherlands/culture/hierarchy-and-flatness,no,1,yes,yes,no,P1,SITEMAP_URL_REDIRECTS (sitemap loc returns 3xx before content)
https://www.expatcopilot.com/netherlands/culture/health-system-culture-basics/,308,https://www.expatcopilot.com/netherlands/culture/health-system-culture-basics/,308,https://www.expatcopilot.com/netherlands/culture/health-system-culture-basics,no,1,yes,yes,no,P1,SITEMAP_URL_REDIRECTS (sitemap loc returns 3xx before content)
https://www.expatcopilot.com/netherlands/culture/kings-day/,308,https://www.expatcopilot.com/netherlands/culture/kings-day/,308,https://www.expatcopilot.com/netherlands/culture/kings-day,no,1,yes,yes,no,P1,SITEMAP_URL_REDIRECTS (sitemap loc returns 3xx before content)
https://www.expatcopilot.com/netherlands/culture/invitations-and-planning/,308,https://www.expatcopilot.com/netherlands/culture/invitations-and-planning/,308,https://www.expatcopilot.com/netherlands/culture/invitations-and-planning,no,1,yes,yes,no,P1,SITEMAP_URL_REDIRECTS (sitemap loc returns 3xx before content)
https://www.expatcopilot.com/netherlands/culture/learning-dutch,200,https://www.expatcopilot.com/netherlands/culture/learning-dutch/,308,https://www.expatcopilot.com/netherlands/culture/learning-dutch,no,0,yes,yes,no,P2,CANONICAL_POINTS_TO_TRAILING_SLASH_URL_THAT_308S_TO_NON_SLASH; 200 response URL is non-slash while canonical/sitemap use trailing slash
https://www.expatcopilot.com/netherlands/culture/learning-dutch/,308,https://www.expatcopilot.com/netherlands/culture/learning-dutch/,308,https://www.expatcopilot.com/netherlands/culture/learning-dutch,no,1,yes,yes,no,P1,SITEMAP_URL_REDIRECTS (sitemap loc returns 3xx before content)
https://www.expatcopilot.com/netherlands/culture/meetings-and-consensus,200,https://www.expatcopilot.com/netherlands/culture/meetings-and-consensus/,308,https://www.expatcopilot.com/netherlands/culture/meetings-and-consensus,no,0,yes,yes,no,P2,CANONICAL_POINTS_TO_TRAILING_SLASH_URL_THAT_308S_TO_NON_SLASH; 200 response URL is non-slash while canonical/sitemap use trailing slash
https://www.expatcopilot.com/netherlands/culture/national-holidays,200,https://www.expatcopilot.com/netherlands/culture/national-holidays/,308,https://www.expatcopilot.com/netherlands/culture/national-holidays,no,0,yes,yes,no,P2,CANONICAL_POINTS_TO_TRAILING_SLASH_URL_THAT_308S_TO_NON_SLASH; 200 response URL is non-slash while canonical/sitemap use trailing slash
https://www.expatcopilot.com/netherlands/culture/meetings-and-consensus/,308,https://www.expatcopilot.com/netherlands/culture/meetings-and-consensus/,308,https://www.expatcopilot.com/netherlands/culture/meetings-and-consensus,no,1,yes,yes,no,P1,SITEMAP_URL_REDIRECTS (sitemap loc returns 3xx before content)
https://www.expatcopilot.com/netherlands/culture/practice-scenarios,200,https://www.expatcopilot.com/netherlands/culture/practice-scenarios/,308,https://www.expatcopilot.com/netherlands/culture/practice-scenarios,no,0,yes,yes,no,P2,CANONICAL_POINTS_TO_TRAILING_SLASH_URL_THAT_308S_TO_NON_SLASH; 200 response URL is non-slash while canonical/sitemap use trailing slash
https://www.expatcopilot.com/netherlands/culture/national-holidays/,308,https://www.expatcopilot.com/netherlands/culture/national-holidays/,308,https://www.expatcopilot.com/netherlands/culture/national-holidays,no,1,yes,yes,no,P1,SITEMAP_URL_REDIRECTS (sitemap loc returns 3xx before content)
https://www.expatcopilot.com/netherlands/culture/practice-scenarios/,308,https://www.expatcopilot.com/netherlands/culture/practice-scenarios/,308,https://www.expatcopilot.com/netherlands/culture/practice-scenarios,no,1,yes,yes,no,P1,SITEMAP_URL_REDIRECTS (sitemap loc returns 3xx before content)
https://www.expatcopilot.com/netherlands/culture/sinterklaas,200,https://www.expatcopilot.com/netherlands/culture/sinterklaas/,308,https://www.expatcopilot.com/netherlands/culture/sinterklaas,no,0,yes,unknown,no,P2,CANONICAL_POINTS_TO_TRAILING_SLASH_URL_THAT_308S_TO_NON_SLASH; 200 response URL is non-slash while canonical/sitemap use trailing slash
https://www.expatcopilot.com/netherlands/culture/time-and-boundaries,200,https://www.expatcopilot.com/netherlands/culture/time-and-boundaries/,308,https://www.expatcopilot.com/netherlands/culture/time-and-boundaries,no,0,yes,yes,no,P2,CANONICAL_POINTS_TO_TRAILING_SLASH_URL_THAT_308S_TO_NON_SLASH; 200 response URL is non-slash while canonical/sitemap use trailing slash
https://www.expatcopilot.com/netherlands/culture/sinterklaas/,308,https://www.expatcopilot.com/netherlands/culture/sinterklaas/,308,https://www.expatcopilot.com/netherlands/culture/sinterklaas,no,1,yes,unknown,no,P1,SITEMAP_URL_REDIRECTS (sitemap loc returns 3xx before content)
https://www.expatcopilot.com/netherlands/culture/hierarchy-and-flatness,200,https://www.expatcopilot.com/netherlands/culture/hierarchy-and-flatness/,308,https://www.expatcopilot.com/netherlands/culture/hierarchy-and-flatness,no,0,yes,yes,no,P2,CANONICAL_POINTS_TO_TRAILING_SLASH_URL_THAT_308S_TO_NON_SLASH; 200 response URL is non-slash while canonical/sitemap use trailing slash
https://www.expatcopilot.com/netherlands/culture/what-feels-normal-in-dutch-daily-life/,308,https://www.expatcopilot.com/netherlands/culture/what-feels-normal-in-dutch-daily-life/,308,https://www.expatcopilot.com/netherlands/culture/what-feels-normal-in-dutch-daily-life,no,1,yes,unknown,no,P1,SITEMAP_URL_REDIRECTS (sitemap loc returns 3xx before content)
https://www.expatcopilot.com/netherlands/culture/time-and-boundaries/,308,https://www.expatcopilot.com/netherlands/culture/time-and-boundaries/,308,https://www.expatcopilot.com/netherlands/culture/time-and-boundaries,no,1,yes,yes,no,P1,SITEMAP_URL_REDIRECTS (sitemap loc returns 3xx before content)
https://www.expatcopilot.com/netherlands/culture/what-feels-normal-in-dutch-daily-life,200,https://www.expatcopilot.com/netherlands/culture/what-feels-normal-in-dutch-daily-life/,308,https://www.expatcopilot.com/netherlands/culture/what-feels-normal-in-dutch-daily-life,no,0,yes,unknown,no,P2,CANONICAL_POINTS_TO_TRAILING_SLASH_URL_THAT_308S_TO_NON_SLASH; 200 response URL is non-slash while canonical/sitemap use trailing slash
https://www.expatcopilot.com/netherlands/culture/written-follow-ups,200,https://www.expatcopilot.com/netherlands/culture/written-follow-ups/,308,https://www.expatcopilot.com/netherlands/culture/written-follow-ups,no,0,yes,yes,no,P2,CANONICAL_POINTS_TO_TRAILING_SLASH_URL_THAT_308S_TO_NON_SLASH; 200 response URL is non-slash while canonical/sitemap use trailing slash
https://www.expatcopilot.com/netherlands/digid-awareness,200,https://www.expatcopilot.com/netherlands/digid-awareness/,308,https://www.expatcopilot.com/netherlands/digid-awareness,no,0,yes,yes,no,P2,CANONICAL_POINTS_TO_TRAILING_SLASH_URL_THAT_308S_TO_NON_SLASH; 200 response URL is non-slash while canonical/sitemap use trailing slash
https://www.expatcopilot.com/netherlands/culture/written-follow-ups/,308,https://www.expatcopilot.com/netherlands/culture/written-follow-ups/,308,https://www.expatcopilot.com/netherlands/culture/written-follow-ups,no,1,yes,yes,no,P1,SITEMAP_URL_REDIRECTS (sitemap loc returns 3xx before content)
https://www.expatcopilot.com/netherlands/digid-awareness/,308,https://www.expatcopilot.com/netherlands/digid-awareness/,308,https://www.expatcopilot.com/netherlands/digid-awareness,no,1,yes,yes,no,P1,SITEMAP_URL_REDIRECTS (sitemap loc returns 3xx before content)
https://www.expatcopilot.com/netherlands/document-translation-netherlands,200,https://www.expatcopilot.com/netherlands/document-translation-netherlands/,308,https://www.expatcopilot.com/netherlands/document-translation-netherlands,no,0,yes,yes,no,P2,CANONICAL_POINTS_TO_TRAILING_SLASH_URL_THAT_308S_TO_NON_SLASH; 200 response URL is non-slash while canonical/sitemap use trailing slash
https://www.expatcopilot.com/netherlands/document-translation-netherlands/,308,https://www.expatcopilot.com/netherlands/document-translation-netherlands/,308,https://www.expatcopilot.com/netherlands/document-translation-netherlands,no,1,yes,yes,no,P1,SITEMAP_URL_REDIRECTS (sitemap loc returns 3xx before content)
https://www.expatcopilot.com/netherlands/delft,200,https://www.expatcopilot.com/netherlands/delft/,308,https://www.expatcopilot.com/netherlands/delft,no,0,yes,yes,no,P2,CANONICAL_POINTS_TO_TRAILING_SLASH_URL_THAT_308S_TO_NON_SLASH; 200 response URL is non-slash while canonical/sitemap use trailing slash
https://www.expatcopilot.com/netherlands/document-legalization-netherlands/,308,https://www.expatcopilot.com/netherlands/document-legalization-netherlands/,308,https://www.expatcopilot.com/netherlands/document-legalization-netherlands,no,1,yes,yes,no,P1,SITEMAP_URL_REDIRECTS (sitemap loc returns 3xx before content)
https://www.expatcopilot.com/netherlands/document-legalization-netherlands,200,https://www.expatcopilot.com/netherlands/document-legalization-netherlands/,308,https://www.expatcopilot.com/netherlands/document-legalization-netherlands,no,0,yes,yes,no,P2,CANONICAL_POINTS_TO_TRAILING_SLASH_URL_THAT_308S_TO_NON_SLASH; 200 response URL is non-slash while canonical/sitemap use trailing slash
https://www.expatcopilot.com/netherlands/education/after-school-care-netherlands/,308,https://www.expatcopilot.com/netherlands/education/after-school-care-netherlands/,308,https://www.expatcopilot.com/netherlands/education/after-school-care-netherlands,no,1,yes,yes,no,P1,SITEMAP_URL_REDIRECTS (sitemap loc returns 3xx before content)
https://www.expatcopilot.com/netherlands/education/after-school-care-netherlands,200,https://www.expatcopilot.com/netherlands/education/after-school-care-netherlands/,308,https://www.expatcopilot.com/netherlands/education/after-school-care-netherlands,no,0,yes,yes,no,P2,CANONICAL_POINTS_TO_TRAILING_SLASH_URL_THAT_308S_TO_NON_SLASH; 200 response URL is non-slash while canonical/sitemap use trailing slash
https://www.expatcopilot.com/netherlands/delft/,308,https://www.expatcopilot.com/netherlands/delft/,308,https://www.expatcopilot.com/netherlands/delft,no,1,yes,yes,no,P1,SITEMAP_URL_REDIRECTS (sitemap loc returns 3xx before content)
https://www.expatcopilot.com/netherlands/document-readiness-checker/,308,https://www.expatcopilot.com/netherlands/document-readiness-checker/,308,https://www.expatcopilot.com/netherlands/document-readiness-checker,no,1,yes,yes,no,P1,SITEMAP_URL_REDIRECTS (sitemap loc returns 3xx before content)
https://www.expatcopilot.com/netherlands/education/before-school-care-netherlands,200,https://www.expatcopilot.com/netherlands/education/before-school-care-netherlands/,308,https://www.expatcopilot.com/netherlands/education/before-school-care-netherlands,no,0,yes,yes,no,P2,CANONICAL_POINTS_TO_TRAILING_SLASH_URL_THAT_308S_TO_NON_SLASH; 200 response URL is non-slash while canonical/sitemap use trailing slash
https://www.expatcopilot.com/netherlands/document-readiness-checker,200,https://www.expatcopilot.com/netherlands/document-readiness-checker/,308,https://www.expatcopilot.com/netherlands/document-readiness-checker,no,0,yes,yes,no,P2,CANONICAL_POINTS_TO_TRAILING_SLASH_URL_THAT_308S_TO_NON_SLASH; 200 response URL is non-slash while canonical/sitemap use trailing slash
https://www.expatcopilot.com/netherlands/education/before-school-care-netherlands/,308,https://www.expatcopilot.com/netherlands/education/before-school-care-netherlands/,308,https://www.expatcopilot.com/netherlands/education/before-school-care-netherlands,no,1,yes,yes,no,P1,SITEMAP_URL_REDIRECTS (sitemap loc returns 3xx before content)
https://www.expatcopilot.com/netherlands/education/daycare-netherlands,200,https://www.expatcopilot.com/netherlands/education/daycare-netherlands/,308,https://www.expatcopilot.com/netherlands/education/daycare-netherlands,no,0,yes,yes,no,P2,CANONICAL_POINTS_TO_TRAILING_SLASH_URL_THAT_308S_TO_NON_SLASH; 200 response URL is non-slash while canonical/sitemap use trailing slash
https://www.expatcopilot.com/netherlands/education/international-schools-netherlands,200,https://www.expatcopilot.com/netherlands/education/international-schools-netherlands/,308,https://www.expatcopilot.com/netherlands/education/international-schools-netherlands,no,0,yes,yes,no,P2,CANONICAL_POINTS_TO_TRAILING_SLASH_URL_THAT_308S_TO_NON_SLASH; 200 response URL is non-slash while canonical/sitemap use trailing slash
https://www.expatcopilot.com/netherlands/education/daycare-netherlands/,308,https://www.expatcopilot.com/netherlands/education/daycare-netherlands/,308,https://www.expatcopilot.com/netherlands/education/daycare-netherlands,no,1,yes,yes,no,P1,SITEMAP_URL_REDIRECTS (sitemap loc returns 3xx before content)
https://www.expatcopilot.com/netherlands/education/dutch-schools-netherlands,200,https://www.expatcopilot.com/netherlands/education/dutch-schools-netherlands/,308,https://www.expatcopilot.com/netherlands/education/dutch-schools-netherlands,no,0,yes,yes,no,P2,CANONICAL_POINTS_TO_TRAILING_SLASH_URL_THAT_308S_TO_NON_SLASH; 200 response URL is non-slash while canonical/sitemap use trailing slash
https://www.expatcopilot.com/netherlands/education/dutch-schools-netherlands/,308,https://www.expatcopilot.com/netherlands/education/dutch-schools-netherlands/,308,https://www.expatcopilot.com/netherlands/education/dutch-schools-netherlands,no,1,yes,yes,no,P1,SITEMAP_URL_REDIRECTS (sitemap loc returns 3xx before content)
https://www.expatcopilot.com/netherlands/education/international-schools-netherlands/,308,https://www.expatcopilot.com/netherlands/education/international-schools-netherlands/,308,https://www.expatcopilot.com/netherlands/education/international-schools-netherlands,no,1,yes,yes,no,P1,SITEMAP_URL_REDIRECTS (sitemap loc returns 3xx before content)
https://www.expatcopilot.com/netherlands/family/child-benefits-netherlands,200,https://www.expatcopilot.com/netherlands/family/child-benefits-netherlands/,308,https://www.expatcopilot.com/netherlands/family/child-benefits-netherlands,no,0,yes,yes,no,P2,CANONICAL_POINTS_TO_TRAILING_SLASH_URL_THAT_308S_TO_NON_SLASH; 200 response URL is non-slash while canonical/sitemap use trailing slash
https://www.expatcopilot.com/netherlands/family/child-benefits-netherlands/,308,https://www.expatcopilot.com/netherlands/family/child-benefits-netherlands/,308,https://www.expatcopilot.com/netherlands/family/child-benefits-netherlands,no,1,yes,yes,no,P1,SITEMAP_URL_REDIRECTS (sitemap loc returns 3xx before content)
https://www.expatcopilot.com/netherlands/family/healthcare-for-children-netherlands,200,https://www.expatcopilot.com/netherlands/family/healthcare-for-children-netherlands/,308,https://www.expatcopilot.com/netherlands/family/healthcare-for-children-netherlands,no,0,yes,yes,no,P2,CANONICAL_POINTS_TO_TRAILING_SLASH_URL_THAT_308S_TO_NON_SLASH; 200 response URL is non-slash while canonical/sitemap use trailing slash
https://www.expatcopilot.com/netherlands/family/healthcare-for-children-netherlands/,308,https://www.expatcopilot.com/netherlands/family/healthcare-for-children-netherlands/,308,https://www.expatcopilot.com/netherlands/family/healthcare-for-children-netherlands,no,1,yes,yes,no,P1,SITEMAP_URL_REDIRECTS (sitemap loc returns 3xx before content)
https://www.expatcopilot.com/netherlands/eindhoven/,308,https://www.expatcopilot.com/netherlands/eindhoven/,308,https://www.expatcopilot.com/netherlands/eindhoven,no,1,yes,yes,no,P1,SITEMAP_URL_REDIRECTS (sitemap loc returns 3xx before content)
https://www.expatcopilot.com/netherlands/eu-vs-non-eu-moving-to-netherlands,200,https://www.expatcopilot.com/netherlands/eu-vs-non-eu-moving-to-netherlands/,308,https://www.expatcopilot.com/netherlands/eu-vs-non-eu-moving-to-netherlands,no,0,yes,yes,no,P2,CANONICAL_POINTS_TO_TRAILING_SLASH_URL_THAT_308S_TO_NON_SLASH; 200 response URL is non-slash while canonical/sitemap use trailing slash
https://www.expatcopilot.com/netherlands/eu-vs-non-eu-moving-to-netherlands/,308,https://www.expatcopilot.com/netherlands/eu-vs-non-eu-moving-to-netherlands/,308,https://www.expatcopilot.com/netherlands/eu-vs-non-eu-moving-to-netherlands,no,1,yes,yes,no,P1,SITEMAP_URL_REDIRECTS (sitemap loc returns 3xx before content)
https://www.expatcopilot.com/netherlands/family/parenting-netherlands/,308,https://www.expatcopilot.com/netherlands/family/parenting-netherlands/,308,https://www.expatcopilot.com/netherlands/family/parenting-netherlands,no,1,yes,yes,no,P1,SITEMAP_URL_REDIRECTS (sitemap loc returns 3xx before content)
https://www.expatcopilot.com/netherlands/family/giving-birth-netherlands,200,https://www.expatcopilot.com/netherlands/family/giving-birth-netherlands/,308,https://www.expatcopilot.com/netherlands/family/giving-birth-netherlands,no,0,yes,yes,no,P2,CANONICAL_POINTS_TO_TRAILING_SLASH_URL_THAT_308S_TO_NON_SLASH; 200 response URL is non-slash while canonical/sitemap use trailing slash
https://www.expatcopilot.com/netherlands/family/parenting-netherlands,200,https://www.expatcopilot.com/netherlands/family/parenting-netherlands/,308,https://www.expatcopilot.com/netherlands/family/parenting-netherlands,no,0,yes,yes,no,P2,CANONICAL_POINTS_TO_TRAILING_SLASH_URL_THAT_308S_TO_NON_SLASH; 200 response URL is non-slash while canonical/sitemap use trailing slash
https://www.expatcopilot.com/netherlands/family/family-activities-netherlands/,308,https://www.expatcopilot.com/netherlands/family/family-activities-netherlands/,308,https://www.expatcopilot.com/netherlands/family/family-activities-netherlands,no,1,yes,yes,no,P1,SITEMAP_URL_REDIRECTS (sitemap loc returns 3xx before content)
https://www.expatcopilot.com/netherlands/family/tools,200,https://www.expatcopilot.com/netherlands/family/tools/,308,https://www.expatcopilot.com/netherlands/family/tools,no,0,yes,yes,no,P2,CANONICAL_POINTS_TO_TRAILING_SLASH_URL_THAT_308S_TO_NON_SLASH; 200 response URL is non-slash while canonical/sitemap use trailing slash
https://www.expatcopilot.com/netherlands/eindhoven,200,https://www.expatcopilot.com/netherlands/eindhoven/,308,https://www.expatcopilot.com/netherlands/eindhoven,no,0,yes,yes,no,P2,CANONICAL_POINTS_TO_TRAILING_SLASH_URL_THAT_308S_TO_NON_SLASH; 200 response URL is non-slash while canonical/sitemap use trailing slash
https://www.expatcopilot.com/netherlands/family/family-activities-netherlands,200,https://www.expatcopilot.com/netherlands/family/family-activities-netherlands/,308,https://www.expatcopilot.com/netherlands/family/family-activities-netherlands,no,0,yes,yes,no,P2,CANONICAL_POINTS_TO_TRAILING_SLASH_URL_THAT_308S_TO_NON_SLASH; 200 response URL is non-slash while canonical/sitemap use trailing slash
https://www.expatcopilot.com/netherlands/family/tools/,308,https://www.expatcopilot.com/netherlands/family/tools/,308,https://www.expatcopilot.com/netherlands/family/tools,no,1,yes,yes,no,P1,SITEMAP_URL_REDIRECTS (sitemap loc returns 3xx before content)
https://www.expatcopilot.com/netherlands/family/giving-birth-netherlands/,308,https://www.expatcopilot.com/netherlands/family/giving-birth-netherlands/,308,https://www.expatcopilot.com/netherlands/family/giving-birth-netherlands,no,1,yes,yes,no,P1,SITEMAP_URL_REDIRECTS (sitemap loc returns 3xx before content)
https://www.expatcopilot.com/netherlands/family/tools/childcare-cost-estimator,200,https://www.expatcopilot.com/netherlands/family/tools/childcare-cost-estimator/,308,https://www.expatcopilot.com/netherlands/family/tools/childcare-cost-estimator,no,0,yes,yes,no,P2,CANONICAL_POINTS_TO_TRAILING_SLASH_URL_THAT_308S_TO_NON_SLASH; 200 response URL is non-slash while canonical/sitemap use trailing slash
https://www.expatcopilot.com/netherlands/family/pets-netherlands/,308,https://www.expatcopilot.com/netherlands/family/pets-netherlands/,308,https://www.expatcopilot.com/netherlands/family/pets-netherlands,no,1,yes,yes,no,P1,SITEMAP_URL_REDIRECTS (sitemap loc returns 3xx before content)
https://www.expatcopilot.com/netherlands/family/pregnancy-netherlands/,308,https://www.expatcopilot.com/netherlands/family/pregnancy-netherlands/,308,https://www.expatcopilot.com/netherlands/family/pregnancy-netherlands,no,1,yes,yes,no,P1,SITEMAP_URL_REDIRECTS (sitemap loc returns 3xx before content)
https://www.expatcopilot.com/netherlands/first-30-days-netherlands/,308,https://www.expatcopilot.com/netherlands/first-30-days-netherlands/,308,https://www.expatcopilot.com/netherlands/first-30-days-netherlands,no,1,yes,yes,no,P1,SITEMAP_URL_REDIRECTS (sitemap loc returns 3xx before content)
https://www.expatcopilot.com/netherlands/family/pregnancy-netherlands,200,https://www.expatcopilot.com/netherlands/family/pregnancy-netherlands/,308,https://www.expatcopilot.com/netherlands/family/pregnancy-netherlands,no,0,yes,yes,no,P2,CANONICAL_POINTS_TO_TRAILING_SLASH_URL_THAT_308S_TO_NON_SLASH; 200 response URL is non-slash while canonical/sitemap use trailing slash
https://www.expatcopilot.com/netherlands/first-30-days-netherlands,200,https://www.expatcopilot.com/netherlands/first-30-days-netherlands/,308,https://www.expatcopilot.com/netherlands/first-30-days-netherlands,no,0,yes,yes,no,P2,CANONICAL_POINTS_TO_TRAILING_SLASH_URL_THAT_308S_TO_NON_SLASH; 200 response URL is non-slash while canonical/sitemap use trailing slash
https://www.expatcopilot.com/netherlands/government-services/,308,https://www.expatcopilot.com/netherlands/government-services/,308,https://www.expatcopilot.com/netherlands/government-services,no,1,yes,yes,no,P1,SITEMAP_URL_REDIRECTS (sitemap loc returns 3xx before content)
https://www.expatcopilot.com/netherlands/first-90-days-netherlands,200,https://www.expatcopilot.com/netherlands/first-90-days-netherlands/,308,https://www.expatcopilot.com/netherlands/first-90-days-netherlands,no,0,yes,yes,no,P2,CANONICAL_POINTS_TO_TRAILING_SLASH_URL_THAT_308S_TO_NON_SLASH; 200 response URL is non-slash while canonical/sitemap use trailing slash
https://www.expatcopilot.com/netherlands/first-90-days-netherlands/,308,https://www.expatcopilot.com/netherlands/first-90-days-netherlands/,308,https://www.expatcopilot.com/netherlands/first-90-days-netherlands,no,1,yes,yes,no,P1,SITEMAP_URL_REDIRECTS (sitemap loc returns 3xx before content)
https://www.expatcopilot.com/netherlands/family/tools/childcare-cost-estimator/,308,https://www.expatcopilot.com/netherlands/family/tools/childcare-cost-estimator/,308,https://www.expatcopilot.com/netherlands/family/tools/childcare-cost-estimator,no,1,yes,yes,no,P1,SITEMAP_URL_REDIRECTS (sitemap loc returns 3xx before content)
https://www.expatcopilot.com/netherlands/government-services,200,https://www.expatcopilot.com/netherlands/government-services/,308,https://www.expatcopilot.com/netherlands/government-services,no,0,yes,yes,no,P2,CANONICAL_POINTS_TO_TRAILING_SLASH_URL_THAT_308S_TO_NON_SLASH; 200 response URL is non-slash while canonical/sitemap use trailing slash
https://www.expatcopilot.com/netherlands/first-60-days-netherlands/,308,https://www.expatcopilot.com/netherlands/first-60-days-netherlands/,308,https://www.expatcopilot.com/netherlands/first-60-days-netherlands,no,1,yes,yes,no,P1,SITEMAP_URL_REDIRECTS (sitemap loc returns 3xx before content)
https://www.expatcopilot.com/netherlands/first-60-days-netherlands,200,https://www.expatcopilot.com/netherlands/first-60-days-netherlands/,308,https://www.expatcopilot.com/netherlands/first-60-days-netherlands,no,0,yes,yes,no,P2,CANONICAL_POINTS_TO_TRAILING_SLASH_URL_THAT_308S_TO_NON_SLASH; 200 response URL is non-slash while canonical/sitemap use trailing slash
https://www.expatcopilot.com/netherlands/family/pets-netherlands,200,https://www.expatcopilot.com/netherlands/family/pets-netherlands/,308,https://www.expatcopilot.com/netherlands/family/pets-netherlands,no,0,yes,yes,no,P2,CANONICAL_POINTS_TO_TRAILING_SLASH_URL_THAT_308S_TO_NON_SLASH; 200 response URL is non-slash while canonical/sitemap use trailing slash
https://www.expatcopilot.com/netherlands/groningen/,308,https://www.expatcopilot.com/netherlands/groningen/,308,https://www.expatcopilot.com/netherlands/groningen,no,1,yes,yes,no,P1,SITEMAP_URL_REDIRECTS (sitemap loc returns 3xx before content)
https://www.expatcopilot.com/netherlands/health/dentists-netherlands,200,https://www.expatcopilot.com/netherlands/health/dentists-netherlands/,308,https://www.expatcopilot.com/netherlands/health/dentists-netherlands,no,0,yes,yes,no,P2,CANONICAL_POINTS_TO_TRAILING_SLASH_URL_THAT_308S_TO_NON_SLASH; 200 response URL is non-slash while canonical/sitemap use trailing slash
https://www.expatcopilot.com/netherlands/haarlem,200,https://www.expatcopilot.com/netherlands/haarlem/,308,https://www.expatcopilot.com/netherlands/haarlem,no,0,yes,yes,no,P2,CANONICAL_POINTS_TO_TRAILING_SLASH_URL_THAT_308S_TO_NON_SLASH; 200 response URL is non-slash while canonical/sitemap use trailing slash
https://www.expatcopilot.com/netherlands/health/dentists-netherlands/,308,https://www.expatcopilot.com/netherlands/health/dentists-netherlands/,308,https://www.expatcopilot.com/netherlands/health/dentists-netherlands,no,1,yes,yes,no,P1,SITEMAP_URL_REDIRECTS (sitemap loc returns 3xx before content)
https://www.expatcopilot.com/netherlands/health/emergency-healthcare-netherlands,200,https://www.expatcopilot.com/netherlands/health/emergency-healthcare-netherlands/,308,https://www.expatcopilot.com/netherlands/health/emergency-healthcare-netherlands,no,0,yes,yes,no,P2,CANONICAL_POINTS_TO_TRAILING_SLASH_URL_THAT_308S_TO_NON_SLASH; 200 response URL is non-slash while canonical/sitemap use trailing slash
https://www.expatcopilot.com/netherlands/health/emergency-healthcare-netherlands/,308,https://www.expatcopilot.com/netherlands/health/emergency-healthcare-netherlands/,308,https://www.expatcopilot.com/netherlands/health/emergency-healthcare-netherlands,no,1,yes,yes,no,P1,SITEMAP_URL_REDIRECTS (sitemap loc returns 3xx before content)
https://www.expatcopilot.com/netherlands/health/gp-netherlands,200,https://www.expatcopilot.com/netherlands/health/gp-netherlands/,308,https://www.expatcopilot.com/netherlands/health/gp-netherlands,no,0,yes,yes,no,P2,CANONICAL_POINTS_TO_TRAILING_SLASH_URL_THAT_308S_TO_NON_SLASH; 200 response URL is non-slash while canonical/sitemap use trailing slash
https://www.expatcopilot.com/netherlands/health-insurance-netherlands,200,https://www.expatcopilot.com/netherlands/health-insurance-netherlands/,308,https://www.expatcopilot.com/netherlands/health-insurance-netherlands,no,0,yes,yes,no,P2,CANONICAL_POINTS_TO_TRAILING_SLASH_URL_THAT_308S_TO_NON_SLASH; 200 response URL is non-slash while canonical/sitemap use trailing slash
https://www.expatcopilot.com/netherlands/health/gp-netherlands/,308,https://www.expatcopilot.com/netherlands/health/gp-netherlands/,308,https://www.expatcopilot.com/netherlands/health/gp-netherlands,no,1,yes,yes,no,P1,SITEMAP_URL_REDIRECTS (sitemap loc returns 3xx before content)
https://www.expatcopilot.com/netherlands/health-insurance-netherlands/,308,https://www.expatcopilot.com/netherlands/health-insurance-netherlands/,308,https://www.expatcopilot.com/netherlands/health-insurance-netherlands,no,1,yes,yes,no,P1,SITEMAP_URL_REDIRECTS (sitemap loc returns 3xx before content)
https://www.expatcopilot.com/netherlands/haarlem/,308,https://www.expatcopilot.com/netherlands/haarlem/,308,https://www.expatcopilot.com/netherlands/haarlem,no,1,yes,yes,no,P1,SITEMAP_URL_REDIRECTS (sitemap loc returns 3xx before content)
https://www.expatcopilot.com/netherlands/health/health-insurance-comparison-netherlands,200,https://www.expatcopilot.com/netherlands/health/health-insurance-comparison-netherlands/,308,https://www.expatcopilot.com/netherlands/health/health-insurance-comparison-netherlands,no,0,yes,yes,no,P2,CANONICAL_POINTS_TO_TRAILING_SLASH_URL_THAT_308S_TO_NON_SLASH; 200 response URL is non-slash while canonical/sitemap use trailing slash
https://www.expatcopilot.com/netherlands/health/health-insurance-comparison-netherlands/,308,https://www.expatcopilot.com/netherlands/health/health-insurance-comparison-netherlands/,308,https://www.expatcopilot.com/netherlands/health/health-insurance-comparison-netherlands,no,1,yes,yes,no,P1,SITEMAP_URL_REDIRECTS (sitemap loc returns 3xx before content)
https://www.expatcopilot.com/netherlands/health/hospitals-netherlands,200,https://www.expatcopilot.com/netherlands/health/hospitals-netherlands/,308,https://www.expatcopilot.com/netherlands/health/hospitals-netherlands,no,0,yes,yes,no,P2,CANONICAL_POINTS_TO_TRAILING_SLASH_URL_THAT_308S_TO_NON_SLASH; 200 response URL is non-slash while canonical/sitemap use trailing slash
https://www.expatcopilot.com/netherlands/health/maternity-care-netherlands,200,https://www.expatcopilot.com/netherlands/health/maternity-care-netherlands/,308,https://www.expatcopilot.com/netherlands/health/maternity-care-netherlands,no,0,yes,yes,no,P2,CANONICAL_POINTS_TO_TRAILING_SLASH_URL_THAT_308S_TO_NON_SLASH; 200 response URL is non-slash while canonical/sitemap use trailing slash
https://www.expatcopilot.com/netherlands/health/hospitals-netherlands/,308,https://www.expatcopilot.com/netherlands/health/hospitals-netherlands/,308,https://www.expatcopilot.com/netherlands/health/hospitals-netherlands,no,1,yes,yes,no,P1,SITEMAP_URL_REDIRECTS (sitemap loc returns 3xx before content)
https://www.expatcopilot.com/netherlands/health/maternity-care-netherlands/,308,https://www.expatcopilot.com/netherlands/health/maternity-care-netherlands/,308,https://www.expatcopilot.com/netherlands/health/maternity-care-netherlands,no,1,yes,yes,no,P1,SITEMAP_URL_REDIRECTS (sitemap loc returns 3xx before content)
https://www.expatcopilot.com/netherlands/groningen,200,https://www.expatcopilot.com/netherlands/groningen/,308,https://www.expatcopilot.com/netherlands/groningen,no,0,yes,yes,no,P2,CANONICAL_POINTS_TO_TRAILING_SLASH_URL_THAT_308S_TO_NON_SLASH; 200 response URL is non-slash while canonical/sitemap use trailing slash
https://www.expatcopilot.com/netherlands/health/pharmacies-netherlands,200,https://www.expatcopilot.com/netherlands/health/pharmacies-netherlands/,308,https://www.expatcopilot.com/netherlands/health/pharmacies-netherlands,no,0,yes,yes,no,P2,CANONICAL_POINTS_TO_TRAILING_SLASH_URL_THAT_308S_TO_NON_SLASH; 200 response URL is non-slash while canonical/sitemap use trailing slash
https://www.expatcopilot.com/netherlands/health/pharmacies-netherlands/,308,https://www.expatcopilot.com/netherlands/health/pharmacies-netherlands/,308,https://www.expatcopilot.com/netherlands/health/pharmacies-netherlands,no,1,yes,yes,no,P1,SITEMAP_URL_REDIRECTS (sitemap loc returns 3xx before content)
https://www.expatcopilot.com/netherlands/health/mental-healthcare-netherlands,200,https://www.expatcopilot.com/netherlands/health/mental-healthcare-netherlands/,308,https://www.expatcopilot.com/netherlands/health/mental-healthcare-netherlands,no,0,yes,yes,no,P2,CANONICAL_POINTS_TO_TRAILING_SLASH_URL_THAT_308S_TO_NON_SLASH; 200 response URL is non-slash while canonical/sitemap use trailing slash
https://www.expatcopilot.com/netherlands/health/mental-healthcare-netherlands/,308,https://www.expatcopilot.com/netherlands/health/mental-healthcare-netherlands/,308,https://www.expatcopilot.com/netherlands/health/mental-healthcare-netherlands,no,1,yes,yes,no,P1,SITEMAP_URL_REDIRECTS (sitemap loc returns 3xx before content)
https://www.expatcopilot.com/netherlands/health/physiotherapy-netherlands,200,https://www.expatcopilot.com/netherlands/health/physiotherapy-netherlands/,308,https://www.expatcopilot.com/netherlands/health/physiotherapy-netherlands,no,0,yes,yes,no,P2,CANONICAL_POINTS_TO_TRAILING_SLASH_URL_THAT_308S_TO_NON_SLASH; 200 response URL is non-slash while canonical/sitemap use trailing slash
https://www.expatcopilot.com/netherlands/health/prescriptions-netherlands,200,https://www.expatcopilot.com/netherlands/health/prescriptions-netherlands/,308,https://www.expatcopilot.com/netherlands/health/prescriptions-netherlands,no,0,yes,yes,no,P2,CANONICAL_POINTS_TO_TRAILING_SLASH_URL_THAT_308S_TO_NON_SLASH; 200 response URL is non-slash while canonical/sitemap use trailing slash
https://www.expatcopilot.com/netherlands/health/physiotherapy-netherlands/,308,https://www.expatcopilot.com/netherlands/health/physiotherapy-netherlands/,308,https://www.expatcopilot.com/netherlands/health/physiotherapy-netherlands,no,1,yes,yes,no,P1,SITEMAP_URL_REDIRECTS (sitemap loc returns 3xx before content)
https://www.expatcopilot.com/netherlands/health/tools,200,https://www.expatcopilot.com/netherlands/health/tools/,308,https://www.expatcopilot.com/netherlands/health/tools,no,0,yes,yes,no,P2,CANONICAL_POINTS_TO_TRAILING_SLASH_URL_THAT_308S_TO_NON_SLASH; 200 response URL is non-slash while canonical/sitemap use trailing slash
https://www.expatcopilot.com/netherlands/health/prescriptions-netherlands/,308,https://www.expatcopilot.com/netherlands/health/prescriptions-netherlands/,308,https://www.expatcopilot.com/netherlands/health/prescriptions-netherlands,no,1,yes,yes,no,P1,SITEMAP_URL_REDIRECTS (sitemap loc returns 3xx before content)
https://www.expatcopilot.com/netherlands/housing,200,https://www.expatcopilot.com/netherlands/housing/,308,https://www.expatcopilot.com/netherlands/housing,no,0,yes,yes,no,P2,CANONICAL_POINTS_TO_TRAILING_SLASH_URL_THAT_308S_TO_NON_SLASH; 200 response URL is non-slash while canonical/sitemap use trailing slash
https://www.expatcopilot.com/netherlands/health/tools/,308,https://www.expatcopilot.com/netherlands/health/tools/,308,https://www.expatcopilot.com/netherlands/health/tools,no,1,yes,yes,no,P1,SITEMAP_URL_REDIRECTS (sitemap loc returns 3xx before content)
https://www.expatcopilot.com/netherlands/housing/buy-vs-rent-netherlands,200,https://www.expatcopilot.com/netherlands/housing/buy-vs-rent-netherlands/,308,https://www.expatcopilot.com/netherlands/housing/buy-vs-rent-netherlands,no,0,yes,yes,no,P2,CANONICAL_POINTS_TO_TRAILING_SLASH_URL_THAT_308S_TO_NON_SLASH; 200 response URL is non-slash while canonical/sitemap use trailing slash
https://www.expatcopilot.com/netherlands/housing/buying-a-house-netherlands,200,https://www.expatcopilot.com/netherlands/housing/buying-a-house-netherlands/,308,https://www.expatcopilot.com/netherlands/housing/buying-a-house-netherlands,no,0,yes,yes,no,P2,CANONICAL_POINTS_TO_TRAILING_SLASH_URL_THAT_308S_TO_NON_SLASH; 200 response URL is non-slash while canonical/sitemap use trailing slash
https://www.expatcopilot.com/netherlands/housing/buying-a-house-netherlands/,308,https://www.expatcopilot.com/netherlands/housing/buying-a-house-netherlands/,308,https://www.expatcopilot.com/netherlands/housing/buying-a-house-netherlands,no,1,yes,yes,no,P1,SITEMAP_URL_REDIRECTS (sitemap loc returns 3xx before content)
https://www.expatcopilot.com/netherlands/housing/buy-vs-rent-netherlands/,308,https://www.expatcopilot.com/netherlands/housing/buy-vs-rent-netherlands/,308,https://www.expatcopilot.com/netherlands/housing/buy-vs-rent-netherlands,no,1,yes,yes,no,P1,SITEMAP_URL_REDIRECTS (sitemap loc returns 3xx before content)
https://www.expatcopilot.com/netherlands/housing/,308,https://www.expatcopilot.com/netherlands/housing/,308,https://www.expatcopilot.com/netherlands/housing,no,1,yes,yes,no,P1,SITEMAP_URL_REDIRECTS (sitemap loc returns 3xx before content)
https://www.expatcopilot.com/netherlands/housing/housing-costs-netherlands,200,https://www.expatcopilot.com/netherlands/housing/housing-costs-netherlands/,308,https://www.expatcopilot.com/netherlands/housing/housing-costs-netherlands,no,0,yes,yes,no,P2,CANONICAL_POINTS_TO_TRAILING_SLASH_URL_THAT_308S_TO_NON_SLASH; 200 response URL is non-slash while canonical/sitemap use trailing slash
https://www.expatcopilot.com/netherlands/housing/housing-costs-netherlands/,308,https://www.expatcopilot.com/netherlands/housing/housing-costs-netherlands/,308,https://www.expatcopilot.com/netherlands/housing/housing-costs-netherlands,no,1,yes,yes,no,P1,SITEMAP_URL_REDIRECTS (sitemap loc returns 3xx before content)
https://www.expatcopilot.com/netherlands/housing/mortgages-netherlands-expats,200,https://www.expatcopilot.com/netherlands/housing/mortgages-netherlands-expats/,308,https://www.expatcopilot.com/netherlands/housing/mortgages-netherlands-expats,no,0,yes,yes,no,P2,CANONICAL_POINTS_TO_TRAILING_SLASH_URL_THAT_308S_TO_NON_SLASH; 200 response URL is non-slash while canonical/sitemap use trailing slash
https://www.expatcopilot.com/netherlands/housing/rental-contracts-and-deposits-netherlands,200,https://www.expatcopilot.com/netherlands/housing/rental-contracts-and-deposits-netherlands/,308,https://www.expatcopilot.com/netherlands/housing/rental-contracts-and-deposits-netherlands,no,0,yes,yes,no,P2,CANONICAL_POINTS_TO_TRAILING_SLASH_URL_THAT_308S_TO_NON_SLASH; 200 response URL is non-slash while canonical/sitemap use trailing slash
https://www.expatcopilot.com/netherlands/housing/mortgages-netherlands-expats/,308,https://www.expatcopilot.com/netherlands/housing/mortgages-netherlands-expats/,308,https://www.expatcopilot.com/netherlands/housing/mortgages-netherlands-expats,no,1,yes,yes,no,P1,SITEMAP_URL_REDIRECTS (sitemap loc returns 3xx before content)
https://www.expatcopilot.com/netherlands/housing/rental-contracts-and-deposits-netherlands/,308,https://www.expatcopilot.com/netherlands/housing/rental-contracts-and-deposits-netherlands/,308,https://www.expatcopilot.com/netherlands/housing/rental-contracts-and-deposits-netherlands,no,1,yes,yes,no,P1,SITEMAP_URL_REDIRECTS (sitemap loc returns 3xx before content)
https://www.expatcopilot.com/netherlands/housing/tools,200,https://www.expatcopilot.com/netherlands/housing/tools/,308,https://www.expatcopilot.com/netherlands/housing/tools,no,0,yes,yes,no,P2,CANONICAL_POINTS_TO_TRAILING_SLASH_URL_THAT_308S_TO_NON_SLASH; 200 response URL is non-slash while canonical/sitemap use trailing slash
https://www.expatcopilot.com/netherlands/housing/rental-scams-netherlands/,308,https://www.expatcopilot.com/netherlands/housing/rental-scams-netherlands/,308,https://www.expatcopilot.com/netherlands/housing/rental-scams-netherlands,no,1,yes,yes,no,P1,SITEMAP_URL_REDIRECTS (sitemap loc returns 3xx before content)
https://www.expatcopilot.com/netherlands/housing/tools/,308,https://www.expatcopilot.com/netherlands/housing/tools/,308,https://www.expatcopilot.com/netherlands/housing/tools,no,1,yes,yes,no,P1,SITEMAP_URL_REDIRECTS (sitemap loc returns 3xx before content)
https://www.expatcopilot.com/netherlands/housing/rental-scams-netherlands,200,https://www.expatcopilot.com/netherlands/housing/rental-scams-netherlands/,308,https://www.expatcopilot.com/netherlands/housing/rental-scams-netherlands,no,0,yes,yes,no,P2,CANONICAL_POINTS_TO_TRAILING_SLASH_URL_THAT_308S_TO_NON_SLASH; 200 response URL is non-slash while canonical/sitemap use trailing slash
https://www.expatcopilot.com/netherlands/integration/tools,200,https://www.expatcopilot.com/netherlands/integration/tools/,308,https://www.expatcopilot.com/netherlands/integration/tools,no,0,yes,yes,no,P2,CANONICAL_POINTS_TO_TRAILING_SLASH_URL_THAT_308S_TO_NON_SLASH; 200 response URL is non-slash while canonical/sitemap use trailing slash
https://www.expatcopilot.com/netherlands/integration/tools/,308,https://www.expatcopilot.com/netherlands/integration/tools/,308,https://www.expatcopilot.com/netherlands/integration/tools,no,1,yes,yes,no,P1,SITEMAP_URL_REDIRECTS (sitemap loc returns 3xx before content)
https://www.expatcopilot.com/netherlands/integration/tools/inburgering-exam-readiness-checker/,308,https://www.expatcopilot.com/netherlands/integration/tools/inburgering-exam-readiness-checker/,308,https://www.expatcopilot.com/netherlands/integration/tools/inburgering-exam-readiness-checker,no,1,yes,yes,no,P1,SITEMAP_URL_REDIRECTS (sitemap loc returns 3xx before content)
https://www.expatcopilot.com/netherlands/integration/tools/inburgering-exam-readiness-checker,200,https://www.expatcopilot.com/netherlands/integration/tools/inburgering-exam-readiness-checker/,308,https://www.expatcopilot.com/netherlands/integration/tools/inburgering-exam-readiness-checker,no,0,yes,yes,no,P2,CANONICAL_POINTS_TO_TRAILING_SLASH_URL_THAT_308S_TO_NON_SLASH; 200 response URL is non-slash while canonical/sitemap use trailing slash
https://www.expatcopilot.com/netherlands/housing/tools/rent-affordability-calculator,200,https://www.expatcopilot.com/netherlands/housing/tools/rent-affordability-calculator/,308,https://www.expatcopilot.com/netherlands/housing/tools/rent-affordability-calculator,no,0,yes,yes,no,P2,CANONICAL_POINTS_TO_TRAILING_SLASH_URL_THAT_308S_TO_NON_SLASH; 200 response URL is non-slash while canonical/sitemap use trailing slash
https://www.expatcopilot.com/netherlands/integration/tools/integration-requirement-checker,200,https://www.expatcopilot.com/netherlands/integration/tools/integration-requirement-checker/,308,https://www.expatcopilot.com/netherlands/integration/tools/integration-requirement-checker,no,0,yes,yes,no,P2,CANONICAL_POINTS_TO_TRAILING_SLASH_URL_THAT_308S_TO_NON_SLASH; 200 response URL is non-slash while canonical/sitemap use trailing slash
https://www.expatcopilot.com/netherlands/integration/tools/integration-requirement-checker/,308,https://www.expatcopilot.com/netherlands/integration/tools/integration-requirement-checker/,308,https://www.expatcopilot.com/netherlands/integration/tools/integration-requirement-checker,no,1,yes,yes,no,P1,SITEMAP_URL_REDIRECTS (sitemap loc returns 3xx before content)
https://www.expatcopilot.com/netherlands/housing/tools/rent-affordability-calculator/,308,https://www.expatcopilot.com/netherlands/housing/tools/rent-affordability-calculator/,308,https://www.expatcopilot.com/netherlands/housing/tools/rent-affordability-calculator,no,1,yes,yes,no,P1,SITEMAP_URL_REDIRECTS (sitemap loc returns 3xx before content)
https://www.expatcopilot.com/netherlands/jobs/contractor-vs-employee-netherlands,200,https://www.expatcopilot.com/netherlands/jobs/contractor-vs-employee-netherlands/,308,https://www.expatcopilot.com/netherlands/jobs/contractor-vs-employee-netherlands,no,0,yes,yes,no,P2,CANONICAL_POINTS_TO_TRAILING_SLASH_URL_THAT_308S_TO_NON_SLASH; 200 response URL is non-slash while canonical/sitemap use trailing slash
https://www.expatcopilot.com/netherlands/integration/inburgering/,308,https://www.expatcopilot.com/netherlands/integration/inburgering/,308,https://www.expatcopilot.com/netherlands/integration/inburgering,no,1,yes,yes,no,P1,SITEMAP_URL_REDIRECTS (sitemap loc returns 3xx before content)
https://www.expatcopilot.com/netherlands/jobs/dutch-directness-at-work,200,https://www.expatcopilot.com/netherlands/jobs/dutch-directness-at-work/,308,https://www.expatcopilot.com/netherlands/jobs/dutch-directness-at-work,no,0,yes,yes,no,P2,CANONICAL_POINTS_TO_TRAILING_SLASH_URL_THAT_308S_TO_NON_SLASH; 200 response URL is non-slash while canonical/sitemap use trailing slash
https://www.expatcopilot.com/netherlands/jobs/dutch-directness-at-work/,308,https://www.expatcopilot.com/netherlands/jobs/dutch-directness-at-work/,308,https://www.expatcopilot.com/netherlands/jobs/dutch-directness-at-work,no,1,yes,yes,no,P1,SITEMAP_URL_REDIRECTS (sitemap loc returns 3xx before content)
https://www.expatcopilot.com/netherlands/integration/inburgering,200,https://www.expatcopilot.com/netherlands/integration/inburgering/,308,https://www.expatcopilot.com/netherlands/integration/inburgering,no,0,yes,yes,no,P2,CANONICAL_POINTS_TO_TRAILING_SLASH_URL_THAT_308S_TO_NON_SLASH; 200 response URL is non-slash while canonical/sitemap use trailing slash
https://www.expatcopilot.com/netherlands/jobs/contractor-vs-employee-netherlands/,308,https://www.expatcopilot.com/netherlands/jobs/contractor-vs-employee-netherlands/,308,https://www.expatcopilot.com/netherlands/jobs/contractor-vs-employee-netherlands,no,1,yes,yes,no,P1,SITEMAP_URL_REDIRECTS (sitemap loc returns 3xx before content)
https://www.expatcopilot.com/netherlands/jobs/dutch-workplace-culture,200,https://www.expatcopilot.com/netherlands/jobs/dutch-workplace-culture/,308,https://www.expatcopilot.com/netherlands/jobs/dutch-workplace-culture,no,0,yes,yes,no,P2,CANONICAL_POINTS_TO_TRAILING_SLASH_URL_THAT_308S_TO_NON_SLASH; 200 response URL is non-slash while canonical/sitemap use trailing slash
https://www.expatcopilot.com/netherlands/jobs/employee-benefits-netherlands,200,https://www.expatcopilot.com/netherlands/jobs/employee-benefits-netherlands/,308,https://www.expatcopilot.com/netherlands/jobs/employee-benefits-netherlands,no,0,yes,yes,no,P2,CANONICAL_POINTS_TO_TRAILING_SLASH_URL_THAT_308S_TO_NON_SLASH; 200 response URL is non-slash while canonical/sitemap use trailing slash
https://www.expatcopilot.com/netherlands/jobs/dutch-workplace-culture/,308,https://www.expatcopilot.com/netherlands/jobs/dutch-workplace-culture/,308,https://www.expatcopilot.com/netherlands/jobs/dutch-workplace-culture,no,1,yes,yes,no,P1,SITEMAP_URL_REDIRECTS (sitemap loc returns 3xx before content)
https://www.expatcopilot.com/netherlands/jobs/employee-benefits-netherlands/,308,https://www.expatcopilot.com/netherlands/jobs/employee-benefits-netherlands/,308,https://www.expatcopilot.com/netherlands/jobs/employee-benefits-netherlands,no,1,yes,yes,no,P1,SITEMAP_URL_REDIRECTS (sitemap loc returns 3xx before content)
https://www.expatcopilot.com/netherlands/jobs/employee-rights-netherlands,200,https://www.expatcopilot.com/netherlands/jobs/employee-rights-netherlands/,308,https://www.expatcopilot.com/netherlands/jobs/employee-rights-netherlands,no,0,yes,yes,no,P2,CANONICAL_POINTS_TO_TRAILING_SLASH_URL_THAT_308S_TO_NON_SLASH; 200 response URL is non-slash while canonical/sitemap use trailing slash
https://www.expatcopilot.com/netherlands/jobs/employee-rights-netherlands/,308,https://www.expatcopilot.com/netherlands/jobs/employee-rights-netherlands/,308,https://www.expatcopilot.com/netherlands/jobs/employee-rights-netherlands,no,1,yes,yes,no,P1,SITEMAP_URL_REDIRECTS (sitemap loc returns 3xx before content)
https://www.expatcopilot.com/netherlands/jobs/finding-jobs-netherlands,200,https://www.expatcopilot.com/netherlands/jobs/finding-jobs-netherlands/,308,https://www.expatcopilot.com/netherlands/jobs/finding-jobs-netherlands,no,0,yes,yes,no,P2,CANONICAL_POINTS_TO_TRAILING_SLASH_URL_THAT_308S_TO_NON_SLASH; 200 response URL is non-slash while canonical/sitemap use trailing slash
https://www.expatcopilot.com/netherlands/jobs/employment-contract-netherlands,200,https://www.expatcopilot.com/netherlands/jobs/employment-contract-netherlands/,308,https://www.expatcopilot.com/netherlands/jobs/employment-contract-netherlands,no,0,yes,yes,no,P2,CANONICAL_POINTS_TO_TRAILING_SLASH_URL_THAT_308S_TO_NON_SLASH; 200 response URL is non-slash while canonical/sitemap use trailing slash
https://www.expatcopilot.com/netherlands/jobs/employment-contract-netherlands/,308,https://www.expatcopilot.com/netherlands/jobs/employment-contract-netherlands/,308,https://www.expatcopilot.com/netherlands/jobs/employment-contract-netherlands,no,1,yes,yes,no,P1,SITEMAP_URL_REDIRECTS (sitemap loc returns 3xx before content)
https://www.expatcopilot.com/netherlands/jobs/expat-salary-netherlands,200,https://www.expatcopilot.com/netherlands/jobs/expat-salary-netherlands/,308,https://www.expatcopilot.com/netherlands/jobs/expat-salary-netherlands,no,0,yes,yes,no,P2,CANONICAL_POINTS_TO_TRAILING_SLASH_URL_THAT_308S_TO_NON_SLASH; 200 response URL is non-slash while canonical/sitemap use trailing slash
https://www.expatcopilot.com/netherlands/jobs/finding-jobs-netherlands/,308,https://www.expatcopilot.com/netherlands/jobs/finding-jobs-netherlands/,308,https://www.expatcopilot.com/netherlands/jobs/finding-jobs-netherlands,no,1,yes,yes,no,P1,SITEMAP_URL_REDIRECTS (sitemap loc returns 3xx before content)
https://www.expatcopilot.com/netherlands/jobs/expat-salary-netherlands/,308,https://www.expatcopilot.com/netherlands/jobs/expat-salary-netherlands/,308,https://www.expatcopilot.com/netherlands/jobs/expat-salary-netherlands,no,1,yes,yes,no,P1,SITEMAP_URL_REDIRECTS (sitemap loc returns 3xx before content)
https://www.expatcopilot.com/netherlands/jobs/holiday-allowance-netherlands,200,https://www.expatcopilot.com/netherlands/jobs/holiday-allowance-netherlands/,308,https://www.expatcopilot.com/netherlands/jobs/holiday-allowance-netherlands,no,0,yes,yes,no,P2,CANONICAL_POINTS_TO_TRAILING_SLASH_URL_THAT_308S_TO_NON_SLASH; 200 response URL is non-slash while canonical/sitemap use trailing slash
https://www.expatcopilot.com/netherlands/jobs/freelancing-netherlands,200,https://www.expatcopilot.com/netherlands/jobs/freelancing-netherlands/,308,https://www.expatcopilot.com/netherlands/jobs/freelancing-netherlands,no,0,yes,yes,no,P2,CANONICAL_POINTS_TO_TRAILING_SLASH_URL_THAT_308S_TO_NON_SLASH; 200 response URL is non-slash while canonical/sitemap use trailing slash
https://www.expatcopilot.com/netherlands/jobs/freelancing-netherlands/,308,https://www.expatcopilot.com/netherlands/jobs/freelancing-netherlands/,308,https://www.expatcopilot.com/netherlands/jobs/freelancing-netherlands,no,1,yes,yes,no,P1,SITEMAP_URL_REDIRECTS (sitemap loc returns 3xx before content)
https://www.expatcopilot.com/netherlands/jobs/holiday-allowance-netherlands/,308,https://www.expatcopilot.com/netherlands/jobs/holiday-allowance-netherlands/,308,https://www.expatcopilot.com/netherlands/jobs/holiday-allowance-netherlands,no,1,yes,yes,no,P1,SITEMAP_URL_REDIRECTS (sitemap loc returns 3xx before content)
https://www.expatcopilot.com/netherlands/jobs/minimum-wage-netherlands,200,https://www.expatcopilot.com/netherlands/jobs/minimum-wage-netherlands/,308,https://www.expatcopilot.com/netherlands/jobs/minimum-wage-netherlands,no,0,yes,yes,no,P2,CANONICAL_POINTS_TO_TRAILING_SLASH_URL_THAT_308S_TO_NON_SLASH; 200 response URL is non-slash while canonical/sitemap use trailing slash
https://www.expatcopilot.com/netherlands/jobs/minimum-wage-netherlands/,308,https://www.expatcopilot.com/netherlands/jobs/minimum-wage-netherlands/,308,https://www.expatcopilot.com/netherlands/jobs/minimum-wage-netherlands,no,1,yes,yes,no,P1,SITEMAP_URL_REDIRECTS (sitemap loc returns 3xx before content)
https://www.expatcopilot.com/netherlands/jobs/pension-netherlands-expats,200,https://www.expatcopilot.com/netherlands/jobs/pension-netherlands-expats/,308,https://www.expatcopilot.com/netherlands/jobs/pension-netherlands-expats,no,0,yes,yes,no,P2,CANONICAL_POINTS_TO_TRAILING_SLASH_URL_THAT_308S_TO_NON_SLASH; 200 response URL is non-slash while canonical/sitemap use trailing slash
https://www.expatcopilot.com/netherlands/jobs/notice-period-netherlands,200,https://www.expatcopilot.com/netherlands/jobs/notice-period-netherlands/,308,https://www.expatcopilot.com/netherlands/jobs/notice-period-netherlands,no,0,yes,yes,no,P2,CANONICAL_POINTS_TO_TRAILING_SLASH_URL_THAT_308S_TO_NON_SLASH; 200 response URL is non-slash while canonical/sitemap use trailing slash
https://www.expatcopilot.com/netherlands/jobs/probation-period-netherlands,200,https://www.expatcopilot.com/netherlands/jobs/probation-period-netherlands/,308,https://www.expatcopilot.com/netherlands/jobs/probation-period-netherlands,no,0,yes,yes,no,P2,CANONICAL_POINTS_TO_TRAILING_SLASH_URL_THAT_308S_TO_NON_SLASH; 200 response URL is non-slash while canonical/sitemap use trailing slash
https://www.expatcopilot.com/netherlands/jobs/pension-netherlands-expats/,308,https://www.expatcopilot.com/netherlands/jobs/pension-netherlands-expats/,308,https://www.expatcopilot.com/netherlands/jobs/pension-netherlands-expats,no,1,yes,yes,no,P1,SITEMAP_URL_REDIRECTS (sitemap loc returns 3xx before content)
https://www.expatcopilot.com/netherlands/jobs/salary-negotiation-netherlands,200,https://www.expatcopilot.com/netherlands/jobs/salary-negotiation-netherlands/,308,https://www.expatcopilot.com/netherlands/jobs/salary-negotiation-netherlands,no,0,yes,yes,no,P2,CANONICAL_POINTS_TO_TRAILING_SLASH_URL_THAT_308S_TO_NON_SLASH; 200 response URL is non-slash while canonical/sitemap use trailing slash
https://www.expatcopilot.com/netherlands/jobs/notice-period-netherlands/,308,https://www.expatcopilot.com/netherlands/jobs/notice-period-netherlands/,308,https://www.expatcopilot.com/netherlands/jobs/notice-period-netherlands,no,1,yes,yes,no,P1,SITEMAP_URL_REDIRECTS (sitemap loc returns 3xx before content)
https://www.expatcopilot.com/netherlands/jobs/salary-negotiation-netherlands/,308,https://www.expatcopilot.com/netherlands/jobs/salary-negotiation-netherlands/,308,https://www.expatcopilot.com/netherlands/jobs/salary-negotiation-netherlands,no,1,yes,yes,no,P1,SITEMAP_URL_REDIRECTS (sitemap loc returns 3xx before content)
https://www.expatcopilot.com/netherlands/jobs/probation-period-netherlands/,308,https://www.expatcopilot.com/netherlands/jobs/probation-period-netherlands/,308,https://www.expatcopilot.com/netherlands/jobs/probation-period-netherlands,no,1,yes,yes,no,P1,SITEMAP_URL_REDIRECTS (sitemap loc returns 3xx before content)
https://www.expatcopilot.com/netherlands/leaving,200,https://www.expatcopilot.com/netherlands/leaving/,308,https://www.expatcopilot.com/netherlands/leaving,no,0,yes,yes,no,P2,CANONICAL_POINTS_TO_TRAILING_SLASH_URL_THAT_308S_TO_NON_SLASH; 200 response URL is non-slash while canonical/sitemap use trailing slash
https://www.expatcopilot.com/netherlands/leaving/,308,https://www.expatcopilot.com/netherlands/leaving/,308,https://www.expatcopilot.com/netherlands/leaving,no,1,yes,yes,no,P1,SITEMAP_URL_REDIRECTS (sitemap loc returns 3xx before content)
https://www.expatcopilot.com/netherlands/leaving/tools,200,https://www.expatcopilot.com/netherlands/leaving/tools/,308,https://www.expatcopilot.com/netherlands/leaving/tools,no,0,yes,yes,no,P2,CANONICAL_POINTS_TO_TRAILING_SLASH_URL_THAT_308S_TO_NON_SLASH; 200 response URL is non-slash while canonical/sitemap use trailing slash
https://www.expatcopilot.com/netherlands/leaving/tools/exit-readiness-checker,200,https://www.expatcopilot.com/netherlands/leaving/tools/exit-readiness-checker/,308,https://www.expatcopilot.com/netherlands/leaving/tools/exit-readiness-checker,no,0,yes,yes,no,P2,CANONICAL_POINTS_TO_TRAILING_SLASH_URL_THAT_308S_TO_NON_SLASH; 200 response URL is non-slash while canonical/sitemap use trailing slash
https://www.expatcopilot.com/netherlands/leaving/tools/repatriation-cost-calculator,200,https://www.expatcopilot.com/netherlands/leaving/tools/repatriation-cost-calculator/,308,https://www.expatcopilot.com/netherlands/leaving/tools/repatriation-cost-calculator,no,0,yes,yes,no,P2,CANONICAL_POINTS_TO_TRAILING_SLASH_URL_THAT_308S_TO_NON_SLASH; 200 response URL is non-slash while canonical/sitemap use trailing slash
https://www.expatcopilot.com/netherlands/leaving/tools/exit-readiness-checker/,308,https://www.expatcopilot.com/netherlands/leaving/tools/exit-readiness-checker/,308,https://www.expatcopilot.com/netherlands/leaving/tools/exit-readiness-checker,no,1,yes,yes,no,P1,SITEMAP_URL_REDIRECTS (sitemap loc returns 3xx before content)
https://www.expatcopilot.com/netherlands/leaving/tools/,308,https://www.expatcopilot.com/netherlands/leaving/tools/,308,https://www.expatcopilot.com/netherlands/leaving/tools,no,1,yes,yes,no,P1,SITEMAP_URL_REDIRECTS (sitemap loc returns 3xx before content)
https://www.expatcopilot.com/netherlands/life,200,https://www.expatcopilot.com/netherlands/life/,308,https://www.expatcopilot.com/netherlands/life,no,0,yes,yes,no,P2,CANONICAL_POINTS_TO_TRAILING_SLASH_URL_THAT_308S_TO_NON_SLASH; 200 response URL is non-slash while canonical/sitemap use trailing slash; og:url path differs from canonical
https://www.expatcopilot.com/netherlands/leaving/tools/repatriation-cost-calculator/,308,https://www.expatcopilot.com/netherlands/leaving/tools/repatriation-cost-calculator/,308,https://www.expatcopilot.com/netherlands/leaving/tools/repatriation-cost-calculator,no,1,yes,yes,no,P1,SITEMAP_URL_REDIRECTS (sitemap loc returns 3xx before content)
https://www.expatcopilot.com/netherlands/life/,308,https://www.expatcopilot.com/netherlands/life/,308,https://www.expatcopilot.com/netherlands/life,no,1,yes,yes,no,P1,SITEMAP_URL_REDIRECTS (sitemap loc returns 3xx before content); og:url path differs from canonical
https://www.expatcopilot.com/netherlands/life/community-basics-netherlands,200,https://www.expatcopilot.com/netherlands/life/community-basics-netherlands/,308,https://www.expatcopilot.com/netherlands/life/community-basics-netherlands,no,0,yes,yes,no,P2,CANONICAL_POINTS_TO_TRAILING_SLASH_URL_THAT_308S_TO_NON_SLASH; 200 response URL is non-slash while canonical/sitemap use trailing slash
https://www.expatcopilot.com/netherlands/life/dutch-birthday-traditions,200,https://www.expatcopilot.com/netherlands/life/dutch-birthday-traditions/,308,https://www.expatcopilot.com/netherlands/life/dutch-birthday-traditions,no,0,yes,yes,no,P2,CANONICAL_POINTS_TO_TRAILING_SLASH_URL_THAT_308S_TO_NON_SLASH; 200 response URL is non-slash while canonical/sitemap use trailing slash
https://www.expatcopilot.com/netherlands/life/dating-in-the-netherlands,200,https://www.expatcopilot.com/netherlands/life/dating-in-the-netherlands/,308,https://www.expatcopilot.com/netherlands/life/dating-in-the-netherlands,no,0,yes,yes,no,P2,CANONICAL_POINTS_TO_TRAILING_SLASH_URL_THAT_308S_TO_NON_SLASH; 200 response URL is non-slash while canonical/sitemap use trailing slash
https://www.expatcopilot.com/netherlands/life/dutch-birthday-traditions/,308,https://www.expatcopilot.com/netherlands/life/dutch-birthday-traditions/,308,https://www.expatcopilot.com/netherlands/life/dutch-birthday-traditions,no,1,yes,yes,no,P1,SITEMAP_URL_REDIRECTS (sitemap loc returns 3xx before content)
https://www.expatcopilot.com/netherlands/life/dutch-culture,200,https://www.expatcopilot.com/netherlands/life/dutch-culture/,308,https://www.expatcopilot.com/netherlands/life/dutch-culture,no,0,yes,yes,no,P2,CANONICAL_POINTS_TO_TRAILING_SLASH_URL_THAT_308S_TO_NON_SLASH; 200 response URL is non-slash while canonical/sitemap use trailing slash
https://www.expatcopilot.com/netherlands/life/dating-in-the-netherlands/,308,https://www.expatcopilot.com/netherlands/life/dating-in-the-netherlands/,308,https://www.expatcopilot.com/netherlands/life/dating-in-the-netherlands,no,1,yes,yes,no,P1,SITEMAP_URL_REDIRECTS (sitemap loc returns 3xx before content)
https://www.expatcopilot.com/netherlands/life/dutch-culture/,308,https://www.expatcopilot.com/netherlands/life/dutch-culture/,308,https://www.expatcopilot.com/netherlands/life/dutch-culture,no,1,yes,yes,no,P1,SITEMAP_URL_REDIRECTS (sitemap loc returns 3xx before content)
https://www.expatcopilot.com/netherlands/leiden,200,https://www.expatcopilot.com/netherlands/leiden/,308,https://www.expatcopilot.com/netherlands/leiden,no,0,yes,yes,no,P2,CANONICAL_POINTS_TO_TRAILING_SLASH_URL_THAT_308S_TO_NON_SLASH; 200 response URL is non-slash while canonical/sitemap use trailing slash
https://www.expatcopilot.com/netherlands/life/community-basics-netherlands/,308,https://www.expatcopilot.com/netherlands/life/community-basics-netherlands/,308,https://www.expatcopilot.com/netherlands/life/community-basics-netherlands,no,1,yes,yes,no,P1,SITEMAP_URL_REDIRECTS (sitemap loc returns 3xx before content)
https://www.expatcopilot.com/netherlands/life/dutch-etiquette/,308,https://www.expatcopilot.com/netherlands/life/dutch-etiquette/,308,https://www.expatcopilot.com/netherlands/life/dutch-etiquette,no,1,yes,yes,no,P1,SITEMAP_URL_REDIRECTS (sitemap loc returns 3xx before content)
https://www.expatcopilot.com/netherlands/leiden/,308,https://www.expatcopilot.com/netherlands/leiden/,308,https://www.expatcopilot.com/netherlands/leiden,no,1,yes,yes,no,P1,SITEMAP_URL_REDIRECTS (sitemap loc returns 3xx before content)
https://www.expatcopilot.com/netherlands/life/dutch-etiquette,200,https://www.expatcopilot.com/netherlands/life/dutch-etiquette/,308,https://www.expatcopilot.com/netherlands/life/dutch-etiquette,no,0,yes,yes,no,P2,CANONICAL_POINTS_TO_TRAILING_SLASH_URL_THAT_308S_TO_NON_SLASH; 200 response URL is non-slash while canonical/sitemap use trailing slash
https://www.expatcopilot.com/netherlands/life/dutch-humour,200,https://www.expatcopilot.com/netherlands/life/dutch-humour/,308,https://www.expatcopilot.com/netherlands/life/dutch-humour,no,0,yes,yes,no,P2,CANONICAL_POINTS_TO_TRAILING_SLASH_URL_THAT_308S_TO_NON_SLASH; 200 response URL is non-slash while canonical/sitemap use trailing slash
https://www.expatcopilot.com/netherlands/life/dutch-holidays-and-traditions,200,https://www.expatcopilot.com/netherlands/life/dutch-holidays-and-traditions/,308,https://www.expatcopilot.com/netherlands/life/dutch-holidays-and-traditions,no,0,yes,yes,no,P2,CANONICAL_POINTS_TO_TRAILING_SLASH_URL_THAT_308S_TO_NON_SLASH; 200 response URL is non-slash while canonical/sitemap use trailing slash
https://www.expatcopilot.com/netherlands/life/dutch-social-norms,200,https://www.expatcopilot.com/netherlands/life/dutch-social-norms/,308,https://www.expatcopilot.com/netherlands/life/dutch-social-norms,no,0,yes,yes,no,P2,CANONICAL_POINTS_TO_TRAILING_SLASH_URL_THAT_308S_TO_NON_SLASH; 200 response URL is non-slash while canonical/sitemap use trailing slash
https://www.expatcopilot.com/netherlands/life/expat-loneliness-netherlands,200,https://www.expatcopilot.com/netherlands/life/expat-loneliness-netherlands/,308,https://www.expatcopilot.com/netherlands/life/expat-loneliness-netherlands,no,0,yes,yes,no,P2,CANONICAL_POINTS_TO_TRAILING_SLASH_URL_THAT_308S_TO_NON_SLASH; 200 response URL is non-slash while canonical/sitemap use trailing slash
https://www.expatcopilot.com/netherlands/life/dutch-holidays-and-traditions/,308,https://www.expatcopilot.com/netherlands/life/dutch-holidays-and-traditions/,308,https://www.expatcopilot.com/netherlands/life/dutch-holidays-and-traditions,no,1,yes,yes,no,P1,SITEMAP_URL_REDIRECTS (sitemap loc returns 3xx before content)
https://www.expatcopilot.com/netherlands/life/making-dutch-friends,200,https://www.expatcopilot.com/netherlands/life/making-dutch-friends/,308,https://www.expatcopilot.com/netherlands/life/making-dutch-friends,no,0,yes,yes,no,P2,CANONICAL_POINTS_TO_TRAILING_SLASH_URL_THAT_308S_TO_NON_SLASH; 200 response URL is non-slash while canonical/sitemap use trailing slash
https://www.expatcopilot.com/netherlands/life/dutch-social-norms/,308,https://www.expatcopilot.com/netherlands/life/dutch-social-norms/,308,https://www.expatcopilot.com/netherlands/life/dutch-social-norms,no,1,yes,yes,no,P1,SITEMAP_URL_REDIRECTS (sitemap loc returns 3xx before content)
https://www.expatcopilot.com/netherlands/life/expat-loneliness-netherlands/,308,https://www.expatcopilot.com/netherlands/life/expat-loneliness-netherlands/,308,https://www.expatcopilot.com/netherlands/life/expat-loneliness-netherlands,no,1,yes,yes,no,P1,SITEMAP_URL_REDIRECTS (sitemap loc returns 3xx before content)
https://www.expatcopilot.com/netherlands/living/apps,200,https://www.expatcopilot.com/netherlands/living/apps/,308,https://www.expatcopilot.com/netherlands/living/apps,no,0,yes,yes,no,P2,CANONICAL_POINTS_TO_TRAILING_SLASH_URL_THAT_308S_TO_NON_SLASH; 200 response URL is non-slash while canonical/sitemap use trailing slash
https://www.expatcopilot.com/netherlands/life/dutch-humour/,308,https://www.expatcopilot.com/netherlands/life/dutch-humour/,308,https://www.expatcopilot.com/netherlands/life/dutch-humour,no,1,yes,yes,no,P1,SITEMAP_URL_REDIRECTS (sitemap loc returns 3xx before content)
https://www.expatcopilot.com/netherlands/life/making-dutch-friends/,308,https://www.expatcopilot.com/netherlands/life/making-dutch-friends/,308,https://www.expatcopilot.com/netherlands/life/making-dutch-friends,no,1,yes,yes,no,P1,SITEMAP_URL_REDIRECTS (sitemap loc returns 3xx before content)
https://www.expatcopilot.com/netherlands/living/car-insurance-netherlands,200,https://www.expatcopilot.com/netherlands/living/car-insurance-netherlands/,308,https://www.expatcopilot.com/netherlands/living/car-insurance-netherlands,no,0,yes,yes,no,P2,CANONICAL_POINTS_TO_TRAILING_SLASH_URL_THAT_308S_TO_NON_SLASH; 200 response URL is non-slash while canonical/sitemap use trailing slash
https://www.expatcopilot.com/netherlands/living/apps/,308,https://www.expatcopilot.com/netherlands/living/apps/,308,https://www.expatcopilot.com/netherlands/living/apps,no,1,yes,yes,no,P1,SITEMAP_URL_REDIRECTS (sitemap loc returns 3xx before content)
https://www.expatcopilot.com/netherlands/living/buying-a-car-netherlands,200,https://www.expatcopilot.com/netherlands/living/buying-a-car-netherlands/,308,https://www.expatcopilot.com/netherlands/living/buying-a-car-netherlands,no,0,yes,yes,no,P2,CANONICAL_POINTS_TO_TRAILING_SLASH_URL_THAT_308S_TO_NON_SLASH; 200 response URL is non-slash while canonical/sitemap use trailing slash
https://www.expatcopilot.com/netherlands/living,308,https://www.expatcopilot.com/netherlands/living/survival-guide/,308,https://www.expatcopilot.com/netherlands/living/survival-guide,no,2,no,yes,unknown,INFO,redirect source
https://www.expatcopilot.com/netherlands/living/car-insurance-netherlands/,308,https://www.expatcopilot.com/netherlands/living/car-insurance-netherlands/,308,https://www.expatcopilot.com/netherlands/living/car-insurance-netherlands,no,1,yes,yes,no,P1,SITEMAP_URL_REDIRECTS (sitemap loc returns 3xx before content)
https://www.expatcopilot.com/netherlands/living/buying-a-car-netherlands/,308,https://www.expatcopilot.com/netherlands/living/buying-a-car-netherlands/,308,https://www.expatcopilot.com/netherlands/living/buying-a-car-netherlands,no,1,yes,yes,no,P1,SITEMAP_URL_REDIRECTS (sitemap loc returns 3xx before content)
https://www.expatcopilot.com/netherlands/living/car-sharing-netherlands,200,https://www.expatcopilot.com/netherlands/living/car-sharing-netherlands/,308,https://www.expatcopilot.com/netherlands/living/car-sharing-netherlands,no,0,yes,yes,no,P2,CANONICAL_POINTS_TO_TRAILING_SLASH_URL_THAT_308S_TO_NON_SLASH; 200 response URL is non-slash while canonical/sitemap use trailing slash
https://www.expatcopilot.com/netherlands/living/daily-life,200,https://www.expatcopilot.com/netherlands/living/daily-life/,308,https://www.expatcopilot.com/netherlands/living/daily-life,no,0,yes,yes,no,P2,CANONICAL_POINTS_TO_TRAILING_SLASH_URL_THAT_308S_TO_NON_SLASH; 200 response URL is non-slash while canonical/sitemap use trailing slash
https://www.expatcopilot.com/netherlands/living/,308,https://www.expatcopilot.com/netherlands/living/survival-guide/,308,https://www.expatcopilot.com/netherlands/living/survival-guide,no,3,no,yes,no,P1,SITEMAP_URL_REDIRECTS (sitemap loc returns 3xx before content)
https://www.expatcopilot.com/netherlands/living/daily-life/,308,https://www.expatcopilot.com/netherlands/living/daily-life/,308,https://www.expatcopilot.com/netherlands/living/daily-life,no,1,yes,yes,no,P1,SITEMAP_URL_REDIRECTS (sitemap loc returns 3xx before content)
https://www.expatcopilot.com/netherlands/living/emergencies-safety,200,https://www.expatcopilot.com/netherlands/living/emergencies-safety/,308,https://www.expatcopilot.com/netherlands/living/emergencies-safety,no,0,yes,yes,no,P2,CANONICAL_POINTS_TO_TRAILING_SLASH_URL_THAT_308S_TO_NON_SLASH; 200 response URL is non-slash while canonical/sitemap use trailing slash
https://www.expatcopilot.com/netherlands/living/getting-around,200,https://www.expatcopilot.com/netherlands/living/getting-around/,308,https://www.expatcopilot.com/netherlands/living/getting-around,no,0,yes,yes,no,P2,CANONICAL_POINTS_TO_TRAILING_SLASH_URL_THAT_308S_TO_NON_SLASH; 200 response URL is non-slash while canonical/sitemap use trailing slash
https://www.expatcopilot.com/netherlands/living/emergencies-safety/,308,https://www.expatcopilot.com/netherlands/living/emergencies-safety/,308,https://www.expatcopilot.com/netherlands/living/emergencies-safety,no,1,yes,yes,no,P1,SITEMAP_URL_REDIRECTS (sitemap loc returns 3xx before content)
https://www.expatcopilot.com/netherlands/living/driving-licence-exchange-netherlands,200,https://www.expatcopilot.com/netherlands/living/driving-licence-exchange-netherlands/,308,https://www.expatcopilot.com/netherlands/living/driving-licence-exchange-netherlands,no,0,yes,yes,no,P2,CANONICAL_POINTS_TO_TRAILING_SLASH_URL_THAT_308S_TO_NON_SLASH; 200 response URL is non-slash while canonical/sitemap use trailing slash
https://www.expatcopilot.com/netherlands/living/government-portals-overview,200,https://www.expatcopilot.com/netherlands/living/government-portals-overview/,308,https://www.expatcopilot.com/netherlands/living/government-portals-overview,no,0,yes,yes,no,P2,CANONICAL_POINTS_TO_TRAILING_SLASH_URL_THAT_308S_TO_NON_SLASH; 200 response URL is non-slash while canonical/sitemap use trailing slash
https://www.expatcopilot.com/netherlands/living/driving-licence-exchange-netherlands/,308,https://www.expatcopilot.com/netherlands/living/driving-licence-exchange-netherlands/,308,https://www.expatcopilot.com/netherlands/living/driving-licence-exchange-netherlands,no,1,yes,yes,no,P1,SITEMAP_URL_REDIRECTS (sitemap loc returns 3xx before content)
https://www.expatcopilot.com/netherlands/living/electric-vehicles-netherlands,200,https://www.expatcopilot.com/netherlands/living/electric-vehicles-netherlands/,308,https://www.expatcopilot.com/netherlands/living/electric-vehicles-netherlands,no,0,yes,yes,no,P2,CANONICAL_POINTS_TO_TRAILING_SLASH_URL_THAT_308S_TO_NON_SLASH; 200 response URL is non-slash while canonical/sitemap use trailing slash
https://www.expatcopilot.com/netherlands/living/electric-vehicles-netherlands/,308,https://www.expatcopilot.com/netherlands/living/electric-vehicles-netherlands/,308,https://www.expatcopilot.com/netherlands/living/electric-vehicles-netherlands,no,1,yes,yes,no,P1,SITEMAP_URL_REDIRECTS (sitemap loc returns 3xx before content)
https://www.expatcopilot.com/netherlands/living/getting-around/,308,https://www.expatcopilot.com/netherlands/living/getting-around/,308,https://www.expatcopilot.com/netherlands/living/getting-around,no,1,yes,yes,no,P1,SITEMAP_URL_REDIRECTS (sitemap loc returns 3xx before content)
https://www.expatcopilot.com/netherlands/living/healthcare-basics,200,https://www.expatcopilot.com/netherlands/living/healthcare-basics/,308,https://www.expatcopilot.com/netherlands/living/healthcare-basics,no,0,yes,yes,no,P2,CANONICAL_POINTS_TO_TRAILING_SLASH_URL_THAT_308S_TO_NON_SLASH; 200 response URL is non-slash while canonical/sitemap use trailing slash
https://www.expatcopilot.com/netherlands/living/car-sharing-netherlands/,308,https://www.expatcopilot.com/netherlands/living/car-sharing-netherlands/,308,https://www.expatcopilot.com/netherlands/living/car-sharing-netherlands,no,1,yes,yes,no,P1,SITEMAP_URL_REDIRECTS (sitemap loc returns 3xx before content)
https://www.expatcopilot.com/netherlands/living/lease-cars-netherlands,200,https://www.expatcopilot.com/netherlands/living/lease-cars-netherlands/,308,https://www.expatcopilot.com/netherlands/living/lease-cars-netherlands,no,0,yes,yes,no,P2,CANONICAL_POINTS_TO_TRAILING_SLASH_URL_THAT_308S_TO_NON_SLASH; 200 response URL is non-slash while canonical/sitemap use trailing slash
https://www.expatcopilot.com/netherlands/living/government-portals-overview/,308,https://www.expatcopilot.com/netherlands/living/government-portals-overview/,308,https://www.expatcopilot.com/netherlands/living/government-portals-overview,no,1,yes,yes,no,P1,SITEMAP_URL_REDIRECTS (sitemap loc returns 3xx before content)
https://www.expatcopilot.com/netherlands/living/healthcare-basics/,308,https://www.expatcopilot.com/netherlands/living/healthcare-basics/,308,https://www.expatcopilot.com/netherlands/living/healthcare-basics,no,1,yes,yes,no,P1,SITEMAP_URL_REDIRECTS (sitemap loc returns 3xx before content)
https://www.expatcopilot.com/netherlands/living/language,200,https://www.expatcopilot.com/netherlands/living/language/,308,https://www.expatcopilot.com/netherlands/living/language,no,0,yes,yes,no,P2,CANONICAL_POINTS_TO_TRAILING_SLASH_URL_THAT_308S_TO_NON_SLASH; 200 response URL is non-slash while canonical/sitemap use trailing slash
https://www.expatcopilot.com/netherlands/living/payments,200,https://www.expatcopilot.com/netherlands/living/payments/,308,https://www.expatcopilot.com/netherlands/living/payments,no,0,yes,yes,no,P2,CANONICAL_POINTS_TO_TRAILING_SLASH_URL_THAT_308S_TO_NON_SLASH; 200 response URL is non-slash while canonical/sitemap use trailing slash
https://www.expatcopilot.com/netherlands/living/rental-market,200,https://www.expatcopilot.com/netherlands/living/rental-market/,308,https://www.expatcopilot.com/netherlands/living/rental-market,no,0,yes,yes,no,P2,CANONICAL_POINTS_TO_TRAILING_SLASH_URL_THAT_308S_TO_NON_SLASH; 200 response URL is non-slash while canonical/sitemap use trailing slash
https://www.expatcopilot.com/netherlands/living/lease-cars-netherlands/,308,https://www.expatcopilot.com/netherlands/living/lease-cars-netherlands/,308,https://www.expatcopilot.com/netherlands/living/lease-cars-netherlands,no,1,yes,yes,no,P1,SITEMAP_URL_REDIRECTS (sitemap loc returns 3xx before content)
https://www.expatcopilot.com/netherlands/living/language/,308,https://www.expatcopilot.com/netherlands/living/language/,308,https://www.expatcopilot.com/netherlands/living/language,no,1,yes,yes,no,P1,SITEMAP_URL_REDIRECTS (sitemap loc returns 3xx before content)
https://www.expatcopilot.com/netherlands/living/mot-apk-netherlands,200,https://www.expatcopilot.com/netherlands/living/mot-apk-netherlands/,308,https://www.expatcopilot.com/netherlands/living/mot-apk-netherlands,no,0,yes,yes,no,P2,CANONICAL_POINTS_TO_TRAILING_SLASH_URL_THAT_308S_TO_NON_SLASH; 200 response URL is non-slash while canonical/sitemap use trailing slash
https://www.expatcopilot.com/netherlands/living/payments/,308,https://www.expatcopilot.com/netherlands/living/payments/,308,https://www.expatcopilot.com/netherlands/living/payments,no,1,yes,yes,no,P1,SITEMAP_URL_REDIRECTS (sitemap loc returns 3xx before content)
https://www.expatcopilot.com/netherlands/living/rental-market/,308,https://www.expatcopilot.com/netherlands/living/rental-market/,308,https://www.expatcopilot.com/netherlands/living/rental-market,no,1,yes,yes,no,P1,SITEMAP_URL_REDIRECTS (sitemap loc returns 3xx before content)
https://www.expatcopilot.com/netherlands/living/survival-guide,200,https://www.expatcopilot.com/netherlands/living/survival-guide/,308,https://www.expatcopilot.com/netherlands/living/survival-guide,no,0,yes,yes,no,P2,CANONICAL_POINTS_TO_TRAILING_SLASH_URL_THAT_308S_TO_NON_SLASH; 200 response URL is non-slash while canonical/sitemap use trailing slash
https://www.expatcopilot.com/netherlands/living/shopping-groceries,200,https://www.expatcopilot.com/netherlands/living/shopping-groceries/,308,https://www.expatcopilot.com/netherlands/living/shopping-groceries,no,0,yes,yes,no,P2,CANONICAL_POINTS_TO_TRAILING_SLASH_URL_THAT_308S_TO_NON_SLASH; 200 response URL is non-slash while canonical/sitemap use trailing slash
https://www.expatcopilot.com/netherlands/living/shopping-groceries/,308,https://www.expatcopilot.com/netherlands/living/shopping-groceries/,308,https://www.expatcopilot.com/netherlands/living/shopping-groceries,no,1,yes,yes,no,P1,SITEMAP_URL_REDIRECTS (sitemap loc returns 3xx before content)
https://www.expatcopilot.com/netherlands/living/survival-guide/,308,https://www.expatcopilot.com/netherlands/living/survival-guide/,308,https://www.expatcopilot.com/netherlands/living/survival-guide,no,1,yes,yes,no,P1,SITEMAP_URL_REDIRECTS (sitemap loc returns 3xx before content)
https://www.expatcopilot.com/netherlands/living/weather,200,https://www.expatcopilot.com/netherlands/living/weather/,308,https://www.expatcopilot.com/netherlands/living/weather,no,0,yes,yes,no,P2,CANONICAL_POINTS_TO_TRAILING_SLASH_URL_THAT_308S_TO_NON_SLASH; 200 response URL is non-slash while canonical/sitemap use trailing slash
https://www.expatcopilot.com/netherlands/living/mot-apk-netherlands/,308,https://www.expatcopilot.com/netherlands/living/mot-apk-netherlands/,308,https://www.expatcopilot.com/netherlands/living/mot-apk-netherlands,no,1,yes,yes,no,P1,SITEMAP_URL_REDIRECTS (sitemap loc returns 3xx before content)
https://www.expatcopilot.com/netherlands/living/weather/,308,https://www.expatcopilot.com/netherlands/living/weather/,308,https://www.expatcopilot.com/netherlands/living/weather,no,1,yes,yes,no,P1,SITEMAP_URL_REDIRECTS (sitemap loc returns 3xx before content)
https://www.expatcopilot.com/netherlands/living/road-tax-netherlands,200,https://www.expatcopilot.com/netherlands/living/road-tax-netherlands/,308,https://www.expatcopilot.com/netherlands/living/road-tax-netherlands,no,0,yes,yes,no,P2,CANONICAL_POINTS_TO_TRAILING_SLASH_URL_THAT_308S_TO_NON_SLASH; 200 response URL is non-slash while canonical/sitemap use trailing slash
https://www.expatcopilot.com/netherlands/living/tools/utilities-services-comparison,200,https://www.expatcopilot.com/netherlands/living/tools/utilities-services-comparison/,308,https://www.expatcopilot.com/netherlands/living/tools/utilities-services-comparison,no,0,yes,yes,no,P2,CANONICAL_POINTS_TO_TRAILING_SLASH_URL_THAT_308S_TO_NON_SLASH; 200 response URL is non-slash while canonical/sitemap use trailing slash
https://www.expatcopilot.com/netherlands/money,200,https://www.expatcopilot.com/netherlands/money/,308,https://www.expatcopilot.com/netherlands/money,no,0,yes,yes,no,P2,CANONICAL_POINTS_TO_TRAILING_SLASH_URL_THAT_308S_TO_NON_SLASH; 200 response URL is non-slash while canonical/sitemap use trailing slash; og:url path differs from canonical
https://www.expatcopilot.com/netherlands/living/speed-cameras-netherlands,200,https://www.expatcopilot.com/netherlands/living/speed-cameras-netherlands/,308,https://www.expatcopilot.com/netherlands/living/speed-cameras-netherlands,no,0,yes,yes,no,P2,CANONICAL_POINTS_TO_TRAILING_SLASH_URL_THAT_308S_TO_NON_SLASH; 200 response URL is non-slash while canonical/sitemap use trailing slash
https://www.expatcopilot.com/netherlands/money/,308,https://www.expatcopilot.com/netherlands/money/,308,https://www.expatcopilot.com/netherlands/money,no,1,yes,yes,no,P1,SITEMAP_URL_REDIRECTS (sitemap loc returns 3xx before content); og:url path differs from canonical
https://www.expatcopilot.com/netherlands/living/road-tax-netherlands/,308,https://www.expatcopilot.com/netherlands/living/road-tax-netherlands/,308,https://www.expatcopilot.com/netherlands/living/road-tax-netherlands,no,1,yes,yes,no,P1,SITEMAP_URL_REDIRECTS (sitemap loc returns 3xx before content)
https://www.expatcopilot.com/netherlands/living/tools/utilities-services-comparison/,308,https://www.expatcopilot.com/netherlands/living/tools/utilities-services-comparison/,308,https://www.expatcopilot.com/netherlands/living/tools/utilities-services-comparison,no,1,yes,yes,no,P1,SITEMAP_URL_REDIRECTS (sitemap loc returns 3xx before content)
https://www.expatcopilot.com/netherlands/money/banking,200,https://www.expatcopilot.com/netherlands/money/banking/,308,https://www.expatcopilot.com/netherlands/money/banking,no,0,yes,yes,no,P2,CANONICAL_POINTS_TO_TRAILING_SLASH_URL_THAT_308S_TO_NON_SLASH; 200 response URL is non-slash while canonical/sitemap use trailing slash
https://www.expatcopilot.com/netherlands/money/banking/,308,https://www.expatcopilot.com/netherlands/money/banking/,308,https://www.expatcopilot.com/netherlands/money/banking,no,1,yes,yes,no,P1,SITEMAP_URL_REDIRECTS (sitemap loc returns 3xx before content)
https://www.expatcopilot.com/netherlands/living/speed-cameras-netherlands/,308,https://www.expatcopilot.com/netherlands/living/speed-cameras-netherlands/,308,https://www.expatcopilot.com/netherlands/living/speed-cameras-netherlands,no,1,yes,yes,no,P1,SITEMAP_URL_REDIRECTS (sitemap loc returns 3xx before content)
https://www.expatcopilot.com/netherlands/maastricht,200,https://www.expatcopilot.com/netherlands/maastricht/,308,https://www.expatcopilot.com/netherlands/maastricht,no,0,yes,yes,no,P2,CANONICAL_POINTS_TO_TRAILING_SLASH_URL_THAT_308S_TO_NON_SLASH; 200 response URL is non-slash while canonical/sitemap use trailing slash
https://www.expatcopilot.com/netherlands/maastricht/,308,https://www.expatcopilot.com/netherlands/maastricht/,308,https://www.expatcopilot.com/netherlands/maastricht,no,1,yes,yes,no,P1,SITEMAP_URL_REDIRECTS (sitemap loc returns 3xx before content)
https://www.expatcopilot.com/netherlands/money/banking/account-rejection,200,https://www.expatcopilot.com/netherlands/money/banking/account-rejection/,308,https://www.expatcopilot.com/netherlands/money/banking/account-rejection,no,0,yes,yes,no,P2,CANONICAL_POINTS_TO_TRAILING_SLASH_URL_THAT_308S_TO_NON_SLASH; 200 response URL is non-slash while canonical/sitemap use trailing slash
https://www.expatcopilot.com/netherlands/money/banking/account-rejection/,308,https://www.expatcopilot.com/netherlands/money/banking/account-rejection/,308,https://www.expatcopilot.com/netherlands/money/banking/account-rejection,no,1,yes,yes,no,P1,SITEMAP_URL_REDIRECTS (sitemap loc returns 3xx before content)
https://www.expatcopilot.com/netherlands/money/banking/best-banks-expats,200,https://www.expatcopilot.com/netherlands/money/banking/best-banks-expats/,308,https://www.expatcopilot.com/netherlands/money/banking/best-banks-expats,no,0,yes,yes,no,P2,CANONICAL_POINTS_TO_TRAILING_SLASH_URL_THAT_308S_TO_NON_SLASH; 200 response URL is non-slash while canonical/sitemap use trailing slash
https://www.expatcopilot.com/netherlands/money/banking/cash-vs-card,200,https://www.expatcopilot.com/netherlands/money/banking/cash-vs-card/,308,https://www.expatcopilot.com/netherlands/money/banking/cash-vs-card,no,0,yes,yes,no,P2,CANONICAL_POINTS_TO_TRAILING_SLASH_URL_THAT_308S_TO_NON_SLASH; 200 response URL is non-slash while canonical/sitemap use trailing slash
https://www.expatcopilot.com/netherlands/money/banking/best-banks-expats/,308,https://www.expatcopilot.com/netherlands/money/banking/best-banks-expats/,308,https://www.expatcopilot.com/netherlands/money/banking/best-banks-expats,no,1,yes,yes,no,P1,SITEMAP_URL_REDIRECTS (sitemap loc returns 3xx before content)
https://www.expatcopilot.com/netherlands/money/banking/best-bank-zzp,200,https://www.expatcopilot.com/netherlands/money/banking/best-bank-zzp/,308,https://www.expatcopilot.com/netherlands/money/banking/best-bank-zzp,no,0,yes,yes,no,P2,CANONICAL_POINTS_TO_TRAILING_SLASH_URL_THAT_308S_TO_NON_SLASH; 200 response URL is non-slash while canonical/sitemap use trailing slash
https://www.expatcopilot.com/netherlands/money/banking/cash-vs-card/,308,https://www.expatcopilot.com/netherlands/money/banking/cash-vs-card/,308,https://www.expatcopilot.com/netherlands/money/banking/cash-vs-card,no,1,yes,yes,no,P1,SITEMAP_URL_REDIRECTS (sitemap loc returns 3xx before content)
https://www.expatcopilot.com/netherlands/money/banking/best-bank-zzp/,308,https://www.expatcopilot.com/netherlands/money/banking/best-bank-zzp/,308,https://www.expatcopilot.com/netherlands/money/banking/best-bank-zzp,no,1,yes,yes,no,P1,SITEMAP_URL_REDIRECTS (sitemap loc returns 3xx before content)
https://www.expatcopilot.com/netherlands/money/banking/cheapest-accounts,200,https://www.expatcopilot.com/netherlands/money/banking/cheapest-accounts/,308,https://www.expatcopilot.com/netherlands/money/banking/cheapest-accounts,no,0,yes,yes,no,P2,CANONICAL_POINTS_TO_TRAILING_SLASH_URL_THAT_308S_TO_NON_SLASH; 200 response URL is non-slash while canonical/sitemap use trailing slash
https://www.expatcopilot.com/netherlands/money/banking/credit-cards,200,https://www.expatcopilot.com/netherlands/money/banking/credit-cards/,308,https://www.expatcopilot.com/netherlands/money/banking/credit-cards,no,0,yes,yes,no,P2,CANONICAL_POINTS_TO_TRAILING_SLASH_URL_THAT_308S_TO_NON_SLASH; 200 response URL is non-slash while canonical/sitemap use trailing slash
https://www.expatcopilot.com/netherlands/money/banking/cheapest-accounts/,308,https://www.expatcopilot.com/netherlands/money/banking/cheapest-accounts/,308,https://www.expatcopilot.com/netherlands/money/banking/cheapest-accounts,no,1,yes,yes,no,P1,SITEMAP_URL_REDIRECTS (sitemap loc returns 3xx before content)
https://www.expatcopilot.com/netherlands/money/banking/credit-cards/,308,https://www.expatcopilot.com/netherlands/money/banking/credit-cards/,308,https://www.expatcopilot.com/netherlands/money/banking/credit-cards,no,1,yes,yes,no,P1,SITEMAP_URL_REDIRECTS (sitemap loc returns 3xx before content)
https://www.expatcopilot.com/netherlands/money/banking/debit-cards,200,https://www.expatcopilot.com/netherlands/money/banking/debit-cards/,308,https://www.expatcopilot.com/netherlands/money/banking/debit-cards,no,0,yes,yes,no,P2,CANONICAL_POINTS_TO_TRAILING_SLASH_URL_THAT_308S_TO_NON_SLASH; 200 response URL is non-slash while canonical/sitemap use trailing slash
https://www.expatcopilot.com/netherlands/money/banking/fees/,308,https://www.expatcopilot.com/netherlands/money/banking/fees/,308,https://www.expatcopilot.com/netherlands/money/banking/fees,no,1,yes,yes,no,P1,SITEMAP_URL_REDIRECTS (sitemap loc returns 3xx before content)
https://www.expatcopilot.com/netherlands/money/banking/fees,200,https://www.expatcopilot.com/netherlands/money/banking/fees/,308,https://www.expatcopilot.com/netherlands/money/banking/fees,no,0,yes,yes,no,P2,CANONICAL_POINTS_TO_TRAILING_SLASH_URL_THAT_308S_TO_NON_SLASH; 200 response URL is non-slash while canonical/sitemap use trailing slash
https://www.expatcopilot.com/netherlands/money/banking/international-transfers,200,https://www.expatcopilot.com/netherlands/money/banking/international-transfers/,308,https://www.expatcopilot.com/netherlands/money/banking/international-transfers,no,0,yes,yes,no,P2,CANONICAL_POINTS_TO_TRAILING_SLASH_URL_THAT_308S_TO_NON_SLASH; 200 response URL is non-slash while canonical/sitemap use trailing slash
https://www.expatcopilot.com/netherlands/money/banking/how-payments-work/,308,https://www.expatcopilot.com/netherlands/money/banking/how-payments-work/,308,https://www.expatcopilot.com/netherlands/money/banking/how-payments-work,no,1,yes,yes,no,P1,SITEMAP_URL_REDIRECTS (sitemap loc returns 3xx before content)
https://www.expatcopilot.com/netherlands/money/banking/how-payments-work,200,https://www.expatcopilot.com/netherlands/money/banking/how-payments-work/,308,https://www.expatcopilot.com/netherlands/money/banking/how-payments-work,no,0,yes,yes,no,P2,CANONICAL_POINTS_TO_TRAILING_SLASH_URL_THAT_308S_TO_NON_SLASH; 200 response URL is non-slash while canonical/sitemap use trailing slash
https://www.expatcopilot.com/netherlands/money/banking/debit-cards/,308,https://www.expatcopilot.com/netherlands/money/banking/debit-cards/,308,https://www.expatcopilot.com/netherlands/money/banking/debit-cards,no,1,yes,yes,no,P1,SITEMAP_URL_REDIRECTS (sitemap loc returns 3xx before content)
https://www.expatcopilot.com/netherlands/money/banking/international-transfers/,308,https://www.expatcopilot.com/netherlands/money/banking/international-transfers/,308,https://www.expatcopilot.com/netherlands/money/banking/international-transfers,no,1,yes,yes,no,P1,SITEMAP_URL_REDIRECTS (sitemap loc returns 3xx before content)
https://www.expatcopilot.com/netherlands/money/banking/security,200,https://www.expatcopilot.com/netherlands/money/banking/security/,308,https://www.expatcopilot.com/netherlands/money/banking/security,no,0,yes,yes,no,P2,CANONICAL_POINTS_TO_TRAILING_SLASH_URL_THAT_308S_TO_NON_SLASH; 200 response URL is non-slash while canonical/sitemap use trailing slash
https://www.expatcopilot.com/netherlands/money/banking/security/,308,https://www.expatcopilot.com/netherlands/money/banking/security/,308,https://www.expatcopilot.com/netherlands/money/banking/security,no,1,yes,yes,no,P1,SITEMAP_URL_REDIRECTS (sitemap loc returns 3xx before content)
https://www.expatcopilot.com/netherlands/money/banking/traditional-vs-digital,200,https://www.expatcopilot.com/netherlands/money/banking/traditional-vs-digital/,308,https://www.expatcopilot.com/netherlands/money/banking/traditional-vs-digital,no,0,yes,yes,no,P2,CANONICAL_POINTS_TO_TRAILING_SLASH_URL_THAT_308S_TO_NON_SLASH; 200 response URL is non-slash while canonical/sitemap use trailing slash
https://www.expatcopilot.com/netherlands/money/banking/traditional-vs-digital/,308,https://www.expatcopilot.com/netherlands/money/banking/traditional-vs-digital/,308,https://www.expatcopilot.com/netherlands/money/banking/traditional-vs-digital,no,1,yes,yes,no,P1,SITEMAP_URL_REDIRECTS (sitemap loc returns 3xx before content)
https://www.expatcopilot.com/netherlands/money/banking/joint-accounts,200,https://www.expatcopilot.com/netherlands/money/banking/joint-accounts/,308,https://www.expatcopilot.com/netherlands/money/banking/joint-accounts,no,0,yes,yes,no,P2,CANONICAL_POINTS_TO_TRAILING_SLASH_URL_THAT_308S_TO_NON_SLASH; 200 response URL is non-slash while canonical/sitemap use trailing slash
https://www.expatcopilot.com/netherlands/money/banking/types-of-accounts,200,https://www.expatcopilot.com/netherlands/money/banking/types-of-accounts/,308,https://www.expatcopilot.com/netherlands/money/banking/types-of-accounts,no,0,yes,yes,no,P2,CANONICAL_POINTS_TO_TRAILING_SLASH_URL_THAT_308S_TO_NON_SLASH; 200 response URL is non-slash while canonical/sitemap use trailing slash
https://www.expatcopilot.com/netherlands/money/banking/wise-vs-revolut,200,https://www.expatcopilot.com/netherlands/money/banking/wise-vs-revolut/,308,https://www.expatcopilot.com/netherlands/money/banking/wise-vs-revolut,no,0,yes,yes,no,P2,CANONICAL_POINTS_TO_TRAILING_SLASH_URL_THAT_308S_TO_NON_SLASH; 200 response URL is non-slash while canonical/sitemap use trailing slash
https://www.expatcopilot.com/netherlands/money/banking/types-of-accounts/,308,https://www.expatcopilot.com/netherlands/money/banking/types-of-accounts/,308,https://www.expatcopilot.com/netherlands/money/banking/types-of-accounts,no,1,yes,yes,no,P1,SITEMAP_URL_REDIRECTS (sitemap loc returns 3xx before content)
https://www.expatcopilot.com/netherlands/money/banking/wise-vs-revolut/,308,https://www.expatcopilot.com/netherlands/money/banking/wise-vs-revolut/,308,https://www.expatcopilot.com/netherlands/money/banking/wise-vs-revolut,no,1,yes,yes,no,P1,SITEMAP_URL_REDIRECTS (sitemap loc returns 3xx before content)
https://www.expatcopilot.com/netherlands/money/expat-taxes-netherlands,200,https://www.expatcopilot.com/netherlands/money/expat-taxes-netherlands/,308,https://www.expatcopilot.com/netherlands/money/expat-taxes-netherlands,no,0,yes,yes,no,P2,CANONICAL_POINTS_TO_TRAILING_SLASH_URL_THAT_308S_TO_NON_SLASH; 200 response URL is non-slash while canonical/sitemap use trailing slash
https://www.expatcopilot.com/netherlands/money/expat-taxes-netherlands/,308,https://www.expatcopilot.com/netherlands/money/expat-taxes-netherlands/,308,https://www.expatcopilot.com/netherlands/money/expat-taxes-netherlands,no,1,yes,yes,no,P1,SITEMAP_URL_REDIRECTS (sitemap loc returns 3xx before content)
https://www.expatcopilot.com/netherlands/money/banking/student-accounts,200,https://www.expatcopilot.com/netherlands/money/banking/student-accounts/,308,https://www.expatcopilot.com/netherlands/money/banking/student-accounts,no,0,yes,yes,no,P2,CANONICAL_POINTS_TO_TRAILING_SLASH_URL_THAT_308S_TO_NON_SLASH; 200 response URL is non-slash while canonical/sitemap use trailing slash
https://www.expatcopilot.com/netherlands/money/banking/joint-accounts/,308,https://www.expatcopilot.com/netherlands/money/banking/joint-accounts/,308,https://www.expatcopilot.com/netherlands/money/banking/joint-accounts,no,1,yes,yes,no,P1,SITEMAP_URL_REDIRECTS (sitemap loc returns 3xx before content)
https://www.expatcopilot.com/netherlands/money/banking/student-accounts/,308,https://www.expatcopilot.com/netherlands/money/banking/student-accounts/,308,https://www.expatcopilot.com/netherlands/money/banking/student-accounts,no,1,yes,yes,no,P1,SITEMAP_URL_REDIRECTS (sitemap loc returns 3xx before content)
https://www.expatcopilot.com/netherlands/money/how-taxes-work-in-the-netherlands,200,https://www.expatcopilot.com/netherlands/money/how-taxes-work-in-the-netherlands/,308,https://www.expatcopilot.com/netherlands/money/how-taxes-work-in-the-netherlands,no,0,yes,yes,no,P2,CANONICAL_POINTS_TO_TRAILING_SLASH_URL_THAT_308S_TO_NON_SLASH; 200 response URL is non-slash while canonical/sitemap use trailing slash
https://www.expatcopilot.com/netherlands/money/how-taxes-work-in-the-netherlands/,308,https://www.expatcopilot.com/netherlands/money/how-taxes-work-in-the-netherlands/,308,https://www.expatcopilot.com/netherlands/money/how-taxes-work-in-the-netherlands,no,1,yes,yes,no,P1,SITEMAP_URL_REDIRECTS (sitemap loc returns 3xx before content)
https://www.expatcopilot.com/netherlands/money/financial-checklist-netherlands,200,https://www.expatcopilot.com/netherlands/money/financial-checklist-netherlands/,308,https://www.expatcopilot.com/netherlands/money/financial-checklist-netherlands,no,0,yes,yes,no,P2,CANONICAL_POINTS_TO_TRAILING_SLASH_URL_THAT_308S_TO_NON_SLASH; 200 response URL is non-slash while canonical/sitemap use trailing slash
https://www.expatcopilot.com/netherlands/money/hidden-costs-netherlands,200,https://www.expatcopilot.com/netherlands/money/hidden-costs-netherlands/,308,https://www.expatcopilot.com/netherlands/money/hidden-costs-netherlands,no,0,yes,yes,no,P2,CANONICAL_POINTS_TO_TRAILING_SLASH_URL_THAT_308S_TO_NON_SLASH; 200 response URL is non-slash while canonical/sitemap use trailing slash
https://www.expatcopilot.com/netherlands/money/financial-checklist-netherlands/,308,https://www.expatcopilot.com/netherlands/money/financial-checklist-netherlands/,308,https://www.expatcopilot.com/netherlands/money/financial-checklist-netherlands,no,1,yes,yes,no,P1,SITEMAP_URL_REDIRECTS (sitemap loc returns 3xx before content)
https://www.expatcopilot.com/netherlands/money/cost-of-living-netherlands,200,https://www.expatcopilot.com/netherlands/money/cost-of-living-netherlands/,308,https://www.expatcopilot.com/netherlands/money/cost-of-living-netherlands,no,0,yes,yes,no,P2,CANONICAL_POINTS_TO_TRAILING_SLASH_URL_THAT_308S_TO_NON_SLASH; 200 response URL is non-slash while canonical/sitemap use trailing slash
https://www.expatcopilot.com/netherlands/money/hidden-costs-netherlands/,308,https://www.expatcopilot.com/netherlands/money/hidden-costs-netherlands/,308,https://www.expatcopilot.com/netherlands/money/hidden-costs-netherlands,no,1,yes,yes,no,P1,SITEMAP_URL_REDIRECTS (sitemap loc returns 3xx before content)
https://www.expatcopilot.com/netherlands/money/cost-of-living-netherlands/,308,https://www.expatcopilot.com/netherlands/money/cost-of-living-netherlands/,308,https://www.expatcopilot.com/netherlands/money/cost-of-living-netherlands,no,1,yes,yes,no,P1,SITEMAP_URL_REDIRECTS (sitemap loc returns 3xx before content)
https://www.expatcopilot.com/netherlands/money/tax-guide-for-expats/,308,https://www.expatcopilot.com/netherlands/money/tax-guide-for-expats/,308,https://www.expatcopilot.com/netherlands/money/tax-guide-for-expats,no,1,yes,yes,no,P1,SITEMAP_URL_REDIRECTS (sitemap loc returns 3xx before content)
https://www.expatcopilot.com/netherlands/money/tax-guide-for-expats,200,https://www.expatcopilot.com/netherlands/money/tax-guide-for-expats/,308,https://www.expatcopilot.com/netherlands/money/tax-guide-for-expats,no,0,yes,yes,no,P2,CANONICAL_POINTS_TO_TRAILING_SLASH_URL_THAT_308S_TO_NON_SLASH; 200 response URL is non-slash while canonical/sitemap use trailing slash
https://www.expatcopilot.com/netherlands/money/monthly-budget-netherlands,200,https://www.expatcopilot.com/netherlands/money/monthly-budget-netherlands/,308,https://www.expatcopilot.com/netherlands/money/monthly-budget-netherlands,no,0,yes,yes,no,P2,CANONICAL_POINTS_TO_TRAILING_SLASH_URL_THAT_308S_TO_NON_SLASH; 200 response URL is non-slash while canonical/sitemap use trailing slash
https://www.expatcopilot.com/netherlands/money/monthly-budget-netherlands/,308,https://www.expatcopilot.com/netherlands/money/monthly-budget-netherlands/,308,https://www.expatcopilot.com/netherlands/money/monthly-budget-netherlands,no,1,yes,yes,no,P1,SITEMAP_URL_REDIRECTS (sitemap loc returns 3xx before content)
https://www.expatcopilot.com/netherlands/money/tax-residency-netherlands,200,https://www.expatcopilot.com/netherlands/money/tax-residency-netherlands/,308,https://www.expatcopilot.com/netherlands/money/tax-residency-netherlands,no,0,yes,yes,no,P2,CANONICAL_POINTS_TO_TRAILING_SLASH_URL_THAT_308S_TO_NON_SLASH; 200 response URL is non-slash while canonical/sitemap use trailing slash
https://www.expatcopilot.com/netherlands/money/tax-return-netherlands,200,https://www.expatcopilot.com/netherlands/money/tax-return-netherlands/,308,https://www.expatcopilot.com/netherlands/money/tax-return-netherlands,no,0,yes,yes,no,P2,CANONICAL_POINTS_TO_TRAILING_SLASH_URL_THAT_308S_TO_NON_SLASH; 200 response URL is non-slash while canonical/sitemap use trailing slash
https://www.expatcopilot.com/netherlands/money/tax-residency-netherlands/,308,https://www.expatcopilot.com/netherlands/money/tax-residency-netherlands/,308,https://www.expatcopilot.com/netherlands/money/tax-residency-netherlands,no,1,yes,yes,no,P1,SITEMAP_URL_REDIRECTS (sitemap loc returns 3xx before content)
https://www.expatcopilot.com/netherlands/money/tax-return-netherlands/,308,https://www.expatcopilot.com/netherlands/money/tax-return-netherlands/,308,https://www.expatcopilot.com/netherlands/money/tax-return-netherlands,no,1,yes,yes,no,P1,SITEMAP_URL_REDIRECTS (sitemap loc returns 3xx before content)
https://www.expatcopilot.com/netherlands/money/saving-money-netherlands,200,https://www.expatcopilot.com/netherlands/money/saving-money-netherlands/,308,https://www.expatcopilot.com/netherlands/money/saving-money-netherlands,no,0,yes,yes,no,P2,CANONICAL_POINTS_TO_TRAILING_SLASH_URL_THAT_308S_TO_NON_SLASH; 200 response URL is non-slash while canonical/sitemap use trailing slash
https://www.expatcopilot.com/netherlands/money/taxes/tax-advisors,200,https://www.expatcopilot.com/netherlands/money/taxes/tax-advisors/,308,https://www.expatcopilot.com/netherlands/money/taxes/tax-advisors,no,0,yes,yes,no,P2,CANONICAL_POINTS_TO_TRAILING_SLASH_URL_THAT_308S_TO_NON_SLASH; 200 response URL is non-slash while canonical/sitemap use trailing slash
https://www.expatcopilot.com/netherlands/money/saving-money-netherlands/,308,https://www.expatcopilot.com/netherlands/money/saving-money-netherlands/,308,https://www.expatcopilot.com/netherlands/money/saving-money-netherlands,no,1,yes,yes,no,P1,SITEMAP_URL_REDIRECTS (sitemap loc returns 3xx before content)
https://www.expatcopilot.com/netherlands/money/taxes/tax-advisors/,308,https://www.expatcopilot.com/netherlands/money/taxes/tax-advisors/,308,https://www.expatcopilot.com/netherlands/money/taxes/tax-advisors,no,1,yes,yes,no,P1,SITEMAP_URL_REDIRECTS (sitemap loc returns 3xx before content)
https://www.expatcopilot.com/netherlands/money/tools,200,https://www.expatcopilot.com/netherlands/money/tools/,308,https://www.expatcopilot.com/netherlands/money/tools,no,0,yes,yes,no,P2,CANONICAL_POINTS_TO_TRAILING_SLASH_URL_THAT_308S_TO_NON_SLASH; 200 response URL is non-slash while canonical/sitemap use trailing slash
https://www.expatcopilot.com/netherlands/money/tools/,308,https://www.expatcopilot.com/netherlands/money/tools/,308,https://www.expatcopilot.com/netherlands/money/tools,no,1,yes,yes,no,P1,SITEMAP_URL_REDIRECTS (sitemap loc returns 3xx before content)
https://www.expatcopilot.com/netherlands/moving-mistakes-netherlands,200,https://www.expatcopilot.com/netherlands/moving-mistakes-netherlands/,308,https://www.expatcopilot.com/netherlands/moving-mistakes-netherlands,no,0,yes,yes,no,P2,CANONICAL_POINTS_TO_TRAILING_SLASH_URL_THAT_308S_TO_NON_SLASH; 200 response URL is non-slash while canonical/sitemap use trailing slash
https://www.expatcopilot.com/netherlands/moving-checklist-netherlands,200,https://www.expatcopilot.com/netherlands/moving-checklist-netherlands/,308,https://www.expatcopilot.com/netherlands/moving-checklist-netherlands,no,0,yes,yes,no,P2,CANONICAL_POINTS_TO_TRAILING_SLASH_URL_THAT_308S_TO_NON_SLASH; 200 response URL is non-slash while canonical/sitemap use trailing slash
https://www.expatcopilot.com/netherlands/move-to-netherlands-without-job,200,https://www.expatcopilot.com/netherlands/move-to-netherlands-without-job/,308,https://www.expatcopilot.com/netherlands/move-to-netherlands-without-job,no,0,yes,yes,no,P2,CANONICAL_POINTS_TO_TRAILING_SLASH_URL_THAT_308S_TO_NON_SLASH; 200 response URL is non-slash while canonical/sitemap use trailing slash
https://www.expatcopilot.com/netherlands/money/tools/cost-of-living-calculator,200,https://www.expatcopilot.com/netherlands/money/tools/cost-of-living-calculator/,308,https://www.expatcopilot.com/netherlands/money/tools/cost-of-living-calculator,no,0,yes,yes,no,P2,CANONICAL_POINTS_TO_TRAILING_SLASH_URL_THAT_308S_TO_NON_SLASH; 200 response URL is non-slash while canonical/sitemap use trailing slash
https://www.expatcopilot.com/netherlands/moving-requirements-netherlands,200,https://www.expatcopilot.com/netherlands/moving-requirements-netherlands/,308,https://www.expatcopilot.com/netherlands/moving-requirements-netherlands,no,0,yes,yes,no,P2,CANONICAL_POINTS_TO_TRAILING_SLASH_URL_THAT_308S_TO_NON_SLASH; 200 response URL is non-slash while canonical/sitemap use trailing slash
https://www.expatcopilot.com/netherlands/moving-mistakes-netherlands/,308,https://www.expatcopilot.com/netherlands/moving-mistakes-netherlands/,308,https://www.expatcopilot.com/netherlands/moving-mistakes-netherlands,no,1,yes,yes,no,P1,SITEMAP_URL_REDIRECTS (sitemap loc returns 3xx before content)
https://www.expatcopilot.com/netherlands/move-to-netherlands-without-job/,308,https://www.expatcopilot.com/netherlands/move-to-netherlands-without-job/,308,https://www.expatcopilot.com/netherlands/move-to-netherlands-without-job,no,1,yes,yes,no,P1,SITEMAP_URL_REDIRECTS (sitemap loc returns 3xx before content)
https://www.expatcopilot.com/netherlands/money/tools/cost-of-living-calculator/,308,https://www.expatcopilot.com/netherlands/money/tools/cost-of-living-calculator/,308,https://www.expatcopilot.com/netherlands/money/tools/cost-of-living-calculator,no,1,yes,yes,no,P1,SITEMAP_URL_REDIRECTS (sitemap loc returns 3xx before content)
https://www.expatcopilot.com/netherlands/moving-requirements-netherlands/,308,https://www.expatcopilot.com/netherlands/moving-requirements-netherlands/,308,https://www.expatcopilot.com/netherlands/moving-requirements-netherlands,no,1,yes,yes,no,P1,SITEMAP_URL_REDIRECTS (sitemap loc returns 3xx before content)
https://www.expatcopilot.com/netherlands/moving-to-netherlands-cost/,308,https://www.expatcopilot.com/netherlands/moving-to-netherlands-cost/,308,https://www.expatcopilot.com/netherlands/moving-to-netherlands-cost,no,1,yes,yes,no,P1,SITEMAP_URL_REDIRECTS (sitemap loc returns 3xx before content)
https://www.expatcopilot.com/netherlands/moving-checklist-netherlands/,308,https://www.expatcopilot.com/netherlands/moving-checklist-netherlands/,308,https://www.expatcopilot.com/netherlands/moving-checklist-netherlands,no,1,yes,yes,no,P1,SITEMAP_URL_REDIRECTS (sitemap loc returns 3xx before content)
https://www.expatcopilot.com/netherlands/moving-to-netherlands-cost,200,https://www.expatcopilot.com/netherlands/moving-to-netherlands-cost/,308,https://www.expatcopilot.com/netherlands/moving-to-netherlands-cost,no,0,yes,yes,no,P2,CANONICAL_POINTS_TO_TRAILING_SLASH_URL_THAT_308S_TO_NON_SLASH; 200 response URL is non-slash while canonical/sitemap use trailing slash
https://www.expatcopilot.com/netherlands/moving-to-netherlands-steps,200,https://www.expatcopilot.com/netherlands/moving-to-netherlands-steps/,308,https://www.expatcopilot.com/netherlands/moving-to-netherlands-steps,no,0,yes,yes,no,P2,CANONICAL_POINTS_TO_TRAILING_SLASH_URL_THAT_308S_TO_NON_SLASH; 200 response URL is non-slash while canonical/sitemap use trailing slash
https://www.expatcopilot.com/netherlands/moving-to-netherlands-from,200,https://www.expatcopilot.com/netherlands/moving-to-netherlands-from/,308,https://www.expatcopilot.com/netherlands/moving-to-netherlands-from,no,0,yes,yes,no,P2,CANONICAL_POINTS_TO_TRAILING_SLASH_URL_THAT_308S_TO_NON_SLASH; 200 response URL is non-slash while canonical/sitemap use trailing slash
https://www.expatcopilot.com/netherlands/moving-to-netherlands-from/,308,https://www.expatcopilot.com/netherlands/moving-to-netherlands-from/,308,https://www.expatcopilot.com/netherlands/moving-to-netherlands-from,no,1,yes,yes,no,P1,SITEMAP_URL_REDIRECTS (sitemap loc returns 3xx before content)
https://www.expatcopilot.com/netherlands/moving-to-the-netherlands,200,https://www.expatcopilot.com/netherlands/moving-to-the-netherlands/,308,https://www.expatcopilot.com/netherlands/moving-to-the-netherlands,no,0,yes,yes,no,P2,CANONICAL_POINTS_TO_TRAILING_SLASH_URL_THAT_308S_TO_NON_SLASH; 200 response URL is non-slash while canonical/sitemap use trailing slash; breadcrumb page URL slash/form differs from canonical
https://www.expatcopilot.com/netherlands/moving-to-netherlands-timeline,200,https://www.expatcopilot.com/netherlands/moving-to-netherlands-timeline/,308,https://www.expatcopilot.com/netherlands/moving-to-netherlands-timeline,no,0,yes,yes,no,P2,CANONICAL_POINTS_TO_TRAILING_SLASH_URL_THAT_308S_TO_NON_SLASH; 200 response URL is non-slash while canonical/sitemap use trailing slash
https://www.expatcopilot.com/netherlands/moving-to-the-netherlands/,308,https://www.expatcopilot.com/netherlands/moving-to-the-netherlands/,308,https://www.expatcopilot.com/netherlands/moving-to-the-netherlands,no,1,yes,yes,no,P1,SITEMAP_URL_REDIRECTS (sitemap loc returns 3xx before content); breadcrumb page URL slash/form differs from canonical
https://www.expatcopilot.com/netherlands/moving-to-netherlands-steps/,308,https://www.expatcopilot.com/netherlands/moving-to-netherlands-steps/,308,https://www.expatcopilot.com/netherlands/moving-to-netherlands-steps,no,1,yes,yes,no,P1,SITEMAP_URL_REDIRECTS (sitemap loc returns 3xx before content)
https://www.expatcopilot.com/netherlands/moving-to-netherlands-with-kids,200,https://www.expatcopilot.com/netherlands/moving-to-netherlands-with-kids/,308,https://www.expatcopilot.com/netherlands/moving-to-netherlands-with-kids,no,0,yes,yes,no,P2,CANONICAL_POINTS_TO_TRAILING_SLASH_URL_THAT_308S_TO_NON_SLASH; 200 response URL is non-slash while canonical/sitemap use trailing slash
https://www.expatcopilot.com/netherlands/moving-to-netherlands-with-family,200,https://www.expatcopilot.com/netherlands/moving-to-netherlands-with-family/,308,https://www.expatcopilot.com/netherlands/moving-to-netherlands-with-family,no,0,yes,yes,no,P2,CANONICAL_POINTS_TO_TRAILING_SLASH_URL_THAT_308S_TO_NON_SLASH; 200 response URL is non-slash while canonical/sitemap use trailing slash
https://www.expatcopilot.com/netherlands/moving-to-netherlands-timeline/,308,https://www.expatcopilot.com/netherlands/moving-to-netherlands-timeline/,308,https://www.expatcopilot.com/netherlands/moving-to-netherlands-timeline,no,1,yes,yes,no,P1,SITEMAP_URL_REDIRECTS (sitemap loc returns 3xx before content)
https://www.expatcopilot.com/netherlands/moving-to-netherlands-with-family/,308,https://www.expatcopilot.com/netherlands/moving-to-netherlands-with-family/,308,https://www.expatcopilot.com/netherlands/moving-to-netherlands-with-family,no,1,yes,yes,no,P1,SITEMAP_URL_REDIRECTS (sitemap loc returns 3xx before content)
https://www.expatcopilot.com/netherlands/moving-to-netherlands-with-partner,200,https://www.expatcopilot.com/netherlands/moving-to-netherlands-with-partner/,308,https://www.expatcopilot.com/netherlands/moving-to-netherlands-with-partner,no,0,yes,yes,no,P2,CANONICAL_POINTS_TO_TRAILING_SLASH_URL_THAT_308S_TO_NON_SLASH; 200 response URL is non-slash while canonical/sitemap use trailing slash
https://www.expatcopilot.com/netherlands/moving-to-netherlands-with-kids/,308,https://www.expatcopilot.com/netherlands/moving-to-netherlands-with-kids/,308,https://www.expatcopilot.com/netherlands/moving-to-netherlands-with-kids,no,1,yes,yes,no,P1,SITEMAP_URL_REDIRECTS (sitemap loc returns 3xx before content)
https://www.expatcopilot.com/netherlands/moving/extensions-changes,200,https://www.expatcopilot.com/netherlands/moving/extensions-changes/,308,https://www.expatcopilot.com/netherlands/moving/extensions-changes,no,0,yes,yes,no,P2,CANONICAL_POINTS_TO_TRAILING_SLASH_URL_THAT_308S_TO_NON_SLASH; 200 response URL is non-slash while canonical/sitemap use trailing slash
https://www.expatcopilot.com/netherlands/moving/extensions-changes/,308,https://www.expatcopilot.com/netherlands/moving/extensions-changes/,308,https://www.expatcopilot.com/netherlands/moving/extensions-changes,no,1,yes,yes,no,P1,SITEMAP_URL_REDIRECTS (sitemap loc returns 3xx before content)
https://www.expatcopilot.com/netherlands/moving-to-netherlands-with-partner/,308,https://www.expatcopilot.com/netherlands/moving-to-netherlands-with-partner/,308,https://www.expatcopilot.com/netherlands/moving-to-netherlands-with-partner,no,1,yes,yes,no,P1,SITEMAP_URL_REDIRECTS (sitemap loc returns 3xx before content)
https://www.expatcopilot.com/netherlands/moving/changing-jobs-netherlands,200,https://www.expatcopilot.com/netherlands/moving/changing-jobs-netherlands/,308,https://www.expatcopilot.com/netherlands/moving/changing-jobs-netherlands,no,0,yes,yes,no,P2,CANONICAL_POINTS_TO_TRAILING_SLASH_URL_THAT_308S_TO_NON_SLASH; 200 response URL is non-slash while canonical/sitemap use trailing slash
https://www.expatcopilot.com/netherlands/moving/moving-to-netherlands-from/argentina,200,https://www.expatcopilot.com/netherlands/moving/moving-to-netherlands-from/argentina/,308,https://www.expatcopilot.com/netherlands/moving/moving-to-netherlands-from/argentina,no,0,yes,yes,no,P2,CANONICAL_POINTS_TO_TRAILING_SLASH_URL_THAT_308S_TO_NON_SLASH; 200 response URL is non-slash while canonical/sitemap use trailing slash
https://www.expatcopilot.com/netherlands/moving/moving-to-netherlands-from/australia,200,https://www.expatcopilot.com/netherlands/moving/moving-to-netherlands-from/australia/,308,https://www.expatcopilot.com/netherlands/moving/moving-to-netherlands-from/australia,no,0,yes,yes,no,P2,CANONICAL_POINTS_TO_TRAILING_SLASH_URL_THAT_308S_TO_NON_SLASH; 200 response URL is non-slash while canonical/sitemap use trailing slash
https://www.expatcopilot.com/netherlands/moving/changing-jobs-netherlands/,308,https://www.expatcopilot.com/netherlands/moving/changing-jobs-netherlands/,308,https://www.expatcopilot.com/netherlands/moving/changing-jobs-netherlands,no,1,yes,yes,no,P1,SITEMAP_URL_REDIRECTS (sitemap loc returns 3xx before content)
https://www.expatcopilot.com/netherlands/moving/moving-to-netherlands-from/argentina/,308,https://www.expatcopilot.com/netherlands/moving/moving-to-netherlands-from/argentina/,308,https://www.expatcopilot.com/netherlands/moving/moving-to-netherlands-from/argentina,no,1,yes,yes,no,P1,SITEMAP_URL_REDIRECTS (sitemap loc returns 3xx before content)
https://www.expatcopilot.com/netherlands/moving/layoffs-netherlands,200,https://www.expatcopilot.com/netherlands/moving/layoffs-netherlands/,308,https://www.expatcopilot.com/netherlands/moving/layoffs-netherlands,no,0,yes,yes,no,P2,CANONICAL_POINTS_TO_TRAILING_SLASH_URL_THAT_308S_TO_NON_SLASH; 200 response URL is non-slash while canonical/sitemap use trailing slash
https://www.expatcopilot.com/netherlands/moving/moving-to-netherlands-from/australia/,308,https://www.expatcopilot.com/netherlands/moving/moving-to-netherlands-from/australia/,308,https://www.expatcopilot.com/netherlands/moving/moving-to-netherlands-from/australia,no,1,yes,yes,no,P1,SITEMAP_URL_REDIRECTS (sitemap loc returns 3xx before content)
https://www.expatcopilot.com/netherlands/moving/moving-to-netherlands-from/brazil,200,https://www.expatcopilot.com/netherlands/moving/moving-to-netherlands-from/brazil/,308,https://www.expatcopilot.com/netherlands/moving/moving-to-netherlands-from/brazil,no,0,yes,yes,no,P2,CANONICAL_POINTS_TO_TRAILING_SLASH_URL_THAT_308S_TO_NON_SLASH; 200 response URL is non-slash while canonical/sitemap use trailing slash
https://www.expatcopilot.com/netherlands/moving/moving-to-netherlands-from/canada,200,https://www.expatcopilot.com/netherlands/moving/moving-to-netherlands-from/canada/,308,https://www.expatcopilot.com/netherlands/moving/moving-to-netherlands-from/canada,no,0,yes,yes,no,P2,CANONICAL_POINTS_TO_TRAILING_SLASH_URL_THAT_308S_TO_NON_SLASH; 200 response URL is non-slash while canonical/sitemap use trailing slash
https://www.expatcopilot.com/netherlands/moving/moving-to-netherlands-from/canada/,308,https://www.expatcopilot.com/netherlands/moving/moving-to-netherlands-from/canada/,308,https://www.expatcopilot.com/netherlands/moving/moving-to-netherlands-from/canada,no,1,yes,yes,no,P1,SITEMAP_URL_REDIRECTS (sitemap loc returns 3xx before content)
https://www.expatcopilot.com/netherlands/moving/layoffs-netherlands/,308,https://www.expatcopilot.com/netherlands/moving/layoffs-netherlands/,308,https://www.expatcopilot.com/netherlands/moving/layoffs-netherlands,no,1,yes,yes,no,P1,SITEMAP_URL_REDIRECTS (sitemap loc returns 3xx before content)
https://www.expatcopilot.com/netherlands/moving/moving-to-netherlands-from/brazil/,308,https://www.expatcopilot.com/netherlands/moving/moving-to-netherlands-from/brazil/,308,https://www.expatcopilot.com/netherlands/moving/moving-to-netherlands-from/brazil,no,1,yes,yes,no,P1,SITEMAP_URL_REDIRECTS (sitemap loc returns 3xx before content)
https://www.expatcopilot.com/netherlands/moving/moving-to-netherlands-from/france,200,https://www.expatcopilot.com/netherlands/moving/moving-to-netherlands-from/france/,308,https://www.expatcopilot.com/netherlands/moving/moving-to-netherlands-from/france,no,0,yes,yes,no,P2,CANONICAL_POINTS_TO_TRAILING_SLASH_URL_THAT_308S_TO_NON_SLASH; 200 response URL is non-slash while canonical/sitemap use trailing slash
https://www.expatcopilot.com/netherlands/moving/moving-to-netherlands-from/denmark,200,https://www.expatcopilot.com/netherlands/moving/moving-to-netherlands-from/denmark/,308,https://www.expatcopilot.com/netherlands/moving/moving-to-netherlands-from/denmark,no,0,yes,yes,no,P2,CANONICAL_POINTS_TO_TRAILING_SLASH_URL_THAT_308S_TO_NON_SLASH; 200 response URL is non-slash while canonical/sitemap use trailing slash
https://www.expatcopilot.com/netherlands/moving/moving-to-netherlands-from/chile/,308,https://www.expatcopilot.com/netherlands/moving/moving-to-netherlands-from/chile/,308,https://www.expatcopilot.com/netherlands/moving/moving-to-netherlands-from/chile,no,1,yes,yes,no,P1,SITEMAP_URL_REDIRECTS (sitemap loc returns 3xx before content)
https://www.expatcopilot.com/netherlands/moving/moving-to-netherlands-from/chile,200,https://www.expatcopilot.com/netherlands/moving/moving-to-netherlands-from/chile/,308,https://www.expatcopilot.com/netherlands/moving/moving-to-netherlands-from/chile,no,0,yes,yes,no,P2,CANONICAL_POINTS_TO_TRAILING_SLASH_URL_THAT_308S_TO_NON_SLASH; 200 response URL is non-slash while canonical/sitemap use trailing slash
https://www.expatcopilot.com/netherlands/moving/moving-to-netherlands-from/india,200,https://www.expatcopilot.com/netherlands/moving/moving-to-netherlands-from/india/,308,https://www.expatcopilot.com/netherlands/moving/moving-to-netherlands-from/india,no,0,yes,yes,no,P2,CANONICAL_POINTS_TO_TRAILING_SLASH_URL_THAT_308S_TO_NON_SLASH; 200 response URL is non-slash while canonical/sitemap use trailing slash
https://www.expatcopilot.com/netherlands/moving/moving-to-netherlands-from/denmark/,308,https://www.expatcopilot.com/netherlands/moving/moving-to-netherlands-from/denmark/,308,https://www.expatcopilot.com/netherlands/moving/moving-to-netherlands-from/denmark,no,1,yes,yes,no,P1,SITEMAP_URL_REDIRECTS (sitemap loc returns 3xx before content)
https://www.expatcopilot.com/netherlands/moving/moving-to-netherlands-from/india/,308,https://www.expatcopilot.com/netherlands/moving/moving-to-netherlands-from/india/,308,https://www.expatcopilot.com/netherlands/moving/moving-to-netherlands-from/india,no,1,yes,yes,no,P1,SITEMAP_URL_REDIRECTS (sitemap loc returns 3xx before content)
https://www.expatcopilot.com/netherlands/moving/moving-to-netherlands-from/germany,200,https://www.expatcopilot.com/netherlands/moving/moving-to-netherlands-from/germany/,308,https://www.expatcopilot.com/netherlands/moving/moving-to-netherlands-from/germany,no,0,yes,yes,no,P2,CANONICAL_POINTS_TO_TRAILING_SLASH_URL_THAT_308S_TO_NON_SLASH; 200 response URL is non-slash while canonical/sitemap use trailing slash
https://www.expatcopilot.com/netherlands/moving/moving-to-netherlands-from/indonesia/,308,https://www.expatcopilot.com/netherlands/moving/moving-to-netherlands-from/indonesia/,308,https://www.expatcopilot.com/netherlands/moving/moving-to-netherlands-from/indonesia,no,1,yes,yes,no,P1,SITEMAP_URL_REDIRECTS (sitemap loc returns 3xx before content)
https://www.expatcopilot.com/netherlands/moving/moving-to-netherlands-from/france/,308,https://www.expatcopilot.com/netherlands/moving/moving-to-netherlands-from/france/,308,https://www.expatcopilot.com/netherlands/moving/moving-to-netherlands-from/france,no,1,yes,yes,no,P1,SITEMAP_URL_REDIRECTS (sitemap loc returns 3xx before content)
https://www.expatcopilot.com/netherlands/moving/moving-to-netherlands-from/germany/,308,https://www.expatcopilot.com/netherlands/moving/moving-to-netherlands-from/germany/,308,https://www.expatcopilot.com/netherlands/moving/moving-to-netherlands-from/germany,no,1,yes,yes,no,P1,SITEMAP_URL_REDIRECTS (sitemap loc returns 3xx before content)
https://www.expatcopilot.com/netherlands/moving/moving-to-netherlands-from/indonesia,200,https://www.expatcopilot.com/netherlands/moving/moving-to-netherlands-from/indonesia/,308,https://www.expatcopilot.com/netherlands/moving/moving-to-netherlands-from/indonesia,no,0,yes,yes,no,P2,CANONICAL_POINTS_TO_TRAILING_SLASH_URL_THAT_308S_TO_NON_SLASH; 200 response URL is non-slash while canonical/sitemap use trailing slash
https://www.expatcopilot.com/netherlands/moving/moving-to-netherlands-from/ireland/,308,https://www.expatcopilot.com/netherlands/moving/moving-to-netherlands-from/ireland/,308,https://www.expatcopilot.com/netherlands/moving/moving-to-netherlands-from/ireland,no,1,yes,yes,no,P1,SITEMAP_URL_REDIRECTS (sitemap loc returns 3xx before content)
https://www.expatcopilot.com/netherlands/moving/moving-to-netherlands-from/ireland,200,https://www.expatcopilot.com/netherlands/moving/moving-to-netherlands-from/ireland/,308,https://www.expatcopilot.com/netherlands/moving/moving-to-netherlands-from/ireland,no,0,yes,yes,no,P2,CANONICAL_POINTS_TO_TRAILING_SLASH_URL_THAT_308S_TO_NON_SLASH; 200 response URL is non-slash while canonical/sitemap use trailing slash
https://www.expatcopilot.com/netherlands/moving/moving-to-netherlands-from/italy,200,https://www.expatcopilot.com/netherlands/moving/moving-to-netherlands-from/italy/,308,https://www.expatcopilot.com/netherlands/moving/moving-to-netherlands-from/italy,no,0,yes,yes,no,P2,CANONICAL_POINTS_TO_TRAILING_SLASH_URL_THAT_308S_TO_NON_SLASH; 200 response URL is non-slash while canonical/sitemap use trailing slash
https://www.expatcopilot.com/netherlands/moving/moving-to-netherlands-from/italy/,308,https://www.expatcopilot.com/netherlands/moving/moving-to-netherlands-from/italy/,308,https://www.expatcopilot.com/netherlands/moving/moving-to-netherlands-from/italy,no,1,yes,yes,no,P1,SITEMAP_URL_REDIRECTS (sitemap loc returns 3xx before content)
https://www.expatcopilot.com/netherlands/moving/moving-to-netherlands-from/japan,200,https://www.expatcopilot.com/netherlands/moving/moving-to-netherlands-from/japan/,308,https://www.expatcopilot.com/netherlands/moving/moving-to-netherlands-from/japan,no,0,yes,yes,no,P2,CANONICAL_POINTS_TO_TRAILING_SLASH_URL_THAT_308S_TO_NON_SLASH; 200 response URL is non-slash while canonical/sitemap use trailing slash
https://www.expatcopilot.com/netherlands/moving/moving-to-netherlands-from/kenya,200,https://www.expatcopilot.com/netherlands/moving/moving-to-netherlands-from/kenya/,308,https://www.expatcopilot.com/netherlands/moving/moving-to-netherlands-from/kenya,no,0,yes,yes,no,P2,CANONICAL_POINTS_TO_TRAILING_SLASH_URL_THAT_308S_TO_NON_SLASH; 200 response URL is non-slash while canonical/sitemap use trailing slash
https://www.expatcopilot.com/netherlands/moving/moving-to-netherlands-from/mexico,200,https://www.expatcopilot.com/netherlands/moving/moving-to-netherlands-from/mexico/,308,https://www.expatcopilot.com/netherlands/moving/moving-to-netherlands-from/mexico,no,0,yes,yes,no,P2,CANONICAL_POINTS_TO_TRAILING_SLASH_URL_THAT_308S_TO_NON_SLASH; 200 response URL is non-slash while canonical/sitemap use trailing slash
https://www.expatcopilot.com/netherlands/moving/moving-to-netherlands-from/new-zealand,200,https://www.expatcopilot.com/netherlands/moving/moving-to-netherlands-from/new-zealand/,308,https://www.expatcopilot.com/netherlands/moving/moving-to-netherlands-from/new-zealand,no,0,yes,yes,no,P2,CANONICAL_POINTS_TO_TRAILING_SLASH_URL_THAT_308S_TO_NON_SLASH; 200 response URL is non-slash while canonical/sitemap use trailing slash
https://www.expatcopilot.com/netherlands/moving/moving-to-netherlands-from/japan/,308,https://www.expatcopilot.com/netherlands/moving/moving-to-netherlands-from/japan/,308,https://www.expatcopilot.com/netherlands/moving/moving-to-netherlands-from/japan,no,1,yes,yes,no,P1,SITEMAP_URL_REDIRECTS (sitemap loc returns 3xx before content)
https://www.expatcopilot.com/netherlands/moving/moving-to-netherlands-from/nigeria,200,https://www.expatcopilot.com/netherlands/moving/moving-to-netherlands-from/nigeria/,308,https://www.expatcopilot.com/netherlands/moving/moving-to-netherlands-from/nigeria,no,0,yes,yes,no,P2,CANONICAL_POINTS_TO_TRAILING_SLASH_URL_THAT_308S_TO_NON_SLASH; 200 response URL is non-slash while canonical/sitemap use trailing slash
https://www.expatcopilot.com/netherlands/moving/moving-to-netherlands-from/kenya/,308,https://www.expatcopilot.com/netherlands/moving/moving-to-netherlands-from/kenya/,308,https://www.expatcopilot.com/netherlands/moving/moving-to-netherlands-from/kenya,no,1,yes,yes,no,P1,SITEMAP_URL_REDIRECTS (sitemap loc returns 3xx before content)
https://www.expatcopilot.com/netherlands/moving/moving-to-netherlands-from/norway,200,https://www.expatcopilot.com/netherlands/moving/moving-to-netherlands-from/norway/,308,https://www.expatcopilot.com/netherlands/moving/moving-to-netherlands-from/norway,no,0,yes,yes,no,P2,CANONICAL_POINTS_TO_TRAILING_SLASH_URL_THAT_308S_TO_NON_SLASH; 200 response URL is non-slash while canonical/sitemap use trailing slash
https://www.expatcopilot.com/netherlands/moving/moving-to-netherlands-from/mexico/,308,https://www.expatcopilot.com/netherlands/moving/moving-to-netherlands-from/mexico/,308,https://www.expatcopilot.com/netherlands/moving/moving-to-netherlands-from/mexico,no,1,yes,yes,no,P1,SITEMAP_URL_REDIRECTS (sitemap loc returns 3xx before content)
https://www.expatcopilot.com/netherlands/moving/moving-to-netherlands-from/pakistan,200,https://www.expatcopilot.com/netherlands/moving/moving-to-netherlands-from/pakistan/,308,https://www.expatcopilot.com/netherlands/moving/moving-to-netherlands-from/pakistan,no,0,yes,yes,no,P2,CANONICAL_POINTS_TO_TRAILING_SLASH_URL_THAT_308S_TO_NON_SLASH; 200 response URL is non-slash while canonical/sitemap use trailing slash
https://www.expatcopilot.com/netherlands/moving/moving-to-netherlands-from/new-zealand/,308,https://www.expatcopilot.com/netherlands/moving/moving-to-netherlands-from/new-zealand/,308,https://www.expatcopilot.com/netherlands/moving/moving-to-netherlands-from/new-zealand,no,1,yes,yes,no,P1,SITEMAP_URL_REDIRECTS (sitemap loc returns 3xx before content)
https://www.expatcopilot.com/netherlands/moving/moving-to-netherlands-from/philippines,200,https://www.expatcopilot.com/netherlands/moving/moving-to-netherlands-from/philippines/,308,https://www.expatcopilot.com/netherlands/moving/moving-to-netherlands-from/philippines,no,0,yes,yes,no,P2,CANONICAL_POINTS_TO_TRAILING_SLASH_URL_THAT_308S_TO_NON_SLASH; 200 response URL is non-slash while canonical/sitemap use trailing slash
https://www.expatcopilot.com/netherlands/moving/moving-to-netherlands-from/nigeria/,308,https://www.expatcopilot.com/netherlands/moving/moving-to-netherlands-from/nigeria/,308,https://www.expatcopilot.com/netherlands/moving/moving-to-netherlands-from/nigeria,no,1,yes,yes,no,P1,SITEMAP_URL_REDIRECTS (sitemap loc returns 3xx before content)
https://www.expatcopilot.com/netherlands/moving/moving-to-netherlands-from/norway/,308,https://www.expatcopilot.com/netherlands/moving/moving-to-netherlands-from/norway/,308,https://www.expatcopilot.com/netherlands/moving/moving-to-netherlands-from/norway,no,1,yes,yes,no,P1,SITEMAP_URL_REDIRECTS (sitemap loc returns 3xx before content)
https://www.expatcopilot.com/netherlands/moving/moving-to-netherlands-from/pakistan/,308,https://www.expatcopilot.com/netherlands/moving/moving-to-netherlands-from/pakistan/,308,https://www.expatcopilot.com/netherlands/moving/moving-to-netherlands-from/pakistan,no,1,yes,yes,no,P1,SITEMAP_URL_REDIRECTS (sitemap loc returns 3xx before content)
https://www.expatcopilot.com/netherlands/moving/moving-to-netherlands-from/singapore,200,https://www.expatcopilot.com/netherlands/moving/moving-to-netherlands-from/singapore/,308,https://www.expatcopilot.com/netherlands/moving/moving-to-netherlands-from/singapore,no,0,yes,yes,no,P2,CANONICAL_POINTS_TO_TRAILING_SLASH_URL_THAT_308S_TO_NON_SLASH; 200 response URL is non-slash while canonical/sitemap use trailing slash
https://www.expatcopilot.com/netherlands/moving/moving-to-netherlands-from/south-korea,200,https://www.expatcopilot.com/netherlands/moving/moving-to-netherlands-from/south-korea/,308,https://www.expatcopilot.com/netherlands/moving/moving-to-netherlands-from/south-korea,no,0,yes,yes,no,P2,CANONICAL_POINTS_TO_TRAILING_SLASH_URL_THAT_308S_TO_NON_SLASH; 200 response URL is non-slash while canonical/sitemap use trailing slash
https://www.expatcopilot.com/netherlands/moving/moving-to-netherlands-from/philippines/,308,https://www.expatcopilot.com/netherlands/moving/moving-to-netherlands-from/philippines/,308,https://www.expatcopilot.com/netherlands/moving/moving-to-netherlands-from/philippines,no,1,yes,yes,no,P1,SITEMAP_URL_REDIRECTS (sitemap loc returns 3xx before content)
https://www.expatcopilot.com/netherlands/moving/moving-to-netherlands-from/south-africa,200,https://www.expatcopilot.com/netherlands/moving/moving-to-netherlands-from/south-africa/,308,https://www.expatcopilot.com/netherlands/moving/moving-to-netherlands-from/south-africa,no,0,yes,yes,no,P2,CANONICAL_POINTS_TO_TRAILING_SLASH_URL_THAT_308S_TO_NON_SLASH; 200 response URL is non-slash while canonical/sitemap use trailing slash
https://www.expatcopilot.com/netherlands/moving/moving-to-netherlands-from/sweden,200,https://www.expatcopilot.com/netherlands/moving/moving-to-netherlands-from/sweden/,308,https://www.expatcopilot.com/netherlands/moving/moving-to-netherlands-from/sweden,no,0,yes,yes,no,P2,CANONICAL_POINTS_TO_TRAILING_SLASH_URL_THAT_308S_TO_NON_SLASH; 200 response URL is non-slash while canonical/sitemap use trailing slash
https://www.expatcopilot.com/netherlands/moving/moving-to-netherlands-from/singapore/,308,https://www.expatcopilot.com/netherlands/moving/moving-to-netherlands-from/singapore/,308,https://www.expatcopilot.com/netherlands/moving/moving-to-netherlands-from/singapore,no,1,yes,yes,no,P1,SITEMAP_URL_REDIRECTS (sitemap loc returns 3xx before content)
https://www.expatcopilot.com/netherlands/moving/moving-to-netherlands-from/south-africa/,308,https://www.expatcopilot.com/netherlands/moving/moving-to-netherlands-from/south-africa/,308,https://www.expatcopilot.com/netherlands/moving/moving-to-netherlands-from/south-africa,no,1,yes,yes,no,P1,SITEMAP_URL_REDIRECTS (sitemap loc returns 3xx before content)
https://www.expatcopilot.com/netherlands/moving/moving-to-netherlands-from/spain,200,https://www.expatcopilot.com/netherlands/moving/moving-to-netherlands-from/spain/,308,https://www.expatcopilot.com/netherlands/moving/moving-to-netherlands-from/spain,no,0,yes,yes,no,P2,CANONICAL_POINTS_TO_TRAILING_SLASH_URL_THAT_308S_TO_NON_SLASH; 200 response URL is non-slash while canonical/sitemap use trailing slash
https://www.expatcopilot.com/netherlands/moving/moving-to-netherlands-from/south-korea/,308,https://www.expatcopilot.com/netherlands/moving/moving-to-netherlands-from/south-korea/,308,https://www.expatcopilot.com/netherlands/moving/moving-to-netherlands-from/south-korea,no,1,yes,yes,no,P1,SITEMAP_URL_REDIRECTS (sitemap loc returns 3xx before content)
https://www.expatcopilot.com/netherlands/moving/moving-to-netherlands-from/spain/,308,https://www.expatcopilot.com/netherlands/moving/moving-to-netherlands-from/spain/,308,https://www.expatcopilot.com/netherlands/moving/moving-to-netherlands-from/spain,no,1,yes,yes,no,P1,SITEMAP_URL_REDIRECTS (sitemap loc returns 3xx before content)
https://www.expatcopilot.com/netherlands/moving/moving-to-netherlands-from/turkey,200,https://www.expatcopilot.com/netherlands/moving/moving-to-netherlands-from/turkey/,308,https://www.expatcopilot.com/netherlands/moving/moving-to-netherlands-from/turkey,no,0,yes,yes,no,P2,CANONICAL_POINTS_TO_TRAILING_SLASH_URL_THAT_308S_TO_NON_SLASH; 200 response URL is non-slash while canonical/sitemap use trailing slash
https://www.expatcopilot.com/netherlands/moving/moving-to-netherlands-from/sweden/,308,https://www.expatcopilot.com/netherlands/moving/moving-to-netherlands-from/sweden/,308,https://www.expatcopilot.com/netherlands/moving/moving-to-netherlands-from/sweden,no,1,yes,yes,no,P1,SITEMAP_URL_REDIRECTS (sitemap loc returns 3xx before content)
https://www.expatcopilot.com/netherlands/moving/moving-to-netherlands-from/switzerland,200,https://www.expatcopilot.com/netherlands/moving/moving-to-netherlands-from/switzerland/,308,https://www.expatcopilot.com/netherlands/moving/moving-to-netherlands-from/switzerland,no,0,yes,yes,no,P2,CANONICAL_POINTS_TO_TRAILING_SLASH_URL_THAT_308S_TO_NON_SLASH; 200 response URL is non-slash while canonical/sitemap use trailing slash
https://www.expatcopilot.com/netherlands/moving/moving-to-netherlands-from/switzerland/,308,https://www.expatcopilot.com/netherlands/moving/moving-to-netherlands-from/switzerland/,308,https://www.expatcopilot.com/netherlands/moving/moving-to-netherlands-from/switzerland,no,1,yes,yes,no,P1,SITEMAP_URL_REDIRECTS (sitemap loc returns 3xx before content)
https://www.expatcopilot.com/netherlands/moving/moving-to-netherlands-from/united-kingdom,200,https://www.expatcopilot.com/netherlands/moving/moving-to-netherlands-from/united-kingdom/,308,https://www.expatcopilot.com/netherlands/moving/moving-to-netherlands-from/united-kingdom,no,0,yes,yes,no,P2,CANONICAL_POINTS_TO_TRAILING_SLASH_URL_THAT_308S_TO_NON_SLASH; 200 response URL is non-slash while canonical/sitemap use trailing slash
https://www.expatcopilot.com/netherlands/moving/moving-to-netherlands-from/uae,200,https://www.expatcopilot.com/netherlands/moving/moving-to-netherlands-from/uae/,308,https://www.expatcopilot.com/netherlands/moving/moving-to-netherlands-from/uae,no,0,yes,yes,no,P2,CANONICAL_POINTS_TO_TRAILING_SLASH_URL_THAT_308S_TO_NON_SLASH; 200 response URL is non-slash while canonical/sitemap use trailing slash
https://www.expatcopilot.com/netherlands/moving/moving-to-netherlands-from/united-states,200,https://www.expatcopilot.com/netherlands/moving/moving-to-netherlands-from/united-states/,308,https://www.expatcopilot.com/netherlands/moving/moving-to-netherlands-from/united-states,no,0,yes,yes,no,P2,CANONICAL_POINTS_TO_TRAILING_SLASH_URL_THAT_308S_TO_NON_SLASH; 200 response URL is non-slash while canonical/sitemap use trailing slash
https://www.expatcopilot.com/netherlands/moving/moving-to-netherlands-from/turkey/,308,https://www.expatcopilot.com/netherlands/moving/moving-to-netherlands-from/turkey/,308,https://www.expatcopilot.com/netherlands/moving/moving-to-netherlands-from/turkey,no,1,yes,yes,no,P1,SITEMAP_URL_REDIRECTS (sitemap loc returns 3xx before content)
https://www.expatcopilot.com/netherlands/moving/moving-to-netherlands-from/united-kingdom/,308,https://www.expatcopilot.com/netherlands/moving/moving-to-netherlands-from/united-kingdom/,308,https://www.expatcopilot.com/netherlands/moving/moving-to-netherlands-from/united-kingdom,no,1,yes,yes,no,P1,SITEMAP_URL_REDIRECTS (sitemap loc returns 3xx before content)
https://www.expatcopilot.com/netherlands/moving/residence-permits,200,https://www.expatcopilot.com/netherlands/moving/residence-permits/,308,https://www.expatcopilot.com/netherlands/moving/residence-permits,no,0,yes,yes,no,P2,CANONICAL_POINTS_TO_TRAILING_SLASH_URL_THAT_308S_TO_NON_SLASH; 200 response URL is non-slash while canonical/sitemap use trailing slash
https://www.expatcopilot.com/netherlands/moving/moving-to-netherlands-from/uae/,308,https://www.expatcopilot.com/netherlands/moving/moving-to-netherlands-from/uae/,308,https://www.expatcopilot.com/netherlands/moving/moving-to-netherlands-from/uae,no,1,yes,yes,no,P1,SITEMAP_URL_REDIRECTS (sitemap loc returns 3xx before content)
https://www.expatcopilot.com/netherlands/moving/moving-to-netherlands-from/united-states/,308,https://www.expatcopilot.com/netherlands/moving/moving-to-netherlands-from/united-states/,308,https://www.expatcopilot.com/netherlands/moving/moving-to-netherlands-from/united-states,no,1,yes,yes,no,P1,SITEMAP_URL_REDIRECTS (sitemap loc returns 3xx before content)
https://www.expatcopilot.com/netherlands/moving/resigning-job-netherlands,200,https://www.expatcopilot.com/netherlands/moving/resigning-job-netherlands/,308,https://www.expatcopilot.com/netherlands/moving/resigning-job-netherlands,no,0,yes,yes,no,P2,CANONICAL_POINTS_TO_TRAILING_SLASH_URL_THAT_308S_TO_NON_SLASH; 200 response URL is non-slash while canonical/sitemap use trailing slash
https://www.expatcopilot.com/netherlands/moving/residence-permits/,308,https://www.expatcopilot.com/netherlands/moving/residence-permits/,308,https://www.expatcopilot.com/netherlands/moving/residence-permits,no,1,yes,yes,no,P1,SITEMAP_URL_REDIRECTS (sitemap loc returns 3xx before content)
https://www.expatcopilot.com/netherlands/moving/status-changes,200,https://www.expatcopilot.com/netherlands/moving/status-changes/,308,https://www.expatcopilot.com/netherlands/moving/status-changes,no,0,yes,yes,no,P2,CANONICAL_POINTS_TO_TRAILING_SLASH_URL_THAT_308S_TO_NON_SLASH; 200 response URL is non-slash while canonical/sitemap use trailing slash
https://www.expatcopilot.com/netherlands/moving/tools,200,https://www.expatcopilot.com/netherlands/moving/tools/,308,https://www.expatcopilot.com/netherlands/moving/tools,no,0,yes,yes,no,P2,CANONICAL_POINTS_TO_TRAILING_SLASH_URL_THAT_308S_TO_NON_SLASH; 200 response URL is non-slash while canonical/sitemap use trailing slash
https://www.expatcopilot.com/netherlands/moving/resigning-job-netherlands/,308,https://www.expatcopilot.com/netherlands/moving/resigning-job-netherlands/,308,https://www.expatcopilot.com/netherlands/moving/resigning-job-netherlands,no,1,yes,yes,no,P1,SITEMAP_URL_REDIRECTS (sitemap loc returns 3xx before content)
https://www.expatcopilot.com/netherlands/moving/status-changes/,308,https://www.expatcopilot.com/netherlands/moving/status-changes/,308,https://www.expatcopilot.com/netherlands/moving/status-changes,no,1,yes,yes,no,P1,SITEMAP_URL_REDIRECTS (sitemap loc returns 3xx before content)
https://www.expatcopilot.com/netherlands/moving/tools/arrival-planner/from/argentina,200,https://www.expatcopilot.com/netherlands/moving/tools/arrival-planner/from/argentina/,308,https://www.expatcopilot.com/netherlands/moving/tools/arrival-planner/from/argentina,no,0,yes,unknown,no,P2,CANONICAL_POINTS_TO_TRAILING_SLASH_URL_THAT_308S_TO_NON_SLASH; 200 response URL is non-slash while canonical/sitemap use trailing slash
https://www.expatcopilot.com/netherlands/moving/tools/arrival-planner,200,https://www.expatcopilot.com/netherlands/moving/tools/arrival-planner/,308,https://www.expatcopilot.com/netherlands/moving/tools/arrival-planner,no,0,yes,yes,no,P2,CANONICAL_POINTS_TO_TRAILING_SLASH_URL_THAT_308S_TO_NON_SLASH; 200 response URL is non-slash while canonical/sitemap use trailing slash
https://www.expatcopilot.com/netherlands/moving/tools/,308,https://www.expatcopilot.com/netherlands/moving/tools/,308,https://www.expatcopilot.com/netherlands/moving/tools,no,1,yes,yes,no,P1,SITEMAP_URL_REDIRECTS (sitemap loc returns 3xx before content)
https://www.expatcopilot.com/netherlands/moving/tools/arrival-planner/from/brazil,200,https://www.expatcopilot.com/netherlands/moving/tools/arrival-planner/from/brazil/,308,https://www.expatcopilot.com/netherlands/moving/tools/arrival-planner/from/brazil,no,0,yes,unknown,no,P2,CANONICAL_POINTS_TO_TRAILING_SLASH_URL_THAT_308S_TO_NON_SLASH; 200 response URL is non-slash while canonical/sitemap use trailing slash
https://www.expatcopilot.com/netherlands/moving/tools/arrival-planner/from/argentina/,308,https://www.expatcopilot.com/netherlands/moving/tools/arrival-planner/from/argentina/,308,https://www.expatcopilot.com/netherlands/moving/tools/arrival-planner/from/argentina,no,1,yes,unknown,no,P1,SITEMAP_URL_REDIRECTS (sitemap loc returns 3xx before content)
https://www.expatcopilot.com/netherlands/moving/tools/arrival-planner/from/australia,200,https://www.expatcopilot.com/netherlands/moving/tools/arrival-planner/from/australia/,308,https://www.expatcopilot.com/netherlands/moving/tools/arrival-planner/from/australia,no,0,yes,unknown,no,P2,CANONICAL_POINTS_TO_TRAILING_SLASH_URL_THAT_308S_TO_NON_SLASH; 200 response URL is non-slash while canonical/sitemap use trailing slash
https://www.expatcopilot.com/netherlands/moving/tools/arrival-planner/from/canada,200,https://www.expatcopilot.com/netherlands/moving/tools/arrival-planner/from/canada/,308,https://www.expatcopilot.com/netherlands/moving/tools/arrival-planner/from/canada,no,0,yes,unknown,no,P2,CANONICAL_POINTS_TO_TRAILING_SLASH_URL_THAT_308S_TO_NON_SLASH; 200 response URL is non-slash while canonical/sitemap use trailing slash
https://www.expatcopilot.com/netherlands/moving/tools/arrival-planner/from/australia/,308,https://www.expatcopilot.com/netherlands/moving/tools/arrival-planner/from/australia/,308,https://www.expatcopilot.com/netherlands/moving/tools/arrival-planner/from/australia,no,1,yes,unknown,no,P1,SITEMAP_URL_REDIRECTS (sitemap loc returns 3xx before content)
https://www.expatcopilot.com/netherlands/moving/tools/arrival-planner/,308,https://www.expatcopilot.com/netherlands/moving/tools/arrival-planner/,308,https://www.expatcopilot.com/netherlands/moving/tools/arrival-planner,no,1,yes,yes,no,P1,SITEMAP_URL_REDIRECTS (sitemap loc returns 3xx before content)
https://www.expatcopilot.com/netherlands/moving/tools/arrival-planner/from/canada/,308,https://www.expatcopilot.com/netherlands/moving/tools/arrival-planner/from/canada/,308,https://www.expatcopilot.com/netherlands/moving/tools/arrival-planner/from/canada,no,1,yes,unknown,no,P1,SITEMAP_URL_REDIRECTS (sitemap loc returns 3xx before content)
https://www.expatcopilot.com/netherlands/moving/tools/arrival-planner/from/brazil/,308,https://www.expatcopilot.com/netherlands/moving/tools/arrival-planner/from/brazil/,308,https://www.expatcopilot.com/netherlands/moving/tools/arrival-planner/from/brazil,no,1,yes,unknown,no,P1,SITEMAP_URL_REDIRECTS (sitemap loc returns 3xx before content)
https://www.expatcopilot.com/netherlands/moving/tools/arrival-planner/from/chile,200,https://www.expatcopilot.com/netherlands/moving/tools/arrival-planner/from/chile/,308,https://www.expatcopilot.com/netherlands/moving/tools/arrival-planner/from/chile,no,0,yes,unknown,no,P2,CANONICAL_POINTS_TO_TRAILING_SLASH_URL_THAT_308S_TO_NON_SLASH; 200 response URL is non-slash while canonical/sitemap use trailing slash
https://www.expatcopilot.com/netherlands/moving/tools/arrival-planner/from/denmark,200,https://www.expatcopilot.com/netherlands/moving/tools/arrival-planner/from/denmark/,308,https://www.expatcopilot.com/netherlands/moving/tools/arrival-planner/from/denmark,no,0,yes,unknown,no,P2,CANONICAL_POINTS_TO_TRAILING_SLASH_URL_THAT_308S_TO_NON_SLASH; 200 response URL is non-slash while canonical/sitemap use trailing slash
https://www.expatcopilot.com/netherlands/moving/tools/arrival-planner/from/chile/,308,https://www.expatcopilot.com/netherlands/moving/tools/arrival-planner/from/chile/,308,https://www.expatcopilot.com/netherlands/moving/tools/arrival-planner/from/chile,no,1,yes,unknown,no,P1,SITEMAP_URL_REDIRECTS (sitemap loc returns 3xx before content)
https://www.expatcopilot.com/netherlands/moving/tools/arrival-planner/from/france,200,https://www.expatcopilot.com/netherlands/moving/tools/arrival-planner/from/france/,308,https://www.expatcopilot.com/netherlands/moving/tools/arrival-planner/from/france,no,0,yes,unknown,no,P2,CANONICAL_POINTS_TO_TRAILING_SLASH_URL_THAT_308S_TO_NON_SLASH; 200 response URL is non-slash while canonical/sitemap use trailing slash
https://www.expatcopilot.com/netherlands/moving/tools/arrival-planner/from/india,200,https://www.expatcopilot.com/netherlands/moving/tools/arrival-planner/from/india/,308,https://www.expatcopilot.com/netherlands/moving/tools/arrival-planner/from/india,no,0,yes,unknown,no,P2,CANONICAL_POINTS_TO_TRAILING_SLASH_URL_THAT_308S_TO_NON_SLASH; 200 response URL is non-slash while canonical/sitemap use trailing slash
https://www.expatcopilot.com/netherlands/moving/tools/arrival-planner/from/germany,200,https://www.expatcopilot.com/netherlands/moving/tools/arrival-planner/from/germany/,308,https://www.expatcopilot.com/netherlands/moving/tools/arrival-planner/from/germany,no,0,yes,unknown,no,P2,CANONICAL_POINTS_TO_TRAILING_SLASH_URL_THAT_308S_TO_NON_SLASH; 200 response URL is non-slash while canonical/sitemap use trailing slash
https://www.expatcopilot.com/netherlands/moving/tools/arrival-planner/from/denmark/,308,https://www.expatcopilot.com/netherlands/moving/tools/arrival-planner/from/denmark/,308,https://www.expatcopilot.com/netherlands/moving/tools/arrival-planner/from/denmark,no,1,yes,unknown,no,P1,SITEMAP_URL_REDIRECTS (sitemap loc returns 3xx before content)
https://www.expatcopilot.com/netherlands/moving/tools/arrival-planner/from/france/,308,https://www.expatcopilot.com/netherlands/moving/tools/arrival-planner/from/france/,308,https://www.expatcopilot.com/netherlands/moving/tools/arrival-planner/from/france,no,1,yes,unknown,no,P1,SITEMAP_URL_REDIRECTS (sitemap loc returns 3xx before content)
https://www.expatcopilot.com/netherlands/moving/tools/arrival-planner/from/germany/,308,https://www.expatcopilot.com/netherlands/moving/tools/arrival-planner/from/germany/,308,https://www.expatcopilot.com/netherlands/moving/tools/arrival-planner/from/germany,no,1,yes,unknown,no,P1,SITEMAP_URL_REDIRECTS (sitemap loc returns 3xx before content)
https://www.expatcopilot.com/netherlands/moving/tools/arrival-planner/from/indonesia,200,https://www.expatcopilot.com/netherlands/moving/tools/arrival-planner/from/indonesia/,308,https://www.expatcopilot.com/netherlands/moving/tools/arrival-planner/from/indonesia,no,0,yes,unknown,no,P2,CANONICAL_POINTS_TO_TRAILING_SLASH_URL_THAT_308S_TO_NON_SLASH; 200 response URL is non-slash while canonical/sitemap use trailing slash
https://www.expatcopilot.com/netherlands/moving/tools/arrival-planner/from/india/,308,https://www.expatcopilot.com/netherlands/moving/tools/arrival-planner/from/india/,308,https://www.expatcopilot.com/netherlands/moving/tools/arrival-planner/from/india,no,1,yes,unknown,no,P1,SITEMAP_URL_REDIRECTS (sitemap loc returns 3xx before content)
https://www.expatcopilot.com/netherlands/moving/tools/arrival-planner/from/ireland,200,https://www.expatcopilot.com/netherlands/moving/tools/arrival-planner/from/ireland/,308,https://www.expatcopilot.com/netherlands/moving/tools/arrival-planner/from/ireland,no,0,yes,unknown,no,P2,CANONICAL_POINTS_TO_TRAILING_SLASH_URL_THAT_308S_TO_NON_SLASH; 200 response URL is non-slash while canonical/sitemap use trailing slash
https://www.expatcopilot.com/netherlands/moving/tools/arrival-planner/from/indonesia/,308,https://www.expatcopilot.com/netherlands/moving/tools/arrival-planner/from/indonesia/,308,https://www.expatcopilot.com/netherlands/moving/tools/arrival-planner/from/indonesia,no,1,yes,unknown,no,P1,SITEMAP_URL_REDIRECTS (sitemap loc returns 3xx before content)
https://www.expatcopilot.com/netherlands/moving/tools/arrival-planner/from/italy,200,https://www.expatcopilot.com/netherlands/moving/tools/arrival-planner/from/italy/,308,https://www.expatcopilot.com/netherlands/moving/tools/arrival-planner/from/italy,no,0,yes,unknown,no,P2,CANONICAL_POINTS_TO_TRAILING_SLASH_URL_THAT_308S_TO_NON_SLASH; 200 response URL is non-slash while canonical/sitemap use trailing slash
https://www.expatcopilot.com/netherlands/moving/tools/arrival-planner/from/ireland/,308,https://www.expatcopilot.com/netherlands/moving/tools/arrival-planner/from/ireland/,308,https://www.expatcopilot.com/netherlands/moving/tools/arrival-planner/from/ireland,no,1,yes,unknown,no,P1,SITEMAP_URL_REDIRECTS (sitemap loc returns 3xx before content)
https://www.expatcopilot.com/netherlands/moving/tools/arrival-planner/from/japan,200,https://www.expatcopilot.com/netherlands/moving/tools/arrival-planner/from/japan/,308,https://www.expatcopilot.com/netherlands/moving/tools/arrival-planner/from/japan,no,0,yes,unknown,no,P2,CANONICAL_POINTS_TO_TRAILING_SLASH_URL_THAT_308S_TO_NON_SLASH; 200 response URL is non-slash while canonical/sitemap use trailing slash
https://www.expatcopilot.com/netherlands/moving/tools/arrival-planner/from/kenya,200,https://www.expatcopilot.com/netherlands/moving/tools/arrival-planner/from/kenya/,308,https://www.expatcopilot.com/netherlands/moving/tools/arrival-planner/from/kenya,no,0,yes,unknown,no,P2,CANONICAL_POINTS_TO_TRAILING_SLASH_URL_THAT_308S_TO_NON_SLASH; 200 response URL is non-slash while canonical/sitemap use trailing slash
https://www.expatcopilot.com/netherlands/moving/tools/arrival-planner/from/italy/,308,https://www.expatcopilot.com/netherlands/moving/tools/arrival-planner/from/italy/,308,https://www.expatcopilot.com/netherlands/moving/tools/arrival-planner/from/italy,no,1,yes,unknown,no,P1,SITEMAP_URL_REDIRECTS (sitemap loc returns 3xx before content)
https://www.expatcopilot.com/netherlands/moving/tools/arrival-planner/from/japan/,308,https://www.expatcopilot.com/netherlands/moving/tools/arrival-planner/from/japan/,308,https://www.expatcopilot.com/netherlands/moving/tools/arrival-planner/from/japan,no,1,yes,unknown,no,P1,SITEMAP_URL_REDIRECTS (sitemap loc returns 3xx before content)
https://www.expatcopilot.com/netherlands/moving/tools/arrival-planner/from/kenya/,308,https://www.expatcopilot.com/netherlands/moving/tools/arrival-planner/from/kenya/,308,https://www.expatcopilot.com/netherlands/moving/tools/arrival-planner/from/kenya,no,1,yes,unknown,no,P1,SITEMAP_URL_REDIRECTS (sitemap loc returns 3xx before content)
https://www.expatcopilot.com/netherlands/moving/tools/arrival-planner/from/mexico,200,https://www.expatcopilot.com/netherlands/moving/tools/arrival-planner/from/mexico/,308,https://www.expatcopilot.com/netherlands/moving/tools/arrival-planner/from/mexico,no,0,yes,unknown,no,P2,CANONICAL_POINTS_TO_TRAILING_SLASH_URL_THAT_308S_TO_NON_SLASH; 200 response URL is non-slash while canonical/sitemap use trailing slash
https://www.expatcopilot.com/netherlands/moving/tools/arrival-planner/from/mexico/,308,https://www.expatcopilot.com/netherlands/moving/tools/arrival-planner/from/mexico/,308,https://www.expatcopilot.com/netherlands/moving/tools/arrival-planner/from/mexico,no,1,yes,unknown,no,P1,SITEMAP_URL_REDIRECTS (sitemap loc returns 3xx before content)
https://www.expatcopilot.com/netherlands/moving/tools/arrival-planner/from/new-zealand,200,https://www.expatcopilot.com/netherlands/moving/tools/arrival-planner/from/new-zealand/,308,https://www.expatcopilot.com/netherlands/moving/tools/arrival-planner/from/new-zealand,no,0,yes,unknown,no,P2,CANONICAL_POINTS_TO_TRAILING_SLASH_URL_THAT_308S_TO_NON_SLASH; 200 response URL is non-slash while canonical/sitemap use trailing slash
https://www.expatcopilot.com/netherlands/moving/tools/arrival-planner/from/new-zealand/,308,https://www.expatcopilot.com/netherlands/moving/tools/arrival-planner/from/new-zealand/,308,https://www.expatcopilot.com/netherlands/moving/tools/arrival-planner/from/new-zealand,no,1,yes,unknown,no,P1,SITEMAP_URL_REDIRECTS (sitemap loc returns 3xx before content)
https://www.expatcopilot.com/netherlands/moving/tools/arrival-planner/from/nigeria,404,,,,no,0,n/a,unknown,unknown,INFO,
https://www.expatcopilot.com/netherlands/moving/tools/arrival-planner/from/south-africa,200,https://www.expatcopilot.com/netherlands/moving/tools/arrival-planner/from/south-africa/,308,https://www.expatcopilot.com/netherlands/moving/tools/arrival-planner/from/south-africa,no,0,yes,unknown,no,P2,CANONICAL_POINTS_TO_TRAILING_SLASH_URL_THAT_308S_TO_NON_SLASH; 200 response URL is non-slash while canonical/sitemap use trailing slash
https://www.expatcopilot.com/netherlands/moving/tools/arrival-planner/from/pakistan,200,https://www.expatcopilot.com/netherlands/moving/tools/arrival-planner/from/pakistan/,308,https://www.expatcopilot.com/netherlands/moving/tools/arrival-planner/from/pakistan,no,0,yes,unknown,no,P2,CANONICAL_POINTS_TO_TRAILING_SLASH_URL_THAT_308S_TO_NON_SLASH; 200 response URL is non-slash while canonical/sitemap use trailing slash
https://www.expatcopilot.com/netherlands/moving/tools/arrival-planner/from/norway/,308,https://www.expatcopilot.com/netherlands/moving/tools/arrival-planner/from/norway/,308,https://www.expatcopilot.com/netherlands/moving/tools/arrival-planner/from/norway,no,1,yes,unknown,no,P1,SITEMAP_URL_REDIRECTS (sitemap loc returns 3xx before content)
https://www.expatcopilot.com/netherlands/moving/tools/arrival-planner/from/pakistan/,308,https://www.expatcopilot.com/netherlands/moving/tools/arrival-planner/from/pakistan/,308,https://www.expatcopilot.com/netherlands/moving/tools/arrival-planner/from/pakistan,no,1,yes,unknown,no,P1,SITEMAP_URL_REDIRECTS (sitemap loc returns 3xx before content)
https://www.expatcopilot.com/netherlands/moving/tools/arrival-planner/from/norway,200,https://www.expatcopilot.com/netherlands/moving/tools/arrival-planner/from/norway/,308,https://www.expatcopilot.com/netherlands/moving/tools/arrival-planner/from/norway,no,0,yes,unknown,no,P2,CANONICAL_POINTS_TO_TRAILING_SLASH_URL_THAT_308S_TO_NON_SLASH; 200 response URL is non-slash while canonical/sitemap use trailing slash
https://www.expatcopilot.com/netherlands/moving/tools/arrival-planner/from/philippines,404,,,,no,0,n/a,unknown,unknown,INFO,
https://www.expatcopilot.com/netherlands/moving/tools/arrival-planner/from/singapore,200,https://www.expatcopilot.com/netherlands/moving/tools/arrival-planner/from/singapore/,308,https://www.expatcopilot.com/netherlands/moving/tools/arrival-planner/from/singapore,no,0,yes,unknown,no,P2,CANONICAL_POINTS_TO_TRAILING_SLASH_URL_THAT_308S_TO_NON_SLASH; 200 response URL is non-slash while canonical/sitemap use trailing slash
https://www.expatcopilot.com/netherlands/moving/tools/arrival-planner/from/nigeria/,308,,,,no,1,n/a,unknown,no,P1,SITEMAP_URL_REDIRECTS (sitemap loc returns 3xx before content)
https://www.expatcopilot.com/netherlands/moving/tools/arrival-planner/from/singapore/,308,https://www.expatcopilot.com/netherlands/moving/tools/arrival-planner/from/singapore/,308,https://www.expatcopilot.com/netherlands/moving/tools/arrival-planner/from/singapore,no,1,yes,unknown,no,P1,SITEMAP_URL_REDIRECTS (sitemap loc returns 3xx before content)
https://www.expatcopilot.com/netherlands/moving/tools/arrival-planner/from/south-africa/,308,https://www.expatcopilot.com/netherlands/moving/tools/arrival-planner/from/south-africa/,308,https://www.expatcopilot.com/netherlands/moving/tools/arrival-planner/from/south-africa,no,1,yes,unknown,no,P1,SITEMAP_URL_REDIRECTS (sitemap loc returns 3xx before content)
https://www.expatcopilot.com/netherlands/moving/tools/arrival-planner/from/south-korea,200,https://www.expatcopilot.com/netherlands/moving/tools/arrival-planner/from/south-korea/,308,https://www.expatcopilot.com/netherlands/moving/tools/arrival-planner/from/south-korea,no,0,yes,unknown,no,P2,CANONICAL_POINTS_TO_TRAILING_SLASH_URL_THAT_308S_TO_NON_SLASH; 200 response URL is non-slash while canonical/sitemap use trailing slash
https://www.expatcopilot.com/netherlands/moving/tools/arrival-planner/from/philippines/,308,,,,no,1,n/a,unknown,no,P1,SITEMAP_URL_REDIRECTS (sitemap loc returns 3xx before content)
https://www.expatcopilot.com/netherlands/moving/tools/arrival-planner/from/south-korea/,308,https://www.expatcopilot.com/netherlands/moving/tools/arrival-planner/from/south-korea/,308,https://www.expatcopilot.com/netherlands/moving/tools/arrival-planner/from/south-korea,no,1,yes,unknown,no,P1,SITEMAP_URL_REDIRECTS (sitemap loc returns 3xx before content)
https://www.expatcopilot.com/netherlands/moving/tools/arrival-planner/from/spain,200,https://www.expatcopilot.com/netherlands/moving/tools/arrival-planner/from/spain/,308,https://www.expatcopilot.com/netherlands/moving/tools/arrival-planner/from/spain,no,0,yes,unknown,no,P2,CANONICAL_POINTS_TO_TRAILING_SLASH_URL_THAT_308S_TO_NON_SLASH; 200 response URL is non-slash while canonical/sitemap use trailing slash
https://www.expatcopilot.com/netherlands/moving/tools/arrival-planner/from/switzerland,200,https://www.expatcopilot.com/netherlands/moving/tools/arrival-planner/from/switzerland/,308,https://www.expatcopilot.com/netherlands/moving/tools/arrival-planner/from/switzerland,no,0,yes,unknown,no,P2,CANONICAL_POINTS_TO_TRAILING_SLASH_URL_THAT_308S_TO_NON_SLASH; 200 response URL is non-slash while canonical/sitemap use trailing slash
https://www.expatcopilot.com/netherlands/moving/tools/arrival-planner/from/switzerland/,308,https://www.expatcopilot.com/netherlands/moving/tools/arrival-planner/from/switzerland/,308,https://www.expatcopilot.com/netherlands/moving/tools/arrival-planner/from/switzerland,no,1,yes,unknown,no,P1,SITEMAP_URL_REDIRECTS (sitemap loc returns 3xx before content)
https://www.expatcopilot.com/netherlands/moving/tools/arrival-planner/from/spain/,308,https://www.expatcopilot.com/netherlands/moving/tools/arrival-planner/from/spain/,308,https://www.expatcopilot.com/netherlands/moving/tools/arrival-planner/from/spain,no,1,yes,unknown,no,P1,SITEMAP_URL_REDIRECTS (sitemap loc returns 3xx before content)
https://www.expatcopilot.com/netherlands/moving/tools/arrival-planner/from/turkey,200,https://www.expatcopilot.com/netherlands/moving/tools/arrival-planner/from/turkey/,308,https://www.expatcopilot.com/netherlands/moving/tools/arrival-planner/from/turkey,no,0,yes,unknown,no,P2,CANONICAL_POINTS_TO_TRAILING_SLASH_URL_THAT_308S_TO_NON_SLASH; 200 response URL is non-slash while canonical/sitemap use trailing slash
https://www.expatcopilot.com/netherlands/moving/tools/arrival-planner/from/sweden/,308,https://www.expatcopilot.com/netherlands/moving/tools/arrival-planner/from/sweden/,308,https://www.expatcopilot.com/netherlands/moving/tools/arrival-planner/from/sweden,no,1,yes,unknown,no,P1,SITEMAP_URL_REDIRECTS (sitemap loc returns 3xx before content)
https://www.expatcopilot.com/netherlands/moving/tools/arrival-planner/from/turkey/,308,https://www.expatcopilot.com/netherlands/moving/tools/arrival-planner/from/turkey/,308,https://www.expatcopilot.com/netherlands/moving/tools/arrival-planner/from/turkey,no,1,yes,unknown,no,P1,SITEMAP_URL_REDIRECTS (sitemap loc returns 3xx before content)
https://www.expatcopilot.com/netherlands/moving/tools/arrival-planner/from/sweden,200,https://www.expatcopilot.com/netherlands/moving/tools/arrival-planner/from/sweden/,308,https://www.expatcopilot.com/netherlands/moving/tools/arrival-planner/from/sweden,no,0,yes,unknown,no,P2,CANONICAL_POINTS_TO_TRAILING_SLASH_URL_THAT_308S_TO_NON_SLASH; 200 response URL is non-slash while canonical/sitemap use trailing slash
https://www.expatcopilot.com/netherlands/moving/tools/arrival-planner/from/uae,200,https://www.expatcopilot.com/netherlands/moving/tools/arrival-planner/from/uae/,308,https://www.expatcopilot.com/netherlands/moving/tools/arrival-planner/from/uae,no,0,yes,unknown,no,P2,CANONICAL_POINTS_TO_TRAILING_SLASH_URL_THAT_308S_TO_NON_SLASH; 200 response URL is non-slash while canonical/sitemap use trailing slash
https://www.expatcopilot.com/netherlands/moving/tools/arrival-planner/from/united-kingdom,200,https://www.expatcopilot.com/netherlands/moving/tools/arrival-planner/from/united-kingdom/,308,https://www.expatcopilot.com/netherlands/moving/tools/arrival-planner/from/united-kingdom,no,0,yes,unknown,no,P2,CANONICAL_POINTS_TO_TRAILING_SLASH_URL_THAT_308S_TO_NON_SLASH; 200 response URL is non-slash while canonical/sitemap use trailing slash
https://www.expatcopilot.com/netherlands/moving/tools/arrival-planner/from/uae/,308,https://www.expatcopilot.com/netherlands/moving/tools/arrival-planner/from/uae/,308,https://www.expatcopilot.com/netherlands/moving/tools/arrival-planner/from/uae,no,1,yes,unknown,no,P1,SITEMAP_URL_REDIRECTS (sitemap loc returns 3xx before content)
https://www.expatcopilot.com/netherlands/moving/tools/arrival-planner/from/united-states,200,https://www.expatcopilot.com/netherlands/moving/tools/arrival-planner/from/united-states/,308,https://www.expatcopilot.com/netherlands/moving/tools/arrival-planner/from/united-states,no,0,yes,unknown,no,P2,CANONICAL_POINTS_TO_TRAILING_SLASH_URL_THAT_308S_TO_NON_SLASH; 200 response URL is non-slash while canonical/sitemap use trailing slash
https://www.expatcopilot.com/netherlands/moving/tools/arrival-planner/from/united-kingdom/,308,https://www.expatcopilot.com/netherlands/moving/tools/arrival-planner/from/united-kingdom/,308,https://www.expatcopilot.com/netherlands/moving/tools/arrival-planner/from/united-kingdom,no,1,yes,unknown,no,P1,SITEMAP_URL_REDIRECTS (sitemap loc returns 3xx before content)
https://www.expatcopilot.com/netherlands/moving/tools/arrival-planner/from/united-states/,308,https://www.expatcopilot.com/netherlands/moving/tools/arrival-planner/from/united-states/,308,https://www.expatcopilot.com/netherlands/moving/tools/arrival-planner/from/united-states,no,1,yes,unknown,no,P1,SITEMAP_URL_REDIRECTS (sitemap loc returns 3xx before content)
https://www.expatcopilot.com/netherlands/moving/tools/document-readiness/from/australia,200,https://www.expatcopilot.com/netherlands/moving/tools/document-readiness/from/australia/,308,https://www.expatcopilot.com/netherlands/moving/tools/document-readiness/from/australia,no,0,yes,unknown,no,P2,CANONICAL_POINTS_TO_TRAILING_SLASH_URL_THAT_308S_TO_NON_SLASH; 200 response URL is non-slash while canonical/sitemap use trailing slash
https://www.expatcopilot.com/netherlands/moving/tools/document-readiness/from/argentina,200,https://www.expatcopilot.com/netherlands/moving/tools/document-readiness/from/argentina/,308,https://www.expatcopilot.com/netherlands/moving/tools/document-readiness/from/argentina,no,0,yes,unknown,no,P2,CANONICAL_POINTS_TO_TRAILING_SLASH_URL_THAT_308S_TO_NON_SLASH; 200 response URL is non-slash while canonical/sitemap use trailing slash
https://www.expatcopilot.com/netherlands/moving/tools/document-readiness/from/argentina/,308,https://www.expatcopilot.com/netherlands/moving/tools/document-readiness/from/argentina/,308,https://www.expatcopilot.com/netherlands/moving/tools/document-readiness/from/argentina,no,1,yes,unknown,no,P1,SITEMAP_URL_REDIRECTS (sitemap loc returns 3xx before content)
https://www.expatcopilot.com/netherlands/moving/tools/document-readiness/from/australia/,308,https://www.expatcopilot.com/netherlands/moving/tools/document-readiness/from/australia/,308,https://www.expatcopilot.com/netherlands/moving/tools/document-readiness/from/australia,no,1,yes,unknown,no,P1,SITEMAP_URL_REDIRECTS (sitemap loc returns 3xx before content)
https://www.expatcopilot.com/netherlands/moving/tools/document-readiness/from/brazil,200,https://www.expatcopilot.com/netherlands/moving/tools/document-readiness/from/brazil/,308,https://www.expatcopilot.com/netherlands/moving/tools/document-readiness/from/brazil,no,0,yes,unknown,no,P2,CANONICAL_POINTS_TO_TRAILING_SLASH_URL_THAT_308S_TO_NON_SLASH; 200 response URL is non-slash while canonical/sitemap use trailing slash
https://www.expatcopilot.com/netherlands/moving/tools/document-readiness/from/brazil/,308,https://www.expatcopilot.com/netherlands/moving/tools/document-readiness/from/brazil/,308,https://www.expatcopilot.com/netherlands/moving/tools/document-readiness/from/brazil,no,1,yes,unknown,no,P1,SITEMAP_URL_REDIRECTS (sitemap loc returns 3xx before content)
https://www.expatcopilot.com/netherlands/moving/tools/document-readiness/from/canada,200,https://www.expatcopilot.com/netherlands/moving/tools/document-readiness/from/canada/,308,https://www.expatcopilot.com/netherlands/moving/tools/document-readiness/from/canada,no,0,yes,unknown,no,P2,CANONICAL_POINTS_TO_TRAILING_SLASH_URL_THAT_308S_TO_NON_SLASH; 200 response URL is non-slash while canonical/sitemap use trailing slash
https://www.expatcopilot.com/netherlands/moving/tools/document-readiness/from/canada/,308,https://www.expatcopilot.com/netherlands/moving/tools/document-readiness/from/canada/,308,https://www.expatcopilot.com/netherlands/moving/tools/document-readiness/from/canada,no,1,yes,unknown,no,P1,SITEMAP_URL_REDIRECTS (sitemap loc returns 3xx before content)
https://www.expatcopilot.com/netherlands/moving/tools/document-readiness/from/chile/,308,https://www.expatcopilot.com/netherlands/moving/tools/document-readiness/from/chile/,308,https://www.expatcopilot.com/netherlands/moving/tools/document-readiness/from/chile,no,1,yes,unknown,no,P1,SITEMAP_URL_REDIRECTS (sitemap loc returns 3xx before content)
https://www.expatcopilot.com/netherlands/moving/tools/document-readiness/from/chile,200,https://www.expatcopilot.com/netherlands/moving/tools/document-readiness/from/chile/,308,https://www.expatcopilot.com/netherlands/moving/tools/document-readiness/from/chile,no,0,yes,unknown,no,P2,CANONICAL_POINTS_TO_TRAILING_SLASH_URL_THAT_308S_TO_NON_SLASH; 200 response URL is non-slash while canonical/sitemap use trailing slash
https://www.expatcopilot.com/netherlands/moving/tools/document-readiness/from/denmark,200,https://www.expatcopilot.com/netherlands/moving/tools/document-readiness/from/denmark/,308,https://www.expatcopilot.com/netherlands/moving/tools/document-readiness/from/denmark,no,0,yes,unknown,no,P2,CANONICAL_POINTS_TO_TRAILING_SLASH_URL_THAT_308S_TO_NON_SLASH; 200 response URL is non-slash while canonical/sitemap use trailing slash
https://www.expatcopilot.com/netherlands/moving/tools/document-readiness/from/denmark/,308,https://www.expatcopilot.com/netherlands/moving/tools/document-readiness/from/denmark/,308,https://www.expatcopilot.com/netherlands/moving/tools/document-readiness/from/denmark,no,1,yes,unknown,no,P1,SITEMAP_URL_REDIRECTS (sitemap loc returns 3xx before content)
https://www.expatcopilot.com/netherlands/moving/tools/document-readiness/from/france,200,https://www.expatcopilot.com/netherlands/moving/tools/document-readiness/from/france/,308,https://www.expatcopilot.com/netherlands/moving/tools/document-readiness/from/france,no,0,yes,unknown,no,P2,CANONICAL_POINTS_TO_TRAILING_SLASH_URL_THAT_308S_TO_NON_SLASH; 200 response URL is non-slash while canonical/sitemap use trailing slash
https://www.expatcopilot.com/netherlands/moving/tools/document-readiness/from/france/,308,https://www.expatcopilot.com/netherlands/moving/tools/document-readiness/from/france/,308,https://www.expatcopilot.com/netherlands/moving/tools/document-readiness/from/france,no,1,yes,unknown,no,P1,SITEMAP_URL_REDIRECTS (sitemap loc returns 3xx before content)
https://www.expatcopilot.com/netherlands/moving/tools/document-readiness/from/india,200,https://www.expatcopilot.com/netherlands/moving/tools/document-readiness/from/india/,308,https://www.expatcopilot.com/netherlands/moving/tools/document-readiness/from/india,no,0,yes,unknown,no,P2,CANONICAL_POINTS_TO_TRAILING_SLASH_URL_THAT_308S_TO_NON_SLASH; 200 response URL is non-slash while canonical/sitemap use trailing slash
https://www.expatcopilot.com/netherlands/moving/tools/document-readiness/from/germany,200,https://www.expatcopilot.com/netherlands/moving/tools/document-readiness/from/germany/,308,https://www.expatcopilot.com/netherlands/moving/tools/document-readiness/from/germany,no,0,yes,unknown,no,P2,CANONICAL_POINTS_TO_TRAILING_SLASH_URL_THAT_308S_TO_NON_SLASH; 200 response URL is non-slash while canonical/sitemap use trailing slash
https://www.expatcopilot.com/netherlands/moving/tools/document-readiness/from/india/,308,https://www.expatcopilot.com/netherlands/moving/tools/document-readiness/from/india/,308,https://www.expatcopilot.com/netherlands/moving/tools/document-readiness/from/india,no,1,yes,unknown,no,P1,SITEMAP_URL_REDIRECTS (sitemap loc returns 3xx before content)
https://www.expatcopilot.com/netherlands/moving/tools/document-readiness/from/germany/,308,https://www.expatcopilot.com/netherlands/moving/tools/document-readiness/from/germany/,308,https://www.expatcopilot.com/netherlands/moving/tools/document-readiness/from/germany,no,1,yes,unknown,no,P1,SITEMAP_URL_REDIRECTS (sitemap loc returns 3xx before content)
https://www.expatcopilot.com/netherlands/moving/tools/document-readiness/from/indonesia,200,https://www.expatcopilot.com/netherlands/moving/tools/document-readiness/from/indonesia/,308,https://www.expatcopilot.com/netherlands/moving/tools/document-readiness/from/indonesia,no,0,yes,unknown,no,P2,CANONICAL_POINTS_TO_TRAILING_SLASH_URL_THAT_308S_TO_NON_SLASH; 200 response URL is non-slash while canonical/sitemap use trailing slash
https://www.expatcopilot.com/netherlands/moving/tools/document-readiness/from/indonesia/,308,https://www.expatcopilot.com/netherlands/moving/tools/document-readiness/from/indonesia/,308,https://www.expatcopilot.com/netherlands/moving/tools/document-readiness/from/indonesia,no,1,yes,unknown,no,P1,SITEMAP_URL_REDIRECTS (sitemap loc returns 3xx before content)
https://www.expatcopilot.com/netherlands/moving/tools/document-readiness/from/ireland/,308,https://www.expatcopilot.com/netherlands/moving/tools/document-readiness/from/ireland/,308,https://www.expatcopilot.com/netherlands/moving/tools/document-readiness/from/ireland,no,1,yes,unknown,no,P1,SITEMAP_URL_REDIRECTS (sitemap loc returns 3xx before content)
https://www.expatcopilot.com/netherlands/moving/tools/document-readiness/from/ireland,200,https://www.expatcopilot.com/netherlands/moving/tools/document-readiness/from/ireland/,308,https://www.expatcopilot.com/netherlands/moving/tools/document-readiness/from/ireland,no,0,yes,unknown,no,P2,CANONICAL_POINTS_TO_TRAILING_SLASH_URL_THAT_308S_TO_NON_SLASH; 200 response URL is non-slash while canonical/sitemap use trailing slash
https://www.expatcopilot.com/netherlands/moving/tools/document-readiness/from/italy,200,https://www.expatcopilot.com/netherlands/moving/tools/document-readiness/from/italy/,308,https://www.expatcopilot.com/netherlands/moving/tools/document-readiness/from/italy,no,0,yes,unknown,no,P2,CANONICAL_POINTS_TO_TRAILING_SLASH_URL_THAT_308S_TO_NON_SLASH; 200 response URL is non-slash while canonical/sitemap use trailing slash
https://www.expatcopilot.com/netherlands/moving/tools/document-readiness/from/kenya,200,https://www.expatcopilot.com/netherlands/moving/tools/document-readiness/from/kenya/,308,https://www.expatcopilot.com/netherlands/moving/tools/document-readiness/from/kenya,no,0,yes,unknown,no,P2,CANONICAL_POINTS_TO_TRAILING_SLASH_URL_THAT_308S_TO_NON_SLASH; 200 response URL is non-slash while canonical/sitemap use trailing slash
https://www.expatcopilot.com/netherlands/moving/tools/document-readiness/from/japan,200,https://www.expatcopilot.com/netherlands/moving/tools/document-readiness/from/japan/,308,https://www.expatcopilot.com/netherlands/moving/tools/document-readiness/from/japan,no,0,yes,unknown,no,P2,CANONICAL_POINTS_TO_TRAILING_SLASH_URL_THAT_308S_TO_NON_SLASH; 200 response URL is non-slash while canonical/sitemap use trailing slash
https://www.expatcopilot.com/netherlands/moving/tools/document-readiness/from/kenya/,308,https://www.expatcopilot.com/netherlands/moving/tools/document-readiness/from/kenya/,308,https://www.expatcopilot.com/netherlands/moving/tools/document-readiness/from/kenya,no,1,yes,unknown,no,P1,SITEMAP_URL_REDIRECTS (sitemap loc returns 3xx before content)
https://www.expatcopilot.com/netherlands/moving/tools/document-readiness/from/italy/,308,https://www.expatcopilot.com/netherlands/moving/tools/document-readiness/from/italy/,308,https://www.expatcopilot.com/netherlands/moving/tools/document-readiness/from/italy,no,1,yes,unknown,no,P1,SITEMAP_URL_REDIRECTS (sitemap loc returns 3xx before content)
https://www.expatcopilot.com/netherlands/moving/tools/document-readiness/from/mexico,200,https://www.expatcopilot.com/netherlands/moving/tools/document-readiness/from/mexico/,308,https://www.expatcopilot.com/netherlands/moving/tools/document-readiness/from/mexico,no,0,yes,unknown,no,P2,CANONICAL_POINTS_TO_TRAILING_SLASH_URL_THAT_308S_TO_NON_SLASH; 200 response URL is non-slash while canonical/sitemap use trailing slash
https://www.expatcopilot.com/netherlands/moving/tools/document-readiness/from/japan/,308,https://www.expatcopilot.com/netherlands/moving/tools/document-readiness/from/japan/,308,https://www.expatcopilot.com/netherlands/moving/tools/document-readiness/from/japan,no,1,yes,unknown,no,P1,SITEMAP_URL_REDIRECTS (sitemap loc returns 3xx before content)
https://www.expatcopilot.com/netherlands/moving/tools/document-readiness/from/mexico/,308,https://www.expatcopilot.com/netherlands/moving/tools/document-readiness/from/mexico/,308,https://www.expatcopilot.com/netherlands/moving/tools/document-readiness/from/mexico,no,1,yes,unknown,no,P1,SITEMAP_URL_REDIRECTS (sitemap loc returns 3xx before content)
https://www.expatcopilot.com/netherlands/moving/tools/document-readiness/from/new-zealand,200,https://www.expatcopilot.com/netherlands/moving/tools/document-readiness/from/new-zealand/,308,https://www.expatcopilot.com/netherlands/moving/tools/document-readiness/from/new-zealand,no,0,yes,unknown,no,P2,CANONICAL_POINTS_TO_TRAILING_SLASH_URL_THAT_308S_TO_NON_SLASH; 200 response URL is non-slash while canonical/sitemap use trailing slash
https://www.expatcopilot.com/netherlands/moving/tools/document-readiness/from/new-zealand/,308,https://www.expatcopilot.com/netherlands/moving/tools/document-readiness/from/new-zealand/,308,https://www.expatcopilot.com/netherlands/moving/tools/document-readiness/from/new-zealand,no,1,yes,unknown,no,P1,SITEMAP_URL_REDIRECTS (sitemap loc returns 3xx before content)
https://www.expatcopilot.com/netherlands/moving/tools/document-readiness/from/nigeria,404,,,,no,0,n/a,unknown,unknown,INFO,
https://www.expatcopilot.com/netherlands/moving/tools/document-readiness/from/norway,200,https://www.expatcopilot.com/netherlands/moving/tools/document-readiness/from/norway/,308,https://www.expatcopilot.com/netherlands/moving/tools/document-readiness/from/norway,no,0,yes,unknown,no,P2,CANONICAL_POINTS_TO_TRAILING_SLASH_URL_THAT_308S_TO_NON_SLASH; 200 response URL is non-slash while canonical/sitemap use trailing slash
https://www.expatcopilot.com/netherlands/moving/tools/document-readiness/from/norway/,308,https://www.expatcopilot.com/netherlands/moving/tools/document-readiness/from/norway/,308,https://www.expatcopilot.com/netherlands/moving/tools/document-readiness/from/norway,no,1,yes,unknown,no,P1,SITEMAP_URL_REDIRECTS (sitemap loc returns 3xx before content)
https://www.expatcopilot.com/netherlands/moving/tools/document-readiness/from/pakistan,200,https://www.expatcopilot.com/netherlands/moving/tools/document-readiness/from/pakistan/,308,https://www.expatcopilot.com/netherlands/moving/tools/document-readiness/from/pakistan,no,0,yes,unknown,no,P2,CANONICAL_POINTS_TO_TRAILING_SLASH_URL_THAT_308S_TO_NON_SLASH; 200 response URL is non-slash while canonical/sitemap use trailing slash
https://www.expatcopilot.com/netherlands/moving/tools/document-readiness/from/philippines,404,,,,no,0,n/a,unknown,unknown,INFO,
https://www.expatcopilot.com/netherlands/moving/tools/document-readiness/from/nigeria/,308,,,,no,1,n/a,unknown,no,P1,SITEMAP_URL_REDIRECTS (sitemap loc returns 3xx before content)
https://www.expatcopilot.com/netherlands/moving/tools/document-readiness/from/pakistan/,308,https://www.expatcopilot.com/netherlands/moving/tools/document-readiness/from/pakistan/,308,https://www.expatcopilot.com/netherlands/moving/tools/document-readiness/from/pakistan,no,1,yes,unknown,no,P1,SITEMAP_URL_REDIRECTS (sitemap loc returns 3xx before content)
https://www.expatcopilot.com/netherlands/moving/tools/document-readiness/from/singapore,200,https://www.expatcopilot.com/netherlands/moving/tools/document-readiness/from/singapore/,308,https://www.expatcopilot.com/netherlands/moving/tools/document-readiness/from/singapore,no,0,yes,unknown,no,P2,CANONICAL_POINTS_TO_TRAILING_SLASH_URL_THAT_308S_TO_NON_SLASH; 200 response URL is non-slash while canonical/sitemap use trailing slash
https://www.expatcopilot.com/netherlands/moving/tools/document-readiness/from/singapore/,308,https://www.expatcopilot.com/netherlands/moving/tools/document-readiness/from/singapore/,308,https://www.expatcopilot.com/netherlands/moving/tools/document-readiness/from/singapore,no,1,yes,unknown,no,P1,SITEMAP_URL_REDIRECTS (sitemap loc returns 3xx before content)
https://www.expatcopilot.com/netherlands/moving/tools/document-readiness/from/south-africa/,308,https://www.expatcopilot.com/netherlands/moving/tools/document-readiness/from/south-africa/,308,https://www.expatcopilot.com/netherlands/moving/tools/document-readiness/from/south-africa,no,1,yes,unknown,no,P1,SITEMAP_URL_REDIRECTS (sitemap loc returns 3xx before content)
https://www.expatcopilot.com/netherlands/moving/tools/document-readiness/from/south-africa,200,https://www.expatcopilot.com/netherlands/moving/tools/document-readiness/from/south-africa/,308,https://www.expatcopilot.com/netherlands/moving/tools/document-readiness/from/south-africa,no,0,yes,unknown,no,P2,CANONICAL_POINTS_TO_TRAILING_SLASH_URL_THAT_308S_TO_NON_SLASH; 200 response URL is non-slash while canonical/sitemap use trailing slash
https://www.expatcopilot.com/netherlands/moving/tools/document-readiness/from/south-korea/,308,https://www.expatcopilot.com/netherlands/moving/tools/document-readiness/from/south-korea/,308,https://www.expatcopilot.com/netherlands/moving/tools/document-readiness/from/south-korea,no,1,yes,unknown,no,P1,SITEMAP_URL_REDIRECTS (sitemap loc returns 3xx before content)
https://www.expatcopilot.com/netherlands/moving/tools/document-readiness/from/south-korea,200,https://www.expatcopilot.com/netherlands/moving/tools/document-readiness/from/south-korea/,308,https://www.expatcopilot.com/netherlands/moving/tools/document-readiness/from/south-korea,no,0,yes,unknown,no,P2,CANONICAL_POINTS_TO_TRAILING_SLASH_URL_THAT_308S_TO_NON_SLASH; 200 response URL is non-slash while canonical/sitemap use trailing slash
https://www.expatcopilot.com/netherlands/moving/tools/document-readiness/from/philippines/,308,,,,no,1,n/a,unknown,no,P1,SITEMAP_URL_REDIRECTS (sitemap loc returns 3xx before content)
https://www.expatcopilot.com/netherlands/moving/tools/document-readiness/from/switzerland,200,https://www.expatcopilot.com/netherlands/moving/tools/document-readiness/from/switzerland/,308,https://www.expatcopilot.com/netherlands/moving/tools/document-readiness/from/switzerland,no,0,yes,unknown,no,P2,CANONICAL_POINTS_TO_TRAILING_SLASH_URL_THAT_308S_TO_NON_SLASH; 200 response URL is non-slash while canonical/sitemap use trailing slash
https://www.expatcopilot.com/netherlands/moving/tools/document-readiness/from/spain/,308,https://www.expatcopilot.com/netherlands/moving/tools/document-readiness/from/spain/,308,https://www.expatcopilot.com/netherlands/moving/tools/document-readiness/from/spain,no,1,yes,unknown,no,P1,SITEMAP_URL_REDIRECTS (sitemap loc returns 3xx before content)
https://www.expatcopilot.com/netherlands/moving/tools/document-readiness/from/spain,200,https://www.expatcopilot.com/netherlands/moving/tools/document-readiness/from/spain/,308,https://www.expatcopilot.com/netherlands/moving/tools/document-readiness/from/spain,no,0,yes,unknown,no,P2,CANONICAL_POINTS_TO_TRAILING_SLASH_URL_THAT_308S_TO_NON_SLASH; 200 response URL is non-slash while canonical/sitemap use trailing slash
https://www.expatcopilot.com/netherlands/moving/tools/document-readiness/from/sweden,200,https://www.expatcopilot.com/netherlands/moving/tools/document-readiness/from/sweden/,308,https://www.expatcopilot.com/netherlands/moving/tools/document-readiness/from/sweden,no,0,yes,unknown,no,P2,CANONICAL_POINTS_TO_TRAILING_SLASH_URL_THAT_308S_TO_NON_SLASH; 200 response URL is non-slash while canonical/sitemap use trailing slash
https://www.expatcopilot.com/netherlands/moving/tools/document-readiness/from/switzerland/,308,https://www.expatcopilot.com/netherlands/moving/tools/document-readiness/from/switzerland/,308,https://www.expatcopilot.com/netherlands/moving/tools/document-readiness/from/switzerland,no,1,yes,unknown,no,P1,SITEMAP_URL_REDIRECTS (sitemap loc returns 3xx before content)
https://www.expatcopilot.com/netherlands/moving/tools/document-readiness/from/sweden/,308,https://www.expatcopilot.com/netherlands/moving/tools/document-readiness/from/sweden/,308,https://www.expatcopilot.com/netherlands/moving/tools/document-readiness/from/sweden,no,1,yes,unknown,no,P1,SITEMAP_URL_REDIRECTS (sitemap loc returns 3xx before content)
https://www.expatcopilot.com/netherlands/moving/tools/document-readiness/from/uae/,308,https://www.expatcopilot.com/netherlands/moving/tools/document-readiness/from/uae/,308,https://www.expatcopilot.com/netherlands/moving/tools/document-readiness/from/uae,no,1,yes,unknown,no,P1,SITEMAP_URL_REDIRECTS (sitemap loc returns 3xx before content)
https://www.expatcopilot.com/netherlands/moving/tools/document-readiness/from/uae,200,https://www.expatcopilot.com/netherlands/moving/tools/document-readiness/from/uae/,308,https://www.expatcopilot.com/netherlands/moving/tools/document-readiness/from/uae,no,0,yes,unknown,no,P2,CANONICAL_POINTS_TO_TRAILING_SLASH_URL_THAT_308S_TO_NON_SLASH; 200 response URL is non-slash while canonical/sitemap use trailing slash
https://www.expatcopilot.com/netherlands/moving/tools/document-readiness/from/turkey,200,https://www.expatcopilot.com/netherlands/moving/tools/document-readiness/from/turkey/,308,https://www.expatcopilot.com/netherlands/moving/tools/document-readiness/from/turkey,no,0,yes,unknown,no,P2,CANONICAL_POINTS_TO_TRAILING_SLASH_URL_THAT_308S_TO_NON_SLASH; 200 response URL is non-slash while canonical/sitemap use trailing slash
https://www.expatcopilot.com/netherlands/moving/tools/document-readiness/from/turkey/,308,https://www.expatcopilot.com/netherlands/moving/tools/document-readiness/from/turkey/,308,https://www.expatcopilot.com/netherlands/moving/tools/document-readiness/from/turkey,no,1,yes,unknown,no,P1,SITEMAP_URL_REDIRECTS (sitemap loc returns 3xx before content)
https://www.expatcopilot.com/netherlands/moving/tools/document-readiness/from/united-kingdom,200,https://www.expatcopilot.com/netherlands/moving/tools/document-readiness/from/united-kingdom/,308,https://www.expatcopilot.com/netherlands/moving/tools/document-readiness/from/united-kingdom,no,0,yes,unknown,no,P2,CANONICAL_POINTS_TO_TRAILING_SLASH_URL_THAT_308S_TO_NON_SLASH; 200 response URL is non-slash while canonical/sitemap use trailing slash
https://www.expatcopilot.com/netherlands/moving/tools/document-readiness/from/united-kingdom/,308,https://www.expatcopilot.com/netherlands/moving/tools/document-readiness/from/united-kingdom/,308,https://www.expatcopilot.com/netherlands/moving/tools/document-readiness/from/united-kingdom,no,1,yes,unknown,no,P1,SITEMAP_URL_REDIRECTS (sitemap loc returns 3xx before content)
https://www.expatcopilot.com/netherlands/moving/tools/document-readiness/from/united-states,200,https://www.expatcopilot.com/netherlands/moving/tools/document-readiness/from/united-states/,308,https://www.expatcopilot.com/netherlands/moving/tools/document-readiness/from/united-states,no,0,yes,unknown,no,P2,CANONICAL_POINTS_TO_TRAILING_SLASH_URL_THAT_308S_TO_NON_SLASH; 200 response URL is non-slash while canonical/sitemap use trailing slash
https://www.expatcopilot.com/netherlands/moving/tools/first-90-days,200,https://www.expatcopilot.com/netherlands/moving/tools/first-90-days/,308,https://www.expatcopilot.com/netherlands/moving/tools/first-90-days,no,0,yes,yes,no,P2,CANONICAL_POINTS_TO_TRAILING_SLASH_URL_THAT_308S_TO_NON_SLASH; 200 response URL is non-slash while canonical/sitemap use trailing slash
https://www.expatcopilot.com/netherlands/moving/tools/first-90-days/from/australia,200,https://www.expatcopilot.com/netherlands/moving/tools/first-90-days/from/australia/,308,https://www.expatcopilot.com/netherlands/moving/tools/first-90-days/from/australia,no,0,yes,unknown,no,P2,CANONICAL_POINTS_TO_TRAILING_SLASH_URL_THAT_308S_TO_NON_SLASH; 200 response URL is non-slash while canonical/sitemap use trailing slash
https://www.expatcopilot.com/netherlands/moving/tools/document-readiness/from/united-states/,308,https://www.expatcopilot.com/netherlands/moving/tools/document-readiness/from/united-states/,308,https://www.expatcopilot.com/netherlands/moving/tools/document-readiness/from/united-states,no,1,yes,unknown,no,P1,SITEMAP_URL_REDIRECTS (sitemap loc returns 3xx before content)
https://www.expatcopilot.com/netherlands/moving/tools/first-90-days/from/argentina,200,https://www.expatcopilot.com/netherlands/moving/tools/first-90-days/from/argentina/,308,https://www.expatcopilot.com/netherlands/moving/tools/first-90-days/from/argentina,no,0,yes,unknown,no,P2,CANONICAL_POINTS_TO_TRAILING_SLASH_URL_THAT_308S_TO_NON_SLASH; 200 response URL is non-slash while canonical/sitemap use trailing slash
https://www.expatcopilot.com/netherlands/moving/tools/first-90-days/from/brazil,200,https://www.expatcopilot.com/netherlands/moving/tools/first-90-days/from/brazil/,308,https://www.expatcopilot.com/netherlands/moving/tools/first-90-days/from/brazil,no,0,yes,unknown,no,P2,CANONICAL_POINTS_TO_TRAILING_SLASH_URL_THAT_308S_TO_NON_SLASH; 200 response URL is non-slash while canonical/sitemap use trailing slash
https://www.expatcopilot.com/netherlands/moving/tools/first-90-days/from/argentina/,308,https://www.expatcopilot.com/netherlands/moving/tools/first-90-days/from/argentina/,308,https://www.expatcopilot.com/netherlands/moving/tools/first-90-days/from/argentina,no,1,yes,unknown,no,P1,SITEMAP_URL_REDIRECTS (sitemap loc returns 3xx before content)
https://www.expatcopilot.com/netherlands/moving/tools/first-90-days/from/brazil/,308,https://www.expatcopilot.com/netherlands/moving/tools/first-90-days/from/brazil/,308,https://www.expatcopilot.com/netherlands/moving/tools/first-90-days/from/brazil,no,1,yes,unknown,no,P1,SITEMAP_URL_REDIRECTS (sitemap loc returns 3xx before content)
https://www.expatcopilot.com/netherlands/moving/tools/first-90-days/from/australia/,308,https://www.expatcopilot.com/netherlands/moving/tools/first-90-days/from/australia/,308,https://www.expatcopilot.com/netherlands/moving/tools/first-90-days/from/australia,no,1,yes,unknown,no,P1,SITEMAP_URL_REDIRECTS (sitemap loc returns 3xx before content)
https://www.expatcopilot.com/netherlands/moving/tools/first-90-days/,308,https://www.expatcopilot.com/netherlands/moving/tools/first-90-days/,308,https://www.expatcopilot.com/netherlands/moving/tools/first-90-days,no,1,yes,yes,no,P1,SITEMAP_URL_REDIRECTS (sitemap loc returns 3xx before content)
https://www.expatcopilot.com/netherlands/moving/tools/first-90-days/from/canada,200,https://www.expatcopilot.com/netherlands/moving/tools/first-90-days/from/canada/,308,https://www.expatcopilot.com/netherlands/moving/tools/first-90-days/from/canada,no,0,yes,unknown,no,P2,CANONICAL_POINTS_TO_TRAILING_SLASH_URL_THAT_308S_TO_NON_SLASH; 200 response URL is non-slash while canonical/sitemap use trailing slash
https://www.expatcopilot.com/netherlands/moving/tools/first-90-days/from/canada/,308,https://www.expatcopilot.com/netherlands/moving/tools/first-90-days/from/canada/,308,https://www.expatcopilot.com/netherlands/moving/tools/first-90-days/from/canada,no,1,yes,unknown,no,P1,SITEMAP_URL_REDIRECTS (sitemap loc returns 3xx before content)
https://www.expatcopilot.com/netherlands/moving/tools/first-90-days/from/chile,200,https://www.expatcopilot.com/netherlands/moving/tools/first-90-days/from/chile/,308,https://www.expatcopilot.com/netherlands/moving/tools/first-90-days/from/chile,no,0,yes,unknown,no,P2,CANONICAL_POINTS_TO_TRAILING_SLASH_URL_THAT_308S_TO_NON_SLASH; 200 response URL is non-slash while canonical/sitemap use trailing slash
https://www.expatcopilot.com/netherlands/moving/tools/first-90-days/from/chile/,308,https://www.expatcopilot.com/netherlands/moving/tools/first-90-days/from/chile/,308,https://www.expatcopilot.com/netherlands/moving/tools/first-90-days/from/chile,no,1,yes,unknown,no,P1,SITEMAP_URL_REDIRECTS (sitemap loc returns 3xx before content)
https://www.expatcopilot.com/netherlands/moving/tools/first-90-days/from/denmark,200,https://www.expatcopilot.com/netherlands/moving/tools/first-90-days/from/denmark/,308,https://www.expatcopilot.com/netherlands/moving/tools/first-90-days/from/denmark,no,0,yes,unknown,no,P2,CANONICAL_POINTS_TO_TRAILING_SLASH_URL_THAT_308S_TO_NON_SLASH; 200 response URL is non-slash while canonical/sitemap use trailing slash
https://www.expatcopilot.com/netherlands/moving/tools/first-90-days/from/france,200,https://www.expatcopilot.com/netherlands/moving/tools/first-90-days/from/france/,308,https://www.expatcopilot.com/netherlands/moving/tools/first-90-days/from/france,no,0,yes,unknown,no,P2,CANONICAL_POINTS_TO_TRAILING_SLASH_URL_THAT_308S_TO_NON_SLASH; 200 response URL is non-slash while canonical/sitemap use trailing slash
https://www.expatcopilot.com/netherlands/moving/tools/first-90-days/from/germany,200,https://www.expatcopilot.com/netherlands/moving/tools/first-90-days/from/germany/,308,https://www.expatcopilot.com/netherlands/moving/tools/first-90-days/from/germany,no,0,yes,unknown,no,P2,CANONICAL_POINTS_TO_TRAILING_SLASH_URL_THAT_308S_TO_NON_SLASH; 200 response URL is non-slash while canonical/sitemap use trailing slash
https://www.expatcopilot.com/netherlands/moving/tools/first-90-days/from/denmark/,308,https://www.expatcopilot.com/netherlands/moving/tools/first-90-days/from/denmark/,308,https://www.expatcopilot.com/netherlands/moving/tools/first-90-days/from/denmark,no,1,yes,unknown,no,P1,SITEMAP_URL_REDIRECTS (sitemap loc returns 3xx before content)
https://www.expatcopilot.com/netherlands/moving/tools/first-90-days/from/germany/,308,https://www.expatcopilot.com/netherlands/moving/tools/first-90-days/from/germany/,308,https://www.expatcopilot.com/netherlands/moving/tools/first-90-days/from/germany,no,1,yes,unknown,no,P1,SITEMAP_URL_REDIRECTS (sitemap loc returns 3xx before content)
https://www.expatcopilot.com/netherlands/moving/tools/first-90-days/from/france/,308,https://www.expatcopilot.com/netherlands/moving/tools/first-90-days/from/france/,308,https://www.expatcopilot.com/netherlands/moving/tools/first-90-days/from/france,no,1,yes,unknown,no,P1,SITEMAP_URL_REDIRECTS (sitemap loc returns 3xx before content)
https://www.expatcopilot.com/netherlands/moving/tools/first-90-days/from/india/,308,https://www.expatcopilot.com/netherlands/moving/tools/first-90-days/from/india/,308,https://www.expatcopilot.com/netherlands/moving/tools/first-90-days/from/india,no,1,yes,unknown,no,P1,SITEMAP_URL_REDIRECTS (sitemap loc returns 3xx before content)
https://www.expatcopilot.com/netherlands/moving/tools/first-90-days/from/india,200,https://www.expatcopilot.com/netherlands/moving/tools/first-90-days/from/india/,308,https://www.expatcopilot.com/netherlands/moving/tools/first-90-days/from/india,no,0,yes,unknown,no,P2,CANONICAL_POINTS_TO_TRAILING_SLASH_URL_THAT_308S_TO_NON_SLASH; 200 response URL is non-slash while canonical/sitemap use trailing slash
https://www.expatcopilot.com/netherlands/moving/tools/first-90-days/from/indonesia,200,https://www.expatcopilot.com/netherlands/moving/tools/first-90-days/from/indonesia/,308,https://www.expatcopilot.com/netherlands/moving/tools/first-90-days/from/indonesia,no,0,yes,unknown,no,P2,CANONICAL_POINTS_TO_TRAILING_SLASH_URL_THAT_308S_TO_NON_SLASH; 200 response URL is non-slash while canonical/sitemap use trailing slash
https://www.expatcopilot.com/netherlands/moving/tools/first-90-days/from/indonesia/,308,https://www.expatcopilot.com/netherlands/moving/tools/first-90-days/from/indonesia/,308,https://www.expatcopilot.com/netherlands/moving/tools/first-90-days/from/indonesia,no,1,yes,unknown,no,P1,SITEMAP_URL_REDIRECTS (sitemap loc returns 3xx before content)
https://www.expatcopilot.com/netherlands/moving/tools/first-90-days/from/ireland,200,https://www.expatcopilot.com/netherlands/moving/tools/first-90-days/from/ireland/,308,https://www.expatcopilot.com/netherlands/moving/tools/first-90-days/from/ireland,no,0,yes,unknown,no,P2,CANONICAL_POINTS_TO_TRAILING_SLASH_URL_THAT_308S_TO_NON_SLASH; 200 response URL is non-slash while canonical/sitemap use trailing slash
https://www.expatcopilot.com/netherlands/moving/tools/first-90-days/from/ireland/,308,https://www.expatcopilot.com/netherlands/moving/tools/first-90-days/from/ireland/,308,https://www.expatcopilot.com/netherlands/moving/tools/first-90-days/from/ireland,no,1,yes,unknown,no,P1,SITEMAP_URL_REDIRECTS (sitemap loc returns 3xx before content)
https://www.expatcopilot.com/netherlands/moving/tools/first-90-days/from/italy/,308,https://www.expatcopilot.com/netherlands/moving/tools/first-90-days/from/italy/,308,https://www.expatcopilot.com/netherlands/moving/tools/first-90-days/from/italy,no,1,yes,unknown,no,P1,SITEMAP_URL_REDIRECTS (sitemap loc returns 3xx before content)
https://www.expatcopilot.com/netherlands/moving/tools/first-90-days/from/italy,200,https://www.expatcopilot.com/netherlands/moving/tools/first-90-days/from/italy/,308,https://www.expatcopilot.com/netherlands/moving/tools/first-90-days/from/italy,no,0,yes,unknown,no,P2,CANONICAL_POINTS_TO_TRAILING_SLASH_URL_THAT_308S_TO_NON_SLASH; 200 response URL is non-slash while canonical/sitemap use trailing slash
https://www.expatcopilot.com/netherlands/moving/tools/first-90-days/from/japan,200,https://www.expatcopilot.com/netherlands/moving/tools/first-90-days/from/japan/,308,https://www.expatcopilot.com/netherlands/moving/tools/first-90-days/from/japan,no,0,yes,unknown,no,P2,CANONICAL_POINTS_TO_TRAILING_SLASH_URL_THAT_308S_TO_NON_SLASH; 200 response URL is non-slash while canonical/sitemap use trailing slash
https://www.expatcopilot.com/netherlands/moving/tools/first-90-days/from/kenya,200,https://www.expatcopilot.com/netherlands/moving/tools/first-90-days/from/kenya/,308,https://www.expatcopilot.com/netherlands/moving/tools/first-90-days/from/kenya,no,0,yes,unknown,no,P2,CANONICAL_POINTS_TO_TRAILING_SLASH_URL_THAT_308S_TO_NON_SLASH; 200 response URL is non-slash while canonical/sitemap use trailing slash
https://www.expatcopilot.com/netherlands/moving/tools/first-90-days/from/japan/,308,https://www.expatcopilot.com/netherlands/moving/tools/first-90-days/from/japan/,308,https://www.expatcopilot.com/netherlands/moving/tools/first-90-days/from/japan,no,1,yes,unknown,no,P1,SITEMAP_URL_REDIRECTS (sitemap loc returns 3xx before content)
https://www.expatcopilot.com/netherlands/moving/tools/first-90-days/from/kenya/,308,https://www.expatcopilot.com/netherlands/moving/tools/first-90-days/from/kenya/,308,https://www.expatcopilot.com/netherlands/moving/tools/first-90-days/from/kenya,no,1,yes,unknown,no,P1,SITEMAP_URL_REDIRECTS (sitemap loc returns 3xx before content)
https://www.expatcopilot.com/netherlands/moving/tools/first-90-days/from/mexico,200,https://www.expatcopilot.com/netherlands/moving/tools/first-90-days/from/mexico/,308,https://www.expatcopilot.com/netherlands/moving/tools/first-90-days/from/mexico,no,0,yes,unknown,no,P2,CANONICAL_POINTS_TO_TRAILING_SLASH_URL_THAT_308S_TO_NON_SLASH; 200 response URL is non-slash while canonical/sitemap use trailing slash
https://www.expatcopilot.com/netherlands/moving/tools/first-90-days/from/new-zealand,200,https://www.expatcopilot.com/netherlands/moving/tools/first-90-days/from/new-zealand/,308,https://www.expatcopilot.com/netherlands/moving/tools/first-90-days/from/new-zealand,no,0,yes,unknown,no,P2,CANONICAL_POINTS_TO_TRAILING_SLASH_URL_THAT_308S_TO_NON_SLASH; 200 response URL is non-slash while canonical/sitemap use trailing slash
https://www.expatcopilot.com/netherlands/moving/tools/first-90-days/from/mexico/,308,https://www.expatcopilot.com/netherlands/moving/tools/first-90-days/from/mexico/,308,https://www.expatcopilot.com/netherlands/moving/tools/first-90-days/from/mexico,no,1,yes,unknown,no,P1,SITEMAP_URL_REDIRECTS (sitemap loc returns 3xx before content)
https://www.expatcopilot.com/netherlands/moving/tools/first-90-days/from/new-zealand/,308,https://www.expatcopilot.com/netherlands/moving/tools/first-90-days/from/new-zealand/,308,https://www.expatcopilot.com/netherlands/moving/tools/first-90-days/from/new-zealand,no,1,yes,unknown,no,P1,SITEMAP_URL_REDIRECTS (sitemap loc returns 3xx before content)
https://www.expatcopilot.com/netherlands/moving/tools/first-90-days/from/nigeria,404,,,,no,0,n/a,unknown,unknown,INFO,
https://www.expatcopilot.com/netherlands/moving/tools/first-90-days/from/norway,200,https://www.expatcopilot.com/netherlands/moving/tools/first-90-days/from/norway/,308,https://www.expatcopilot.com/netherlands/moving/tools/first-90-days/from/norway,no,0,yes,unknown,no,P2,CANONICAL_POINTS_TO_TRAILING_SLASH_URL_THAT_308S_TO_NON_SLASH; 200 response URL is non-slash while canonical/sitemap use trailing slash
https://www.expatcopilot.com/netherlands/moving/tools/first-90-days/from/pakistan,200,https://www.expatcopilot.com/netherlands/moving/tools/first-90-days/from/pakistan/,308,https://www.expatcopilot.com/netherlands/moving/tools/first-90-days/from/pakistan,no,0,yes,unknown,no,P2,CANONICAL_POINTS_TO_TRAILING_SLASH_URL_THAT_308S_TO_NON_SLASH; 200 response URL is non-slash while canonical/sitemap use trailing slash
https://www.expatcopilot.com/netherlands/moving/tools/first-90-days/from/norway/,308,https://www.expatcopilot.com/netherlands/moving/tools/first-90-days/from/norway/,308,https://www.expatcopilot.com/netherlands/moving/tools/first-90-days/from/norway,no,1,yes,unknown,no,P1,SITEMAP_URL_REDIRECTS (sitemap loc returns 3xx before content)
https://www.expatcopilot.com/netherlands/moving/tools/first-90-days/from/pakistan/,308,https://www.expatcopilot.com/netherlands/moving/tools/first-90-days/from/pakistan/,308,https://www.expatcopilot.com/netherlands/moving/tools/first-90-days/from/pakistan,no,1,yes,unknown,no,P1,SITEMAP_URL_REDIRECTS (sitemap loc returns 3xx before content)
https://www.expatcopilot.com/netherlands/moving/tools/first-90-days/from/philippines,404,,,,no,0,n/a,unknown,unknown,INFO,
https://www.expatcopilot.com/netherlands/moving/tools/first-90-days/from/nigeria/,308,,,,no,1,n/a,unknown,no,P1,SITEMAP_URL_REDIRECTS (sitemap loc returns 3xx before content)
https://www.expatcopilot.com/netherlands/moving/tools/first-90-days/from/singapore/,308,https://www.expatcopilot.com/netherlands/moving/tools/first-90-days/from/singapore/,308,https://www.expatcopilot.com/netherlands/moving/tools/first-90-days/from/singapore,no,1,yes,unknown,no,P1,SITEMAP_URL_REDIRECTS (sitemap loc returns 3xx before content)
https://www.expatcopilot.com/netherlands/moving/tools/first-90-days/from/singapore,200,https://www.expatcopilot.com/netherlands/moving/tools/first-90-days/from/singapore/,308,https://www.expatcopilot.com/netherlands/moving/tools/first-90-days/from/singapore,no,0,yes,unknown,no,P2,CANONICAL_POINTS_TO_TRAILING_SLASH_URL_THAT_308S_TO_NON_SLASH; 200 response URL is non-slash while canonical/sitemap use trailing slash
https://www.expatcopilot.com/netherlands/moving/tools/first-90-days/from/philippines/,308,,,,no,1,n/a,unknown,no,P1,SITEMAP_URL_REDIRECTS (sitemap loc returns 3xx before content)
https://www.expatcopilot.com/netherlands/moving/tools/first-90-days/from/south-korea,200,https://www.expatcopilot.com/netherlands/moving/tools/first-90-days/from/south-korea/,308,https://www.expatcopilot.com/netherlands/moving/tools/first-90-days/from/south-korea,no,0,yes,unknown,no,P2,CANONICAL_POINTS_TO_TRAILING_SLASH_URL_THAT_308S_TO_NON_SLASH; 200 response URL is non-slash while canonical/sitemap use trailing slash
https://www.expatcopilot.com/netherlands/moving/tools/first-90-days/from/south-africa,200,https://www.expatcopilot.com/netherlands/moving/tools/first-90-days/from/south-africa/,308,https://www.expatcopilot.com/netherlands/moving/tools/first-90-days/from/south-africa,no,0,yes,unknown,no,P2,CANONICAL_POINTS_TO_TRAILING_SLASH_URL_THAT_308S_TO_NON_SLASH; 200 response URL is non-slash while canonical/sitemap use trailing slash
https://www.expatcopilot.com/netherlands/moving/tools/first-90-days/from/spain,200,https://www.expatcopilot.com/netherlands/moving/tools/first-90-days/from/spain/,308,https://www.expatcopilot.com/netherlands/moving/tools/first-90-days/from/spain,no,0,yes,unknown,no,P2,CANONICAL_POINTS_TO_TRAILING_SLASH_URL_THAT_308S_TO_NON_SLASH; 200 response URL is non-slash while canonical/sitemap use trailing slash
https://www.expatcopilot.com/netherlands/moving/tools/first-90-days/from/south-africa/,308,https://www.expatcopilot.com/netherlands/moving/tools/first-90-days/from/south-africa/,308,https://www.expatcopilot.com/netherlands/moving/tools/first-90-days/from/south-africa,no,1,yes,unknown,no,P1,SITEMAP_URL_REDIRECTS (sitemap loc returns 3xx before content)
https://www.expatcopilot.com/netherlands/moving/tools/first-90-days/from/south-korea/,308,https://www.expatcopilot.com/netherlands/moving/tools/first-90-days/from/south-korea/,308,https://www.expatcopilot.com/netherlands/moving/tools/first-90-days/from/south-korea,no,1,yes,unknown,no,P1,SITEMAP_URL_REDIRECTS (sitemap loc returns 3xx before content)
https://www.expatcopilot.com/netherlands/moving/tools/first-90-days/from/spain/,308,https://www.expatcopilot.com/netherlands/moving/tools/first-90-days/from/spain/,308,https://www.expatcopilot.com/netherlands/moving/tools/first-90-days/from/spain,no,1,yes,unknown,no,P1,SITEMAP_URL_REDIRECTS (sitemap loc returns 3xx before content)
https://www.expatcopilot.com/netherlands/moving/tools/first-90-days/from/sweden,200,https://www.expatcopilot.com/netherlands/moving/tools/first-90-days/from/sweden/,308,https://www.expatcopilot.com/netherlands/moving/tools/first-90-days/from/sweden,no,0,yes,unknown,no,P2,CANONICAL_POINTS_TO_TRAILING_SLASH_URL_THAT_308S_TO_NON_SLASH; 200 response URL is non-slash while canonical/sitemap use trailing slash
https://www.expatcopilot.com/netherlands/moving/tools/first-90-days/from/sweden/,308,https://www.expatcopilot.com/netherlands/moving/tools/first-90-days/from/sweden/,308,https://www.expatcopilot.com/netherlands/moving/tools/first-90-days/from/sweden,no,1,yes,unknown,no,P1,SITEMAP_URL_REDIRECTS (sitemap loc returns 3xx before content)
https://www.expatcopilot.com/netherlands/moving/tools/first-90-days/from/switzerland,200,https://www.expatcopilot.com/netherlands/moving/tools/first-90-days/from/switzerland/,308,https://www.expatcopilot.com/netherlands/moving/tools/first-90-days/from/switzerland,no,0,yes,unknown,no,P2,CANONICAL_POINTS_TO_TRAILING_SLASH_URL_THAT_308S_TO_NON_SLASH; 200 response URL is non-slash while canonical/sitemap use trailing slash
https://www.expatcopilot.com/netherlands/moving/tools/first-90-days/from/switzerland/,308,https://www.expatcopilot.com/netherlands/moving/tools/first-90-days/from/switzerland/,308,https://www.expatcopilot.com/netherlands/moving/tools/first-90-days/from/switzerland,no,1,yes,unknown,no,P1,SITEMAP_URL_REDIRECTS (sitemap loc returns 3xx before content)
https://www.expatcopilot.com/netherlands/moving/tools/first-90-days/from/united-kingdom,200,https://www.expatcopilot.com/netherlands/moving/tools/first-90-days/from/united-kingdom/,308,https://www.expatcopilot.com/netherlands/moving/tools/first-90-days/from/united-kingdom,no,0,yes,unknown,no,P2,CANONICAL_POINTS_TO_TRAILING_SLASH_URL_THAT_308S_TO_NON_SLASH; 200 response URL is non-slash while canonical/sitemap use trailing slash
https://www.expatcopilot.com/netherlands/moving/tools/first-90-days/from/united-kingdom/,308,https://www.expatcopilot.com/netherlands/moving/tools/first-90-days/from/united-kingdom/,308,https://www.expatcopilot.com/netherlands/moving/tools/first-90-days/from/united-kingdom,no,1,yes,unknown,no,P1,SITEMAP_URL_REDIRECTS (sitemap loc returns 3xx before content)
https://www.expatcopilot.com/netherlands/moving/tools/first-90-days/from/uae,200,https://www.expatcopilot.com/netherlands/moving/tools/first-90-days/from/uae/,308,https://www.expatcopilot.com/netherlands/moving/tools/first-90-days/from/uae,no,0,yes,unknown,no,P2,CANONICAL_POINTS_TO_TRAILING_SLASH_URL_THAT_308S_TO_NON_SLASH; 200 response URL is non-slash while canonical/sitemap use trailing slash
https://www.expatcopilot.com/netherlands/moving/tools/first-90-days/from/turkey,200,https://www.expatcopilot.com/netherlands/moving/tools/first-90-days/from/turkey/,308,https://www.expatcopilot.com/netherlands/moving/tools/first-90-days/from/turkey,no,0,yes,unknown,no,P2,CANONICAL_POINTS_TO_TRAILING_SLASH_URL_THAT_308S_TO_NON_SLASH; 200 response URL is non-slash while canonical/sitemap use trailing slash
https://www.expatcopilot.com/netherlands/moving/tools/first-90-days/from/turkey/,308,https://www.expatcopilot.com/netherlands/moving/tools/first-90-days/from/turkey/,308,https://www.expatcopilot.com/netherlands/moving/tools/first-90-days/from/turkey,no,1,yes,unknown,no,P1,SITEMAP_URL_REDIRECTS (sitemap loc returns 3xx before content)
https://www.expatcopilot.com/netherlands/moving/tools/first-90-days/from/uae/,308,https://www.expatcopilot.com/netherlands/moving/tools/first-90-days/from/uae/,308,https://www.expatcopilot.com/netherlands/moving/tools/first-90-days/from/uae,no,1,yes,unknown,no,P1,SITEMAP_URL_REDIRECTS (sitemap loc returns 3xx before content)
https://www.expatcopilot.com/netherlands/moving/tools/hsm-salary-checker,200,https://www.expatcopilot.com/netherlands/moving/tools/hsm-salary-checker/,308,https://www.expatcopilot.com/netherlands/moving/tools/hsm-salary-checker,no,0,yes,yes,no,P2,CANONICAL_POINTS_TO_TRAILING_SLASH_URL_THAT_308S_TO_NON_SLASH; 200 response URL is non-slash while canonical/sitemap use trailing slash
https://www.expatcopilot.com/netherlands/moving/tools/hsm-salary-checker/,308,https://www.expatcopilot.com/netherlands/moving/tools/hsm-salary-checker/,308,https://www.expatcopilot.com/netherlands/moving/tools/hsm-salary-checker,no,1,yes,yes,no,P1,SITEMAP_URL_REDIRECTS (sitemap loc returns 3xx before content)
https://www.expatcopilot.com/netherlands/moving/tools/first-90-days/from/united-states/,308,https://www.expatcopilot.com/netherlands/moving/tools/first-90-days/from/united-states/,308,https://www.expatcopilot.com/netherlands/moving/tools/first-90-days/from/united-states,no,1,yes,unknown,no,P1,SITEMAP_URL_REDIRECTS (sitemap loc returns 3xx before content)
https://www.expatcopilot.com/netherlands/moving/tools/first-90-days/from/united-states,200,https://www.expatcopilot.com/netherlands/moving/tools/first-90-days/from/united-states/,308,https://www.expatcopilot.com/netherlands/moving/tools/first-90-days/from/united-states,no,0,yes,unknown,no,P2,CANONICAL_POINTS_TO_TRAILING_SLASH_URL_THAT_308S_TO_NON_SLASH; 200 response URL is non-slash while canonical/sitemap use trailing slash
https://www.expatcopilot.com/netherlands/moving/tools/moving-checklist/from/australia,200,https://www.expatcopilot.com/netherlands/moving/tools/moving-checklist/from/australia/,308,https://www.expatcopilot.com/netherlands/moving/tools/moving-checklist/from/australia,no,0,yes,unknown,no,P2,CANONICAL_POINTS_TO_TRAILING_SLASH_URL_THAT_308S_TO_NON_SLASH; 200 response URL is non-slash while canonical/sitemap use trailing slash
https://www.expatcopilot.com/netherlands/moving/tools/moving-checklist,200,https://www.expatcopilot.com/netherlands/moving/tools/moving-checklist/,308,https://www.expatcopilot.com/netherlands/moving/tools/moving-checklist,no,0,yes,yes,no,P2,CANONICAL_POINTS_TO_TRAILING_SLASH_URL_THAT_308S_TO_NON_SLASH; 200 response URL is non-slash while canonical/sitemap use trailing slash
https://www.expatcopilot.com/netherlands/moving/tools/moving-checklist/,308,https://www.expatcopilot.com/netherlands/moving/tools/moving-checklist/,308,https://www.expatcopilot.com/netherlands/moving/tools/moving-checklist,no,1,yes,yes,no,P1,SITEMAP_URL_REDIRECTS (sitemap loc returns 3xx before content)
https://www.expatcopilot.com/netherlands/moving/tools/moving-checklist/from/brazil,200,https://www.expatcopilot.com/netherlands/moving/tools/moving-checklist/from/brazil/,308,https://www.expatcopilot.com/netherlands/moving/tools/moving-checklist/from/brazil,no,0,yes,unknown,no,P2,CANONICAL_POINTS_TO_TRAILING_SLASH_URL_THAT_308S_TO_NON_SLASH; 200 response URL is non-slash while canonical/sitemap use trailing slash
https://www.expatcopilot.com/netherlands/moving/tools/moving-checklist/from/australia/,308,https://www.expatcopilot.com/netherlands/moving/tools/moving-checklist/from/australia/,308,https://www.expatcopilot.com/netherlands/moving/tools/moving-checklist/from/australia,no,1,yes,unknown,no,P1,SITEMAP_URL_REDIRECTS (sitemap loc returns 3xx before content)
https://www.expatcopilot.com/netherlands/moving/tools/moving-checklist/from/argentina,200,https://www.expatcopilot.com/netherlands/moving/tools/moving-checklist/from/argentina/,308,https://www.expatcopilot.com/netherlands/moving/tools/moving-checklist/from/argentina,no,0,yes,unknown,no,P2,CANONICAL_POINTS_TO_TRAILING_SLASH_URL_THAT_308S_TO_NON_SLASH; 200 response URL is non-slash while canonical/sitemap use trailing slash
https://www.expatcopilot.com/netherlands/moving/tools/moving-checklist/from/argentina/,308,https://www.expatcopilot.com/netherlands/moving/tools/moving-checklist/from/argentina/,308,https://www.expatcopilot.com/netherlands/moving/tools/moving-checklist/from/argentina,no,1,yes,unknown,no,P1,SITEMAP_URL_REDIRECTS (sitemap loc returns 3xx before content)
https://www.expatcopilot.com/netherlands/moving/tools/moving-checklist/from/brazil/,308,https://www.expatcopilot.com/netherlands/moving/tools/moving-checklist/from/brazil/,308,https://www.expatcopilot.com/netherlands/moving/tools/moving-checklist/from/brazil,no,1,yes,unknown,no,P1,SITEMAP_URL_REDIRECTS (sitemap loc returns 3xx before content)
https://www.expatcopilot.com/netherlands/moving/tools/moving-checklist/from/canada/,308,https://www.expatcopilot.com/netherlands/moving/tools/moving-checklist/from/canada/,308,https://www.expatcopilot.com/netherlands/moving/tools/moving-checklist/from/canada,no,1,yes,unknown,no,P1,SITEMAP_URL_REDIRECTS (sitemap loc returns 3xx before content)
https://www.expatcopilot.com/netherlands/moving/tools/moving-checklist/from/canada,200,https://www.expatcopilot.com/netherlands/moving/tools/moving-checklist/from/canada/,308,https://www.expatcopilot.com/netherlands/moving/tools/moving-checklist/from/canada,no,0,yes,unknown,no,P2,CANONICAL_POINTS_TO_TRAILING_SLASH_URL_THAT_308S_TO_NON_SLASH; 200 response URL is non-slash while canonical/sitemap use trailing slash
https://www.expatcopilot.com/netherlands/moving/tools/moving-checklist/from/chile,200,https://www.expatcopilot.com/netherlands/moving/tools/moving-checklist/from/chile/,308,https://www.expatcopilot.com/netherlands/moving/tools/moving-checklist/from/chile,no,0,yes,unknown,no,P2,CANONICAL_POINTS_TO_TRAILING_SLASH_URL_THAT_308S_TO_NON_SLASH; 200 response URL is non-slash while canonical/sitemap use trailing slash
https://www.expatcopilot.com/netherlands/moving/tools/moving-checklist/from/chile/,308,https://www.expatcopilot.com/netherlands/moving/tools/moving-checklist/from/chile/,308,https://www.expatcopilot.com/netherlands/moving/tools/moving-checklist/from/chile,no,1,yes,unknown,no,P1,SITEMAP_URL_REDIRECTS (sitemap loc returns 3xx before content)
https://www.expatcopilot.com/netherlands/moving/tools/moving-checklist/from/denmark,200,https://www.expatcopilot.com/netherlands/moving/tools/moving-checklist/from/denmark/,308,https://www.expatcopilot.com/netherlands/moving/tools/moving-checklist/from/denmark,no,0,yes,unknown,no,P2,CANONICAL_POINTS_TO_TRAILING_SLASH_URL_THAT_308S_TO_NON_SLASH; 200 response URL is non-slash while canonical/sitemap use trailing slash
https://www.expatcopilot.com/netherlands/moving/tools/moving-checklist/from/france,200,https://www.expatcopilot.com/netherlands/moving/tools/moving-checklist/from/france/,308,https://www.expatcopilot.com/netherlands/moving/tools/moving-checklist/from/france,no,0,yes,unknown,no,P2,CANONICAL_POINTS_TO_TRAILING_SLASH_URL_THAT_308S_TO_NON_SLASH; 200 response URL is non-slash while canonical/sitemap use trailing slash
https://www.expatcopilot.com/netherlands/moving/tools/moving-checklist/from/denmark/,308,https://www.expatcopilot.com/netherlands/moving/tools/moving-checklist/from/denmark/,308,https://www.expatcopilot.com/netherlands/moving/tools/moving-checklist/from/denmark,no,1,yes,unknown,no,P1,SITEMAP_URL_REDIRECTS (sitemap loc returns 3xx before content)
https://www.expatcopilot.com/netherlands/moving/tools/moving-checklist/from/germany,200,https://www.expatcopilot.com/netherlands/moving/tools/moving-checklist/from/germany/,308,https://www.expatcopilot.com/netherlands/moving/tools/moving-checklist/from/germany,no,0,yes,unknown,no,P2,CANONICAL_POINTS_TO_TRAILING_SLASH_URL_THAT_308S_TO_NON_SLASH; 200 response URL is non-slash while canonical/sitemap use trailing slash
https://www.expatcopilot.com/netherlands/moving/tools/moving-checklist/from/germany/,308,https://www.expatcopilot.com/netherlands/moving/tools/moving-checklist/from/germany/,308,https://www.expatcopilot.com/netherlands/moving/tools/moving-checklist/from/germany,no,1,yes,unknown,no,P1,SITEMAP_URL_REDIRECTS (sitemap loc returns 3xx before content)
https://www.expatcopilot.com/netherlands/moving/tools/moving-checklist/from/france/,308,https://www.expatcopilot.com/netherlands/moving/tools/moving-checklist/from/france/,308,https://www.expatcopilot.com/netherlands/moving/tools/moving-checklist/from/france,no,1,yes,unknown,no,P1,SITEMAP_URL_REDIRECTS (sitemap loc returns 3xx before content)
https://www.expatcopilot.com/netherlands/moving/tools/moving-checklist/from/india,200,https://www.expatcopilot.com/netherlands/moving/tools/moving-checklist/from/india/,308,https://www.expatcopilot.com/netherlands/moving/tools/moving-checklist/from/india,no,0,yes,unknown,no,P2,CANONICAL_POINTS_TO_TRAILING_SLASH_URL_THAT_308S_TO_NON_SLASH; 200 response URL is non-slash while canonical/sitemap use trailing slash
https://www.expatcopilot.com/netherlands/moving/tools/moving-checklist/from/india/,308,https://www.expatcopilot.com/netherlands/moving/tools/moving-checklist/from/india/,308,https://www.expatcopilot.com/netherlands/moving/tools/moving-checklist/from/india,no,1,yes,unknown,no,P1,SITEMAP_URL_REDIRECTS (sitemap loc returns 3xx before content)
https://www.expatcopilot.com/netherlands/moving/tools/moving-checklist/from/ireland,200,https://www.expatcopilot.com/netherlands/moving/tools/moving-checklist/from/ireland/,308,https://www.expatcopilot.com/netherlands/moving/tools/moving-checklist/from/ireland,no,0,yes,unknown,no,P2,CANONICAL_POINTS_TO_TRAILING_SLASH_URL_THAT_308S_TO_NON_SLASH; 200 response URL is non-slash while canonical/sitemap use trailing slash
https://www.expatcopilot.com/netherlands/moving/tools/moving-checklist/from/ireland/,308,https://www.expatcopilot.com/netherlands/moving/tools/moving-checklist/from/ireland/,308,https://www.expatcopilot.com/netherlands/moving/tools/moving-checklist/from/ireland,no,1,yes,unknown,no,P1,SITEMAP_URL_REDIRECTS (sitemap loc returns 3xx before content)
https://www.expatcopilot.com/netherlands/moving/tools/moving-checklist/from/italy,200,https://www.expatcopilot.com/netherlands/moving/tools/moving-checklist/from/italy/,308,https://www.expatcopilot.com/netherlands/moving/tools/moving-checklist/from/italy,no,0,yes,unknown,no,P2,CANONICAL_POINTS_TO_TRAILING_SLASH_URL_THAT_308S_TO_NON_SLASH; 200 response URL is non-slash while canonical/sitemap use trailing slash
https://www.expatcopilot.com/netherlands/moving/tools/moving-checklist/from/indonesia,200,https://www.expatcopilot.com/netherlands/moving/tools/moving-checklist/from/indonesia/,308,https://www.expatcopilot.com/netherlands/moving/tools/moving-checklist/from/indonesia,no,0,yes,unknown,no,P2,CANONICAL_POINTS_TO_TRAILING_SLASH_URL_THAT_308S_TO_NON_SLASH; 200 response URL is non-slash while canonical/sitemap use trailing slash
https://www.expatcopilot.com/netherlands/moving/tools/moving-checklist/from/indonesia/,308,https://www.expatcopilot.com/netherlands/moving/tools/moving-checklist/from/indonesia/,308,https://www.expatcopilot.com/netherlands/moving/tools/moving-checklist/from/indonesia,no,1,yes,unknown,no,P1,SITEMAP_URL_REDIRECTS (sitemap loc returns 3xx before content)
https://www.expatcopilot.com/netherlands/moving/tools/moving-checklist/from/italy/,308,https://www.expatcopilot.com/netherlands/moving/tools/moving-checklist/from/italy/,308,https://www.expatcopilot.com/netherlands/moving/tools/moving-checklist/from/italy,no,1,yes,unknown,no,P1,SITEMAP_URL_REDIRECTS (sitemap loc returns 3xx before content)
https://www.expatcopilot.com/netherlands/moving/tools/moving-checklist/from/mexico,200,https://www.expatcopilot.com/netherlands/moving/tools/moving-checklist/from/mexico/,308,https://www.expatcopilot.com/netherlands/moving/tools/moving-checklist/from/mexico,no,0,yes,unknown,no,P2,CANONICAL_POINTS_TO_TRAILING_SLASH_URL_THAT_308S_TO_NON_SLASH; 200 response URL is non-slash while canonical/sitemap use trailing slash
https://www.expatcopilot.com/netherlands/moving/tools/moving-checklist/from/mexico/,308,https://www.expatcopilot.com/netherlands/moving/tools/moving-checklist/from/mexico/,308,https://www.expatcopilot.com/netherlands/moving/tools/moving-checklist/from/mexico,no,1,yes,unknown,no,P1,SITEMAP_URL_REDIRECTS (sitemap loc returns 3xx before content)
https://www.expatcopilot.com/netherlands/moving/tools/moving-checklist/from/japan/,308,https://www.expatcopilot.com/netherlands/moving/tools/moving-checklist/from/japan/,308,https://www.expatcopilot.com/netherlands/moving/tools/moving-checklist/from/japan,no,1,yes,unknown,no,P1,SITEMAP_URL_REDIRECTS (sitemap loc returns 3xx before content)
https://www.expatcopilot.com/netherlands/moving/tools/moving-checklist/from/japan,200,https://www.expatcopilot.com/netherlands/moving/tools/moving-checklist/from/japan/,308,https://www.expatcopilot.com/netherlands/moving/tools/moving-checklist/from/japan,no,0,yes,unknown,no,P2,CANONICAL_POINTS_TO_TRAILING_SLASH_URL_THAT_308S_TO_NON_SLASH; 200 response URL is non-slash while canonical/sitemap use trailing slash
https://www.expatcopilot.com/netherlands/moving/tools/moving-checklist/from/kenya,200,https://www.expatcopilot.com/netherlands/moving/tools/moving-checklist/from/kenya/,308,https://www.expatcopilot.com/netherlands/moving/tools/moving-checklist/from/kenya,no,0,yes,unknown,no,P2,CANONICAL_POINTS_TO_TRAILING_SLASH_URL_THAT_308S_TO_NON_SLASH; 200 response URL is non-slash while canonical/sitemap use trailing slash
https://www.expatcopilot.com/netherlands/moving/tools/moving-checklist/from/kenya/,308,https://www.expatcopilot.com/netherlands/moving/tools/moving-checklist/from/kenya/,308,https://www.expatcopilot.com/netherlands/moving/tools/moving-checklist/from/kenya,no,1,yes,unknown,no,P1,SITEMAP_URL_REDIRECTS (sitemap loc returns 3xx before content)
https://www.expatcopilot.com/netherlands/moving/tools/moving-checklist/from/new-zealand,200,https://www.expatcopilot.com/netherlands/moving/tools/moving-checklist/from/new-zealand/,308,https://www.expatcopilot.com/netherlands/moving/tools/moving-checklist/from/new-zealand,no,0,yes,unknown,no,P2,CANONICAL_POINTS_TO_TRAILING_SLASH_URL_THAT_308S_TO_NON_SLASH; 200 response URL is non-slash while canonical/sitemap use trailing slash
https://www.expatcopilot.com/netherlands/moving/tools/moving-checklist/from/norway,200,https://www.expatcopilot.com/netherlands/moving/tools/moving-checklist/from/norway/,308,https://www.expatcopilot.com/netherlands/moving/tools/moving-checklist/from/norway,no,0,yes,unknown,no,P2,CANONICAL_POINTS_TO_TRAILING_SLASH_URL_THAT_308S_TO_NON_SLASH; 200 response URL is non-slash while canonical/sitemap use trailing slash
https://www.expatcopilot.com/netherlands/moving/tools/moving-checklist/from/new-zealand/,308,https://www.expatcopilot.com/netherlands/moving/tools/moving-checklist/from/new-zealand/,308,https://www.expatcopilot.com/netherlands/moving/tools/moving-checklist/from/new-zealand,no,1,yes,unknown,no,P1,SITEMAP_URL_REDIRECTS (sitemap loc returns 3xx before content)
https://www.expatcopilot.com/netherlands/moving/tools/moving-checklist/from/nigeria,404,,,,no,0,n/a,unknown,unknown,INFO,
https://www.expatcopilot.com/netherlands/moving/tools/moving-checklist/from/norway/,308,https://www.expatcopilot.com/netherlands/moving/tools/moving-checklist/from/norway/,308,https://www.expatcopilot.com/netherlands/moving/tools/moving-checklist/from/norway,no,1,yes,unknown,no,P1,SITEMAP_URL_REDIRECTS (sitemap loc returns 3xx before content)
https://www.expatcopilot.com/netherlands/moving/tools/moving-checklist/from/pakistan/,308,https://www.expatcopilot.com/netherlands/moving/tools/moving-checklist/from/pakistan/,308,https://www.expatcopilot.com/netherlands/moving/tools/moving-checklist/from/pakistan,no,1,yes,unknown,no,P1,SITEMAP_URL_REDIRECTS (sitemap loc returns 3xx before content)
https://www.expatcopilot.com/netherlands/moving/tools/moving-checklist/from/pakistan,200,https://www.expatcopilot.com/netherlands/moving/tools/moving-checklist/from/pakistan/,308,https://www.expatcopilot.com/netherlands/moving/tools/moving-checklist/from/pakistan,no,0,yes,unknown,no,P2,CANONICAL_POINTS_TO_TRAILING_SLASH_URL_THAT_308S_TO_NON_SLASH; 200 response URL is non-slash while canonical/sitemap use trailing slash
https://www.expatcopilot.com/netherlands/moving/tools/moving-checklist/from/philippines,404,,,,no,0,n/a,unknown,unknown,INFO,
https://www.expatcopilot.com/netherlands/moving/tools/moving-checklist/from/singapore,200,https://www.expatcopilot.com/netherlands/moving/tools/moving-checklist/from/singapore/,308,https://www.expatcopilot.com/netherlands/moving/tools/moving-checklist/from/singapore,no,0,yes,unknown,no,P2,CANONICAL_POINTS_TO_TRAILING_SLASH_URL_THAT_308S_TO_NON_SLASH; 200 response URL is non-slash while canonical/sitemap use trailing slash
https://www.expatcopilot.com/netherlands/moving/tools/moving-checklist/from/nigeria/,308,,,,no,1,n/a,unknown,no,P1,SITEMAP_URL_REDIRECTS (sitemap loc returns 3xx before content)
https://www.expatcopilot.com/netherlands/moving/tools/moving-checklist/from/singapore/,308,https://www.expatcopilot.com/netherlands/moving/tools/moving-checklist/from/singapore/,308,https://www.expatcopilot.com/netherlands/moving/tools/moving-checklist/from/singapore,no,1,yes,unknown,no,P1,SITEMAP_URL_REDIRECTS (sitemap loc returns 3xx before content)
https://www.expatcopilot.com/netherlands/moving/tools/moving-checklist/from/south-africa,200,https://www.expatcopilot.com/netherlands/moving/tools/moving-checklist/from/south-africa/,308,https://www.expatcopilot.com/netherlands/moving/tools/moving-checklist/from/south-africa,no,0,yes,unknown,no,P2,CANONICAL_POINTS_TO_TRAILING_SLASH_URL_THAT_308S_TO_NON_SLASH; 200 response URL is non-slash while canonical/sitemap use trailing slash
https://www.expatcopilot.com/netherlands/moving/tools/moving-checklist/from/south-africa/,308,https://www.expatcopilot.com/netherlands/moving/tools/moving-checklist/from/south-africa/,308,https://www.expatcopilot.com/netherlands/moving/tools/moving-checklist/from/south-africa,no,1,yes,unknown,no,P1,SITEMAP_URL_REDIRECTS (sitemap loc returns 3xx before content)
https://www.expatcopilot.com/netherlands/moving/tools/moving-checklist/from/philippines/,308,,,,no,1,n/a,unknown,no,P1,SITEMAP_URL_REDIRECTS (sitemap loc returns 3xx before content)
https://www.expatcopilot.com/netherlands/moving/tools/moving-checklist/from/south-korea,200,https://www.expatcopilot.com/netherlands/moving/tools/moving-checklist/from/south-korea/,308,https://www.expatcopilot.com/netherlands/moving/tools/moving-checklist/from/south-korea,no,0,yes,unknown,no,P2,CANONICAL_POINTS_TO_TRAILING_SLASH_URL_THAT_308S_TO_NON_SLASH; 200 response URL is non-slash while canonical/sitemap use trailing slash
https://www.expatcopilot.com/netherlands/moving/tools/moving-checklist/from/sweden,200,https://www.expatcopilot.com/netherlands/moving/tools/moving-checklist/from/sweden/,308,https://www.expatcopilot.com/netherlands/moving/tools/moving-checklist/from/sweden,no,0,yes,unknown,no,P2,CANONICAL_POINTS_TO_TRAILING_SLASH_URL_THAT_308S_TO_NON_SLASH; 200 response URL is non-slash while canonical/sitemap use trailing slash
https://www.expatcopilot.com/netherlands/moving/tools/moving-checklist/from/south-korea/,308,https://www.expatcopilot.com/netherlands/moving/tools/moving-checklist/from/south-korea/,308,https://www.expatcopilot.com/netherlands/moving/tools/moving-checklist/from/south-korea,no,1,yes,unknown,no,P1,SITEMAP_URL_REDIRECTS (sitemap loc returns 3xx before content)
https://www.expatcopilot.com/netherlands/moving/tools/moving-checklist/from/sweden/,308,https://www.expatcopilot.com/netherlands/moving/tools/moving-checklist/from/sweden/,308,https://www.expatcopilot.com/netherlands/moving/tools/moving-checklist/from/sweden,no,1,yes,unknown,no,P1,SITEMAP_URL_REDIRECTS (sitemap loc returns 3xx before content)
https://www.expatcopilot.com/netherlands/moving/tools/moving-checklist/from/spain/,308,https://www.expatcopilot.com/netherlands/moving/tools/moving-checklist/from/spain/,308,https://www.expatcopilot.com/netherlands/moving/tools/moving-checklist/from/spain,no,1,yes,unknown,no,P1,SITEMAP_URL_REDIRECTS (sitemap loc returns 3xx before content)
https://www.expatcopilot.com/netherlands/moving/tools/moving-checklist/from/spain,200,https://www.expatcopilot.com/netherlands/moving/tools/moving-checklist/from/spain/,308,https://www.expatcopilot.com/netherlands/moving/tools/moving-checklist/from/spain,no,0,yes,unknown,no,P2,CANONICAL_POINTS_TO_TRAILING_SLASH_URL_THAT_308S_TO_NON_SLASH; 200 response URL is non-slash while canonical/sitemap use trailing slash
https://www.expatcopilot.com/netherlands/moving/tools/moving-checklist/from/turkey,200,https://www.expatcopilot.com/netherlands/moving/tools/moving-checklist/from/turkey/,308,https://www.expatcopilot.com/netherlands/moving/tools/moving-checklist/from/turkey,no,0,yes,unknown,no,P2,CANONICAL_POINTS_TO_TRAILING_SLASH_URL_THAT_308S_TO_NON_SLASH; 200 response URL is non-slash while canonical/sitemap use trailing slash
https://www.expatcopilot.com/netherlands/moving/tools/moving-checklist/from/switzerland/,308,https://www.expatcopilot.com/netherlands/moving/tools/moving-checklist/from/switzerland/,308,https://www.expatcopilot.com/netherlands/moving/tools/moving-checklist/from/switzerland,no,1,yes,unknown,no,P1,SITEMAP_URL_REDIRECTS (sitemap loc returns 3xx before content)
https://www.expatcopilot.com/netherlands/moving/tools/moving-checklist/from/switzerland,200,https://www.expatcopilot.com/netherlands/moving/tools/moving-checklist/from/switzerland/,308,https://www.expatcopilot.com/netherlands/moving/tools/moving-checklist/from/switzerland,no,0,yes,unknown,no,P2,CANONICAL_POINTS_TO_TRAILING_SLASH_URL_THAT_308S_TO_NON_SLASH; 200 response URL is non-slash while canonical/sitemap use trailing slash
https://www.expatcopilot.com/netherlands/moving/tools/moving-checklist/from/turkey/,308,https://www.expatcopilot.com/netherlands/moving/tools/moving-checklist/from/turkey/,308,https://www.expatcopilot.com/netherlands/moving/tools/moving-checklist/from/turkey,no,1,yes,unknown,no,P1,SITEMAP_URL_REDIRECTS (sitemap loc returns 3xx before content)
https://www.expatcopilot.com/netherlands/moving/tools/moving-checklist/from/united-kingdom,200,https://www.expatcopilot.com/netherlands/moving/tools/moving-checklist/from/united-kingdom/,308,https://www.expatcopilot.com/netherlands/moving/tools/moving-checklist/from/united-kingdom,no,0,yes,unknown,no,P2,CANONICAL_POINTS_TO_TRAILING_SLASH_URL_THAT_308S_TO_NON_SLASH; 200 response URL is non-slash while canonical/sitemap use trailing slash
https://www.expatcopilot.com/netherlands/moving/tools/moving-checklist/from/uae,200,https://www.expatcopilot.com/netherlands/moving/tools/moving-checklist/from/uae/,308,https://www.expatcopilot.com/netherlands/moving/tools/moving-checklist/from/uae,no,0,yes,unknown,no,P2,CANONICAL_POINTS_TO_TRAILING_SLASH_URL_THAT_308S_TO_NON_SLASH; 200 response URL is non-slash while canonical/sitemap use trailing slash
https://www.expatcopilot.com/netherlands/moving/tools/moving-checklist/from/uae/,308,https://www.expatcopilot.com/netherlands/moving/tools/moving-checklist/from/uae/,308,https://www.expatcopilot.com/netherlands/moving/tools/moving-checklist/from/uae,no,1,yes,unknown,no,P1,SITEMAP_URL_REDIRECTS (sitemap loc returns 3xx before content)
https://www.expatcopilot.com/netherlands/moving/tools/moving-checklist/from/united-kingdom/,308,https://www.expatcopilot.com/netherlands/moving/tools/moving-checklist/from/united-kingdom/,308,https://www.expatcopilot.com/netherlands/moving/tools/moving-checklist/from/united-kingdom,no,1,yes,unknown,no,P1,SITEMAP_URL_REDIRECTS (sitemap loc returns 3xx before content)
https://www.expatcopilot.com/netherlands/moving/tools/moving-checklist/from/united-states,200,https://www.expatcopilot.com/netherlands/moving/tools/moving-checklist/from/united-states/,308,https://www.expatcopilot.com/netherlands/moving/tools/moving-checklist/from/united-states,no,0,yes,unknown,no,P2,CANONICAL_POINTS_TO_TRAILING_SLASH_URL_THAT_308S_TO_NON_SLASH; 200 response URL is non-slash while canonical/sitemap use trailing slash
https://www.expatcopilot.com/netherlands/moving/tools/moving-checklist/from/united-states/,308,https://www.expatcopilot.com/netherlands/moving/tools/moving-checklist/from/united-states/,308,https://www.expatcopilot.com/netherlands/moving/tools/moving-checklist/from/united-states,no,1,yes,unknown,no,P1,SITEMAP_URL_REDIRECTS (sitemap loc returns 3xx before content)
https://www.expatcopilot.com/netherlands/moving/tools/relocation-cost-estimator,200,https://www.expatcopilot.com/netherlands/moving/tools/relocation-cost-estimator/,308,https://www.expatcopilot.com/netherlands/moving/tools/relocation-cost-estimator,no,0,yes,yes,no,P2,CANONICAL_POINTS_TO_TRAILING_SLASH_URL_THAT_308S_TO_NON_SLASH; 200 response URL is non-slash while canonical/sitemap use trailing slash
https://www.expatcopilot.com/netherlands/moving/twv-work-permit,200,https://www.expatcopilot.com/netherlands/moving/twv-work-permit/,308,https://www.expatcopilot.com/netherlands/moving/twv-work-permit,no,0,yes,yes,no,P2,CANONICAL_POINTS_TO_TRAILING_SLASH_URL_THAT_308S_TO_NON_SLASH; 200 response URL is non-slash while canonical/sitemap use trailing slash
https://www.expatcopilot.com/netherlands/moving/visas-residency,200,https://www.expatcopilot.com/netherlands/moving/visas-residency/,308,https://www.expatcopilot.com/netherlands/moving/visas-residency,no,0,yes,yes,no,P2,CANONICAL_POINTS_TO_TRAILING_SLASH_URL_THAT_308S_TO_NON_SLASH; 200 response URL is non-slash while canonical/sitemap use trailing slash
https://www.expatcopilot.com/netherlands/moving/tools/relocation-cost-estimator/,308,https://www.expatcopilot.com/netherlands/moving/tools/relocation-cost-estimator/,308,https://www.expatcopilot.com/netherlands/moving/tools/relocation-cost-estimator,no,1,yes,yes,no,P1,SITEMAP_URL_REDIRECTS (sitemap loc returns 3xx before content)
https://www.expatcopilot.com/netherlands/moving/visas-residency/,308,https://www.expatcopilot.com/netherlands/moving/visas-residency/,308,https://www.expatcopilot.com/netherlands/moving/visas-residency,no,1,yes,yes,no,P1,SITEMAP_URL_REDIRECTS (sitemap loc returns 3xx before content)
https://www.expatcopilot.com/netherlands/moving/working-in-the-netherlands,200,https://www.expatcopilot.com/netherlands/moving/working-in-the-netherlands/,308,https://www.expatcopilot.com/netherlands/moving/working-in-the-netherlands,no,0,yes,yes,no,P2,CANONICAL_POINTS_TO_TRAILING_SLASH_URL_THAT_308S_TO_NON_SLASH; 200 response URL is non-slash while canonical/sitemap use trailing slash
https://www.expatcopilot.com/netherlands/moving/twv-work-permit/,308,https://www.expatcopilot.com/netherlands/moving/twv-work-permit/,308,https://www.expatcopilot.com/netherlands/moving/twv-work-permit,no,1,yes,yes,no,P1,SITEMAP_URL_REDIRECTS (sitemap loc returns 3xx before content)
https://www.expatcopilot.com/netherlands/moving/working-in-the-netherlands/,308,https://www.expatcopilot.com/netherlands/moving/working-in-the-netherlands/,308,https://www.expatcopilot.com/netherlands/moving/working-in-the-netherlands,no,1,yes,yes,no,P1,SITEMAP_URL_REDIRECTS (sitemap loc returns 3xx before content)
https://www.expatcopilot.com/netherlands/official-figures,200,https://www.expatcopilot.com/netherlands/official-figures/,308,https://www.expatcopilot.com/netherlands/official-figures,no,0,yes,yes,no,P2,CANONICAL_POINTS_TO_TRAILING_SLASH_URL_THAT_308S_TO_NON_SLASH; 200 response URL is non-slash while canonical/sitemap use trailing slash
https://www.expatcopilot.com/netherlands/official-figures/,308,https://www.expatcopilot.com/netherlands/official-figures/,308,https://www.expatcopilot.com/netherlands/official-figures,no,1,yes,yes,no,P1,SITEMAP_URL_REDIRECTS (sitemap loc returns 3xx before content)
https://www.expatcopilot.com/netherlands/practical-life/digid-netherlands,200,https://www.expatcopilot.com/netherlands/practical-life/digid-netherlands/,308,https://www.expatcopilot.com/netherlands/practical-life/digid-netherlands,no,0,yes,yes,no,P2,CANONICAL_POINTS_TO_TRAILING_SLASH_URL_THAT_308S_TO_NON_SLASH; 200 response URL is non-slash while canonical/sitemap use trailing slash
https://www.expatcopilot.com/netherlands/open-bank-account-netherlands,200,https://www.expatcopilot.com/netherlands/open-bank-account-netherlands/,308,https://www.expatcopilot.com/netherlands/open-bank-account-netherlands,no,0,yes,yes,no,P2,CANONICAL_POINTS_TO_TRAILING_SLASH_URL_THAT_308S_TO_NON_SLASH; 200 response URL is non-slash while canonical/sitemap use trailing slash
https://www.expatcopilot.com/netherlands/municipality-registration-netherlands,200,https://www.expatcopilot.com/netherlands/municipality-registration-netherlands/,308,https://www.expatcopilot.com/netherlands/municipality-registration-netherlands,no,0,yes,yes,no,P2,CANONICAL_POINTS_TO_TRAILING_SLASH_URL_THAT_308S_TO_NON_SLASH; 200 response URL is non-slash while canonical/sitemap use trailing slash
https://www.expatcopilot.com/netherlands/open-bank-account-netherlands/,308,https://www.expatcopilot.com/netherlands/open-bank-account-netherlands/,308,https://www.expatcopilot.com/netherlands/open-bank-account-netherlands,no,1,yes,yes,no,P1,SITEMAP_URL_REDIRECTS (sitemap loc returns 3xx before content)
https://www.expatcopilot.com/netherlands/practical-life/digid-netherlands/,308,https://www.expatcopilot.com/netherlands/practical-life/digid-netherlands/,308,https://www.expatcopilot.com/netherlands/practical-life/digid-netherlands,no,1,yes,yes,no,P1,SITEMAP_URL_REDIRECTS (sitemap loc returns 3xx before content)
https://www.expatcopilot.com/netherlands/municipality-registration-netherlands/,308,https://www.expatcopilot.com/netherlands/municipality-registration-netherlands/,308,https://www.expatcopilot.com/netherlands/municipality-registration-netherlands,no,1,yes,yes,no,P1,SITEMAP_URL_REDIRECTS (sitemap loc returns 3xx before content)
https://www.expatcopilot.com/netherlands/nijmegen/,308,https://www.expatcopilot.com/netherlands/nijmegen/,308,https://www.expatcopilot.com/netherlands/nijmegen,no,1,yes,yes,no,P1,SITEMAP_URL_REDIRECTS (sitemap loc returns 3xx before content)
https://www.expatcopilot.com/netherlands/practical-life/government-portals-netherlands,200,https://www.expatcopilot.com/netherlands/practical-life/government-portals-netherlands/,308,https://www.expatcopilot.com/netherlands/practical-life/government-portals-netherlands,no,0,yes,yes,no,P2,CANONICAL_POINTS_TO_TRAILING_SLASH_URL_THAT_308S_TO_NON_SLASH; 200 response URL is non-slash while canonical/sitemap use trailing slash
https://www.expatcopilot.com/netherlands/practical-life/government-portals-netherlands/,308,https://www.expatcopilot.com/netherlands/practical-life/government-portals-netherlands/,308,https://www.expatcopilot.com/netherlands/practical-life/government-portals-netherlands,no,1,yes,yes,no,P1,SITEMAP_URL_REDIRECTS (sitemap loc returns 3xx before content)
https://www.expatcopilot.com/netherlands/nijmegen,200,https://www.expatcopilot.com/netherlands/nijmegen/,308,https://www.expatcopilot.com/netherlands/nijmegen,no,0,yes,yes,no,P2,CANONICAL_POINTS_TO_TRAILING_SLASH_URL_THAT_308S_TO_NON_SLASH; 200 response URL is non-slash while canonical/sitemap use trailing slash
https://www.expatcopilot.com/netherlands/practical-life/municipality-services-netherlands,200,https://www.expatcopilot.com/netherlands/practical-life/municipality-services-netherlands/,308,https://www.expatcopilot.com/netherlands/practical-life/municipality-services-netherlands,no,0,yes,yes,no,P2,CANONICAL_POINTS_TO_TRAILING_SLASH_URL_THAT_308S_TO_NON_SLASH; 200 response URL is non-slash while canonical/sitemap use trailing slash
https://www.expatcopilot.com/netherlands/practical-life/municipality-services-netherlands/,308,https://www.expatcopilot.com/netherlands/practical-life/municipality-services-netherlands/,308,https://www.expatcopilot.com/netherlands/practical-life/municipality-services-netherlands,no,1,yes,yes,no,P1,SITEMAP_URL_REDIRECTS (sitemap loc returns 3xx before content)
https://www.expatcopilot.com/netherlands/practical-life/parking-and-local-permits-netherlands,200,https://www.expatcopilot.com/netherlands/practical-life/parking-and-local-permits-netherlands/,308,https://www.expatcopilot.com/netherlands/practical-life/parking-and-local-permits-netherlands,no,0,yes,yes,no,P2,CANONICAL_POINTS_TO_TRAILING_SLASH_URL_THAT_308S_TO_NON_SLASH; 200 response URL is non-slash while canonical/sitemap use trailing slash
https://www.expatcopilot.com/netherlands/practical-life/registering-your-address-netherlands,200,https://www.expatcopilot.com/netherlands/practical-life/registering-your-address-netherlands/,308,https://www.expatcopilot.com/netherlands/practical-life/registering-your-address-netherlands,no,0,yes,yes,no,P2,CANONICAL_POINTS_TO_TRAILING_SLASH_URL_THAT_308S_TO_NON_SLASH; 200 response URL is non-slash while canonical/sitemap use trailing slash
https://www.expatcopilot.com/netherlands/practical-life/privacy-and-safety-basics-netherlands,200,https://www.expatcopilot.com/netherlands/practical-life/privacy-and-safety-basics-netherlands/,308,https://www.expatcopilot.com/netherlands/practical-life/privacy-and-safety-basics-netherlands,no,0,yes,yes,no,P2,CANONICAL_POINTS_TO_TRAILING_SLASH_URL_THAT_308S_TO_NON_SLASH; 200 response URL is non-slash while canonical/sitemap use trailing slash
https://www.expatcopilot.com/netherlands/practical-life/privacy-and-safety-basics-netherlands/,308,https://www.expatcopilot.com/netherlands/practical-life/privacy-and-safety-basics-netherlands/,308,https://www.expatcopilot.com/netherlands/practical-life/privacy-and-safety-basics-netherlands,no,1,yes,yes,no,P1,SITEMAP_URL_REDIRECTS (sitemap loc returns 3xx before content)
https://www.expatcopilot.com/netherlands/practical-life/parking-and-local-permits-netherlands/,308,https://www.expatcopilot.com/netherlands/practical-life/parking-and-local-permits-netherlands/,308,https://www.expatcopilot.com/netherlands/practical-life/parking-and-local-permits-netherlands,no,1,yes,yes,no,P1,SITEMAP_URL_REDIRECTS (sitemap loc returns 3xx before content)
https://www.expatcopilot.com/netherlands/practical-life/subscriptions-and-cancellations-netherlands,200,https://www.expatcopilot.com/netherlands/practical-life/subscriptions-and-cancellations-netherlands/,308,https://www.expatcopilot.com/netherlands/practical-life/subscriptions-and-cancellations-netherlands,no,0,yes,yes,no,P2,CANONICAL_POINTS_TO_TRAILING_SLASH_URL_THAT_308S_TO_NON_SLASH; 200 response URL is non-slash while canonical/sitemap use trailing slash
https://www.expatcopilot.com/netherlands/practical-life/registering-your-address-netherlands/,308,https://www.expatcopilot.com/netherlands/practical-life/registering-your-address-netherlands/,308,https://www.expatcopilot.com/netherlands/practical-life/registering-your-address-netherlands,no,1,yes,yes,no,P1,SITEMAP_URL_REDIRECTS (sitemap loc returns 3xx before content)
https://www.expatcopilot.com/netherlands/practical-life/subscriptions-and-cancellations-netherlands/,308,https://www.expatcopilot.com/netherlands/practical-life/subscriptions-and-cancellations-netherlands/,308,https://www.expatcopilot.com/netherlands/practical-life/subscriptions-and-cancellations-netherlands,no,1,yes,yes,no,P1,SITEMAP_URL_REDIRECTS (sitemap loc returns 3xx before content)
https://www.expatcopilot.com/netherlands/randstad,200,https://www.expatcopilot.com/netherlands/randstad/,308,https://www.expatcopilot.com/netherlands/randstad,no,0,yes,yes,no,P2,CANONICAL_POINTS_TO_TRAILING_SLASH_URL_THAT_308S_TO_NON_SLASH; 200 response URL is non-slash while canonical/sitemap use trailing slash
https://www.expatcopilot.com/netherlands/randstad/,308,https://www.expatcopilot.com/netherlands/randstad/,308,https://www.expatcopilot.com/netherlands/randstad,no,1,yes,yes,no,P1,SITEMAP_URL_REDIRECTS (sitemap loc returns 3xx before content)
https://www.expatcopilot.com/netherlands/practical-life/waste-and-recycling-netherlands,200,https://www.expatcopilot.com/netherlands/practical-life/waste-and-recycling-netherlands/,308,https://www.expatcopilot.com/netherlands/practical-life/waste-and-recycling-netherlands,no,0,yes,yes,no,P2,CANONICAL_POINTS_TO_TRAILING_SLASH_URL_THAT_308S_TO_NON_SLASH; 200 response URL is non-slash while canonical/sitemap use trailing slash
https://www.expatcopilot.com/netherlands/practical-life/waste-and-recycling-netherlands/,308,https://www.expatcopilot.com/netherlands/practical-life/waste-and-recycling-netherlands/,308,https://www.expatcopilot.com/netherlands/practical-life/waste-and-recycling-netherlands,no,1,yes,yes,no,P1,SITEMAP_URL_REDIRECTS (sitemap loc returns 3xx before content)
https://www.expatcopilot.com/netherlands/services/financial-advisors,200,https://www.expatcopilot.com/netherlands/services/financial-advisors/,308,https://www.expatcopilot.com/netherlands/services/financial-advisors,no,0,yes,yes,no,P2,CANONICAL_POINTS_TO_TRAILING_SLASH_URL_THAT_308S_TO_NON_SLASH; 200 response URL is non-slash while canonical/sitemap use trailing slash
https://www.expatcopilot.com/netherlands/services/financial-advisors/,308,https://www.expatcopilot.com/netherlands/services/financial-advisors/,308,https://www.expatcopilot.com/netherlands/services/financial-advisors,no,1,yes,yes,no,P1,SITEMAP_URL_REDIRECTS (sitemap loc returns 3xx before content)
https://www.expatcopilot.com/netherlands/services/,308,https://www.expatcopilot.com/netherlands/services/,308,https://www.expatcopilot.com/netherlands/services,no,1,yes,yes,no,P1,SITEMAP_URL_REDIRECTS (sitemap loc returns 3xx before content)
https://www.expatcopilot.com/netherlands/services/banks,200,https://www.expatcopilot.com/netherlands/services/banks/,308,https://www.expatcopilot.com/netherlands/services/banks,no,0,yes,yes,no,P2,CANONICAL_POINTS_TO_TRAILING_SLASH_URL_THAT_308S_TO_NON_SLASH; 200 response URL is non-slash while canonical/sitemap use trailing slash
https://www.expatcopilot.com/netherlands/services,200,https://www.expatcopilot.com/netherlands/services/,308,https://www.expatcopilot.com/netherlands/services,no,0,yes,yes,no,P2,CANONICAL_POINTS_TO_TRAILING_SLASH_URL_THAT_308S_TO_NON_SLASH; 200 response URL is non-slash while canonical/sitemap use trailing slash
https://www.expatcopilot.com/netherlands/rotterdam,200,https://www.expatcopilot.com/netherlands/rotterdam/,308,https://www.expatcopilot.com/netherlands/rotterdam,no,0,yes,yes,no,P2,CANONICAL_POINTS_TO_TRAILING_SLASH_URL_THAT_308S_TO_NON_SLASH; 200 response URL is non-slash while canonical/sitemap use trailing slash
https://www.expatcopilot.com/netherlands/services/banks/,308,https://www.expatcopilot.com/netherlands/services/banks/,308,https://www.expatcopilot.com/netherlands/services/banks,no,1,yes,yes,no,P1,SITEMAP_URL_REDIRECTS (sitemap loc returns 3xx before content)
https://www.expatcopilot.com/netherlands/rotterdam/,308,https://www.expatcopilot.com/netherlands/rotterdam/,308,https://www.expatcopilot.com/netherlands/rotterdam,no,1,yes,yes,no,P1,SITEMAP_URL_REDIRECTS (sitemap loc returns 3xx before content)
https://www.expatcopilot.com/netherlands/services/highly-skilled-migrant-sponsors,200,https://www.expatcopilot.com/netherlands/services/highly-skilled-migrant-sponsors/,308,https://www.expatcopilot.com/netherlands/services/highly-skilled-migrant-sponsors,no,0,yes,yes,no,P2,CANONICAL_POINTS_TO_TRAILING_SLASH_URL_THAT_308S_TO_NON_SLASH; 200 response URL is non-slash while canonical/sitemap use trailing slash
https://www.expatcopilot.com/netherlands/services/health-insurance/,308,https://www.expatcopilot.com/netherlands/services/health-insurance/,308,https://www.expatcopilot.com/netherlands/services/health-insurance,no,1,yes,yes,no,P1,SITEMAP_URL_REDIRECTS (sitemap loc returns 3xx before content)
https://www.expatcopilot.com/netherlands/services/health-insurance,200,https://www.expatcopilot.com/netherlands/services/health-insurance/,308,https://www.expatcopilot.com/netherlands/services/health-insurance,no,0,yes,yes,no,P2,CANONICAL_POINTS_TO_TRAILING_SLASH_URL_THAT_308S_TO_NON_SLASH; 200 response URL is non-slash while canonical/sitemap use trailing slash
https://www.expatcopilot.com/netherlands/services/housing-platforms,200,https://www.expatcopilot.com/netherlands/services/housing-platforms/,308,https://www.expatcopilot.com/netherlands/services/housing-platforms,no,0,yes,yes,no,P2,CANONICAL_POINTS_TO_TRAILING_SLASH_URL_THAT_308S_TO_NON_SLASH; 200 response URL is non-slash while canonical/sitemap use trailing slash
https://www.expatcopilot.com/netherlands/services/insurance-providers,200,https://www.expatcopilot.com/netherlands/services/insurance-providers/,308,https://www.expatcopilot.com/netherlands/services/insurance-providers,no,0,yes,yes,no,P2,CANONICAL_POINTS_TO_TRAILING_SLASH_URL_THAT_308S_TO_NON_SLASH; 200 response URL is non-slash while canonical/sitemap use trailing slash
https://www.expatcopilot.com/netherlands/services/immigration-lawyers/,308,https://www.expatcopilot.com/netherlands/services/immigration-lawyers/,308,https://www.expatcopilot.com/netherlands/services/immigration-lawyers,no,1,yes,yes,no,P1,SITEMAP_URL_REDIRECTS (sitemap loc returns 3xx before content)
https://www.expatcopilot.com/netherlands/services/housing-platforms/,308,https://www.expatcopilot.com/netherlands/services/housing-platforms/,308,https://www.expatcopilot.com/netherlands/services/housing-platforms,no,1,yes,yes,no,P1,SITEMAP_URL_REDIRECTS (sitemap loc returns 3xx before content)
https://www.expatcopilot.com/netherlands/services/highly-skilled-migrant-sponsors/,308,https://www.expatcopilot.com/netherlands/services/highly-skilled-migrant-sponsors/,308,https://www.expatcopilot.com/netherlands/services/highly-skilled-migrant-sponsors,no,1,yes,yes,no,P1,SITEMAP_URL_REDIRECTS (sitemap loc returns 3xx before content)
https://www.expatcopilot.com/netherlands/services/mobile-connectivity,200,https://www.expatcopilot.com/netherlands/services/mobile-connectivity/,308,https://www.expatcopilot.com/netherlands/services/mobile-connectivity,no,0,yes,yes,no,P2,CANONICAL_POINTS_TO_TRAILING_SLASH_URL_THAT_308S_TO_NON_SLASH; 200 response URL is non-slash while canonical/sitemap use trailing slash
https://www.expatcopilot.com/netherlands/services/immigration-lawyers,200,https://www.expatcopilot.com/netherlands/services/immigration-lawyers/,308,https://www.expatcopilot.com/netherlands/services/immigration-lawyers,no,0,yes,yes,no,P2,CANONICAL_POINTS_TO_TRAILING_SLASH_URL_THAT_308S_TO_NON_SLASH; 200 response URL is non-slash while canonical/sitemap use trailing slash
https://www.expatcopilot.com/netherlands/services/insurance-providers/,308,https://www.expatcopilot.com/netherlands/services/insurance-providers/,308,https://www.expatcopilot.com/netherlands/services/insurance-providers,no,1,yes,yes,no,P1,SITEMAP_URL_REDIRECTS (sitemap loc returns 3xx before content)
https://www.expatcopilot.com/netherlands/services/mortgage-advisors,200,https://www.expatcopilot.com/netherlands/services/mortgage-advisors/,308,https://www.expatcopilot.com/netherlands/services/mortgage-advisors,no,0,yes,yes,no,P2,CANONICAL_POINTS_TO_TRAILING_SLASH_URL_THAT_308S_TO_NON_SLASH; 200 response URL is non-slash while canonical/sitemap use trailing slash
https://www.expatcopilot.com/netherlands/services/mortgage-advisors/,308,https://www.expatcopilot.com/netherlands/services/mortgage-advisors/,308,https://www.expatcopilot.com/netherlands/services/mortgage-advisors,no,1,yes,yes,no,P1,SITEMAP_URL_REDIRECTS (sitemap loc returns 3xx before content)
https://www.expatcopilot.com/netherlands/services/mobile-connectivity/,308,https://www.expatcopilot.com/netherlands/services/mobile-connectivity/,308,https://www.expatcopilot.com/netherlands/services/mobile-connectivity,no,1,yes,yes,no,P1,SITEMAP_URL_REDIRECTS (sitemap loc returns 3xx before content)
https://www.expatcopilot.com/netherlands/services/relocation-agencies,200,https://www.expatcopilot.com/netherlands/services/relocation-agencies/,308,https://www.expatcopilot.com/netherlands/services/relocation-agencies,no,0,yes,yes,no,P2,CANONICAL_POINTS_TO_TRAILING_SLASH_URL_THAT_308S_TO_NON_SLASH; 200 response URL is non-slash while canonical/sitemap use trailing slash
https://www.expatcopilot.com/netherlands/services/rental-agencies,200,https://www.expatcopilot.com/netherlands/services/rental-agencies/,308,https://www.expatcopilot.com/netherlands/services/rental-agencies,no,0,yes,yes,no,P2,CANONICAL_POINTS_TO_TRAILING_SLASH_URL_THAT_308S_TO_NON_SLASH; 200 response URL is non-slash while canonical/sitemap use trailing slash
https://www.expatcopilot.com/netherlands/services/relocation-services,200,https://www.expatcopilot.com/netherlands/services/relocation-services/,308,https://www.expatcopilot.com/netherlands/services/relocation-services,no,0,yes,yes,no,P2,CANONICAL_POINTS_TO_TRAILING_SLASH_URL_THAT_308S_TO_NON_SLASH; 200 response URL is non-slash while canonical/sitemap use trailing slash
https://www.expatcopilot.com/netherlands/services/tax-advisors,200,https://www.expatcopilot.com/netherlands/services/tax-advisors/,308,https://www.expatcopilot.com/netherlands/services/tax-advisors,no,0,yes,yes,no,P2,CANONICAL_POINTS_TO_TRAILING_SLASH_URL_THAT_308S_TO_NON_SLASH; 200 response URL is non-slash while canonical/sitemap use trailing slash
https://www.expatcopilot.com/netherlands/services/tax-advisors/,308,https://www.expatcopilot.com/netherlands/services/tax-advisors/,308,https://www.expatcopilot.com/netherlands/services/tax-advisors,no,1,yes,yes,no,P1,SITEMAP_URL_REDIRECTS (sitemap loc returns 3xx before content)
https://www.expatcopilot.com/netherlands/services/visa-consultants,200,https://www.expatcopilot.com/netherlands/services/visa-consultants/,308,https://www.expatcopilot.com/netherlands/services/visa-consultants,no,0,yes,yes,no,P2,CANONICAL_POINTS_TO_TRAILING_SLASH_URL_THAT_308S_TO_NON_SLASH; 200 response URL is non-slash while canonical/sitemap use trailing slash
https://www.expatcopilot.com/netherlands/services/startup-visa-advisors,200,https://www.expatcopilot.com/netherlands/services/startup-visa-advisors/,308,https://www.expatcopilot.com/netherlands/services/startup-visa-advisors,no,0,yes,yes,no,P2,CANONICAL_POINTS_TO_TRAILING_SLASH_URL_THAT_308S_TO_NON_SLASH; 200 response URL is non-slash while canonical/sitemap use trailing slash
https://www.expatcopilot.com/netherlands/services/relocation-services/,308,https://www.expatcopilot.com/netherlands/services/relocation-services/,308,https://www.expatcopilot.com/netherlands/services/relocation-services,no,1,yes,yes,no,P1,SITEMAP_URL_REDIRECTS (sitemap loc returns 3xx before content)
https://www.expatcopilot.com/netherlands/services/relocation-agencies/,308,https://www.expatcopilot.com/netherlands/services/relocation-agencies/,308,https://www.expatcopilot.com/netherlands/services/relocation-agencies,no,1,yes,yes,no,P1,SITEMAP_URL_REDIRECTS (sitemap loc returns 3xx before content)
https://www.expatcopilot.com/netherlands/services/rental-agencies/,308,https://www.expatcopilot.com/netherlands/services/rental-agencies/,308,https://www.expatcopilot.com/netherlands/services/rental-agencies,no,1,yes,yes,no,P1,SITEMAP_URL_REDIRECTS (sitemap loc returns 3xx before content)
https://www.expatcopilot.com/netherlands/services/startup-visa-advisors/,308,https://www.expatcopilot.com/netherlands/services/startup-visa-advisors/,308,https://www.expatcopilot.com/netherlands/services/startup-visa-advisors,no,1,yes,yes,no,P1,SITEMAP_URL_REDIRECTS (sitemap loc returns 3xx before content)
https://www.expatcopilot.com/netherlands/services/visa-consultants/,308,https://www.expatcopilot.com/netherlands/services/visa-consultants/,308,https://www.expatcopilot.com/netherlands/services/visa-consultants,no,1,yes,yes,no,P1,SITEMAP_URL_REDIRECTS (sitemap loc returns 3xx before content)
https://www.expatcopilot.com/netherlands/shipping-household-goods-netherlands,200,https://www.expatcopilot.com/netherlands/shipping-household-goods-netherlands/,308,https://www.expatcopilot.com/netherlands/shipping-household-goods-netherlands,no,0,yes,yes,no,P2,CANONICAL_POINTS_TO_TRAILING_SLASH_URL_THAT_308S_TO_NON_SLASH; 200 response URL is non-slash while canonical/sitemap use trailing slash
https://www.expatcopilot.com/netherlands/taxes,200,https://www.expatcopilot.com/netherlands/taxes/,308,https://www.expatcopilot.com/netherlands/taxes,no,0,yes,yes,no,P2,CANONICAL_POINTS_TO_TRAILING_SLASH_URL_THAT_308S_TO_NON_SLASH; 200 response URL is non-slash while canonical/sitemap use trailing slash
https://www.expatcopilot.com/netherlands/taxes/average-salary-netherlands,200,https://www.expatcopilot.com/netherlands/taxes/average-salary-netherlands/,308,https://www.expatcopilot.com/netherlands/taxes/average-salary-netherlands,no,0,yes,yes,no,P2,CANONICAL_POINTS_TO_TRAILING_SLASH_URL_THAT_308S_TO_NON_SLASH; 200 response URL is non-slash while canonical/sitemap use trailing slash
https://www.expatcopilot.com/netherlands/taxes/,308,https://www.expatcopilot.com/netherlands/taxes/,308,https://www.expatcopilot.com/netherlands/taxes,no,1,yes,yes,no,P1,SITEMAP_URL_REDIRECTS (sitemap loc returns 3xx before content)
https://www.expatcopilot.com/netherlands/taxes/30-percent-ruling,200,https://www.expatcopilot.com/netherlands/taxes/30-percent-ruling/,308,https://www.expatcopilot.com/netherlands/taxes/30-percent-ruling,no,0,yes,yes,no,P2,CANONICAL_POINTS_TO_TRAILING_SLASH_URL_THAT_308S_TO_NON_SLASH; 200 response URL is non-slash while canonical/sitemap use trailing slash
https://www.expatcopilot.com/netherlands/taxes/bonus-tax-netherlands,200,https://www.expatcopilot.com/netherlands/taxes/bonus-tax-netherlands/,308,https://www.expatcopilot.com/netherlands/taxes/bonus-tax-netherlands,no,0,yes,yes,no,P2,CANONICAL_POINTS_TO_TRAILING_SLASH_URL_THAT_308S_TO_NON_SLASH; 200 response URL is non-slash while canonical/sitemap use trailing slash
https://www.expatcopilot.com/netherlands/shipping-household-goods-netherlands/,308,https://www.expatcopilot.com/netherlands/shipping-household-goods-netherlands/,308,https://www.expatcopilot.com/netherlands/shipping-household-goods-netherlands,no,1,yes,yes,no,P1,SITEMAP_URL_REDIRECTS (sitemap loc returns 3xx before content)
https://www.expatcopilot.com/netherlands/taxes/childcare-allowance-netherlands,200,https://www.expatcopilot.com/netherlands/taxes/childcare-allowance-netherlands/,308,https://www.expatcopilot.com/netherlands/taxes/childcare-allowance-netherlands,no,0,yes,yes,no,P2,CANONICAL_POINTS_TO_TRAILING_SLASH_URL_THAT_308S_TO_NON_SLASH; 200 response URL is non-slash while canonical/sitemap use trailing slash
https://www.expatcopilot.com/netherlands/taxes/bonus-tax-netherlands/,308,https://www.expatcopilot.com/netherlands/taxes/bonus-tax-netherlands/,308,https://www.expatcopilot.com/netherlands/taxes/bonus-tax-netherlands,no,1,yes,yes,no,P1,SITEMAP_URL_REDIRECTS (sitemap loc returns 3xx before content)
https://www.expatcopilot.com/netherlands/taxes/average-salary-netherlands/,308,https://www.expatcopilot.com/netherlands/taxes/average-salary-netherlands/,308,https://www.expatcopilot.com/netherlands/taxes/average-salary-netherlands,no,1,yes,yes,no,P1,SITEMAP_URL_REDIRECTS (sitemap loc returns 3xx before content)
https://www.expatcopilot.com/netherlands/taxes/30-percent-ruling/,308,https://www.expatcopilot.com/netherlands/taxes/30-percent-ruling/,308,https://www.expatcopilot.com/netherlands/taxes/30-percent-ruling,no,1,yes,yes,no,P1,SITEMAP_URL_REDIRECTS (sitemap loc returns 3xx before content)
https://www.expatcopilot.com/netherlands/taxes/childcare-allowance-netherlands/,308,https://www.expatcopilot.com/netherlands/taxes/childcare-allowance-netherlands/,308,https://www.expatcopilot.com/netherlands/taxes/childcare-allowance-netherlands,no,1,yes,yes,no,P1,SITEMAP_URL_REDIRECTS (sitemap loc returns 3xx before content)
https://www.expatcopilot.com/netherlands/taxes/double-taxation-netherlands,200,https://www.expatcopilot.com/netherlands/taxes/double-taxation-netherlands/,308,https://www.expatcopilot.com/netherlands/taxes/double-taxation-netherlands,no,0,yes,yes,no,P2,CANONICAL_POINTS_TO_TRAILING_SLASH_URL_THAT_308S_TO_NON_SLASH; 200 response URL is non-slash while canonical/sitemap use trailing slash
https://www.expatcopilot.com/netherlands/taxes/foreign-income-netherlands,200,https://www.expatcopilot.com/netherlands/taxes/foreign-income-netherlands/,308,https://www.expatcopilot.com/netherlands/taxes/foreign-income-netherlands,no,0,yes,yes,no,P2,CANONICAL_POINTS_TO_TRAILING_SLASH_URL_THAT_308S_TO_NON_SLASH; 200 response URL is non-slash while canonical/sitemap use trailing slash
https://www.expatcopilot.com/netherlands/taxes/gross-vs-net-salary,200,https://www.expatcopilot.com/netherlands/taxes/gross-vs-net-salary/,308,https://www.expatcopilot.com/netherlands/taxes/gross-vs-net-salary,no,0,yes,yes,no,P2,CANONICAL_POINTS_TO_TRAILING_SLASH_URL_THAT_308S_TO_NON_SLASH; 200 response URL is non-slash while canonical/sitemap use trailing slash
https://www.expatcopilot.com/netherlands/taxes/foreign-income-netherlands/,308,https://www.expatcopilot.com/netherlands/taxes/foreign-income-netherlands/,308,https://www.expatcopilot.com/netherlands/taxes/foreign-income-netherlands,no,1,yes,yes,no,P1,SITEMAP_URL_REDIRECTS (sitemap loc returns 3xx before content)
https://www.expatcopilot.com/netherlands/taxes/leaving-netherlands-tax,200,https://www.expatcopilot.com/netherlands/taxes/leaving-netherlands-tax/,308,https://www.expatcopilot.com/netherlands/taxes/leaving-netherlands-tax,no,0,yes,yes,no,P2,CANONICAL_POINTS_TO_TRAILING_SLASH_URL_THAT_308S_TO_NON_SLASH; 200 response URL is non-slash while canonical/sitemap use trailing slash
https://www.expatcopilot.com/netherlands/taxes/net-salary-netherlands,200,https://www.expatcopilot.com/netherlands/taxes/net-salary-netherlands/,308,https://www.expatcopilot.com/netherlands/taxes/net-salary-netherlands,no,0,yes,yes,no,P2,CANONICAL_POINTS_TO_TRAILING_SLASH_URL_THAT_308S_TO_NON_SLASH; 200 response URL is non-slash while canonical/sitemap use trailing slash
https://www.expatcopilot.com/netherlands/taxes/double-taxation-netherlands/,308,https://www.expatcopilot.com/netherlands/taxes/double-taxation-netherlands/,308,https://www.expatcopilot.com/netherlands/taxes/double-taxation-netherlands,no,1,yes,yes,no,P1,SITEMAP_URL_REDIRECTS (sitemap loc returns 3xx before content)
https://www.expatcopilot.com/netherlands/taxes/healthcare-allowance-netherlands,200,https://www.expatcopilot.com/netherlands/taxes/healthcare-allowance-netherlands/,308,https://www.expatcopilot.com/netherlands/taxes/healthcare-allowance-netherlands,no,0,yes,yes,no,P2,CANONICAL_POINTS_TO_TRAILING_SLASH_URL_THAT_308S_TO_NON_SLASH; 200 response URL is non-slash while canonical/sitemap use trailing slash
https://www.expatcopilot.com/netherlands/taxes/leaving-netherlands-tax/,308,https://www.expatcopilot.com/netherlands/taxes/leaving-netherlands-tax/,308,https://www.expatcopilot.com/netherlands/taxes/leaving-netherlands-tax,no,1,yes,yes,no,P1,SITEMAP_URL_REDIRECTS (sitemap loc returns 3xx before content)
https://www.expatcopilot.com/netherlands/taxes/gross-vs-net-salary/,308,https://www.expatcopilot.com/netherlands/taxes/gross-vs-net-salary/,308,https://www.expatcopilot.com/netherlands/taxes/gross-vs-net-salary,no,1,yes,yes,no,P1,SITEMAP_URL_REDIRECTS (sitemap loc returns 3xx before content)
https://www.expatcopilot.com/netherlands/taxes/payroll-tax-netherlands,200,https://www.expatcopilot.com/netherlands/taxes/payroll-tax-netherlands/,308,https://www.expatcopilot.com/netherlands/taxes/payroll-tax-netherlands,no,0,yes,yes,no,P2,CANONICAL_POINTS_TO_TRAILING_SLASH_URL_THAT_308S_TO_NON_SLASH; 200 response URL is non-slash while canonical/sitemap use trailing slash
https://www.expatcopilot.com/netherlands/taxes/healthcare-allowance-netherlands/,308,https://www.expatcopilot.com/netherlands/taxes/healthcare-allowance-netherlands/,308,https://www.expatcopilot.com/netherlands/taxes/healthcare-allowance-netherlands,no,1,yes,yes,no,P1,SITEMAP_URL_REDIRECTS (sitemap loc returns 3xx before content)
https://www.expatcopilot.com/netherlands/taxes/property-tax-netherlands,200,https://www.expatcopilot.com/netherlands/taxes/property-tax-netherlands/,308,https://www.expatcopilot.com/netherlands/taxes/property-tax-netherlands,no,0,yes,yes,no,P2,CANONICAL_POINTS_TO_TRAILING_SLASH_URL_THAT_308S_TO_NON_SLASH; 200 response URL is non-slash while canonical/sitemap use trailing slash
https://www.expatcopilot.com/netherlands/taxes/rent-allowance-netherlands,200,https://www.expatcopilot.com/netherlands/taxes/rent-allowance-netherlands/,308,https://www.expatcopilot.com/netherlands/taxes/rent-allowance-netherlands,no,0,yes,yes,no,P2,CANONICAL_POINTS_TO_TRAILING_SLASH_URL_THAT_308S_TO_NON_SLASH; 200 response URL is non-slash while canonical/sitemap use trailing slash
https://www.expatcopilot.com/netherlands/taxes/taxes-after-moving-netherlands,200,https://www.expatcopilot.com/netherlands/taxes/taxes-after-moving-netherlands/,308,https://www.expatcopilot.com/netherlands/taxes/taxes-after-moving-netherlands,no,0,yes,yes,no,P2,CANONICAL_POINTS_TO_TRAILING_SLASH_URL_THAT_308S_TO_NON_SLASH; 200 response URL is non-slash while canonical/sitemap use trailing slash
https://www.expatcopilot.com/netherlands/taxes/net-salary-netherlands/,308,https://www.expatcopilot.com/netherlands/taxes/net-salary-netherlands/,308,https://www.expatcopilot.com/netherlands/taxes/net-salary-netherlands,no,1,yes,yes,no,P1,SITEMAP_URL_REDIRECTS (sitemap loc returns 3xx before content)
https://www.expatcopilot.com/netherlands/taxes/payroll-tax-netherlands/,308,https://www.expatcopilot.com/netherlands/taxes/payroll-tax-netherlands/,308,https://www.expatcopilot.com/netherlands/taxes/payroll-tax-netherlands,no,1,yes,yes,no,P1,SITEMAP_URL_REDIRECTS (sitemap loc returns 3xx before content)
https://www.expatcopilot.com/netherlands/taxes/tools,200,https://www.expatcopilot.com/netherlands/taxes/tools/,308,https://www.expatcopilot.com/netherlands/taxes/tools,no,0,yes,yes,no,P2,CANONICAL_POINTS_TO_TRAILING_SLASH_URL_THAT_308S_TO_NON_SLASH; 200 response URL is non-slash while canonical/sitemap use trailing slash
https://www.expatcopilot.com/netherlands/taxes/property-tax-netherlands/,308,https://www.expatcopilot.com/netherlands/taxes/property-tax-netherlands/,308,https://www.expatcopilot.com/netherlands/taxes/property-tax-netherlands,no,1,yes,yes,no,P1,SITEMAP_URL_REDIRECTS (sitemap loc returns 3xx before content)
https://www.expatcopilot.com/netherlands/taxes/tools/30-ruling-calculator,200,https://www.expatcopilot.com/netherlands/taxes/tools/30-ruling-calculator/,308,https://www.expatcopilot.com/netherlands/taxes/tools/30-ruling-calculator,no,0,yes,yes,no,P2,CANONICAL_POINTS_TO_TRAILING_SLASH_URL_THAT_308S_TO_NON_SLASH; 200 response URL is non-slash while canonical/sitemap use trailing slash
https://www.expatcopilot.com/netherlands/taxes/taxes-after-moving-netherlands/,308,https://www.expatcopilot.com/netherlands/taxes/taxes-after-moving-netherlands/,308,https://www.expatcopilot.com/netherlands/taxes/taxes-after-moving-netherlands,no,1,yes,yes,no,P1,SITEMAP_URL_REDIRECTS (sitemap loc returns 3xx before content)
https://www.expatcopilot.com/netherlands/taxes/rent-allowance-netherlands/,308,https://www.expatcopilot.com/netherlands/taxes/rent-allowance-netherlands/,308,https://www.expatcopilot.com/netherlands/taxes/rent-allowance-netherlands,no,1,yes,yes,no,P1,SITEMAP_URL_REDIRECTS (sitemap loc returns 3xx before content)
https://www.expatcopilot.com/netherlands/taxes/tools/,308,https://www.expatcopilot.com/netherlands/taxes/tools/,308,https://www.expatcopilot.com/netherlands/taxes/tools,no,1,yes,yes,no,P1,SITEMAP_URL_REDIRECTS (sitemap loc returns 3xx before content)
https://www.expatcopilot.com/netherlands/taxes/tools/30-ruling-calculator/,308,https://www.expatcopilot.com/netherlands/taxes/tools/30-ruling-calculator/,308,https://www.expatcopilot.com/netherlands/taxes/tools/30-ruling-calculator,no,1,yes,yes,no,P1,SITEMAP_URL_REDIRECTS (sitemap loc returns 3xx before content)
https://www.expatcopilot.com/netherlands/taxes/tools/double-tax-awareness-tool,200,https://www.expatcopilot.com/netherlands/taxes/tools/double-tax-awareness-tool/,308,https://www.expatcopilot.com/netherlands/taxes/tools/double-tax-awareness-tool,no,0,yes,yes,no,P2,CANONICAL_POINTS_TO_TRAILING_SLASH_URL_THAT_308S_TO_NON_SLASH; 200 response URL is non-slash while canonical/sitemap use trailing slash
https://www.expatcopilot.com/netherlands/taxes/tools/dutch-salary-net-calculator,200,https://www.expatcopilot.com/netherlands/taxes/tools/dutch-salary-net-calculator/,308,https://www.expatcopilot.com/netherlands/taxes/tools/dutch-salary-net-calculator,no,0,yes,yes,no,P2,CANONICAL_POINTS_TO_TRAILING_SLASH_URL_THAT_308S_TO_NON_SLASH; 200 response URL is non-slash while canonical/sitemap use trailing slash
https://www.expatcopilot.com/netherlands/the-hague,200,https://www.expatcopilot.com/netherlands/the-hague/,308,https://www.expatcopilot.com/netherlands/the-hague,no,0,yes,yes,no,P2,CANONICAL_POINTS_TO_TRAILING_SLASH_URL_THAT_308S_TO_NON_SLASH; 200 response URL is non-slash while canonical/sitemap use trailing slash
https://www.expatcopilot.com/netherlands/taxes/tools/dutch-salary-net-calculator/,308,https://www.expatcopilot.com/netherlands/taxes/tools/dutch-salary-net-calculator/,308,https://www.expatcopilot.com/netherlands/taxes/tools/dutch-salary-net-calculator,no,1,yes,yes,no,P1,SITEMAP_URL_REDIRECTS (sitemap loc returns 3xx before content)
https://www.expatcopilot.com/netherlands/taxes/tools/healthcare-allowance-estimator,200,https://www.expatcopilot.com/netherlands/taxes/tools/healthcare-allowance-estimator/,308,https://www.expatcopilot.com/netherlands/taxes/tools/healthcare-allowance-estimator,no,0,yes,yes,no,P2,CANONICAL_POINTS_TO_TRAILING_SLASH_URL_THAT_308S_TO_NON_SLASH; 200 response URL is non-slash while canonical/sitemap use trailing slash
https://www.expatcopilot.com/netherlands/taxes/tools/double-tax-awareness-tool/,308,https://www.expatcopilot.com/netherlands/taxes/tools/double-tax-awareness-tool/,308,https://www.expatcopilot.com/netherlands/taxes/tools/double-tax-awareness-tool,no,1,yes,yes,no,P1,SITEMAP_URL_REDIRECTS (sitemap loc returns 3xx before content)
https://www.expatcopilot.com/netherlands/tilburg,200,https://www.expatcopilot.com/netherlands/tilburg/,308,https://www.expatcopilot.com/netherlands/tilburg,no,0,yes,yes,no,P2,CANONICAL_POINTS_TO_TRAILING_SLASH_URL_THAT_308S_TO_NON_SLASH; 200 response URL is non-slash while canonical/sitemap use trailing slash
https://www.expatcopilot.com/netherlands/tools,200,https://www.expatcopilot.com/netherlands/tools/,308,https://www.expatcopilot.com/netherlands/tools,no,0,yes,yes,no,P2,CANONICAL_POINTS_TO_TRAILING_SLASH_URL_THAT_308S_TO_NON_SLASH; 200 response URL is non-slash while canonical/sitemap use trailing slash
https://www.expatcopilot.com/netherlands/tools/advanced,200,https://www.expatcopilot.com/netherlands/tools/advanced/,308,https://www.expatcopilot.com/netherlands/tools/advanced,no,0,yes,yes,no,P2,CANONICAL_POINTS_TO_TRAILING_SLASH_URL_THAT_308S_TO_NON_SLASH; 200 response URL is non-slash while canonical/sitemap use trailing slash
https://www.expatcopilot.com/netherlands/taxes/tools/healthcare-allowance-estimator/,308,https://www.expatcopilot.com/netherlands/taxes/tools/healthcare-allowance-estimator/,308,https://www.expatcopilot.com/netherlands/taxes/tools/healthcare-allowance-estimator,no,1,yes,yes,no,P1,SITEMAP_URL_REDIRECTS (sitemap loc returns 3xx before content)
https://www.expatcopilot.com/netherlands/tilburg/,308,https://www.expatcopilot.com/netherlands/tilburg/,308,https://www.expatcopilot.com/netherlands/tilburg,no,1,yes,yes,no,P1,SITEMAP_URL_REDIRECTS (sitemap loc returns 3xx before content)
https://www.expatcopilot.com/netherlands/tools/bank-comparison,200,https://www.expatcopilot.com/netherlands/tools/bank-comparison/,308,https://www.expatcopilot.com/netherlands/tools/bank-comparison,no,0,yes,yes,no,P2,CANONICAL_POINTS_TO_TRAILING_SLASH_URL_THAT_308S_TO_NON_SLASH; 200 response URL is non-slash while canonical/sitemap use trailing slash
https://www.expatcopilot.com/netherlands/the-hague/,308,https://www.expatcopilot.com/netherlands/the-hague/,308,https://www.expatcopilot.com/netherlands/the-hague,no,1,yes,yes,no,P1,SITEMAP_URL_REDIRECTS (sitemap loc returns 3xx before content)
https://www.expatcopilot.com/netherlands/tools/,308,https://www.expatcopilot.com/netherlands/tools/,308,https://www.expatcopilot.com/netherlands/tools,no,1,yes,yes,no,P1,SITEMAP_URL_REDIRECTS (sitemap loc returns 3xx before content)
https://www.expatcopilot.com/netherlands/tools/advanced/,308,https://www.expatcopilot.com/netherlands/tools/advanced/,308,https://www.expatcopilot.com/netherlands/tools/advanced,no,1,yes,yes,no,P1,SITEMAP_URL_REDIRECTS (sitemap loc returns 3xx before content)
https://www.expatcopilot.com/netherlands/tools/banking-cost-estimator,200,https://www.expatcopilot.com/netherlands/tools/banking-cost-estimator/,308,https://www.expatcopilot.com/netherlands/tools/banking-cost-estimator,no,0,yes,yes,no,P2,CANONICAL_POINTS_TO_TRAILING_SLASH_URL_THAT_308S_TO_NON_SLASH; 200 response URL is non-slash while canonical/sitemap use trailing slash
https://www.expatcopilot.com/netherlands/tools/transfer-cost-calculator,200,https://www.expatcopilot.com/netherlands/tools/transfer-cost-calculator/,308,https://www.expatcopilot.com/netherlands/tools/transfer-cost-calculator,no,0,yes,yes,no,P2,CANONICAL_POINTS_TO_TRAILING_SLASH_URL_THAT_308S_TO_NON_SLASH; 200 response URL is non-slash while canonical/sitemap use trailing slash
https://www.expatcopilot.com/netherlands/tools/city-comparison,200,https://www.expatcopilot.com/netherlands/tools/city-comparison/,308,https://www.expatcopilot.com/netherlands/tools/city-comparison,no,0,yes,yes,no,P2,CANONICAL_POINTS_TO_TRAILING_SLASH_URL_THAT_308S_TO_NON_SLASH; 200 response URL is non-slash while canonical/sitemap use trailing slash
https://www.expatcopilot.com/netherlands/transport/tools,200,https://www.expatcopilot.com/netherlands/transport/tools/,308,https://www.expatcopilot.com/netherlands/transport/tools,no,0,yes,yes,no,P2,CANONICAL_POINTS_TO_TRAILING_SLASH_URL_THAT_308S_TO_NON_SLASH; 200 response URL is non-slash while canonical/sitemap use trailing slash
https://www.expatcopilot.com/netherlands/tools/bank-comparison/,308,https://www.expatcopilot.com/netherlands/tools/bank-comparison/,308,https://www.expatcopilot.com/netherlands/tools/bank-comparison,no,1,yes,yes,no,P1,SITEMAP_URL_REDIRECTS (sitemap loc returns 3xx before content)
https://www.expatcopilot.com/netherlands/tools/banking-cost-estimator/,308,https://www.expatcopilot.com/netherlands/tools/banking-cost-estimator/,308,https://www.expatcopilot.com/netherlands/tools/banking-cost-estimator,no,1,yes,yes,no,P1,SITEMAP_URL_REDIRECTS (sitemap loc returns 3xx before content)
https://www.expatcopilot.com/netherlands/tools/transfer-cost-calculator/,308,https://www.expatcopilot.com/netherlands/tools/transfer-cost-calculator/,308,https://www.expatcopilot.com/netherlands/tools/transfer-cost-calculator,no,1,yes,yes,no,P1,SITEMAP_URL_REDIRECTS (sitemap loc returns 3xx before content)
https://www.expatcopilot.com/netherlands/utilities/,308,https://www.expatcopilot.com/netherlands/utilities/,308,https://www.expatcopilot.com/netherlands/utilities,no,1,yes,yes,no,P1,SITEMAP_URL_REDIRECTS (sitemap loc returns 3xx before content)
https://www.expatcopilot.com/netherlands/tools/city-comparison/,308,https://www.expatcopilot.com/netherlands/tools/city-comparison/,308,https://www.expatcopilot.com/netherlands/tools/city-comparison,no,1,yes,yes,no,P1,SITEMAP_URL_REDIRECTS (sitemap loc returns 3xx before content)
https://www.expatcopilot.com/netherlands/utilities,200,https://www.expatcopilot.com/netherlands/utilities/,308,https://www.expatcopilot.com/netherlands/utilities,no,0,yes,yes,no,P2,CANONICAL_POINTS_TO_TRAILING_SLASH_URL_THAT_308S_TO_NON_SLASH; 200 response URL is non-slash while canonical/sitemap use trailing slash
https://www.expatcopilot.com/netherlands/transport/tools/,308,https://www.expatcopilot.com/netherlands/transport/tools/,308,https://www.expatcopilot.com/netherlands/transport/tools,no,1,yes,yes,no,P1,SITEMAP_URL_REDIRECTS (sitemap loc returns 3xx before content)
https://www.expatcopilot.com/netherlands/utilities/energy-and-water-netherlands,200,https://www.expatcopilot.com/netherlands/utilities/energy-and-water-netherlands/,308,https://www.expatcopilot.com/netherlands/utilities/energy-and-water-netherlands,no,0,yes,yes,no,P2,CANONICAL_POINTS_TO_TRAILING_SLASH_URL_THAT_308S_TO_NON_SLASH; 200 response URL is non-slash while canonical/sitemap use trailing slash
https://www.expatcopilot.com/netherlands/utilities/internet-and-mobile-netherlands,200,https://www.expatcopilot.com/netherlands/utilities/internet-and-mobile-netherlands/,308,https://www.expatcopilot.com/netherlands/utilities/internet-and-mobile-netherlands,no,0,yes,yes,no,P2,CANONICAL_POINTS_TO_TRAILING_SLASH_URL_THAT_308S_TO_NON_SLASH; 200 response URL is non-slash while canonical/sitemap use trailing slash
https://www.expatcopilot.com/netherlands/utilities/energy-and-water-netherlands/,308,https://www.expatcopilot.com/netherlands/utilities/energy-and-water-netherlands/,308,https://www.expatcopilot.com/netherlands/utilities/energy-and-water-netherlands,no,1,yes,yes,no,P1,SITEMAP_URL_REDIRECTS (sitemap loc returns 3xx before content)
https://www.expatcopilot.com/netherlands/utilities/utilities-netherlands,200,https://www.expatcopilot.com/netherlands/utilities/utilities-netherlands/,308,https://www.expatcopilot.com/netherlands/utilities/utilities-netherlands,no,0,yes,yes,no,P2,CANONICAL_POINTS_TO_TRAILING_SLASH_URL_THAT_308S_TO_NON_SLASH; 200 response URL is non-slash while canonical/sitemap use trailing slash
https://www.expatcopilot.com/netherlands/utilities/internet-and-mobile-netherlands/,308,https://www.expatcopilot.com/netherlands/utilities/internet-and-mobile-netherlands/,308,https://www.expatcopilot.com/netherlands/utilities/internet-and-mobile-netherlands,no,1,yes,yes,no,P1,SITEMAP_URL_REDIRECTS (sitemap loc returns 3xx before content)
https://www.expatcopilot.com/netherlands/utilities/utilities-netherlands/,308,https://www.expatcopilot.com/netherlands/utilities/utilities-netherlands/,308,https://www.expatcopilot.com/netherlands/utilities/utilities-netherlands,no,1,yes,yes,no,P1,SITEMAP_URL_REDIRECTS (sitemap loc returns 3xx before content)
https://www.expatcopilot.com/netherlands/visa-checker,200,https://www.expatcopilot.com/netherlands/visa-checker/,308,https://www.expatcopilot.com/netherlands/visa-checker,no,0,yes,yes,no,P2,CANONICAL_POINTS_TO_TRAILING_SLASH_URL_THAT_308S_TO_NON_SLASH; 200 response URL is non-slash while canonical/sitemap use trailing slash
https://www.expatcopilot.com/netherlands/visa-application-plan,200,https://www.expatcopilot.com/netherlands/visa-application-plan/,308,https://www.expatcopilot.com/netherlands/visa-application-plan,no,0,yes,yes,no,P2,CANONICAL_POINTS_TO_TRAILING_SLASH_URL_THAT_308S_TO_NON_SLASH; 200 response URL is non-slash while canonical/sitemap use trailing slash
https://www.expatcopilot.com/netherlands/visa-cost-calculator,200,https://www.expatcopilot.com/netherlands/visa-cost-calculator/,308,https://www.expatcopilot.com/netherlands/visa-cost-calculator,no,0,yes,yes,no,P2,CANONICAL_POINTS_TO_TRAILING_SLASH_URL_THAT_308S_TO_NON_SLASH; 200 response URL is non-slash while canonical/sitemap use trailing slash
https://www.expatcopilot.com/netherlands/visa-application-plan/,308,https://www.expatcopilot.com/netherlands/visa-application-plan/,308,https://www.expatcopilot.com/netherlands/visa-application-plan,no,1,yes,yes,no,P1,SITEMAP_URL_REDIRECTS (sitemap loc returns 3xx before content)
https://www.expatcopilot.com/netherlands/utrecht,200,https://www.expatcopilot.com/netherlands/utrecht/,308,https://www.expatcopilot.com/netherlands/utrecht,no,0,yes,yes,no,P2,CANONICAL_POINTS_TO_TRAILING_SLASH_URL_THAT_308S_TO_NON_SLASH; 200 response URL is non-slash while canonical/sitemap use trailing slash
https://www.expatcopilot.com/netherlands/utrecht/,308,https://www.expatcopilot.com/netherlands/utrecht/,308,https://www.expatcopilot.com/netherlands/utrecht,no,1,yes,yes,no,P1,SITEMAP_URL_REDIRECTS (sitemap loc returns 3xx before content)
https://www.expatcopilot.com/netherlands/visa/compare-visas,200,https://www.expatcopilot.com/netherlands/visa/compare-visas/,308,https://www.expatcopilot.com/netherlands/visa/compare-visas,no,0,yes,yes,no,P2,CANONICAL_POINTS_TO_TRAILING_SLASH_URL_THAT_308S_TO_NON_SLASH; 200 response URL is non-slash while canonical/sitemap use trailing slash
https://www.expatcopilot.com/netherlands/visa-checker/,308,https://www.expatcopilot.com/netherlands/visa-checker/,308,https://www.expatcopilot.com/netherlands/visa-checker,no,1,yes,yes,no,P1,SITEMAP_URL_REDIRECTS (sitemap loc returns 3xx before content)
https://www.expatcopilot.com/netherlands/visa-timeline-estimator,200,https://www.expatcopilot.com/netherlands/visa-timeline-estimator/,308,https://www.expatcopilot.com/netherlands/visa-timeline-estimator,no,0,yes,yes,no,P2,CANONICAL_POINTS_TO_TRAILING_SLASH_URL_THAT_308S_TO_NON_SLASH; 200 response URL is non-slash while canonical/sitemap use trailing slash
https://www.expatcopilot.com/netherlands/visa/dutch-american-friendship-treaty,200,https://www.expatcopilot.com/netherlands/visa/dutch-american-friendship-treaty/,308,https://www.expatcopilot.com/netherlands/visa/dutch-american-friendship-treaty,no,0,yes,yes,no,P2,CANONICAL_POINTS_TO_TRAILING_SLASH_URL_THAT_308S_TO_NON_SLASH; 200 response URL is non-slash while canonical/sitemap use trailing slash
https://www.expatcopilot.com/netherlands/visa-timeline-estimator/,308,https://www.expatcopilot.com/netherlands/visa-timeline-estimator/,308,https://www.expatcopilot.com/netherlands/visa-timeline-estimator,no,1,yes,yes,no,P1,SITEMAP_URL_REDIRECTS (sitemap loc returns 3xx before content)
https://www.expatcopilot.com/netherlands/visa-cost-calculator/,308,https://www.expatcopilot.com/netherlands/visa-cost-calculator/,308,https://www.expatcopilot.com/netherlands/visa-cost-calculator,no,1,yes,yes,no,P1,SITEMAP_URL_REDIRECTS (sitemap loc returns 3xx before content)
https://www.expatcopilot.com/netherlands/visa/compare-visas/,308,https://www.expatcopilot.com/netherlands/visa/compare-visas/,308,https://www.expatcopilot.com/netherlands/visa/compare-visas,no,1,yes,yes,no,P1,SITEMAP_URL_REDIRECTS (sitemap loc returns 3xx before content)
https://www.expatcopilot.com/netherlands/visa/eu-blue-card,200,https://www.expatcopilot.com/netherlands/visa/eu-blue-card/,308,https://www.expatcopilot.com/netherlands/visa/eu-blue-card,no,0,yes,yes,no,P2,CANONICAL_POINTS_TO_TRAILING_SLASH_URL_THAT_308S_TO_NON_SLASH; 200 response URL is non-slash while canonical/sitemap use trailing slash
https://www.expatcopilot.com/netherlands/visa/dutch-american-friendship-treaty/,308,https://www.expatcopilot.com/netherlands/visa/dutch-american-friendship-treaty/,308,https://www.expatcopilot.com/netherlands/visa/dutch-american-friendship-treaty,no,1,yes,yes,no,P1,SITEMAP_URL_REDIRECTS (sitemap loc returns 3xx before content)
https://www.expatcopilot.com/netherlands/visa/eu-blue-card/,308,https://www.expatcopilot.com/netherlands/visa/eu-blue-card/,308,https://www.expatcopilot.com/netherlands/visa/eu-blue-card,no,1,yes,yes,no,P1,SITEMAP_URL_REDIRECTS (sitemap loc returns 3xx before content)
https://www.expatcopilot.com/netherlands/visa/partner-family-visa,200,https://www.expatcopilot.com/netherlands/visa/partner-family-visa/,308,https://www.expatcopilot.com/netherlands/visa/partner-family-visa,no,0,yes,yes,no,P2,CANONICAL_POINTS_TO_TRAILING_SLASH_URL_THAT_308S_TO_NON_SLASH; 200 response URL is non-slash while canonical/sitemap use trailing slash
https://www.expatcopilot.com/netherlands/visa/highly-skilled-migrant,200,https://www.expatcopilot.com/netherlands/visa/highly-skilled-migrant/,308,https://www.expatcopilot.com/netherlands/visa/highly-skilled-migrant,no,0,yes,yes,no,P2,CANONICAL_POINTS_TO_TRAILING_SLASH_URL_THAT_308S_TO_NON_SLASH; 200 response URL is non-slash while canonical/sitemap use trailing slash
https://www.expatcopilot.com/netherlands/visa/self-employed-visa,200,https://www.expatcopilot.com/netherlands/visa/self-employed-visa/,308,https://www.expatcopilot.com/netherlands/visa/self-employed-visa,no,0,yes,yes,no,P2,CANONICAL_POINTS_TO_TRAILING_SLASH_URL_THAT_308S_TO_NON_SLASH; 200 response URL is non-slash while canonical/sitemap use trailing slash
https://www.expatcopilot.com/netherlands/visa/student-visa,200,https://www.expatcopilot.com/netherlands/visa/student-visa/,308,https://www.expatcopilot.com/netherlands/visa/student-visa,no,0,yes,yes,no,P2,CANONICAL_POINTS_TO_TRAILING_SLASH_URL_THAT_308S_TO_NON_SLASH; 200 response URL is non-slash while canonical/sitemap use trailing slash
https://www.expatcopilot.com/netherlands/visa/partner-family-visa/,308,https://www.expatcopilot.com/netherlands/visa/partner-family-visa/,308,https://www.expatcopilot.com/netherlands/visa/partner-family-visa,no,1,yes,yes,no,P1,SITEMAP_URL_REDIRECTS (sitemap loc returns 3xx before content)
https://www.expatcopilot.com/netherlands/visa/self-employed-visa/,308,https://www.expatcopilot.com/netherlands/visa/self-employed-visa/,308,https://www.expatcopilot.com/netherlands/visa/self-employed-visa,no,1,yes,yes,no,P1,SITEMAP_URL_REDIRECTS (sitemap loc returns 3xx before content)
https://www.expatcopilot.com/netherlands/work/tools,200,https://www.expatcopilot.com/netherlands/work/tools/,308,https://www.expatcopilot.com/netherlands/work/tools,no,0,yes,yes,no,P2,CANONICAL_POINTS_TO_TRAILING_SLASH_URL_THAT_308S_TO_NON_SLASH; 200 response URL is non-slash while canonical/sitemap use trailing slash
https://www.expatcopilot.com/netherlands/visa/highly-skilled-migrant/,308,https://www.expatcopilot.com/netherlands/visa/highly-skilled-migrant/,308,https://www.expatcopilot.com/netherlands/visa/highly-skilled-migrant,no,1,yes,yes,no,P1,SITEMAP_URL_REDIRECTS (sitemap loc returns 3xx before content)
https://www.expatcopilot.com/netherlands/work/tools/employment-contract-risk-scanner,200,https://www.expatcopilot.com/netherlands/work/tools/employment-contract-risk-scanner/,308,https://www.expatcopilot.com/netherlands/work/tools/employment-contract-risk-scanner,no,0,yes,yes,no,P2,CANONICAL_POINTS_TO_TRAILING_SLASH_URL_THAT_308S_TO_NON_SLASH; 200 response URL is non-slash while canonical/sitemap use trailing slash
https://www.expatcopilot.com/netherlands/visa/student-visa/,308,https://www.expatcopilot.com/netherlands/visa/student-visa/,308,https://www.expatcopilot.com/netherlands/visa/student-visa,no,1,yes,yes,no,P1,SITEMAP_URL_REDIRECTS (sitemap loc returns 3xx before content)
https://www.expatcopilot.com/netherlands/work/tools/,308,https://www.expatcopilot.com/netherlands/work/tools/,308,https://www.expatcopilot.com/netherlands/work/tools,no,1,yes,yes,no,P1,SITEMAP_URL_REDIRECTS (sitemap loc returns 3xx before content)
https://www.expatcopilot.com/netherlands/work/tools/employment-type-scenario-tool,200,https://www.expatcopilot.com/netherlands/work/tools/employment-type-scenario-tool/,308,https://www.expatcopilot.com/netherlands/work/tools/employment-type-scenario-tool,no,0,yes,yes,no,P2,CANONICAL_POINTS_TO_TRAILING_SLASH_URL_THAT_308S_TO_NON_SLASH; 200 response URL is non-slash while canonical/sitemap use trailing slash
https://www.expatcopilot.com/netherlands/work/tools/employment-contract-risk-scanner/,308,https://www.expatcopilot.com/netherlands/work/tools/employment-contract-risk-scanner/,308,https://www.expatcopilot.com/netherlands/work/tools/employment-contract-risk-scanner,no,1,yes,yes,no,P1,SITEMAP_URL_REDIRECTS (sitemap loc returns 3xx before content)
https://www.expatcopilot.com/netherlands/work/tools/employment-type-scenario-tool/,308,https://www.expatcopilot.com/netherlands/work/tools/employment-type-scenario-tool/,308,https://www.expatcopilot.com/netherlands/work/tools/employment-type-scenario-tool,no,1,yes,yes,no,P1,SITEMAP_URL_REDIRECTS (sitemap loc returns 3xx before content)
https://www.expatcopilot.com/sources,200,https://www.expatcopilot.com/sources/,308,https://www.expatcopilot.com/sources,no,0,yes,yes,no,P2,CANONICAL_POINTS_TO_TRAILING_SLASH_URL_THAT_308S_TO_NON_SLASH; 200 response URL is non-slash while canonical/sitemap use trailing slash; og:url path differs from canonical
https://www.expatcopilot.com/sitemap,200,https://www.expatcopilot.com/sitemap/,308,https://www.expatcopilot.com/sitemap,no,0,yes,yes,no,P2,CANONICAL_POINTS_TO_TRAILING_SLASH_URL_THAT_308S_TO_NON_SLASH; 200 response URL is non-slash while canonical/sitemap use trailing slash
https://www.expatcopilot.com/privacy,200,https://www.expatcopilot.com/privacy/,308,https://www.expatcopilot.com/privacy,no,0,yes,yes,no,P2,CANONICAL_POINTS_TO_TRAILING_SLASH_URL_THAT_308S_TO_NON_SLASH; 200 response URL is non-slash while canonical/sitemap use trailing slash; og:url path differs from canonical
https://www.expatcopilot.com/netherlands/work/tools/job-offer-comparison,200,https://www.expatcopilot.com/netherlands/work/tools/job-offer-comparison/,308,https://www.expatcopilot.com/netherlands/work/tools/job-offer-comparison,no,0,yes,yes,no,P2,CANONICAL_POINTS_TO_TRAILING_SLASH_URL_THAT_308S_TO_NON_SLASH; 200 response URL is non-slash while canonical/sitemap use trailing slash
https://www.expatcopilot.com/netherlands/work/tools/payslip-decoder,200,https://www.expatcopilot.com/netherlands/work/tools/payslip-decoder/,308,https://www.expatcopilot.com/netherlands/work/tools/payslip-decoder,no,0,yes,yes,no,P2,CANONICAL_POINTS_TO_TRAILING_SLASH_URL_THAT_308S_TO_NON_SLASH; 200 response URL is non-slash while canonical/sitemap use trailing slash
https://www.expatcopilot.com/sources/,308,https://www.expatcopilot.com/sources/,308,https://www.expatcopilot.com/sources,no,1,yes,yes,no,P1,SITEMAP_URL_REDIRECTS (sitemap loc returns 3xx before content); og:url path differs from canonical
https://www.expatcopilot.com/privacy/,308,https://www.expatcopilot.com/privacy/,308,https://www.expatcopilot.com/privacy,no,1,yes,yes,no,P1,SITEMAP_URL_REDIRECTS (sitemap loc returns 3xx before content); og:url path differs from canonical
https://www.expatcopilot.com/terms,200,https://www.expatcopilot.com/terms/,308,https://www.expatcopilot.com/terms,no,0,yes,yes,no,P2,CANONICAL_POINTS_TO_TRAILING_SLASH_URL_THAT_308S_TO_NON_SLASH; 200 response URL is non-slash while canonical/sitemap use trailing slash; og:url path differs from canonical
https://www.expatcopilot.com/terms/,308,https://www.expatcopilot.com/terms/,308,https://www.expatcopilot.com/terms,no,1,yes,yes,no,P1,SITEMAP_URL_REDIRECTS (sitemap loc returns 3xx before content); og:url path differs from canonical
https://www.expatcopilot.com/sitemap/,308,https://www.expatcopilot.com/sitemap/,308,https://www.expatcopilot.com/sitemap,no,1,yes,yes,no,P1,SITEMAP_URL_REDIRECTS (sitemap loc returns 3xx before content)
https://www.expatcopilot.com/netherlands/work/tools/job-offer-comparison/,308,https://www.expatcopilot.com/netherlands/work/tools/job-offer-comparison/,308,https://www.expatcopilot.com/netherlands/work/tools/job-offer-comparison,no,1,yes,yes,no,P1,SITEMAP_URL_REDIRECTS (sitemap loc returns 3xx before content)
https://www.expatcopilot.com/netherlands/work/tools/payslip-decoder/,308,https://www.expatcopilot.com/netherlands/work/tools/payslip-decoder/,308,https://www.expatcopilot.com/netherlands/work/tools/payslip-decoder,no,1,yes,yes,no,P1,SITEMAP_URL_REDIRECTS (sitemap loc returns 3xx before content)
https://www.expatcopilot.com/netherlands/family/tools/partner-work-eligibility-checker,200,https://www.expatcopilot.com/netherlands/family/tools/partner-work-eligibility-checker/,200,https://www.expatcopilot.com/netherlands/family/tools/partner-work-eligibility-checker,no,0,n/a,yes,yes,INFO,
https://www.expatcopilot.com/dev/phase2-components,200,,,,no,0,n/a,unknown,yes,INFO,
https://www.expatcopilot.com/netherlands/housing/tools/buy-vs-rent-calculator,200,https://www.expatcopilot.com/netherlands/housing/tools/buy-vs-rent-calculator/,200,https://www.expatcopilot.com/netherlands/housing/tools/buy-vs-rent-calculator,no,0,n/a,yes,yes,INFO,
https://www.expatcopilot.com/netherlands/health/tools/insurance-comparison-tool,200,https://www.expatcopilot.com/netherlands/health/tools/insurance-comparison-tool/,200,https://www.expatcopilot.com/netherlands/health/tools/insurance-comparison-tool,no,0,n/a,yes,yes,INFO,
https://www.expatcopilot.com/netherlands/health/tools/dutch-health-insurance-comparison-tool,200,https://www.expatcopilot.com/netherlands/health/tools/dutch-health-insurance-comparison-tool/,200,https://www.expatcopilot.com/netherlands/health/tools/dutch-health-insurance-comparison-tool,no,0,n/a,yes,yes,INFO,
https://www.expatcopilot.com/netherlands/housing/tools/deposit-return-risk-checker,200,https://www.expatcopilot.com/netherlands/housing/tools/deposit-return-risk-checker/,200,https://www.expatcopilot.com/netherlands/housing/tools/deposit-return-risk-checker,no,0,n/a,yes,yes,INFO,
https://www.expatcopilot.com/netherlands/housing/tools/mortgage-comparison-tool,200,https://www.expatcopilot.com/netherlands/housing/tools/mortgage-comparison-tool/,200,https://www.expatcopilot.com/netherlands/housing/tools/mortgage-comparison-tool,no,0,n/a,yes,yes,INFO,
https://www.expatcopilot.com/netherlands/housing/tools/dutch-rental-budget-calculator,200,https://www.expatcopilot.com/netherlands/housing/tools/dutch-rental-budget-calculator/,200,https://www.expatcopilot.com/netherlands/housing/tools/dutch-rental-budget-calculator,no,0,n/a,yes,yes,INFO,
https://www.expatcopilot.com/netherlands/moving/tools/bsn-readiness-checker,200,https://www.expatcopilot.com/netherlands/moving/tools/bsn-readiness-checker/,200,https://www.expatcopilot.com/netherlands/moving/tools/bsn-readiness-checker,no,0,n/a,yes,yes,INFO,
https://www.expatcopilot.com/netherlands/integration/tools/inburgering-timeline-planner,200,https://www.expatcopilot.com/netherlands/integration/tools/inburgering-timeline-planner/,200,https://www.expatcopilot.com/netherlands/integration/tools/inburgering-timeline-planner,no,0,n/a,yes,yes,INFO,
https://www.expatcopilot.com/netherlands/integration/tools/knm-knowledge-quiz,200,https://www.expatcopilot.com/netherlands/integration/tools/knm-knowledge-quiz/,200,https://www.expatcopilot.com/netherlands/integration/tools/knm-knowledge-quiz,no,0,n/a,yes,yes,INFO,
https://www.expatcopilot.com/netherlands/housing/tools/mortgage-eligibility-estimator,200,https://www.expatcopilot.com/netherlands/housing/tools/mortgage-eligibility-estimator/,200,https://www.expatcopilot.com/netherlands/housing/tools/mortgage-eligibility-estimator,no,0,n/a,yes,yes,INFO,
https://www.expatcopilot.com/netherlands/money/tools/employment-tax-overview-tool,200,https://www.expatcopilot.com/netherlands/money/tools/employment-tax-overview-tool/,200,https://www.expatcopilot.com/netherlands/money/tools/employment-tax-overview-tool,no,0,n/a,yes,yes,INFO,
https://www.expatcopilot.com/netherlands/tools/advanced/expat-visa-risk-tax-navigator,200,https://www.expatcopilot.com/netherlands/tools/advanced/expat-visa-risk-tax-navigator/,200,https://www.expatcopilot.com/netherlands/tools/advanced/expat-visa-risk-tax-navigator,no,0,n/a,yes,yes,INFO,
https://www.expatcopilot.com/netherlands/tools/advanced/ai-personal-benefits-finder,200,https://www.expatcopilot.com/netherlands/tools/advanced/ai-personal-benefits-finder/,200,https://www.expatcopilot.com/netherlands/tools/advanced/ai-personal-benefits-finder,no,0,n/a,yes,yes,INFO,
https://www.expatcopilot.com/netherlands/moving/tools/moving-cost-calculator,200,https://www.expatcopilot.com/netherlands/moving/tools/moving-cost-calculator/,200,https://www.expatcopilot.com/netherlands/moving/tools/moving-cost-calculator,no,0,n/a,yes,yes,INFO,
https://www.expatcopilot.com/netherlands/tools/advanced/green-retrofit-planner,200,https://www.expatcopilot.com/netherlands/tools/advanced/green-retrofit-planner/,200,https://www.expatcopilot.com/netherlands/tools/advanced/green-retrofit-planner,no,0,n/a,yes,yes,INFO,
https://www.expatcopilot.com/netherlands/tools/advanced/hidden-compensation-finder,200,https://www.expatcopilot.com/netherlands/tools/advanced/hidden-compensation-finder/,200,https://www.expatcopilot.com/netherlands/tools/advanced/hidden-compensation-finder,no,0,n/a,yes,yes,INFO,
https://www.expatcopilot.com/netherlands/tools/advanced/rental-deposit-dispute-tool,200,https://www.expatcopilot.com/netherlands/tools/advanced/rental-deposit-dispute-tool/,200,https://www.expatcopilot.com/netherlands/tools/advanced/rental-deposit-dispute-tool,no,0,n/a,yes,yes,INFO,
https://www.expatcopilot.com/netherlands/tools/advanced/insurance-coverage-gap-detector,200,https://www.expatcopilot.com/netherlands/tools/advanced/insurance-coverage-gap-detector/,200,https://www.expatcopilot.com/netherlands/tools/advanced/insurance-coverage-gap-detector,no,0,n/a,yes,yes,INFO,
https://www.expatcopilot.com/netherlands/transport/tools/bike-vs-public-transport-cost-tool,200,https://www.expatcopilot.com/netherlands/transport/tools/bike-vs-public-transport-cost-tool/,200,https://www.expatcopilot.com/netherlands/transport/tools/bike-vs-public-transport-cost-tool,no,0,n/a,yes,yes,INFO,
https://www.expatcopilot.com/netherlands/transport/tools/public-transport-cost-estimator,200,https://www.expatcopilot.com/netherlands/transport/tools/public-transport-cost-estimator/,200,https://www.expatcopilot.com/netherlands/transport/tools/public-transport-cost-estimator,no,0,n/a,yes,yes,INFO,
https://www.expatcopilot.com/netherlands/work/tools/employee-benefits-calculator,200,https://www.expatcopilot.com/netherlands/work/tools/employee-benefits-calculator/,200,https://www.expatcopilot.com/netherlands/work/tools/employee-benefits-calculator,no,0,n/a,yes,yes,INFO,
https://www.expatcopilot.com/netherlands/work/tools/compensation-comparison-tool,200,https://www.expatcopilot.com/netherlands/work/tools/compensation-comparison-tool/,200,https://www.expatcopilot.com/netherlands/work/tools/compensation-comparison-tool,no,0,n/a,yes,yes,INFO,
https://www.expatcopilot.com/netherlands/work/tools/job-change-impact-simulator,200,https://www.expatcopilot.com/netherlands/work/tools/job-change-impact-simulator/,200,https://www.expatcopilot.com/netherlands/work/tools/job-change-impact-simulator,no,0,n/a,yes,yes,INFO,
https://www.expatcopilot.com/netherlands/work/tools/compare-payslips-tool,200,https://www.expatcopilot.com/netherlands/work/tools/compare-payslips-tool/,200,https://www.expatcopilot.com/netherlands/work/tools/compare-payslips-tool,no,0,n/a,yes,yes,INFO,
https://www.expatcopilot.com/netherlands/work/tools/employment-type-admin-load-tool,200,https://www.expatcopilot.com/netherlands/work/tools/employment-type-admin-load-tool/,200,https://www.expatcopilot.com/netherlands/work/tools/employment-type-admin-load-tool,no,0,n/a,yes,yes,INFO,
https://www.expatcopilot.com/netherlands/work/tools/employment-type-visa-dependency-tool,200,https://www.expatcopilot.com/netherlands/work/tools/employment-type-visa-dependency-tool/,200,https://www.expatcopilot.com/netherlands/work/tools/employment-type-visa-dependency-tool,no,0,n/a,yes,yes,INFO,
https://www.expatcopilot.com/search,200,https://www.expatcopilot.com/search/,200,https://www.expatcopilot.com/search,no,0,n/a,unknown,yes,P3,og:url path differs from canonical
https://www.expatcopilot.com/netherlands/visa-application-plan?scenario=test,200,https://www.expatcopilot.com/netherlands/visa-application-plan/,308,https://www.expatcopilot.com/netherlands/visa-application-plan,no,0,yes,yes,no,P2,CANONICAL_POINTS_TO_TRAILING_SLASH_URL_THAT_308S_TO_NON_SLASH; 200 response URL is non-slash while canonical/sitemap use trailing slash
https://www.expatcopilot.com/netherlands/?preview=true,308,https://www.expatcopilot.com/netherlands/,308,https://www.expatcopilot.com/netherlands,no,1,yes,yes,platform_trailing_slash_policy,INFO,trailing-slash variant redirects to non-slash 200; breadcrumb page URL slash/form differs from canonical
https://www.expatcopilot.com/netherlands/visa-application-plan/?scenario=hsm,308,https://www.expatcopilot.com/netherlands/visa-application-plan/,308,https://www.expatcopilot.com/netherlands/visa-application-plan,no,1,yes,yes,platform_trailing_slash_policy,INFO,trailing-slash variant redirects to non-slash 200
https://www.expatcopilot.com/search?q=visa,200,https://www.expatcopilot.com/search/,200,https://www.expatcopilot.com/search,no,0,n/a,unknown,yes,P3,og:url path differs from canonical
https://www.expatcopilot.com/netherlands/money/tools/cost-of-living-calculator?city=amsterdam,200,https://www.expatcopilot.com/netherlands/money/tools/cost-of-living-calculator/,308,https://www.expatcopilot.com/netherlands/money/tools/cost-of-living-calculator,no,0,yes,yes,no,P2,CANONICAL_POINTS_TO_TRAILING_SLASH_URL_THAT_308S_TO_NON_SLASH; 200 response URL is non-slash while canonical/sitemap use trailing slash
https://www.expatcopilot.com/netherlands/amsterdam?preview=true,200,https://www.expatcopilot.com/netherlands/amsterdam/,308,https://www.expatcopilot.com/netherlands/amsterdam,no,0,yes,yes,no,P2,CANONICAL_POINTS_TO_TRAILING_SLASH_URL_THAT_308S_TO_NON_SLASH; 200 response URL is non-slash while canonical/sitemap use trailing slash
https://www.expatcopilot.com/search/?q=visa,308,https://www.expatcopilot.com/search/,200,https://www.expatcopilot.com/search,no,1,n/a,unknown,platform_trailing_slash_policy,P3,trailing-slash variant redirects to non-slash 200; og:url path differs from canonical
https://www.expatcopilot.com/netherlands/money/tools/cost-of-living-calculator/?utm_source=test&utm_medium=audit,308,https://www.expatcopilot.com/netherlands/money/tools/cost-of-living-calculator/,308,https://www.expatcopilot.com/netherlands/money/tools/cost-of-living-calculator,no,1,yes,yes,platform_trailing_slash_policy,INFO,trailing-slash variant redirects to non-slash 200
