url,page_type,intent,http_status,robots,canonical,in_sitemap,crawlable,technically_indexable,should_be_indexable,classification,severity,reason
https://www.expatcopilot.com/editorial-policy/,trust_legal,INDEXABLE,308→200,,https://www.expatcopilot.com/editorial-policy/,yes,yes,partial_via_redirect,yes,INDEXABLE_BUT_SITEMAP_URL_3XX,P1,"Intent INDEXABLE and content 200, but sitemap loc HTTP status is 3xx (trailing slash)"
https://www.expatcopilot.com/,homepage,INDEXABLE,307→200,,https://www.expatcopilot.com/netherlands/,yes,yes,partial_via_redirect,yes,INDEXABLE_BUT_SITEMAP_URL_3XX,P1,"Intent INDEXABLE and content 200, but sitemap loc HTTP status is 3xx (trailing slash)"
https://www.expatcopilot.com/cookies/,trust_legal,INDEXABLE,308→200,,https://www.expatcopilot.com/cookies/,yes,yes,partial_via_redirect,yes,INDEXABLE_BUT_SITEMAP_URL_3XX,P1,"Intent INDEXABLE and content 200, but sitemap loc HTTP status is 3xx (trailing slash)"
https://www.expatcopilot.com/about/,trust_legal,INDEXABLE,308→200,,https://www.expatcopilot.com/about/,yes,yes,partial_via_redirect,yes,INDEXABLE_BUT_SITEMAP_URL_3XX,P1,"Intent INDEXABLE and content 200, but sitemap loc HTTP status is 3xx (trailing slash)"
https://www.expatcopilot.com/contact/,trust_legal,INDEXABLE,308→200,,https://www.expatcopilot.com/contact/,yes,yes,partial_via_redirect,yes,INDEXABLE_BUT_SITEMAP_URL_3XX,P1,"Intent INDEXABLE and content 200, but sitemap loc HTTP status is 3xx (trailing slash)"
https://www.expatcopilot.com/affiliate-disclosure/,trust_legal,INDEXABLE,308→200,,https://www.expatcopilot.com/affiliate-disclosure/,yes,yes,partial_via_redirect,yes,INDEXABLE_BUT_SITEMAP_URL_3XX,P1,"Intent INDEXABLE and content 200, but sitemap loc HTTP status is 3xx (trailing slash)"
https://www.expatcopilot.com/disclaimer/,trust_legal,INDEXABLE,308→200,,https://www.expatcopilot.com/disclaimer/,yes,yes,partial_via_redirect,yes,INDEXABLE_BUT_SITEMAP_URL_3XX,P1,"Intent INDEXABLE and content 200, but sitemap loc HTTP status is 3xx (trailing slash)"
https://www.expatcopilot.com/how-we-rank-services/,trust_legal,INDEXABLE,308→200,,https://www.expatcopilot.com/how-we-rank-services/,yes,yes,partial_via_redirect,yes,INDEXABLE_BUT_SITEMAP_URL_3XX,P1,"Intent INDEXABLE and content 200, but sitemap loc HTTP status is 3xx (trailing slash)"
https://www.expatcopilot.com/how-this-site-works/,trust_legal,INDEXABLE,308→200,,https://www.expatcopilot.com/how-this-site-works/,yes,yes,partial_via_redirect,yes,INDEXABLE_BUT_SITEMAP_URL_3XX,P1,"Intent INDEXABLE and content 200, but sitemap loc HTTP status is 3xx (trailing slash)"
https://www.expatcopilot.com/methodology/,trust_legal,INDEXABLE,308→200,,https://www.expatcopilot.com/methodology/,yes,yes,partial_via_redirect,yes,INDEXABLE_BUT_SITEMAP_URL_3XX,P1,"Intent INDEXABLE and content 200, but sitemap loc HTTP status is 3xx (trailing slash)"
https://www.expatcopilot.com/netherlands/,country_hub,INDEXABLE,308→200,,https://www.expatcopilot.com/netherlands/,yes,yes,partial_via_redirect,yes,INDEXABLE_BUT_SITEMAP_URL_3XX,P1,"Intent INDEXABLE and content 200, but sitemap loc HTTP status is 3xx (trailing slash)"
https://www.expatcopilot.com/netherlands/amsterdam/,city_page,INDEXABLE,308→200,,https://www.expatcopilot.com/netherlands/amsterdam/,yes,yes,partial_via_redirect,yes,INDEXABLE_BUT_SITEMAP_URL_3XX,P1,"Intent INDEXABLE and content 200, but sitemap loc HTTP status is 3xx (trailing slash)"
https://www.expatcopilot.com/netherlands/amstelveen/,city_page,INDEXABLE,308→200,,https://www.expatcopilot.com/netherlands/amstelveen/,yes,yes,partial_via_redirect,yes,INDEXABLE_BUT_SITEMAP_URL_3XX,P1,"Intent INDEXABLE and content 200, but sitemap loc HTTP status is 3xx (trailing slash)"
https://www.expatcopilot.com/netherlands/bringing-pets-to-netherlands/,moving_guide,INDEXABLE,308→200,,https://www.expatcopilot.com/netherlands/bringing-pets-to-netherlands/,yes,yes,partial_via_redirect,yes,INDEXABLE_BUT_SITEMAP_URL_3XX,P1,"Intent INDEXABLE and content 200, but sitemap loc HTTP status is 3xx (trailing slash)"
https://www.expatcopilot.com/netherlands/apostille-documents-netherlands/,moving_guide,INDEXABLE,308→200,,https://www.expatcopilot.com/netherlands/apostille-documents-netherlands/,yes,yes,partial_via_redirect,yes,INDEXABLE_BUT_SITEMAP_URL_3XX,P1,"Intent INDEXABLE and content 200, but sitemap loc HTTP status is 3xx (trailing slash)"
https://www.expatcopilot.com/netherlands/arnhem/,city_page,INDEXABLE,308→200,,https://www.expatcopilot.com/netherlands/arnhem/,yes,yes,partial_via_redirect,yes,INDEXABLE_BUT_SITEMAP_URL_3XX,P1,"Intent INDEXABLE and content 200, but sitemap loc HTTP status is 3xx (trailing slash)"
https://www.expatcopilot.com/netherlands/after-arriving-netherlands/,moving_guide,INDEXABLE,308→200,,https://www.expatcopilot.com/netherlands/after-arriving-netherlands/,yes,yes,partial_via_redirect,yes,INDEXABLE_BUT_SITEMAP_URL_3XX,P1,"Intent INDEXABLE and content 200, but sitemap loc HTTP status is 3xx (trailing slash)"
https://www.expatcopilot.com/netherlands/breda/,city_page,INDEXABLE,308→200,,https://www.expatcopilot.com/netherlands/breda/,yes,yes,partial_via_redirect,yes,INDEXABLE_BUT_SITEMAP_URL_3XX,P1,"Intent INDEXABLE and content 200, but sitemap loc HTTP status is 3xx (trailing slash)"
https://www.expatcopilot.com/netherlands/bsn-registration/,moving_guide,INDEXABLE,308→200,,https://www.expatcopilot.com/netherlands/bsn-registration/,yes,yes,partial_via_redirect,yes,INDEXABLE_BUT_SITEMAP_URL_3XX,P1,"Intent INDEXABLE and content 200, but sitemap loc HTTP status is 3xx (trailing slash)"
https://www.expatcopilot.com/netherlands/business/zzp-netherlands/,guide,INDEXABLE,308→200,"index, follow",https://www.expatcopilot.com/netherlands/business/zzp-netherlands/,yes,yes,partial_via_redirect,yes,INDEXABLE_BUT_SITEMAP_URL_3XX,P1,"Intent INDEXABLE and content 200, but sitemap loc HTTP status is 3xx (trailing slash)"
https://www.expatcopilot.com/netherlands/cities/amsterdam-vs-rotterdam/,city_page,INDEXABLE,308→200,"index, follow",https://www.expatcopilot.com/netherlands/cities/amsterdam-vs-rotterdam/,yes,yes,partial_via_redirect,yes,INDEXABLE_BUT_SITEMAP_URL_3XX,P1,"Intent INDEXABLE and content 200, but sitemap loc HTTP status is 3xx (trailing slash)"
https://www.expatcopilot.com/netherlands/cities/best-cities-for-expats/,city_page,INDEXABLE,308→200,,https://www.expatcopilot.com/netherlands/cities/best-cities-for-expats/,yes,yes,partial_via_redirect,yes,INDEXABLE_BUT_SITEMAP_URL_3XX,P1,"Intent INDEXABLE and content 200, but sitemap loc HTTP status is 3xx (trailing slash)"
https://www.expatcopilot.com/netherlands/business/starting-a-business-netherlands/,guide,INDEXABLE,308→200,"index, follow",https://www.expatcopilot.com/netherlands/business/starting-a-business-netherlands/,yes,yes,partial_via_redirect,yes,INDEXABLE_BUT_SITEMAP_URL_3XX,P1,"Intent INDEXABLE and content 200, but sitemap loc HTTP status is 3xx (trailing slash)"
https://www.expatcopilot.com/netherlands/cities/best-cities-for-families/,city_page,INDEXABLE,308→200,,https://www.expatcopilot.com/netherlands/cities/best-cities-for-families/,yes,yes,partial_via_redirect,yes,INDEXABLE_BUT_SITEMAP_URL_3XX,P1,"Intent INDEXABLE and content 200, but sitemap loc HTTP status is 3xx (trailing slash)"
https://www.expatcopilot.com/netherlands/cities/,city_page,INDEXABLE,308→200,,https://www.expatcopilot.com/netherlands/cities/,yes,yes,partial_via_redirect,yes,INDEXABLE_BUT_SITEMAP_URL_3XX,P1,"Intent INDEXABLE and content 200, but sitemap loc HTTP status is 3xx (trailing slash)"
https://www.expatcopilot.com/netherlands/cities/compare/,city_page,INDEXABLE,308→200,,https://www.expatcopilot.com/netherlands/cities/compare/,yes,yes,partial_via_redirect,yes,INDEXABLE_BUT_SITEMAP_URL_3XX,P1,"Intent INDEXABLE and content 200, but sitemap loc HTTP status is 3xx (trailing slash)"
https://www.expatcopilot.com/netherlands/cities/best-cities-for-international-professionals/,city_page,INDEXABLE,308→200,,https://www.expatcopilot.com/netherlands/cities/best-cities-for-international-professionals/,yes,yes,partial_via_redirect,yes,INDEXABLE_BUT_SITEMAP_URL_3XX,P1,"Intent INDEXABLE and content 200, but sitemap loc HTTP status is 3xx (trailing slash)"
https://www.expatcopilot.com/netherlands/citizenship/dutch-citizenship/,moving_guide,INDEXABLE,308→200,,https://www.expatcopilot.com/netherlands/citizenship/dutch-citizenship/,yes,yes,partial_via_redirect,yes,INDEXABLE_BUT_SITEMAP_URL_3XX,P1,"Intent INDEXABLE and content 200, but sitemap loc HTTP status is 3xx (trailing slash)"
https://www.expatcopilot.com/netherlands/citizenship/tools/,tool_calculator,INDEXABLE,308→200,,https://www.expatcopilot.com/netherlands/citizenship/tools/,yes,yes,partial_via_redirect,yes,INDEXABLE_BUT_SITEMAP_URL_3XX,P1,"Intent INDEXABLE and content 200, but sitemap loc HTTP status is 3xx (trailing slash)"
https://www.expatcopilot.com/netherlands/citizenship/permanent-residence/,moving_guide,INDEXABLE,308→200,,https://www.expatcopilot.com/netherlands/citizenship/permanent-residence/,yes,yes,partial_via_redirect,yes,INDEXABLE_BUT_SITEMAP_URL_3XX,P1,"Intent INDEXABLE and content 200, but sitemap loc HTTP status is 3xx (trailing slash)"
https://www.expatcopilot.com/netherlands/cities/cheapest-cities-for-expats/,city_page,INDEXABLE,308→200,,https://www.expatcopilot.com/netherlands/cities/cheapest-cities-for-expats/,yes,yes,partial_via_redirect,yes,INDEXABLE_BUT_SITEMAP_URL_3XX,P1,"Intent INDEXABLE and content 200, but sitemap loc HTTP status is 3xx (trailing slash)"
https://www.expatcopilot.com/netherlands/citizenship/tools/dutch-citizenship-timeline-calculator/,tool_calculator,INDEXABLE,308→200,,https://www.expatcopilot.com/netherlands/citizenship/tools/dutch-citizenship-timeline-calculator/,yes,yes,partial_via_redirect,yes,INDEXABLE_BUT_SITEMAP_URL_3XX,P1,"Intent INDEXABLE and content 200, but sitemap loc HTTP status is 3xx (trailing slash)"
https://www.expatcopilot.com/netherlands/citizenship/tools/dual-citizenship-awareness-tool/,tool_calculator,INDEXABLE,308→200,,https://www.expatcopilot.com/netherlands/citizenship/tools/dual-citizenship-awareness-tool/,yes,yes,partial_via_redirect,yes,INDEXABLE_BUT_SITEMAP_URL_3XX,P1,"Intent INDEXABLE and content 200, but sitemap loc HTTP status is 3xx (trailing slash)"
https://www.expatcopilot.com/netherlands/culture/dutch-language-basics/,guide,INDEXABLE,308→200,,https://www.expatcopilot.com/netherlands/culture/dutch-language-basics/,yes,yes,partial_via_redirect,yes,INDEXABLE_BUT_SITEMAP_URL_3XX,P1,"Intent INDEXABLE and content 200, but sitemap loc HTTP status is 3xx (trailing slash)"
https://www.expatcopilot.com/netherlands/citizenship/tools/permanent-residence-eligibility-calculator/,tool_calculator,INDEXABLE,308→200,,https://www.expatcopilot.com/netherlands/citizenship/tools/permanent-residence-eligibility-calculator/,yes,yes,partial_via_redirect,yes,INDEXABLE_BUT_SITEMAP_URL_3XX,P1,"Intent INDEXABLE and content 200, but sitemap loc HTTP status is 3xx (trailing slash)"
https://www.expatcopilot.com/netherlands/culture/dutch-social-calendar/,guide,INDEXABLE,308→200,,https://www.expatcopilot.com/netherlands/culture/dutch-social-calendar/,yes,yes,partial_via_redirect,yes,INDEXABLE_BUT_SITEMAP_URL_3XX,P1,"Intent INDEXABLE and content 200, but sitemap loc HTTP status is 3xx (trailing slash)"
https://www.expatcopilot.com/netherlands/culture/communication-style/,guide,INDEXABLE,308→200,,https://www.expatcopilot.com/netherlands/culture/communication-style/,yes,yes,partial_via_redirect,yes,INDEXABLE_BUT_SITEMAP_URL_3XX,P1,"Intent INDEXABLE and content 200, but sitemap loc HTTP status is 3xx (trailing slash)"
https://www.expatcopilot.com/netherlands/culture/,guide,INDEXABLE,308→200,,https://www.expatcopilot.com/netherlands/culture/,yes,yes,partial_via_redirect,yes,INDEXABLE_BUT_SITEMAP_URL_3XX,P1,"Intent INDEXABLE and content 200, but sitemap loc HTTP status is 3xx (trailing slash)"
https://www.expatcopilot.com/netherlands/culture/dutch-traditions/,guide,INDEXABLE,308→200,,https://www.expatcopilot.com/netherlands/culture/dutch-traditions/,yes,yes,partial_via_redirect,yes,INDEXABLE_BUT_SITEMAP_URL_3XX,P1,"Intent INDEXABLE and content 200, but sitemap loc HTTP status is 3xx (trailing slash)"
https://www.expatcopilot.com/netherlands/culture/family-and-school-culture/,guide,INDEXABLE,308→200,,https://www.expatcopilot.com/netherlands/culture/family-and-school-culture/,yes,yes,partial_via_redirect,yes,INDEXABLE_BUT_SITEMAP_URL_3XX,P1,"Intent INDEXABLE and content 200, but sitemap loc HTTP status is 3xx (trailing slash)"
https://www.expatcopilot.com/netherlands/culture/hierarchy-and-flatness/,guide,INDEXABLE,308→200,,https://www.expatcopilot.com/netherlands/culture/hierarchy-and-flatness/,yes,yes,partial_via_redirect,yes,INDEXABLE_BUT_SITEMAP_URL_3XX,P1,"Intent INDEXABLE and content 200, but sitemap loc HTTP status is 3xx (trailing slash)"
https://www.expatcopilot.com/netherlands/culture/health-system-culture-basics/,guide,INDEXABLE,308→200,,https://www.expatcopilot.com/netherlands/culture/health-system-culture-basics/,yes,yes,partial_via_redirect,yes,INDEXABLE_BUT_SITEMAP_URL_3XX,P1,"Intent INDEXABLE and content 200, but sitemap loc HTTP status is 3xx (trailing slash)"
https://www.expatcopilot.com/netherlands/culture/kings-day/,guide,INDEXABLE,308→200,,https://www.expatcopilot.com/netherlands/culture/kings-day/,yes,yes,partial_via_redirect,yes,INDEXABLE_BUT_SITEMAP_URL_3XX,P1,"Intent INDEXABLE and content 200, but sitemap loc HTTP status is 3xx (trailing slash)"
https://www.expatcopilot.com/netherlands/culture/invitations-and-planning/,guide,INDEXABLE,308→200,,https://www.expatcopilot.com/netherlands/culture/invitations-and-planning/,yes,yes,partial_via_redirect,yes,INDEXABLE_BUT_SITEMAP_URL_3XX,P1,"Intent INDEXABLE and content 200, but sitemap loc HTTP status is 3xx (trailing slash)"
https://www.expatcopilot.com/netherlands/culture/learning-dutch/,guide,INDEXABLE,308→200,,https://www.expatcopilot.com/netherlands/culture/learning-dutch/,yes,yes,partial_via_redirect,yes,INDEXABLE_BUT_SITEMAP_URL_3XX,P1,"Intent INDEXABLE and content 200, but sitemap loc HTTP status is 3xx (trailing slash)"
https://www.expatcopilot.com/netherlands/culture/meetings-and-consensus/,guide,INDEXABLE,308→200,,https://www.expatcopilot.com/netherlands/culture/meetings-and-consensus/,yes,yes,partial_via_redirect,yes,INDEXABLE_BUT_SITEMAP_URL_3XX,P1,"Intent INDEXABLE and content 200, but sitemap loc HTTP status is 3xx (trailing slash)"
https://www.expatcopilot.com/netherlands/culture/national-holidays/,guide,INDEXABLE,308→200,,https://www.expatcopilot.com/netherlands/culture/national-holidays/,yes,yes,partial_via_redirect,yes,INDEXABLE_BUT_SITEMAP_URL_3XX,P1,"Intent INDEXABLE and content 200, but sitemap loc HTTP status is 3xx (trailing slash)"
https://www.expatcopilot.com/netherlands/culture/practice-scenarios/,guide,INDEXABLE,308→200,,https://www.expatcopilot.com/netherlands/culture/practice-scenarios/,yes,yes,partial_via_redirect,yes,INDEXABLE_BUT_SITEMAP_URL_3XX,P1,"Intent INDEXABLE and content 200, but sitemap loc HTTP status is 3xx (trailing slash)"
https://www.expatcopilot.com/netherlands/culture/sinterklaas/,guide,INDEXABLE,308→200,,https://www.expatcopilot.com/netherlands/culture/sinterklaas/,yes,yes,partial_via_redirect,yes,INDEXABLE_BUT_SITEMAP_URL_3XX,P1,"Intent INDEXABLE and content 200, but sitemap loc HTTP status is 3xx (trailing slash)"
https://www.expatcopilot.com/netherlands/culture/what-feels-normal-in-dutch-daily-life/,guide,INDEXABLE,308→200,,https://www.expatcopilot.com/netherlands/culture/what-feels-normal-in-dutch-daily-life/,yes,yes,partial_via_redirect,yes,INDEXABLE_BUT_SITEMAP_URL_3XX,P1,"Intent INDEXABLE and content 200, but sitemap loc HTTP status is 3xx (trailing slash)"
https://www.expatcopilot.com/netherlands/culture/time-and-boundaries/,guide,INDEXABLE,308→200,,https://www.expatcopilot.com/netherlands/culture/time-and-boundaries/,yes,yes,partial_via_redirect,yes,INDEXABLE_BUT_SITEMAP_URL_3XX,P1,"Intent INDEXABLE and content 200, but sitemap loc HTTP status is 3xx (trailing slash)"
https://www.expatcopilot.com/netherlands/culture/written-follow-ups/,guide,INDEXABLE,308→200,,https://www.expatcopilot.com/netherlands/culture/written-follow-ups/,yes,yes,partial_via_redirect,yes,INDEXABLE_BUT_SITEMAP_URL_3XX,P1,"Intent INDEXABLE and content 200, but sitemap loc HTTP status is 3xx (trailing slash)"
https://www.expatcopilot.com/netherlands/digid-awareness/,moving_guide,INDEXABLE,308→200,,https://www.expatcopilot.com/netherlands/digid-awareness/,yes,yes,partial_via_redirect,yes,INDEXABLE_BUT_SITEMAP_URL_3XX,P1,"Intent INDEXABLE and content 200, but sitemap loc HTTP status is 3xx (trailing slash)"
https://www.expatcopilot.com/netherlands/document-translation-netherlands/,moving_guide,INDEXABLE,308→200,,https://www.expatcopilot.com/netherlands/document-translation-netherlands/,yes,yes,partial_via_redirect,yes,INDEXABLE_BUT_SITEMAP_URL_3XX,P1,"Intent INDEXABLE and content 200, but sitemap loc HTTP status is 3xx (trailing slash)"
https://www.expatcopilot.com/netherlands/document-legalization-netherlands/,moving_guide,INDEXABLE,308→200,,https://www.expatcopilot.com/netherlands/document-legalization-netherlands/,yes,yes,partial_via_redirect,yes,INDEXABLE_BUT_SITEMAP_URL_3XX,P1,"Intent INDEXABLE and content 200, but sitemap loc HTTP status is 3xx (trailing slash)"
https://www.expatcopilot.com/netherlands/education/after-school-care-netherlands/,guide,INDEXABLE,308→200,"index, follow",https://www.expatcopilot.com/netherlands/education/after-school-care-netherlands/,yes,yes,partial_via_redirect,yes,INDEXABLE_BUT_SITEMAP_URL_3XX,P1,"Intent INDEXABLE and content 200, but sitemap loc HTTP status is 3xx (trailing slash)"
https://www.expatcopilot.com/netherlands/delft/,city_page,INDEXABLE,308→200,,https://www.expatcopilot.com/netherlands/delft/,yes,yes,partial_via_redirect,yes,INDEXABLE_BUT_SITEMAP_URL_3XX,P1,"Intent INDEXABLE and content 200, but sitemap loc HTTP status is 3xx (trailing slash)"
https://www.expatcopilot.com/netherlands/document-readiness-checker/,tool_calculator,INDEXABLE,308→200,,https://www.expatcopilot.com/netherlands/document-readiness-checker/,yes,yes,partial_via_redirect,yes,INDEXABLE_BUT_SITEMAP_URL_3XX,P1,"Intent INDEXABLE and content 200, but sitemap loc HTTP status is 3xx (trailing slash)"
https://www.expatcopilot.com/netherlands/education/before-school-care-netherlands/,guide,INDEXABLE,308→200,"index, follow",https://www.expatcopilot.com/netherlands/education/before-school-care-netherlands/,yes,yes,partial_via_redirect,yes,INDEXABLE_BUT_SITEMAP_URL_3XX,P1,"Intent INDEXABLE and content 200, but sitemap loc HTTP status is 3xx (trailing slash)"
https://www.expatcopilot.com/netherlands/education/daycare-netherlands/,guide,INDEXABLE,308→200,"index, follow",https://www.expatcopilot.com/netherlands/education/daycare-netherlands/,yes,yes,partial_via_redirect,yes,INDEXABLE_BUT_SITEMAP_URL_3XX,P1,"Intent INDEXABLE and content 200, but sitemap loc HTTP status is 3xx (trailing slash)"
https://www.expatcopilot.com/netherlands/education/dutch-schools-netherlands/,guide,INDEXABLE,308→200,"index, follow",https://www.expatcopilot.com/netherlands/education/dutch-schools-netherlands/,yes,yes,partial_via_redirect,yes,INDEXABLE_BUT_SITEMAP_URL_3XX,P1,"Intent INDEXABLE and content 200, but sitemap loc HTTP status is 3xx (trailing slash)"
https://www.expatcopilot.com/netherlands/education/international-schools-netherlands/,guide,INDEXABLE,308→200,"index, follow",https://www.expatcopilot.com/netherlands/education/international-schools-netherlands/,yes,yes,partial_via_redirect,yes,INDEXABLE_BUT_SITEMAP_URL_3XX,P1,"Intent INDEXABLE and content 200, but sitemap loc HTTP status is 3xx (trailing slash)"
https://www.expatcopilot.com/netherlands/family/child-benefits-netherlands/,guide,INDEXABLE,308→200,"index, follow",https://www.expatcopilot.com/netherlands/family/child-benefits-netherlands/,yes,yes,partial_via_redirect,yes,INDEXABLE_BUT_SITEMAP_URL_3XX,P1,"Intent INDEXABLE and content 200, but sitemap loc HTTP status is 3xx (trailing slash)"
https://www.expatcopilot.com/netherlands/family/healthcare-for-children-netherlands/,guide,INDEXABLE,308→200,"index, follow",https://www.expatcopilot.com/netherlands/family/healthcare-for-children-netherlands/,yes,yes,partial_via_redirect,yes,INDEXABLE_BUT_SITEMAP_URL_3XX,P1,"Intent INDEXABLE and content 200, but sitemap loc HTTP status is 3xx (trailing slash)"
https://www.expatcopilot.com/netherlands/eindhoven/,city_page,INDEXABLE,308→200,,https://www.expatcopilot.com/netherlands/eindhoven/,yes,yes,partial_via_redirect,yes,INDEXABLE_BUT_SITEMAP_URL_3XX,P1,"Intent INDEXABLE and content 200, but sitemap loc HTTP status is 3xx (trailing slash)"
https://www.expatcopilot.com/netherlands/eu-vs-non-eu-moving-to-netherlands/,moving_guide,INDEXABLE,308→200,,https://www.expatcopilot.com/netherlands/eu-vs-non-eu-moving-to-netherlands/,yes,yes,partial_via_redirect,yes,INDEXABLE_BUT_SITEMAP_URL_3XX,P1,"Intent INDEXABLE and content 200, but sitemap loc HTTP status is 3xx (trailing slash)"
https://www.expatcopilot.com/netherlands/family/parenting-netherlands/,guide,INDEXABLE,308→200,"index, follow",https://www.expatcopilot.com/netherlands/family/parenting-netherlands/,yes,yes,partial_via_redirect,yes,INDEXABLE_BUT_SITEMAP_URL_3XX,P1,"Intent INDEXABLE and content 200, but sitemap loc HTTP status is 3xx (trailing slash)"
https://www.expatcopilot.com/netherlands/family/family-activities-netherlands/,guide,INDEXABLE,308→200,,https://www.expatcopilot.com/netherlands/family/family-activities-netherlands/,yes,yes,partial_via_redirect,yes,INDEXABLE_BUT_SITEMAP_URL_3XX,P1,"Intent INDEXABLE and content 200, but sitemap loc HTTP status is 3xx (trailing slash)"
https://www.expatcopilot.com/netherlands/family/tools/,tool_calculator,INDEXABLE,308→200,,https://www.expatcopilot.com/netherlands/family/tools/,yes,yes,partial_via_redirect,yes,INDEXABLE_BUT_SITEMAP_URL_3XX,P1,"Intent INDEXABLE and content 200, but sitemap loc HTTP status is 3xx (trailing slash)"
https://www.expatcopilot.com/netherlands/family/giving-birth-netherlands/,guide,INDEXABLE,308→200,,https://www.expatcopilot.com/netherlands/family/giving-birth-netherlands/,yes,yes,partial_via_redirect,yes,INDEXABLE_BUT_SITEMAP_URL_3XX,P1,"Intent INDEXABLE and content 200, but sitemap loc HTTP status is 3xx (trailing slash)"
https://www.expatcopilot.com/netherlands/family/pets-netherlands/,guide,INDEXABLE,308→200,,https://www.expatcopilot.com/netherlands/family/pets-netherlands/,yes,yes,partial_via_redirect,yes,INDEXABLE_BUT_SITEMAP_URL_3XX,P1,"Intent INDEXABLE and content 200, but sitemap loc HTTP status is 3xx (trailing slash)"
https://www.expatcopilot.com/netherlands/family/pregnancy-netherlands/,guide,INDEXABLE,308→200,,https://www.expatcopilot.com/netherlands/family/pregnancy-netherlands/,yes,yes,partial_via_redirect,yes,INDEXABLE_BUT_SITEMAP_URL_3XX,P1,"Intent INDEXABLE and content 200, but sitemap loc HTTP status is 3xx (trailing slash)"
https://www.expatcopilot.com/netherlands/first-30-days-netherlands/,moving_guide,INDEXABLE,308→200,,https://www.expatcopilot.com/netherlands/first-30-days-netherlands/,yes,yes,partial_via_redirect,yes,INDEXABLE_BUT_SITEMAP_URL_3XX,P1,"Intent INDEXABLE and content 200, but sitemap loc HTTP status is 3xx (trailing slash)"
https://www.expatcopilot.com/netherlands/government-services/,guide,INDEXABLE,308→200,,https://www.expatcopilot.com/netherlands/government-services/,yes,yes,partial_via_redirect,yes,INDEXABLE_BUT_SITEMAP_URL_3XX,P1,"Intent INDEXABLE and content 200, but sitemap loc HTTP status is 3xx (trailing slash)"
https://www.expatcopilot.com/netherlands/first-90-days-netherlands/,moving_guide,INDEXABLE,308→200,,https://www.expatcopilot.com/netherlands/first-90-days-netherlands/,yes,yes,partial_via_redirect,yes,INDEXABLE_BUT_SITEMAP_URL_3XX,P1,"Intent INDEXABLE and content 200, but sitemap loc HTTP status is 3xx (trailing slash)"
https://www.expatcopilot.com/netherlands/family/tools/childcare-cost-estimator/,tool_calculator,INDEXABLE,308→200,"index, follow",https://www.expatcopilot.com/netherlands/family/tools/childcare-cost-estimator/,yes,yes,partial_via_redirect,yes,INDEXABLE_BUT_SITEMAP_URL_3XX,P1,"Intent INDEXABLE and content 200, but sitemap loc HTTP status is 3xx (trailing slash)"
https://www.expatcopilot.com/netherlands/first-60-days-netherlands/,moving_guide,INDEXABLE,308→200,,https://www.expatcopilot.com/netherlands/first-60-days-netherlands/,yes,yes,partial_via_redirect,yes,INDEXABLE_BUT_SITEMAP_URL_3XX,P1,"Intent INDEXABLE and content 200, but sitemap loc HTTP status is 3xx (trailing slash)"
https://www.expatcopilot.com/netherlands/groningen/,city_page,INDEXABLE,308→200,,https://www.expatcopilot.com/netherlands/groningen/,yes,yes,partial_via_redirect,yes,INDEXABLE_BUT_SITEMAP_URL_3XX,P1,"Intent INDEXABLE and content 200, but sitemap loc HTTP status is 3xx (trailing slash)"
https://www.expatcopilot.com/netherlands/health/dentists-netherlands/,guide,INDEXABLE,308→200,"index, follow",https://www.expatcopilot.com/netherlands/health/dentists-netherlands/,yes,yes,partial_via_redirect,yes,INDEXABLE_BUT_SITEMAP_URL_3XX,P1,"Intent INDEXABLE and content 200, but sitemap loc HTTP status is 3xx (trailing slash)"
https://www.expatcopilot.com/netherlands/health/emergency-healthcare-netherlands/,guide,INDEXABLE,308→200,"index, follow",https://www.expatcopilot.com/netherlands/health/emergency-healthcare-netherlands/,yes,yes,partial_via_redirect,yes,INDEXABLE_BUT_SITEMAP_URL_3XX,P1,"Intent INDEXABLE and content 200, but sitemap loc HTTP status is 3xx (trailing slash)"
https://www.expatcopilot.com/netherlands/health/gp-netherlands/,guide,INDEXABLE,308→200,"index, follow",https://www.expatcopilot.com/netherlands/health/gp-netherlands/,yes,yes,partial_via_redirect,yes,INDEXABLE_BUT_SITEMAP_URL_3XX,P1,"Intent INDEXABLE and content 200, but sitemap loc HTTP status is 3xx (trailing slash)"
https://www.expatcopilot.com/netherlands/health-insurance-netherlands/,moving_guide,INDEXABLE,308→200,,https://www.expatcopilot.com/netherlands/health-insurance-netherlands/,yes,yes,partial_via_redirect,yes,INDEXABLE_BUT_SITEMAP_URL_3XX,P1,"Intent INDEXABLE and content 200, but sitemap loc HTTP status is 3xx (trailing slash)"
https://www.expatcopilot.com/netherlands/haarlem/,city_page,INDEXABLE,308→200,,https://www.expatcopilot.com/netherlands/haarlem/,yes,yes,partial_via_redirect,yes,INDEXABLE_BUT_SITEMAP_URL_3XX,P1,"Intent INDEXABLE and content 200, but sitemap loc HTTP status is 3xx (trailing slash)"
https://www.expatcopilot.com/netherlands/health/health-insurance-comparison-netherlands/,guide,INDEXABLE,308→200,"index, follow",https://www.expatcopilot.com/netherlands/health/health-insurance-comparison-netherlands/,yes,yes,partial_via_redirect,yes,INDEXABLE_BUT_SITEMAP_URL_3XX,P1,"Intent INDEXABLE and content 200, but sitemap loc HTTP status is 3xx (trailing slash)"
https://www.expatcopilot.com/netherlands/health/hospitals-netherlands/,guide,INDEXABLE,308→200,"index, follow",https://www.expatcopilot.com/netherlands/health/hospitals-netherlands/,yes,yes,partial_via_redirect,yes,INDEXABLE_BUT_SITEMAP_URL_3XX,P1,"Intent INDEXABLE and content 200, but sitemap loc HTTP status is 3xx (trailing slash)"
https://www.expatcopilot.com/netherlands/health/maternity-care-netherlands/,guide,INDEXABLE,308→200,"index, follow",https://www.expatcopilot.com/netherlands/health/maternity-care-netherlands/,yes,yes,partial_via_redirect,yes,INDEXABLE_BUT_SITEMAP_URL_3XX,P1,"Intent INDEXABLE and content 200, but sitemap loc HTTP status is 3xx (trailing slash)"
https://www.expatcopilot.com/netherlands/health/pharmacies-netherlands/,guide,INDEXABLE,308→200,"index, follow",https://www.expatcopilot.com/netherlands/health/pharmacies-netherlands/,yes,yes,partial_via_redirect,yes,INDEXABLE_BUT_SITEMAP_URL_3XX,P1,"Intent INDEXABLE and content 200, but sitemap loc HTTP status is 3xx (trailing slash)"
https://www.expatcopilot.com/netherlands/health/mental-healthcare-netherlands/,guide,INDEXABLE,308→200,"index, follow",https://www.expatcopilot.com/netherlands/health/mental-healthcare-netherlands/,yes,yes,partial_via_redirect,yes,INDEXABLE_BUT_SITEMAP_URL_3XX,P1,"Intent INDEXABLE and content 200, but sitemap loc HTTP status is 3xx (trailing slash)"
https://www.expatcopilot.com/netherlands/health/physiotherapy-netherlands/,guide,INDEXABLE,308→200,"index, follow",https://www.expatcopilot.com/netherlands/health/physiotherapy-netherlands/,yes,yes,partial_via_redirect,yes,INDEXABLE_BUT_SITEMAP_URL_3XX,P1,"Intent INDEXABLE and content 200, but sitemap loc HTTP status is 3xx (trailing slash)"
https://www.expatcopilot.com/netherlands/health/prescriptions-netherlands/,guide,INDEXABLE,308→200,"index, follow",https://www.expatcopilot.com/netherlands/health/prescriptions-netherlands/,yes,yes,partial_via_redirect,yes,INDEXABLE_BUT_SITEMAP_URL_3XX,P1,"Intent INDEXABLE and content 200, but sitemap loc HTTP status is 3xx (trailing slash)"
https://www.expatcopilot.com/netherlands/health/tools/,tool_calculator,INDEXABLE,308→200,,https://www.expatcopilot.com/netherlands/health/tools/,yes,yes,partial_via_redirect,yes,INDEXABLE_BUT_SITEMAP_URL_3XX,P1,"Intent INDEXABLE and content 200, but sitemap loc HTTP status is 3xx (trailing slash)"
https://www.expatcopilot.com/netherlands/housing/buying-a-house-netherlands/,guide,INDEXABLE,308→200,"index, follow",https://www.expatcopilot.com/netherlands/housing/buying-a-house-netherlands/,yes,yes,partial_via_redirect,yes,INDEXABLE_BUT_SITEMAP_URL_3XX,P1,"Intent INDEXABLE and content 200, but sitemap loc HTTP status is 3xx (trailing slash)"
https://www.expatcopilot.com/netherlands/housing/buy-vs-rent-netherlands/,comparison,INDEXABLE,308→200,"index, follow",https://www.expatcopilot.com/netherlands/housing/buy-vs-rent-netherlands/,yes,yes,partial_via_redirect,yes,INDEXABLE_BUT_SITEMAP_URL_3XX,P1,"Intent INDEXABLE and content 200, but sitemap loc HTTP status is 3xx (trailing slash)"
https://www.expatcopilot.com/netherlands/housing/,guide,INDEXABLE,308→200,,https://www.expatcopilot.com/netherlands/housing/,yes,yes,partial_via_redirect,yes,INDEXABLE_BUT_SITEMAP_URL_3XX,P1,"Intent INDEXABLE and content 200, but sitemap loc HTTP status is 3xx (trailing slash)"
https://www.expatcopilot.com/netherlands/housing/housing-costs-netherlands/,guide,INDEXABLE,308→200,"index, follow",https://www.expatcopilot.com/netherlands/housing/housing-costs-netherlands/,yes,yes,partial_via_redirect,yes,INDEXABLE_BUT_SITEMAP_URL_3XX,P1,"Intent INDEXABLE and content 200, but sitemap loc HTTP status is 3xx (trailing slash)"
https://www.expatcopilot.com/netherlands/housing/mortgages-netherlands-expats/,guide,INDEXABLE,308→200,"index, follow",https://www.expatcopilot.com/netherlands/housing/mortgages-netherlands-expats/,yes,yes,partial_via_redirect,yes,INDEXABLE_BUT_SITEMAP_URL_3XX,P1,"Intent INDEXABLE and content 200, but sitemap loc HTTP status is 3xx (trailing slash)"
https://www.expatcopilot.com/netherlands/housing/rental-contracts-and-deposits-netherlands/,guide,INDEXABLE,308→200,"index, follow",https://www.expatcopilot.com/netherlands/housing/rental-contracts-and-deposits-netherlands/,yes,yes,partial_via_redirect,yes,INDEXABLE_BUT_SITEMAP_URL_3XX,P1,"Intent INDEXABLE and content 200, but sitemap loc HTTP status is 3xx (trailing slash)"
https://www.expatcopilot.com/netherlands/housing/rental-scams-netherlands/,guide,INDEXABLE,308→200,"index, follow",https://www.expatcopilot.com/netherlands/housing/rental-scams-netherlands/,yes,yes,partial_via_redirect,yes,INDEXABLE_BUT_SITEMAP_URL_3XX,P1,"Intent INDEXABLE and content 200, but sitemap loc HTTP status is 3xx (trailing slash)"
https://www.expatcopilot.com/netherlands/housing/tools/,tool_calculator,INDEXABLE,308→200,,https://www.expatcopilot.com/netherlands/housing/tools/,yes,yes,partial_via_redirect,yes,INDEXABLE_BUT_SITEMAP_URL_3XX,P1,"Intent INDEXABLE and content 200, but sitemap loc HTTP status is 3xx (trailing slash)"
https://www.expatcopilot.com/netherlands/integration/tools/,tool_calculator,INDEXABLE,308→200,,https://www.expatcopilot.com/netherlands/integration/tools/,yes,yes,partial_via_redirect,yes,INDEXABLE_BUT_SITEMAP_URL_3XX,P1,"Intent INDEXABLE and content 200, but sitemap loc HTTP status is 3xx (trailing slash)"
https://www.expatcopilot.com/netherlands/integration/tools/inburgering-exam-readiness-checker/,tool_calculator,INDEXABLE,308→200,,https://www.expatcopilot.com/netherlands/integration/tools/inburgering-exam-readiness-checker/,yes,yes,partial_via_redirect,yes,INDEXABLE_BUT_SITEMAP_URL_3XX,P1,"Intent INDEXABLE and content 200, but sitemap loc HTTP status is 3xx (trailing slash)"
https://www.expatcopilot.com/netherlands/integration/tools/integration-requirement-checker/,tool_calculator,INDEXABLE,308→200,,https://www.expatcopilot.com/netherlands/integration/tools/integration-requirement-checker/,yes,yes,partial_via_redirect,yes,INDEXABLE_BUT_SITEMAP_URL_3XX,P1,"Intent INDEXABLE and content 200, but sitemap loc HTTP status is 3xx (trailing slash)"
https://www.expatcopilot.com/netherlands/housing/tools/rent-affordability-calculator/,tool_calculator,INDEXABLE,308→200,"index, follow",https://www.expatcopilot.com/netherlands/housing/tools/rent-affordability-calculator/,yes,yes,partial_via_redirect,yes,INDEXABLE_BUT_SITEMAP_URL_3XX,P1,"Intent INDEXABLE and content 200, but sitemap loc HTTP status is 3xx (trailing slash)"
https://www.expatcopilot.com/netherlands/integration/inburgering/,moving_guide,INDEXABLE,308→200,,https://www.expatcopilot.com/netherlands/integration/inburgering/,yes,yes,partial_via_redirect,yes,INDEXABLE_BUT_SITEMAP_URL_3XX,P1,"Intent INDEXABLE and content 200, but sitemap loc HTTP status is 3xx (trailing slash)"
https://www.expatcopilot.com/netherlands/jobs/dutch-directness-at-work/,guide,INDEXABLE,308→200,"index, follow",https://www.expatcopilot.com/netherlands/jobs/dutch-directness-at-work/,yes,yes,partial_via_redirect,yes,INDEXABLE_BUT_SITEMAP_URL_3XX,P1,"Intent INDEXABLE and content 200, but sitemap loc HTTP status is 3xx (trailing slash)"
https://www.expatcopilot.com/netherlands/jobs/contractor-vs-employee-netherlands/,comparison,INDEXABLE,308→200,"index, follow",https://www.expatcopilot.com/netherlands/jobs/contractor-vs-employee-netherlands/,yes,yes,partial_via_redirect,yes,INDEXABLE_BUT_SITEMAP_URL_3XX,P1,"Intent INDEXABLE and content 200, but sitemap loc HTTP status is 3xx (trailing slash)"
https://www.expatcopilot.com/netherlands/jobs/dutch-workplace-culture/,guide,INDEXABLE,308→200,"index, follow",https://www.expatcopilot.com/netherlands/jobs/dutch-workplace-culture/,yes,yes,partial_via_redirect,yes,INDEXABLE_BUT_SITEMAP_URL_3XX,P1,"Intent INDEXABLE and content 200, but sitemap loc HTTP status is 3xx (trailing slash)"
https://www.expatcopilot.com/netherlands/jobs/employee-benefits-netherlands/,guide,INDEXABLE,308→200,"index, follow",https://www.expatcopilot.com/netherlands/jobs/employee-benefits-netherlands/,yes,yes,partial_via_redirect,yes,INDEXABLE_BUT_SITEMAP_URL_3XX,P1,"Intent INDEXABLE and content 200, but sitemap loc HTTP status is 3xx (trailing slash)"
https://www.expatcopilot.com/netherlands/jobs/employee-rights-netherlands/,guide,INDEXABLE,308→200,"index, follow",https://www.expatcopilot.com/netherlands/jobs/employee-rights-netherlands/,yes,yes,partial_via_redirect,yes,INDEXABLE_BUT_SITEMAP_URL_3XX,P1,"Intent INDEXABLE and content 200, but sitemap loc HTTP status is 3xx (trailing slash)"
https://www.expatcopilot.com/netherlands/jobs/employment-contract-netherlands/,guide,INDEXABLE,308→200,"index, follow",https://www.expatcopilot.com/netherlands/jobs/employment-contract-netherlands/,yes,yes,partial_via_redirect,yes,INDEXABLE_BUT_SITEMAP_URL_3XX,P1,"Intent INDEXABLE and content 200, but sitemap loc HTTP status is 3xx (trailing slash)"
https://www.expatcopilot.com/netherlands/jobs/finding-jobs-netherlands/,guide,INDEXABLE,308→200,"index, follow",https://www.expatcopilot.com/netherlands/jobs/finding-jobs-netherlands/,yes,yes,partial_via_redirect,yes,INDEXABLE_BUT_SITEMAP_URL_3XX,P1,"Intent INDEXABLE and content 200, but sitemap loc HTTP status is 3xx (trailing slash)"
https://www.expatcopilot.com/netherlands/jobs/expat-salary-netherlands/,guide,INDEXABLE,308→200,"index, follow",https://www.expatcopilot.com/netherlands/jobs/expat-salary-netherlands/,yes,yes,partial_via_redirect,yes,INDEXABLE_BUT_SITEMAP_URL_3XX,P1,"Intent INDEXABLE and content 200, but sitemap loc HTTP status is 3xx (trailing slash)"
https://www.expatcopilot.com/netherlands/jobs/freelancing-netherlands/,guide,INDEXABLE,308→200,"index, follow",https://www.expatcopilot.com/netherlands/jobs/freelancing-netherlands/,yes,yes,partial_via_redirect,yes,INDEXABLE_BUT_SITEMAP_URL_3XX,P1,"Intent INDEXABLE and content 200, but sitemap loc HTTP status is 3xx (trailing slash)"
https://www.expatcopilot.com/netherlands/jobs/holiday-allowance-netherlands/,guide,INDEXABLE,308→200,"index, follow",https://www.expatcopilot.com/netherlands/jobs/holiday-allowance-netherlands/,yes,yes,partial_via_redirect,yes,INDEXABLE_BUT_SITEMAP_URL_3XX,P1,"Intent INDEXABLE and content 200, but sitemap loc HTTP status is 3xx (trailing slash)"
https://www.expatcopilot.com/netherlands/jobs/minimum-wage-netherlands/,guide,INDEXABLE,308→200,"index, follow",https://www.expatcopilot.com/netherlands/jobs/minimum-wage-netherlands/,yes,yes,partial_via_redirect,yes,INDEXABLE_BUT_SITEMAP_URL_3XX,P1,"Intent INDEXABLE and content 200, but sitemap loc HTTP status is 3xx (trailing slash)"
https://www.expatcopilot.com/netherlands/jobs/pension-netherlands-expats/,guide,INDEXABLE,308→200,"index, follow",https://www.expatcopilot.com/netherlands/jobs/pension-netherlands-expats/,yes,yes,partial_via_redirect,yes,INDEXABLE_BUT_SITEMAP_URL_3XX,P1,"Intent INDEXABLE and content 200, but sitemap loc HTTP status is 3xx (trailing slash)"
https://www.expatcopilot.com/netherlands/jobs/notice-period-netherlands/,guide,INDEXABLE,308→200,"index, follow",https://www.expatcopilot.com/netherlands/jobs/notice-period-netherlands/,yes,yes,partial_via_redirect,yes,INDEXABLE_BUT_SITEMAP_URL_3XX,P1,"Intent INDEXABLE and content 200, but sitemap loc HTTP status is 3xx (trailing slash)"
https://www.expatcopilot.com/netherlands/jobs/salary-negotiation-netherlands/,guide,INDEXABLE,308→200,"index, follow",https://www.expatcopilot.com/netherlands/jobs/salary-negotiation-netherlands/,yes,yes,partial_via_redirect,yes,INDEXABLE_BUT_SITEMAP_URL_3XX,P1,"Intent INDEXABLE and content 200, but sitemap loc HTTP status is 3xx (trailing slash)"
https://www.expatcopilot.com/netherlands/jobs/probation-period-netherlands/,guide,INDEXABLE,308→200,"index, follow",https://www.expatcopilot.com/netherlands/jobs/probation-period-netherlands/,yes,yes,partial_via_redirect,yes,INDEXABLE_BUT_SITEMAP_URL_3XX,P1,"Intent INDEXABLE and content 200, but sitemap loc HTTP status is 3xx (trailing slash)"
https://www.expatcopilot.com/netherlands/leaving/,guide,INDEXABLE,308→200,"index, follow",https://www.expatcopilot.com/netherlands/leaving/,yes,yes,partial_via_redirect,yes,INDEXABLE_BUT_SITEMAP_URL_3XX,P1,"Intent INDEXABLE and content 200, but sitemap loc HTTP status is 3xx (trailing slash)"
https://www.expatcopilot.com/netherlands/leaving/tools/exit-readiness-checker/,tool_calculator,INDEXABLE,308→200,,https://www.expatcopilot.com/netherlands/leaving/tools/exit-readiness-checker/,yes,yes,partial_via_redirect,yes,INDEXABLE_BUT_SITEMAP_URL_3XX,P1,"Intent INDEXABLE and content 200, but sitemap loc HTTP status is 3xx (trailing slash)"
https://www.expatcopilot.com/netherlands/leaving/tools/,tool_calculator,INDEXABLE,308→200,,https://www.expatcopilot.com/netherlands/leaving/tools/,yes,yes,partial_via_redirect,yes,INDEXABLE_BUT_SITEMAP_URL_3XX,P1,"Intent INDEXABLE and content 200, but sitemap loc HTTP status is 3xx (trailing slash)"
https://www.expatcopilot.com/netherlands/leaving/tools/repatriation-cost-calculator/,tool_calculator,INDEXABLE,308→200,,https://www.expatcopilot.com/netherlands/leaving/tools/repatriation-cost-calculator/,yes,yes,partial_via_redirect,yes,INDEXABLE_BUT_SITEMAP_URL_3XX,P1,"Intent INDEXABLE and content 200, but sitemap loc HTTP status is 3xx (trailing slash)"
https://www.expatcopilot.com/netherlands/life/,guide,INDEXABLE,308→200,"index, follow",https://www.expatcopilot.com/netherlands/life/,yes,yes,partial_via_redirect,yes,INDEXABLE_BUT_SITEMAP_URL_3XX,P1,"Intent INDEXABLE and content 200, but sitemap loc HTTP status is 3xx (trailing slash)"
https://www.expatcopilot.com/netherlands/life/dutch-birthday-traditions/,guide,INDEXABLE,308→200,"index, follow",https://www.expatcopilot.com/netherlands/life/dutch-birthday-traditions/,yes,yes,partial_via_redirect,yes,INDEXABLE_BUT_SITEMAP_URL_3XX,P1,"Intent INDEXABLE and content 200, but sitemap loc HTTP status is 3xx (trailing slash)"
https://www.expatcopilot.com/netherlands/life/dating-in-the-netherlands/,guide,INDEXABLE,308→200,"index, follow",https://www.expatcopilot.com/netherlands/life/dating-in-the-netherlands/,yes,yes,partial_via_redirect,yes,INDEXABLE_BUT_SITEMAP_URL_3XX,P1,"Intent INDEXABLE and content 200, but sitemap loc HTTP status is 3xx (trailing slash)"
https://www.expatcopilot.com/netherlands/life/dutch-culture/,guide,INDEXABLE,308→200,"index, follow",https://www.expatcopilot.com/netherlands/life/dutch-culture/,yes,yes,partial_via_redirect,yes,INDEXABLE_BUT_SITEMAP_URL_3XX,P1,"Intent INDEXABLE and content 200, but sitemap loc HTTP status is 3xx (trailing slash)"
https://www.expatcopilot.com/netherlands/life/community-basics-netherlands/,guide,INDEXABLE,308→200,,https://www.expatcopilot.com/netherlands/life/community-basics-netherlands/,yes,yes,partial_via_redirect,yes,INDEXABLE_BUT_SITEMAP_URL_3XX,P1,"Intent INDEXABLE and content 200, but sitemap loc HTTP status is 3xx (trailing slash)"
https://www.expatcopilot.com/netherlands/life/dutch-etiquette/,guide,INDEXABLE,308→200,"index, follow",https://www.expatcopilot.com/netherlands/life/dutch-etiquette/,yes,yes,partial_via_redirect,yes,INDEXABLE_BUT_SITEMAP_URL_3XX,P1,"Intent INDEXABLE and content 200, but sitemap loc HTTP status is 3xx (trailing slash)"
https://www.expatcopilot.com/netherlands/leiden/,city_page,INDEXABLE,308→200,,https://www.expatcopilot.com/netherlands/leiden/,yes,yes,partial_via_redirect,yes,INDEXABLE_BUT_SITEMAP_URL_3XX,P1,"Intent INDEXABLE and content 200, but sitemap loc HTTP status is 3xx (trailing slash)"
https://www.expatcopilot.com/netherlands/life/dutch-holidays-and-traditions/,guide,INDEXABLE,308→200,"index, follow",https://www.expatcopilot.com/netherlands/life/dutch-holidays-and-traditions/,yes,yes,partial_via_redirect,yes,INDEXABLE_BUT_SITEMAP_URL_3XX,P1,"Intent INDEXABLE and content 200, but sitemap loc HTTP status is 3xx (trailing slash)"
https://www.expatcopilot.com/netherlands/life/dutch-social-norms/,guide,INDEXABLE,308→200,"index, follow",https://www.expatcopilot.com/netherlands/life/dutch-social-norms/,yes,yes,partial_via_redirect,yes,INDEXABLE_BUT_SITEMAP_URL_3XX,P1,"Intent INDEXABLE and content 200, but sitemap loc HTTP status is 3xx (trailing slash)"
https://www.expatcopilot.com/netherlands/life/expat-loneliness-netherlands/,guide,INDEXABLE,308→200,"index, follow",https://www.expatcopilot.com/netherlands/life/expat-loneliness-netherlands/,yes,yes,partial_via_redirect,yes,INDEXABLE_BUT_SITEMAP_URL_3XX,P1,"Intent INDEXABLE and content 200, but sitemap loc HTTP status is 3xx (trailing slash)"
https://www.expatcopilot.com/netherlands/life/dutch-humour/,guide,INDEXABLE,308→200,"index, follow",https://www.expatcopilot.com/netherlands/life/dutch-humour/,yes,yes,partial_via_redirect,yes,INDEXABLE_BUT_SITEMAP_URL_3XX,P1,"Intent INDEXABLE and content 200, but sitemap loc HTTP status is 3xx (trailing slash)"
https://www.expatcopilot.com/netherlands/life/making-dutch-friends/,guide,INDEXABLE,308→200,"index, follow",https://www.expatcopilot.com/netherlands/life/making-dutch-friends/,yes,yes,partial_via_redirect,yes,INDEXABLE_BUT_SITEMAP_URL_3XX,P1,"Intent INDEXABLE and content 200, but sitemap loc HTTP status is 3xx (trailing slash)"
https://www.expatcopilot.com/netherlands/living/apps/,guide,INDEXABLE,308→200,"index, follow",https://www.expatcopilot.com/netherlands/living/apps/,yes,yes,partial_via_redirect,yes,INDEXABLE_BUT_SITEMAP_URL_3XX,P1,"Intent INDEXABLE and content 200, but sitemap loc HTTP status is 3xx (trailing slash)"
https://www.expatcopilot.com/netherlands/living/car-insurance-netherlands/,guide,INDEXABLE,308→200,,https://www.expatcopilot.com/netherlands/living/car-insurance-netherlands/,yes,yes,partial_via_redirect,yes,INDEXABLE_BUT_SITEMAP_URL_3XX,P1,"Intent INDEXABLE and content 200, but sitemap loc HTTP status is 3xx (trailing slash)"
https://www.expatcopilot.com/netherlands/living/buying-a-car-netherlands/,guide,INDEXABLE,308→200,,https://www.expatcopilot.com/netherlands/living/buying-a-car-netherlands/,yes,yes,partial_via_redirect,yes,INDEXABLE_BUT_SITEMAP_URL_3XX,P1,"Intent INDEXABLE and content 200, but sitemap loc HTTP status is 3xx (trailing slash)"
https://www.expatcopilot.com/netherlands/living/,guide,INDEXABLE,308→200,"index, follow",https://www.expatcopilot.com/netherlands/living/survival-guide/,yes,yes,partial_via_redirect,yes,INDEXABLE_BUT_SITEMAP_URL_3XX,P1,"Intent INDEXABLE and content 200, but sitemap loc HTTP status is 3xx (trailing slash)"
https://www.expatcopilot.com/netherlands/living/daily-life/,guide,INDEXABLE,308→200,"index, follow",https://www.expatcopilot.com/netherlands/living/daily-life/,yes,yes,partial_via_redirect,yes,INDEXABLE_BUT_SITEMAP_URL_3XX,P1,"Intent INDEXABLE and content 200, but sitemap loc HTTP status is 3xx (trailing slash)"
https://www.expatcopilot.com/netherlands/living/emergencies-safety/,guide,INDEXABLE,308→200,"index, follow",https://www.expatcopilot.com/netherlands/living/emergencies-safety/,yes,yes,partial_via_redirect,yes,INDEXABLE_BUT_SITEMAP_URL_3XX,P1,"Intent INDEXABLE and content 200, but sitemap loc HTTP status is 3xx (trailing slash)"
https://www.expatcopilot.com/netherlands/living/driving-licence-exchange-netherlands/,guide,INDEXABLE,308→200,,https://www.expatcopilot.com/netherlands/living/driving-licence-exchange-netherlands/,yes,yes,partial_via_redirect,yes,INDEXABLE_BUT_SITEMAP_URL_3XX,P1,"Intent INDEXABLE and content 200, but sitemap loc HTTP status is 3xx (trailing slash)"
https://www.expatcopilot.com/netherlands/living/electric-vehicles-netherlands/,guide,INDEXABLE,308→200,,https://www.expatcopilot.com/netherlands/living/electric-vehicles-netherlands/,yes,yes,partial_via_redirect,yes,INDEXABLE_BUT_SITEMAP_URL_3XX,P1,"Intent INDEXABLE and content 200, but sitemap loc HTTP status is 3xx (trailing slash)"
https://www.expatcopilot.com/netherlands/living/getting-around/,guide,INDEXABLE,308→200,"index, follow",https://www.expatcopilot.com/netherlands/living/getting-around/,yes,yes,partial_via_redirect,yes,INDEXABLE_BUT_SITEMAP_URL_3XX,P1,"Intent INDEXABLE and content 200, but sitemap loc HTTP status is 3xx (trailing slash)"
https://www.expatcopilot.com/netherlands/living/car-sharing-netherlands/,guide,INDEXABLE,308→200,,https://www.expatcopilot.com/netherlands/living/car-sharing-netherlands/,yes,yes,partial_via_redirect,yes,INDEXABLE_BUT_SITEMAP_URL_3XX,P1,"Intent INDEXABLE and content 200, but sitemap loc HTTP status is 3xx (trailing slash)"
https://www.expatcopilot.com/netherlands/living/government-portals-overview/,guide,INDEXABLE,308→200,,https://www.expatcopilot.com/netherlands/living/government-portals-overview/,yes,yes,partial_via_redirect,yes,INDEXABLE_BUT_SITEMAP_URL_3XX,P1,"Intent INDEXABLE and content 200, but sitemap loc HTTP status is 3xx (trailing slash)"
https://www.expatcopilot.com/netherlands/living/healthcare-basics/,guide,INDEXABLE,308→200,"index, follow",https://www.expatcopilot.com/netherlands/living/healthcare-basics/,yes,yes,partial_via_redirect,yes,INDEXABLE_BUT_SITEMAP_URL_3XX,P1,"Intent INDEXABLE and content 200, but sitemap loc HTTP status is 3xx (trailing slash)"
https://www.expatcopilot.com/netherlands/living/lease-cars-netherlands/,guide,INDEXABLE,308→200,,https://www.expatcopilot.com/netherlands/living/lease-cars-netherlands/,yes,yes,partial_via_redirect,yes,INDEXABLE_BUT_SITEMAP_URL_3XX,P1,"Intent INDEXABLE and content 200, but sitemap loc HTTP status is 3xx (trailing slash)"
https://www.expatcopilot.com/netherlands/living/language/,guide,INDEXABLE,308→200,"index, follow",https://www.expatcopilot.com/netherlands/living/language/,yes,yes,partial_via_redirect,yes,INDEXABLE_BUT_SITEMAP_URL_3XX,P1,"Intent INDEXABLE and content 200, but sitemap loc HTTP status is 3xx (trailing slash)"
https://www.expatcopilot.com/netherlands/living/payments/,guide,INDEXABLE,308→200,"index, follow",https://www.expatcopilot.com/netherlands/living/payments/,yes,yes,partial_via_redirect,yes,INDEXABLE_BUT_SITEMAP_URL_3XX,P1,"Intent INDEXABLE and content 200, but sitemap loc HTTP status is 3xx (trailing slash)"
https://www.expatcopilot.com/netherlands/living/rental-market/,guide,INDEXABLE,308→200,,https://www.expatcopilot.com/netherlands/living/rental-market/,yes,yes,partial_via_redirect,yes,INDEXABLE_BUT_SITEMAP_URL_3XX,P1,"Intent INDEXABLE and content 200, but sitemap loc HTTP status is 3xx (trailing slash)"
https://www.expatcopilot.com/netherlands/living/shopping-groceries/,guide,INDEXABLE,308→200,"index, follow",https://www.expatcopilot.com/netherlands/living/shopping-groceries/,yes,yes,partial_via_redirect,yes,INDEXABLE_BUT_SITEMAP_URL_3XX,P1,"Intent INDEXABLE and content 200, but sitemap loc HTTP status is 3xx (trailing slash)"
https://www.expatcopilot.com/netherlands/living/survival-guide/,guide,INDEXABLE,308→200,"index, follow",https://www.expatcopilot.com/netherlands/living/survival-guide/,yes,yes,partial_via_redirect,yes,INDEXABLE_BUT_SITEMAP_URL_3XX,P1,"Intent INDEXABLE and content 200, but sitemap loc HTTP status is 3xx (trailing slash)"
https://www.expatcopilot.com/netherlands/living/mot-apk-netherlands/,guide,INDEXABLE,308→200,,https://www.expatcopilot.com/netherlands/living/mot-apk-netherlands/,yes,yes,partial_via_redirect,yes,INDEXABLE_BUT_SITEMAP_URL_3XX,P1,"Intent INDEXABLE and content 200, but sitemap loc HTTP status is 3xx (trailing slash)"
https://www.expatcopilot.com/netherlands/living/weather/,guide,INDEXABLE,308→200,"index, follow",https://www.expatcopilot.com/netherlands/living/weather/,yes,yes,partial_via_redirect,yes,INDEXABLE_BUT_SITEMAP_URL_3XX,P1,"Intent INDEXABLE and content 200, but sitemap loc HTTP status is 3xx (trailing slash)"
https://www.expatcopilot.com/netherlands/money/,guide,INDEXABLE,308→200,"index, follow",https://www.expatcopilot.com/netherlands/money/,yes,yes,partial_via_redirect,yes,INDEXABLE_BUT_SITEMAP_URL_3XX,P1,"Intent INDEXABLE and content 200, but sitemap loc HTTP status is 3xx (trailing slash)"
https://www.expatcopilot.com/netherlands/living/road-tax-netherlands/,guide,INDEXABLE,308→200,,https://www.expatcopilot.com/netherlands/living/road-tax-netherlands/,yes,yes,partial_via_redirect,yes,INDEXABLE_BUT_SITEMAP_URL_3XX,P1,"Intent INDEXABLE and content 200, but sitemap loc HTTP status is 3xx (trailing slash)"
https://www.expatcopilot.com/netherlands/living/tools/utilities-services-comparison/,tool_calculator,INDEXABLE,308→200,"index, follow",https://www.expatcopilot.com/netherlands/living/tools/utilities-services-comparison/,yes,yes,partial_via_redirect,yes,INDEXABLE_BUT_SITEMAP_URL_3XX,P1,"Intent INDEXABLE and content 200, but sitemap loc HTTP status is 3xx (trailing slash)"
https://www.expatcopilot.com/netherlands/money/banking/,guide,INDEXABLE,308→200,"index, follow",https://www.expatcopilot.com/netherlands/money/banking/,yes,yes,partial_via_redirect,yes,INDEXABLE_BUT_SITEMAP_URL_3XX,P1,"Intent INDEXABLE and content 200, but sitemap loc HTTP status is 3xx (trailing slash)"
https://www.expatcopilot.com/netherlands/living/speed-cameras-netherlands/,guide,INDEXABLE,308→200,,https://www.expatcopilot.com/netherlands/living/speed-cameras-netherlands/,yes,yes,partial_via_redirect,yes,INDEXABLE_BUT_SITEMAP_URL_3XX,P1,"Intent INDEXABLE and content 200, but sitemap loc HTTP status is 3xx (trailing slash)"
https://www.expatcopilot.com/netherlands/maastricht/,city_page,INDEXABLE,308→200,,https://www.expatcopilot.com/netherlands/maastricht/,yes,yes,partial_via_redirect,yes,INDEXABLE_BUT_SITEMAP_URL_3XX,P1,"Intent INDEXABLE and content 200, but sitemap loc HTTP status is 3xx (trailing slash)"
https://www.expatcopilot.com/netherlands/money/banking/account-rejection/,guide,INDEXABLE,308→200,"index, follow",https://www.expatcopilot.com/netherlands/money/banking/account-rejection/,yes,yes,partial_via_redirect,yes,INDEXABLE_BUT_SITEMAP_URL_3XX,P1,"Intent INDEXABLE and content 200, but sitemap loc HTTP status is 3xx (trailing slash)"
https://www.expatcopilot.com/netherlands/money/banking/best-banks-expats/,guide,INDEXABLE,308→200,"index, follow",https://www.expatcopilot.com/netherlands/money/banking/best-banks-expats/,yes,yes,partial_via_redirect,yes,INDEXABLE_BUT_SITEMAP_URL_3XX,P1,"Intent INDEXABLE and content 200, but sitemap loc HTTP status is 3xx (trailing slash)"
https://www.expatcopilot.com/netherlands/money/banking/cash-vs-card/,comparison,INDEXABLE,308→200,"index, follow",https://www.expatcopilot.com/netherlands/money/banking/cash-vs-card/,yes,yes,partial_via_redirect,yes,INDEXABLE_BUT_SITEMAP_URL_3XX,P1,"Intent INDEXABLE and content 200, but sitemap loc HTTP status is 3xx (trailing slash)"
https://www.expatcopilot.com/netherlands/money/banking/best-bank-zzp/,guide,INDEXABLE,308→200,"index, follow",https://www.expatcopilot.com/netherlands/money/banking/best-bank-zzp/,yes,yes,partial_via_redirect,yes,INDEXABLE_BUT_SITEMAP_URL_3XX,P1,"Intent INDEXABLE and content 200, but sitemap loc HTTP status is 3xx (trailing slash)"
https://www.expatcopilot.com/netherlands/money/banking/cheapest-accounts/,guide,INDEXABLE,308→200,"index, follow",https://www.expatcopilot.com/netherlands/money/banking/cheapest-accounts/,yes,yes,partial_via_redirect,yes,INDEXABLE_BUT_SITEMAP_URL_3XX,P1,"Intent INDEXABLE and content 200, but sitemap loc HTTP status is 3xx (trailing slash)"
https://www.expatcopilot.com/netherlands/money/banking/credit-cards/,guide,INDEXABLE,308→200,"index, follow",https://www.expatcopilot.com/netherlands/money/banking/credit-cards/,yes,yes,partial_via_redirect,yes,INDEXABLE_BUT_SITEMAP_URL_3XX,P1,"Intent INDEXABLE and content 200, but sitemap loc HTTP status is 3xx (trailing slash)"
https://www.expatcopilot.com/netherlands/money/banking/fees/,guide,INDEXABLE,308→200,"index, follow",https://www.expatcopilot.com/netherlands/money/banking/fees/,yes,yes,partial_via_redirect,yes,INDEXABLE_BUT_SITEMAP_URL_3XX,P1,"Intent INDEXABLE and content 200, but sitemap loc HTTP status is 3xx (trailing slash)"
https://www.expatcopilot.com/netherlands/money/banking/how-payments-work/,guide,INDEXABLE,308→200,"index, follow",https://www.expatcopilot.com/netherlands/money/banking/how-payments-work/,yes,yes,partial_via_redirect,yes,INDEXABLE_BUT_SITEMAP_URL_3XX,P1,"Intent INDEXABLE and content 200, but sitemap loc HTTP status is 3xx (trailing slash)"
https://www.expatcopilot.com/netherlands/money/banking/debit-cards/,guide,INDEXABLE,308→200,"index, follow",https://www.expatcopilot.com/netherlands/money/banking/debit-cards/,yes,yes,partial_via_redirect,yes,INDEXABLE_BUT_SITEMAP_URL_3XX,P1,"Intent INDEXABLE and content 200, but sitemap loc HTTP status is 3xx (trailing slash)"
https://www.expatcopilot.com/netherlands/money/banking/international-transfers/,guide,INDEXABLE,308→200,"index, follow",https://www.expatcopilot.com/netherlands/money/banking/international-transfers/,yes,yes,partial_via_redirect,yes,INDEXABLE_BUT_SITEMAP_URL_3XX,P1,"Intent INDEXABLE and content 200, but sitemap loc HTTP status is 3xx (trailing slash)"
https://www.expatcopilot.com/netherlands/money/banking/security/,guide,INDEXABLE,308→200,"index, follow",https://www.expatcopilot.com/netherlands/money/banking/security/,yes,yes,partial_via_redirect,yes,INDEXABLE_BUT_SITEMAP_URL_3XX,P1,"Intent INDEXABLE and content 200, but sitemap loc HTTP status is 3xx (trailing slash)"
https://www.expatcopilot.com/netherlands/money/banking/traditional-vs-digital/,comparison,INDEXABLE,308→200,"index, follow",https://www.expatcopilot.com/netherlands/money/banking/traditional-vs-digital/,yes,yes,partial_via_redirect,yes,INDEXABLE_BUT_SITEMAP_URL_3XX,P1,"Intent INDEXABLE and content 200, but sitemap loc HTTP status is 3xx (trailing slash)"
https://www.expatcopilot.com/netherlands/money/banking/types-of-accounts/,guide,INDEXABLE,308→200,"index, follow",https://www.expatcopilot.com/netherlands/money/banking/types-of-accounts/,yes,yes,partial_via_redirect,yes,INDEXABLE_BUT_SITEMAP_URL_3XX,P1,"Intent INDEXABLE and content 200, but sitemap loc HTTP status is 3xx (trailing slash)"
https://www.expatcopilot.com/netherlands/money/banking/wise-vs-revolut/,comparison,INDEXABLE,308→200,"index, follow",https://www.expatcopilot.com/netherlands/money/banking/wise-vs-revolut/,yes,yes,partial_via_redirect,yes,INDEXABLE_BUT_SITEMAP_URL_3XX,P1,"Intent INDEXABLE and content 200, but sitemap loc HTTP status is 3xx (trailing slash)"
https://www.expatcopilot.com/netherlands/money/expat-taxes-netherlands/,guide,INDEXABLE,308→200,"index, follow",https://www.expatcopilot.com/netherlands/money/expat-taxes-netherlands/,yes,yes,partial_via_redirect,yes,INDEXABLE_BUT_SITEMAP_URL_3XX,P1,"Intent INDEXABLE and content 200, but sitemap loc HTTP status is 3xx (trailing slash)"
https://www.expatcopilot.com/netherlands/money/banking/joint-accounts/,guide,INDEXABLE,308→200,,https://www.expatcopilot.com/netherlands/money/banking/joint-accounts/,yes,yes,partial_via_redirect,yes,INDEXABLE_BUT_SITEMAP_URL_3XX,P1,"Intent INDEXABLE and content 200, but sitemap loc HTTP status is 3xx (trailing slash)"
https://www.expatcopilot.com/netherlands/money/banking/student-accounts/,guide,INDEXABLE,308→200,,https://www.expatcopilot.com/netherlands/money/banking/student-accounts/,yes,yes,partial_via_redirect,yes,INDEXABLE_BUT_SITEMAP_URL_3XX,P1,"Intent INDEXABLE and content 200, but sitemap loc HTTP status is 3xx (trailing slash)"
https://www.expatcopilot.com/netherlands/money/how-taxes-work-in-the-netherlands/,guide,INDEXABLE,308→200,"index, follow",https://www.expatcopilot.com/netherlands/money/how-taxes-work-in-the-netherlands/,yes,yes,partial_via_redirect,yes,INDEXABLE_BUT_SITEMAP_URL_3XX,P1,"Intent INDEXABLE and content 200, but sitemap loc HTTP status is 3xx (trailing slash)"
https://www.expatcopilot.com/netherlands/money/financial-checklist-netherlands/,guide,INDEXABLE,308→200,,https://www.expatcopilot.com/netherlands/money/financial-checklist-netherlands/,yes,yes,partial_via_redirect,yes,INDEXABLE_BUT_SITEMAP_URL_3XX,P1,"Intent INDEXABLE and content 200, but sitemap loc HTTP status is 3xx (trailing slash)"
https://www.expatcopilot.com/netherlands/money/hidden-costs-netherlands/,guide,INDEXABLE,308→200,,https://www.expatcopilot.com/netherlands/money/hidden-costs-netherlands/,yes,yes,partial_via_redirect,yes,INDEXABLE_BUT_SITEMAP_URL_3XX,P1,"Intent INDEXABLE and content 200, but sitemap loc HTTP status is 3xx (trailing slash)"
https://www.expatcopilot.com/netherlands/money/cost-of-living-netherlands/,guide,INDEXABLE,308→200,,https://www.expatcopilot.com/netherlands/money/cost-of-living-netherlands/,yes,yes,partial_via_redirect,yes,INDEXABLE_BUT_SITEMAP_URL_3XX,P1,"Intent INDEXABLE and content 200, but sitemap loc HTTP status is 3xx (trailing slash)"
https://www.expatcopilot.com/netherlands/money/tax-guide-for-expats/,guide,INDEXABLE,308→200,,https://www.expatcopilot.com/netherlands/money/tax-guide-for-expats/,yes,yes,partial_via_redirect,yes,INDEXABLE_BUT_SITEMAP_URL_3XX,P1,"Intent INDEXABLE and content 200, but sitemap loc HTTP status is 3xx (trailing slash)"
https://www.expatcopilot.com/netherlands/money/monthly-budget-netherlands/,guide,INDEXABLE,308→200,,https://www.expatcopilot.com/netherlands/money/monthly-budget-netherlands/,yes,yes,partial_via_redirect,yes,INDEXABLE_BUT_SITEMAP_URL_3XX,P1,"Intent INDEXABLE and content 200, but sitemap loc HTTP status is 3xx (trailing slash)"
https://www.expatcopilot.com/netherlands/money/tax-residency-netherlands/,guide,INDEXABLE,308→200,"index, follow",https://www.expatcopilot.com/netherlands/money/tax-residency-netherlands/,yes,yes,partial_via_redirect,yes,INDEXABLE_BUT_SITEMAP_URL_3XX,P1,"Intent INDEXABLE and content 200, but sitemap loc HTTP status is 3xx (trailing slash)"
https://www.expatcopilot.com/netherlands/money/tax-return-netherlands/,guide,INDEXABLE,308→200,"index, follow",https://www.expatcopilot.com/netherlands/money/tax-return-netherlands/,yes,yes,partial_via_redirect,yes,INDEXABLE_BUT_SITEMAP_URL_3XX,P1,"Intent INDEXABLE and content 200, but sitemap loc HTTP status is 3xx (trailing slash)"
https://www.expatcopilot.com/netherlands/money/saving-money-netherlands/,guide,INDEXABLE,308→200,,https://www.expatcopilot.com/netherlands/money/saving-money-netherlands/,yes,yes,partial_via_redirect,yes,INDEXABLE_BUT_SITEMAP_URL_3XX,P1,"Intent INDEXABLE and content 200, but sitemap loc HTTP status is 3xx (trailing slash)"
https://www.expatcopilot.com/netherlands/money/taxes/tax-advisors/,guide,INDEXABLE,308→200,"index, follow",https://www.expatcopilot.com/netherlands/money/taxes/tax-advisors/,yes,yes,partial_via_redirect,yes,INDEXABLE_BUT_SITEMAP_URL_3XX,P1,"Intent INDEXABLE and content 200, but sitemap loc HTTP status is 3xx (trailing slash)"
https://www.expatcopilot.com/netherlands/money/tools/,tool_calculator,INDEXABLE,308→200,,https://www.expatcopilot.com/netherlands/money/tools/,yes,yes,partial_via_redirect,yes,INDEXABLE_BUT_SITEMAP_URL_3XX,P1,"Intent INDEXABLE and content 200, but sitemap loc HTTP status is 3xx (trailing slash)"
https://www.expatcopilot.com/netherlands/moving-mistakes-netherlands/,moving_guide,INDEXABLE,308→200,,https://www.expatcopilot.com/netherlands/moving-mistakes-netherlands/,yes,yes,partial_via_redirect,yes,INDEXABLE_BUT_SITEMAP_URL_3XX,P1,"Intent INDEXABLE and content 200, but sitemap loc HTTP status is 3xx (trailing slash)"
https://www.expatcopilot.com/netherlands/move-to-netherlands-without-job/,moving_guide,INDEXABLE,308→200,,https://www.expatcopilot.com/netherlands/move-to-netherlands-without-job/,yes,yes,partial_via_redirect,yes,INDEXABLE_BUT_SITEMAP_URL_3XX,P1,"Intent INDEXABLE and content 200, but sitemap loc HTTP status is 3xx (trailing slash)"
https://www.expatcopilot.com/netherlands/money/tools/cost-of-living-calculator/,tool_calculator,INDEXABLE,308→200,"index, follow",https://www.expatcopilot.com/netherlands/money/tools/cost-of-living-calculator/,yes,yes,partial_via_redirect,yes,INDEXABLE_BUT_SITEMAP_URL_3XX,P1,"Intent INDEXABLE and content 200, but sitemap loc HTTP status is 3xx (trailing slash)"
https://www.expatcopilot.com/netherlands/moving-requirements-netherlands/,moving_guide,INDEXABLE,308→200,,https://www.expatcopilot.com/netherlands/moving-requirements-netherlands/,yes,yes,partial_via_redirect,yes,INDEXABLE_BUT_SITEMAP_URL_3XX,P1,"Intent INDEXABLE and content 200, but sitemap loc HTTP status is 3xx (trailing slash)"
https://www.expatcopilot.com/netherlands/moving-to-netherlands-cost/,moving_guide,INDEXABLE,308→200,,https://www.expatcopilot.com/netherlands/moving-to-netherlands-cost/,yes,yes,partial_via_redirect,yes,INDEXABLE_BUT_SITEMAP_URL_3XX,P1,"Intent INDEXABLE and content 200, but sitemap loc HTTP status is 3xx (trailing slash)"
https://www.expatcopilot.com/netherlands/moving-checklist-netherlands/,moving_guide,INDEXABLE,308→200,,https://www.expatcopilot.com/netherlands/moving-checklist-netherlands/,yes,yes,partial_via_redirect,yes,INDEXABLE_BUT_SITEMAP_URL_3XX,P1,"Intent INDEXABLE and content 200, but sitemap loc HTTP status is 3xx (trailing slash)"
https://www.expatcopilot.com/netherlands/moving-to-netherlands-from/,origin_country_guide,INDEXABLE,308→200,,https://www.expatcopilot.com/netherlands/moving-to-netherlands-from/,yes,yes,partial_via_redirect,yes,INDEXABLE_BUT_SITEMAP_URL_3XX,P1,"Intent INDEXABLE and content 200, but sitemap loc HTTP status is 3xx (trailing slash)"
https://www.expatcopilot.com/netherlands/moving-to-the-netherlands/,guide,INDEXABLE,308→200,,https://www.expatcopilot.com/netherlands/moving-to-the-netherlands/,yes,yes,partial_via_redirect,yes,INDEXABLE_BUT_SITEMAP_URL_3XX,P1,"Intent INDEXABLE and content 200, but sitemap loc HTTP status is 3xx (trailing slash)"
https://www.expatcopilot.com/netherlands/moving-to-netherlands-steps/,moving_guide,INDEXABLE,308→200,,https://www.expatcopilot.com/netherlands/moving-to-netherlands-steps/,yes,yes,partial_via_redirect,yes,INDEXABLE_BUT_SITEMAP_URL_3XX,P1,"Intent INDEXABLE and content 200, but sitemap loc HTTP status is 3xx (trailing slash)"
https://www.expatcopilot.com/netherlands/moving-to-netherlands-timeline/,moving_guide,INDEXABLE,308→200,,https://www.expatcopilot.com/netherlands/moving-to-netherlands-timeline/,yes,yes,partial_via_redirect,yes,INDEXABLE_BUT_SITEMAP_URL_3XX,P1,"Intent INDEXABLE and content 200, but sitemap loc HTTP status is 3xx (trailing slash)"
https://www.expatcopilot.com/netherlands/moving-to-netherlands-with-family/,moving_guide,INDEXABLE,308→200,,https://www.expatcopilot.com/netherlands/moving-to-netherlands-with-family/,yes,yes,partial_via_redirect,yes,INDEXABLE_BUT_SITEMAP_URL_3XX,P1,"Intent INDEXABLE and content 200, but sitemap loc HTTP status is 3xx (trailing slash)"
https://www.expatcopilot.com/netherlands/moving-to-netherlands-with-kids/,moving_guide,INDEXABLE,308→200,,https://www.expatcopilot.com/netherlands/moving-to-netherlands-with-kids/,yes,yes,partial_via_redirect,yes,INDEXABLE_BUT_SITEMAP_URL_3XX,P1,"Intent INDEXABLE and content 200, but sitemap loc HTTP status is 3xx (trailing slash)"
https://www.expatcopilot.com/netherlands/moving/extensions-changes/,guide,INDEXABLE,308→200,"index, follow",https://www.expatcopilot.com/netherlands/moving/extensions-changes/,yes,yes,partial_via_redirect,yes,INDEXABLE_BUT_SITEMAP_URL_3XX,P1,"Intent INDEXABLE and content 200, but sitemap loc HTTP status is 3xx (trailing slash)"
https://www.expatcopilot.com/netherlands/moving-to-netherlands-with-partner/,moving_guide,INDEXABLE,308→200,,https://www.expatcopilot.com/netherlands/moving-to-netherlands-with-partner/,yes,yes,partial_via_redirect,yes,INDEXABLE_BUT_SITEMAP_URL_3XX,P1,"Intent INDEXABLE and content 200, but sitemap loc HTTP status is 3xx (trailing slash)"
https://www.expatcopilot.com/netherlands/moving/changing-jobs-netherlands/,guide,INDEXABLE,308→200,,https://www.expatcopilot.com/netherlands/moving/changing-jobs-netherlands/,yes,yes,partial_via_redirect,yes,INDEXABLE_BUT_SITEMAP_URL_3XX,P1,"Intent INDEXABLE and content 200, but sitemap loc HTTP status is 3xx (trailing slash)"
https://www.expatcopilot.com/netherlands/moving/moving-to-netherlands-from/argentina/,origin_country_guide,INDEXABLE,308→200,,https://www.expatcopilot.com/netherlands/moving/moving-to-netherlands-from/argentina/,yes,yes,partial_via_redirect,yes,INDEXABLE_BUT_SITEMAP_URL_3XX,P1,"Intent INDEXABLE and content 200, but sitemap loc HTTP status is 3xx (trailing slash)"
https://www.expatcopilot.com/netherlands/moving/moving-to-netherlands-from/australia/,origin_country_guide,INDEXABLE,308→200,,https://www.expatcopilot.com/netherlands/moving/moving-to-netherlands-from/australia/,yes,yes,partial_via_redirect,yes,INDEXABLE_BUT_SITEMAP_URL_3XX,P1,"Intent INDEXABLE and content 200, but sitemap loc HTTP status is 3xx (trailing slash)"
https://www.expatcopilot.com/netherlands/moving/moving-to-netherlands-from/canada/,origin_country_guide,INDEXABLE,308→200,,https://www.expatcopilot.com/netherlands/moving/moving-to-netherlands-from/canada/,yes,yes,partial_via_redirect,yes,INDEXABLE_BUT_SITEMAP_URL_3XX,P1,"Intent INDEXABLE and content 200, but sitemap loc HTTP status is 3xx (trailing slash)"
https://www.expatcopilot.com/netherlands/moving/layoffs-netherlands/,guide,INDEXABLE,308→200,,https://www.expatcopilot.com/netherlands/moving/layoffs-netherlands/,yes,yes,partial_via_redirect,yes,INDEXABLE_BUT_SITEMAP_URL_3XX,P1,"Intent INDEXABLE and content 200, but sitemap loc HTTP status is 3xx (trailing slash)"
https://www.expatcopilot.com/netherlands/moving/moving-to-netherlands-from/brazil/,origin_country_guide,INDEXABLE,308→200,,https://www.expatcopilot.com/netherlands/moving/moving-to-netherlands-from/brazil/,yes,yes,partial_via_redirect,yes,INDEXABLE_BUT_SITEMAP_URL_3XX,P1,"Intent INDEXABLE and content 200, but sitemap loc HTTP status is 3xx (trailing slash)"
https://www.expatcopilot.com/netherlands/moving/moving-to-netherlands-from/chile/,origin_country_guide,INDEXABLE,308→200,,https://www.expatcopilot.com/netherlands/moving/moving-to-netherlands-from/chile/,yes,yes,partial_via_redirect,yes,INDEXABLE_BUT_SITEMAP_URL_3XX,P1,"Intent INDEXABLE and content 200, but sitemap loc HTTP status is 3xx (trailing slash)"
https://www.expatcopilot.com/netherlands/moving/moving-to-netherlands-from/denmark/,origin_country_guide,INDEXABLE,308→200,,https://www.expatcopilot.com/netherlands/moving/moving-to-netherlands-from/denmark/,yes,yes,partial_via_redirect,yes,INDEXABLE_BUT_SITEMAP_URL_3XX,P1,"Intent INDEXABLE and content 200, but sitemap loc HTTP status is 3xx (trailing slash)"
https://www.expatcopilot.com/netherlands/moving/moving-to-netherlands-from/india/,origin_country_guide,INDEXABLE,308→200,,https://www.expatcopilot.com/netherlands/moving/moving-to-netherlands-from/india/,yes,yes,partial_via_redirect,yes,INDEXABLE_BUT_SITEMAP_URL_3XX,P1,"Intent INDEXABLE and content 200, but sitemap loc HTTP status is 3xx (trailing slash)"
https://www.expatcopilot.com/netherlands/moving/moving-to-netherlands-from/indonesia/,origin_country_guide,INDEXABLE,308→200,,https://www.expatcopilot.com/netherlands/moving/moving-to-netherlands-from/indonesia/,yes,yes,partial_via_redirect,yes,INDEXABLE_BUT_SITEMAP_URL_3XX,P1,"Intent INDEXABLE and content 200, but sitemap loc HTTP status is 3xx (trailing slash)"
https://www.expatcopilot.com/netherlands/moving/moving-to-netherlands-from/france/,origin_country_guide,INDEXABLE,308→200,,https://www.expatcopilot.com/netherlands/moving/moving-to-netherlands-from/france/,yes,yes,partial_via_redirect,yes,INDEXABLE_BUT_SITEMAP_URL_3XX,P1,"Intent INDEXABLE and content 200, but sitemap loc HTTP status is 3xx (trailing slash)"
https://www.expatcopilot.com/netherlands/moving/moving-to-netherlands-from/germany/,origin_country_guide,INDEXABLE,308→200,,https://www.expatcopilot.com/netherlands/moving/moving-to-netherlands-from/germany/,yes,yes,partial_via_redirect,yes,INDEXABLE_BUT_SITEMAP_URL_3XX,P1,"Intent INDEXABLE and content 200, but sitemap loc HTTP status is 3xx (trailing slash)"
https://www.expatcopilot.com/netherlands/moving/moving-to-netherlands-from/ireland/,origin_country_guide,INDEXABLE,308→200,,https://www.expatcopilot.com/netherlands/moving/moving-to-netherlands-from/ireland/,yes,yes,partial_via_redirect,yes,INDEXABLE_BUT_SITEMAP_URL_3XX,P1,"Intent INDEXABLE and content 200, but sitemap loc HTTP status is 3xx (trailing slash)"
https://www.expatcopilot.com/netherlands/moving/moving-to-netherlands-from/italy/,origin_country_guide,INDEXABLE,308→200,,https://www.expatcopilot.com/netherlands/moving/moving-to-netherlands-from/italy/,yes,yes,partial_via_redirect,yes,INDEXABLE_BUT_SITEMAP_URL_3XX,P1,"Intent INDEXABLE and content 200, but sitemap loc HTTP status is 3xx (trailing slash)"
https://www.expatcopilot.com/netherlands/moving/moving-to-netherlands-from/japan/,origin_country_guide,INDEXABLE,308→200,,https://www.expatcopilot.com/netherlands/moving/moving-to-netherlands-from/japan/,yes,yes,partial_via_redirect,yes,INDEXABLE_BUT_SITEMAP_URL_3XX,P1,"Intent INDEXABLE and content 200, but sitemap loc HTTP status is 3xx (trailing slash)"
https://www.expatcopilot.com/netherlands/moving/moving-to-netherlands-from/kenya/,origin_country_guide,INDEXABLE,308→200,,https://www.expatcopilot.com/netherlands/moving/moving-to-netherlands-from/kenya/,yes,yes,partial_via_redirect,yes,INDEXABLE_BUT_SITEMAP_URL_3XX,P1,"Intent INDEXABLE and content 200, but sitemap loc HTTP status is 3xx (trailing slash)"
https://www.expatcopilot.com/netherlands/moving/moving-to-netherlands-from/mexico/,origin_country_guide,INDEXABLE,308→200,,https://www.expatcopilot.com/netherlands/moving/moving-to-netherlands-from/mexico/,yes,yes,partial_via_redirect,yes,INDEXABLE_BUT_SITEMAP_URL_3XX,P1,"Intent INDEXABLE and content 200, but sitemap loc HTTP status is 3xx (trailing slash)"
https://www.expatcopilot.com/netherlands/moving/moving-to-netherlands-from/new-zealand/,origin_country_guide,INDEXABLE,308→200,,https://www.expatcopilot.com/netherlands/moving/moving-to-netherlands-from/new-zealand/,yes,yes,partial_via_redirect,yes,INDEXABLE_BUT_SITEMAP_URL_3XX,P1,"Intent INDEXABLE and content 200, but sitemap loc HTTP status is 3xx (trailing slash)"
https://www.expatcopilot.com/netherlands/moving/moving-to-netherlands-from/nigeria/,origin_country_guide,INDEXABLE,308→200,,https://www.expatcopilot.com/netherlands/moving/moving-to-netherlands-from/nigeria/,yes,yes,partial_via_redirect,yes,INDEXABLE_BUT_SITEMAP_URL_3XX,P1,"Intent INDEXABLE and content 200, but sitemap loc HTTP status is 3xx (trailing slash)"
https://www.expatcopilot.com/netherlands/moving/moving-to-netherlands-from/norway/,origin_country_guide,INDEXABLE,308→200,,https://www.expatcopilot.com/netherlands/moving/moving-to-netherlands-from/norway/,yes,yes,partial_via_redirect,yes,INDEXABLE_BUT_SITEMAP_URL_3XX,P1,"Intent INDEXABLE and content 200, but sitemap loc HTTP status is 3xx (trailing slash)"
https://www.expatcopilot.com/netherlands/moving/moving-to-netherlands-from/pakistan/,origin_country_guide,INDEXABLE,308→200,,https://www.expatcopilot.com/netherlands/moving/moving-to-netherlands-from/pakistan/,yes,yes,partial_via_redirect,yes,INDEXABLE_BUT_SITEMAP_URL_3XX,P1,"Intent INDEXABLE and content 200, but sitemap loc HTTP status is 3xx (trailing slash)"
https://www.expatcopilot.com/netherlands/moving/moving-to-netherlands-from/philippines/,origin_country_guide,INDEXABLE,308→200,,https://www.expatcopilot.com/netherlands/moving/moving-to-netherlands-from/philippines/,yes,yes,partial_via_redirect,yes,INDEXABLE_BUT_SITEMAP_URL_3XX,P1,"Intent INDEXABLE and content 200, but sitemap loc HTTP status is 3xx (trailing slash)"
https://www.expatcopilot.com/netherlands/moving/moving-to-netherlands-from/singapore/,origin_country_guide,INDEXABLE,308→200,,https://www.expatcopilot.com/netherlands/moving/moving-to-netherlands-from/singapore/,yes,yes,partial_via_redirect,yes,INDEXABLE_BUT_SITEMAP_URL_3XX,P1,"Intent INDEXABLE and content 200, but sitemap loc HTTP status is 3xx (trailing slash)"
https://www.expatcopilot.com/netherlands/moving/moving-to-netherlands-from/south-africa/,origin_country_guide,INDEXABLE,308→200,,https://www.expatcopilot.com/netherlands/moving/moving-to-netherlands-from/south-africa/,yes,yes,partial_via_redirect,yes,INDEXABLE_BUT_SITEMAP_URL_3XX,P1,"Intent INDEXABLE and content 200, but sitemap loc HTTP status is 3xx (trailing slash)"
https://www.expatcopilot.com/netherlands/moving/moving-to-netherlands-from/south-korea/,origin_country_guide,INDEXABLE,308→200,,https://www.expatcopilot.com/netherlands/moving/moving-to-netherlands-from/south-korea/,yes,yes,partial_via_redirect,yes,INDEXABLE_BUT_SITEMAP_URL_3XX,P1,"Intent INDEXABLE and content 200, but sitemap loc HTTP status is 3xx (trailing slash)"
https://www.expatcopilot.com/netherlands/moving/moving-to-netherlands-from/spain/,origin_country_guide,INDEXABLE,308→200,,https://www.expatcopilot.com/netherlands/moving/moving-to-netherlands-from/spain/,yes,yes,partial_via_redirect,yes,INDEXABLE_BUT_SITEMAP_URL_3XX,P1,"Intent INDEXABLE and content 200, but sitemap loc HTTP status is 3xx (trailing slash)"
https://www.expatcopilot.com/netherlands/moving/moving-to-netherlands-from/sweden/,origin_country_guide,INDEXABLE,308→200,,https://www.expatcopilot.com/netherlands/moving/moving-to-netherlands-from/sweden/,yes,yes,partial_via_redirect,yes,INDEXABLE_BUT_SITEMAP_URL_3XX,P1,"Intent INDEXABLE and content 200, but sitemap loc HTTP status is 3xx (trailing slash)"
https://www.expatcopilot.com/netherlands/moving/moving-to-netherlands-from/switzerland/,origin_country_guide,INDEXABLE,308→200,,https://www.expatcopilot.com/netherlands/moving/moving-to-netherlands-from/switzerland/,yes,yes,partial_via_redirect,yes,INDEXABLE_BUT_SITEMAP_URL_3XX,P1,"Intent INDEXABLE and content 200, but sitemap loc HTTP status is 3xx (trailing slash)"
https://www.expatcopilot.com/netherlands/moving/moving-to-netherlands-from/turkey/,origin_country_guide,INDEXABLE,308→200,,https://www.expatcopilot.com/netherlands/moving/moving-to-netherlands-from/turkey/,yes,yes,partial_via_redirect,yes,INDEXABLE_BUT_SITEMAP_URL_3XX,P1,"Intent INDEXABLE and content 200, but sitemap loc HTTP status is 3xx (trailing slash)"
https://www.expatcopilot.com/netherlands/moving/moving-to-netherlands-from/united-kingdom/,origin_country_guide,INDEXABLE,308→200,,https://www.expatcopilot.com/netherlands/moving/moving-to-netherlands-from/united-kingdom/,yes,yes,partial_via_redirect,yes,INDEXABLE_BUT_SITEMAP_URL_3XX,P1,"Intent INDEXABLE and content 200, but sitemap loc HTTP status is 3xx (trailing slash)"
https://www.expatcopilot.com/netherlands/moving/moving-to-netherlands-from/uae/,origin_country_guide,INDEXABLE,308→200,,https://www.expatcopilot.com/netherlands/moving/moving-to-netherlands-from/uae/,yes,yes,partial_via_redirect,yes,INDEXABLE_BUT_SITEMAP_URL_3XX,P1,"Intent INDEXABLE and content 200, but sitemap loc HTTP status is 3xx (trailing slash)"
https://www.expatcopilot.com/netherlands/moving/moving-to-netherlands-from/united-states/,origin_country_guide,INDEXABLE,308→200,,https://www.expatcopilot.com/netherlands/moving/moving-to-netherlands-from/united-states/,yes,yes,partial_via_redirect,yes,INDEXABLE_BUT_SITEMAP_URL_3XX,P1,"Intent INDEXABLE and content 200, but sitemap loc HTTP status is 3xx (trailing slash)"
https://www.expatcopilot.com/netherlands/moving/residence-permits/,guide,INDEXABLE,308→200,"index, follow",https://www.expatcopilot.com/netherlands/moving/residence-permits/,yes,yes,partial_via_redirect,yes,INDEXABLE_BUT_SITEMAP_URL_3XX,P1,"Intent INDEXABLE and content 200, but sitemap loc HTTP status is 3xx (trailing slash)"
https://www.expatcopilot.com/netherlands/moving/resigning-job-netherlands/,guide,INDEXABLE,308→200,"index, follow",https://www.expatcopilot.com/netherlands/moving/resigning-job-netherlands/,yes,yes,partial_via_redirect,yes,INDEXABLE_BUT_SITEMAP_URL_3XX,P1,"Intent INDEXABLE and content 200, but sitemap loc HTTP status is 3xx (trailing slash)"
https://www.expatcopilot.com/netherlands/moving/status-changes/,guide,INDEXABLE,308→200,"index, follow",https://www.expatcopilot.com/netherlands/moving/status-changes/,yes,yes,partial_via_redirect,yes,INDEXABLE_BUT_SITEMAP_URL_3XX,P1,"Intent INDEXABLE and content 200, but sitemap loc HTTP status is 3xx (trailing slash)"
https://www.expatcopilot.com/netherlands/moving/tools/,tool_calculator,INDEXABLE,308→200,,https://www.expatcopilot.com/netherlands/moving/tools/,yes,yes,partial_via_redirect,yes,INDEXABLE_BUT_SITEMAP_URL_3XX,P1,"Intent INDEXABLE and content 200, but sitemap loc HTTP status is 3xx (trailing slash)"
https://www.expatcopilot.com/netherlands/moving/tools/arrival-planner/from/argentina/,tool_calculator,INDEXABLE,308→200,,https://www.expatcopilot.com/netherlands/moving/tools/arrival-planner/from/argentina/,yes,yes,partial_via_redirect,yes,INDEXABLE_BUT_SITEMAP_URL_3XX,P1,"Intent INDEXABLE and content 200, but sitemap loc HTTP status is 3xx (trailing slash)"
https://www.expatcopilot.com/netherlands/moving/tools/arrival-planner/from/australia/,tool_calculator,INDEXABLE,308→200,,https://www.expatcopilot.com/netherlands/moving/tools/arrival-planner/from/australia/,yes,yes,partial_via_redirect,yes,INDEXABLE_BUT_SITEMAP_URL_3XX,P1,"Intent INDEXABLE and content 200, but sitemap loc HTTP status is 3xx (trailing slash)"
https://www.expatcopilot.com/netherlands/moving/tools/arrival-planner/,tool_calculator,INDEXABLE,308→200,,https://www.expatcopilot.com/netherlands/moving/tools/arrival-planner/,yes,yes,partial_via_redirect,yes,INDEXABLE_BUT_SITEMAP_URL_3XX,P1,"Intent INDEXABLE and content 200, but sitemap loc HTTP status is 3xx (trailing slash)"
https://www.expatcopilot.com/netherlands/moving/tools/arrival-planner/from/canada/,tool_calculator,INDEXABLE,308→200,,https://www.expatcopilot.com/netherlands/moving/tools/arrival-planner/from/canada/,yes,yes,partial_via_redirect,yes,INDEXABLE_BUT_SITEMAP_URL_3XX,P1,"Intent INDEXABLE and content 200, but sitemap loc HTTP status is 3xx (trailing slash)"
https://www.expatcopilot.com/netherlands/moving/tools/arrival-planner/from/brazil/,tool_calculator,INDEXABLE,308→200,,https://www.expatcopilot.com/netherlands/moving/tools/arrival-planner/from/brazil/,yes,yes,partial_via_redirect,yes,INDEXABLE_BUT_SITEMAP_URL_3XX,P1,"Intent INDEXABLE and content 200, but sitemap loc HTTP status is 3xx (trailing slash)"
https://www.expatcopilot.com/netherlands/moving/tools/arrival-planner/from/chile/,tool_calculator,INDEXABLE,308→200,,https://www.expatcopilot.com/netherlands/moving/tools/arrival-planner/from/chile/,yes,yes,partial_via_redirect,yes,INDEXABLE_BUT_SITEMAP_URL_3XX,P1,"Intent INDEXABLE and content 200, but sitemap loc HTTP status is 3xx (trailing slash)"
https://www.expatcopilot.com/netherlands/moving/tools/arrival-planner/from/denmark/,tool_calculator,INDEXABLE,308→200,,https://www.expatcopilot.com/netherlands/moving/tools/arrival-planner/from/denmark/,yes,yes,partial_via_redirect,yes,INDEXABLE_BUT_SITEMAP_URL_3XX,P1,"Intent INDEXABLE and content 200, but sitemap loc HTTP status is 3xx (trailing slash)"
https://www.expatcopilot.com/netherlands/moving/tools/arrival-planner/from/france/,tool_calculator,INDEXABLE,308→200,,https://www.expatcopilot.com/netherlands/moving/tools/arrival-planner/from/france/,yes,yes,partial_via_redirect,yes,INDEXABLE_BUT_SITEMAP_URL_3XX,P1,"Intent INDEXABLE and content 200, but sitemap loc HTTP status is 3xx (trailing slash)"
https://www.expatcopilot.com/netherlands/moving/tools/arrival-planner/from/germany/,tool_calculator,INDEXABLE,308→200,,https://www.expatcopilot.com/netherlands/moving/tools/arrival-planner/from/germany/,yes,yes,partial_via_redirect,yes,INDEXABLE_BUT_SITEMAP_URL_3XX,P1,"Intent INDEXABLE and content 200, but sitemap loc HTTP status is 3xx (trailing slash)"
https://www.expatcopilot.com/netherlands/moving/tools/arrival-planner/from/india/,tool_calculator,INDEXABLE,308→200,,https://www.expatcopilot.com/netherlands/moving/tools/arrival-planner/from/india/,yes,yes,partial_via_redirect,yes,INDEXABLE_BUT_SITEMAP_URL_3XX,P1,"Intent INDEXABLE and content 200, but sitemap loc HTTP status is 3xx (trailing slash)"
https://www.expatcopilot.com/netherlands/moving/tools/arrival-planner/from/indonesia/,tool_calculator,INDEXABLE,308→200,,https://www.expatcopilot.com/netherlands/moving/tools/arrival-planner/from/indonesia/,yes,yes,partial_via_redirect,yes,INDEXABLE_BUT_SITEMAP_URL_3XX,P1,"Intent INDEXABLE and content 200, but sitemap loc HTTP status is 3xx (trailing slash)"
https://www.expatcopilot.com/netherlands/moving/tools/arrival-planner/from/ireland/,tool_calculator,INDEXABLE,308→200,,https://www.expatcopilot.com/netherlands/moving/tools/arrival-planner/from/ireland/,yes,yes,partial_via_redirect,yes,INDEXABLE_BUT_SITEMAP_URL_3XX,P1,"Intent INDEXABLE and content 200, but sitemap loc HTTP status is 3xx (trailing slash)"
https://www.expatcopilot.com/netherlands/moving/tools/arrival-planner/from/italy/,tool_calculator,INDEXABLE,308→200,,https://www.expatcopilot.com/netherlands/moving/tools/arrival-planner/from/italy/,yes,yes,partial_via_redirect,yes,INDEXABLE_BUT_SITEMAP_URL_3XX,P1,"Intent INDEXABLE and content 200, but sitemap loc HTTP status is 3xx (trailing slash)"
https://www.expatcopilot.com/netherlands/moving/tools/arrival-planner/from/japan/,tool_calculator,INDEXABLE,308→200,,https://www.expatcopilot.com/netherlands/moving/tools/arrival-planner/from/japan/,yes,yes,partial_via_redirect,yes,INDEXABLE_BUT_SITEMAP_URL_3XX,P1,"Intent INDEXABLE and content 200, but sitemap loc HTTP status is 3xx (trailing slash)"
https://www.expatcopilot.com/netherlands/moving/tools/arrival-planner/from/kenya/,tool_calculator,INDEXABLE,308→200,,https://www.expatcopilot.com/netherlands/moving/tools/arrival-planner/from/kenya/,yes,yes,partial_via_redirect,yes,INDEXABLE_BUT_SITEMAP_URL_3XX,P1,"Intent INDEXABLE and content 200, but sitemap loc HTTP status is 3xx (trailing slash)"
https://www.expatcopilot.com/netherlands/moving/tools/arrival-planner/from/mexico/,tool_calculator,INDEXABLE,308→200,,https://www.expatcopilot.com/netherlands/moving/tools/arrival-planner/from/mexico/,yes,yes,partial_via_redirect,yes,INDEXABLE_BUT_SITEMAP_URL_3XX,P1,"Intent INDEXABLE and content 200, but sitemap loc HTTP status is 3xx (trailing slash)"
https://www.expatcopilot.com/netherlands/moving/tools/arrival-planner/from/new-zealand/,tool_calculator,INDEXABLE,308→200,,https://www.expatcopilot.com/netherlands/moving/tools/arrival-planner/from/new-zealand/,yes,yes,partial_via_redirect,yes,INDEXABLE_BUT_SITEMAP_URL_3XX,P1,"Intent INDEXABLE and content 200, but sitemap loc HTTP status is 3xx (trailing slash)"
https://www.expatcopilot.com/netherlands/moving/tools/arrival-planner/from/norway/,tool_calculator,INDEXABLE,308→200,,https://www.expatcopilot.com/netherlands/moving/tools/arrival-planner/from/norway/,yes,yes,partial_via_redirect,yes,INDEXABLE_BUT_SITEMAP_URL_3XX,P1,"Intent INDEXABLE and content 200, but sitemap loc HTTP status is 3xx (trailing slash)"
https://www.expatcopilot.com/netherlands/moving/tools/arrival-planner/from/pakistan/,tool_calculator,INDEXABLE,308→200,,https://www.expatcopilot.com/netherlands/moving/tools/arrival-planner/from/pakistan/,yes,yes,partial_via_redirect,yes,INDEXABLE_BUT_SITEMAP_URL_3XX,P1,"Intent INDEXABLE and content 200, but sitemap loc HTTP status is 3xx (trailing slash)"
https://www.expatcopilot.com/netherlands/moving/tools/arrival-planner/from/nigeria/,tool_calculator,INDEXABLE,308→404,noindex,,yes,yes,no,yes,ACCIDENTALLY_NON_INDEXABLE,P0,should be indexable but status=308/404 robots=noindex in_sitemap=yes
https://www.expatcopilot.com/netherlands/moving/tools/arrival-planner/from/singapore/,tool_calculator,INDEXABLE,308→200,,https://www.expatcopilot.com/netherlands/moving/tools/arrival-planner/from/singapore/,yes,yes,partial_via_redirect,yes,INDEXABLE_BUT_SITEMAP_URL_3XX,P1,"Intent INDEXABLE and content 200, but sitemap loc HTTP status is 3xx (trailing slash)"
https://www.expatcopilot.com/netherlands/moving/tools/arrival-planner/from/south-africa/,tool_calculator,INDEXABLE,308→200,,https://www.expatcopilot.com/netherlands/moving/tools/arrival-planner/from/south-africa/,yes,yes,partial_via_redirect,yes,INDEXABLE_BUT_SITEMAP_URL_3XX,P1,"Intent INDEXABLE and content 200, but sitemap loc HTTP status is 3xx (trailing slash)"
https://www.expatcopilot.com/netherlands/moving/tools/arrival-planner/from/philippines/,tool_calculator,INDEXABLE,308→404,noindex,,yes,yes,no,yes,ACCIDENTALLY_NON_INDEXABLE,P0,should be indexable but status=308/404 robots=noindex in_sitemap=yes
https://www.expatcopilot.com/netherlands/moving/tools/arrival-planner/from/south-korea/,tool_calculator,INDEXABLE,308→200,,https://www.expatcopilot.com/netherlands/moving/tools/arrival-planner/from/south-korea/,yes,yes,partial_via_redirect,yes,INDEXABLE_BUT_SITEMAP_URL_3XX,P1,"Intent INDEXABLE and content 200, but sitemap loc HTTP status is 3xx (trailing slash)"
https://www.expatcopilot.com/netherlands/moving/tools/arrival-planner/from/switzerland/,tool_calculator,INDEXABLE,308→200,,https://www.expatcopilot.com/netherlands/moving/tools/arrival-planner/from/switzerland/,yes,yes,partial_via_redirect,yes,INDEXABLE_BUT_SITEMAP_URL_3XX,P1,"Intent INDEXABLE and content 200, but sitemap loc HTTP status is 3xx (trailing slash)"
https://www.expatcopilot.com/netherlands/moving/tools/arrival-planner/from/spain/,tool_calculator,INDEXABLE,308→200,,https://www.expatcopilot.com/netherlands/moving/tools/arrival-planner/from/spain/,yes,yes,partial_via_redirect,yes,INDEXABLE_BUT_SITEMAP_URL_3XX,P1,"Intent INDEXABLE and content 200, but sitemap loc HTTP status is 3xx (trailing slash)"
https://www.expatcopilot.com/netherlands/moving/tools/arrival-planner/from/sweden/,tool_calculator,INDEXABLE,308→200,,https://www.expatcopilot.com/netherlands/moving/tools/arrival-planner/from/sweden/,yes,yes,partial_via_redirect,yes,INDEXABLE_BUT_SITEMAP_URL_3XX,P1,"Intent INDEXABLE and content 200, but sitemap loc HTTP status is 3xx (trailing slash)"
https://www.expatcopilot.com/netherlands/moving/tools/arrival-planner/from/turkey/,tool_calculator,INDEXABLE,308→200,,https://www.expatcopilot.com/netherlands/moving/tools/arrival-planner/from/turkey/,yes,yes,partial_via_redirect,yes,INDEXABLE_BUT_SITEMAP_URL_3XX,P1,"Intent INDEXABLE and content 200, but sitemap loc HTTP status is 3xx (trailing slash)"
https://www.expatcopilot.com/netherlands/moving/tools/arrival-planner/from/uae/,tool_calculator,INDEXABLE,308→200,,https://www.expatcopilot.com/netherlands/moving/tools/arrival-planner/from/uae/,yes,yes,partial_via_redirect,yes,INDEXABLE_BUT_SITEMAP_URL_3XX,P1,"Intent INDEXABLE and content 200, but sitemap loc HTTP status is 3xx (trailing slash)"
https://www.expatcopilot.com/netherlands/moving/tools/arrival-planner/from/united-kingdom/,tool_calculator,INDEXABLE,308→200,,https://www.expatcopilot.com/netherlands/moving/tools/arrival-planner/from/united-kingdom/,yes,yes,partial_via_redirect,yes,INDEXABLE_BUT_SITEMAP_URL_3XX,P1,"Intent INDEXABLE and content 200, but sitemap loc HTTP status is 3xx (trailing slash)"
https://www.expatcopilot.com/netherlands/moving/tools/arrival-planner/from/united-states/,tool_calculator,INDEXABLE,308→200,,https://www.expatcopilot.com/netherlands/moving/tools/arrival-planner/from/united-states/,yes,yes,partial_via_redirect,yes,INDEXABLE_BUT_SITEMAP_URL_3XX,P1,"Intent INDEXABLE and content 200, but sitemap loc HTTP status is 3xx (trailing slash)"
https://www.expatcopilot.com/netherlands/moving/tools/document-readiness/from/argentina/,tool_calculator,INDEXABLE,308→200,,https://www.expatcopilot.com/netherlands/moving/tools/document-readiness/from/argentina/,yes,yes,partial_via_redirect,yes,INDEXABLE_BUT_SITEMAP_URL_3XX,P1,"Intent INDEXABLE and content 200, but sitemap loc HTTP status is 3xx (trailing slash)"
https://www.expatcopilot.com/netherlands/moving/tools/document-readiness/from/australia/,tool_calculator,INDEXABLE,308→200,,https://www.expatcopilot.com/netherlands/moving/tools/document-readiness/from/australia/,yes,yes,partial_via_redirect,yes,INDEXABLE_BUT_SITEMAP_URL_3XX,P1,"Intent INDEXABLE and content 200, but sitemap loc HTTP status is 3xx (trailing slash)"
https://www.expatcopilot.com/netherlands/moving/tools/document-readiness/from/brazil/,tool_calculator,INDEXABLE,308→200,,https://www.expatcopilot.com/netherlands/moving/tools/document-readiness/from/brazil/,yes,yes,partial_via_redirect,yes,INDEXABLE_BUT_SITEMAP_URL_3XX,P1,"Intent INDEXABLE and content 200, but sitemap loc HTTP status is 3xx (trailing slash)"
https://www.expatcopilot.com/netherlands/moving/tools/document-readiness/from/canada/,tool_calculator,INDEXABLE,308→200,,https://www.expatcopilot.com/netherlands/moving/tools/document-readiness/from/canada/,yes,yes,partial_via_redirect,yes,INDEXABLE_BUT_SITEMAP_URL_3XX,P1,"Intent INDEXABLE and content 200, but sitemap loc HTTP status is 3xx (trailing slash)"
https://www.expatcopilot.com/netherlands/moving/tools/document-readiness/from/chile/,tool_calculator,INDEXABLE,308→200,,https://www.expatcopilot.com/netherlands/moving/tools/document-readiness/from/chile/,yes,yes,partial_via_redirect,yes,INDEXABLE_BUT_SITEMAP_URL_3XX,P1,"Intent INDEXABLE and content 200, but sitemap loc HTTP status is 3xx (trailing slash)"
https://www.expatcopilot.com/netherlands/moving/tools/document-readiness/from/denmark/,tool_calculator,INDEXABLE,308→200,,https://www.expatcopilot.com/netherlands/moving/tools/document-readiness/from/denmark/,yes,yes,partial_via_redirect,yes,INDEXABLE_BUT_SITEMAP_URL_3XX,P1,"Intent INDEXABLE and content 200, but sitemap loc HTTP status is 3xx (trailing slash)"
https://www.expatcopilot.com/netherlands/moving/tools/document-readiness/from/france/,tool_calculator,INDEXABLE,308→200,,https://www.expatcopilot.com/netherlands/moving/tools/document-readiness/from/france/,yes,yes,partial_via_redirect,yes,INDEXABLE_BUT_SITEMAP_URL_3XX,P1,"Intent INDEXABLE and content 200, but sitemap loc HTTP status is 3xx (trailing slash)"
https://www.expatcopilot.com/netherlands/moving/tools/document-readiness/from/india/,tool_calculator,INDEXABLE,308→200,,https://www.expatcopilot.com/netherlands/moving/tools/document-readiness/from/india/,yes,yes,partial_via_redirect,yes,INDEXABLE_BUT_SITEMAP_URL_3XX,P1,"Intent INDEXABLE and content 200, but sitemap loc HTTP status is 3xx (trailing slash)"
https://www.expatcopilot.com/netherlands/moving/tools/document-readiness/from/germany/,tool_calculator,INDEXABLE,308→200,,https://www.expatcopilot.com/netherlands/moving/tools/document-readiness/from/germany/,yes,yes,partial_via_redirect,yes,INDEXABLE_BUT_SITEMAP_URL_3XX,P1,"Intent INDEXABLE and content 200, but sitemap loc HTTP status is 3xx (trailing slash)"
https://www.expatcopilot.com/netherlands/moving/tools/document-readiness/from/indonesia/,tool_calculator,INDEXABLE,308→200,,https://www.expatcopilot.com/netherlands/moving/tools/document-readiness/from/indonesia/,yes,yes,partial_via_redirect,yes,INDEXABLE_BUT_SITEMAP_URL_3XX,P1,"Intent INDEXABLE and content 200, but sitemap loc HTTP status is 3xx (trailing slash)"
https://www.expatcopilot.com/netherlands/moving/tools/document-readiness/from/ireland/,tool_calculator,INDEXABLE,308→200,,https://www.expatcopilot.com/netherlands/moving/tools/document-readiness/from/ireland/,yes,yes,partial_via_redirect,yes,INDEXABLE_BUT_SITEMAP_URL_3XX,P1,"Intent INDEXABLE and content 200, but sitemap loc HTTP status is 3xx (trailing slash)"
https://www.expatcopilot.com/netherlands/moving/tools/document-readiness/from/kenya/,tool_calculator,INDEXABLE,308→200,,https://www.expatcopilot.com/netherlands/moving/tools/document-readiness/from/kenya/,yes,yes,partial_via_redirect,yes,INDEXABLE_BUT_SITEMAP_URL_3XX,P1,"Intent INDEXABLE and content 200, but sitemap loc HTTP status is 3xx (trailing slash)"
https://www.expatcopilot.com/netherlands/moving/tools/document-readiness/from/italy/,tool_calculator,INDEXABLE,308→200,,https://www.expatcopilot.com/netherlands/moving/tools/document-readiness/from/italy/,yes,yes,partial_via_redirect,yes,INDEXABLE_BUT_SITEMAP_URL_3XX,P1,"Intent INDEXABLE and content 200, but sitemap loc HTTP status is 3xx (trailing slash)"
https://www.expatcopilot.com/netherlands/moving/tools/document-readiness/from/japan/,tool_calculator,INDEXABLE,308→200,,https://www.expatcopilot.com/netherlands/moving/tools/document-readiness/from/japan/,yes,yes,partial_via_redirect,yes,INDEXABLE_BUT_SITEMAP_URL_3XX,P1,"Intent INDEXABLE and content 200, but sitemap loc HTTP status is 3xx (trailing slash)"
https://www.expatcopilot.com/netherlands/moving/tools/document-readiness/from/mexico/,tool_calculator,INDEXABLE,308→200,,https://www.expatcopilot.com/netherlands/moving/tools/document-readiness/from/mexico/,yes,yes,partial_via_redirect,yes,INDEXABLE_BUT_SITEMAP_URL_3XX,P1,"Intent INDEXABLE and content 200, but sitemap loc HTTP status is 3xx (trailing slash)"
https://www.expatcopilot.com/netherlands/moving/tools/document-readiness/from/new-zealand/,tool_calculator,INDEXABLE,308→200,,https://www.expatcopilot.com/netherlands/moving/tools/document-readiness/from/new-zealand/,yes,yes,partial_via_redirect,yes,INDEXABLE_BUT_SITEMAP_URL_3XX,P1,"Intent INDEXABLE and content 200, but sitemap loc HTTP status is 3xx (trailing slash)"
https://www.expatcopilot.com/netherlands/moving/tools/document-readiness/from/norway/,tool_calculator,INDEXABLE,308→200,,https://www.expatcopilot.com/netherlands/moving/tools/document-readiness/from/norway/,yes,yes,partial_via_redirect,yes,INDEXABLE_BUT_SITEMAP_URL_3XX,P1,"Intent INDEXABLE and content 200, but sitemap loc HTTP status is 3xx (trailing slash)"
https://www.expatcopilot.com/netherlands/moving/tools/document-readiness/from/nigeria/,tool_calculator,INDEXABLE,308→404,noindex,,yes,yes,no,yes,ACCIDENTALLY_NON_INDEXABLE,P0,should be indexable but status=308/404 robots=noindex in_sitemap=yes
https://www.expatcopilot.com/netherlands/moving/tools/document-readiness/from/pakistan/,tool_calculator,INDEXABLE,308→200,,https://www.expatcopilot.com/netherlands/moving/tools/document-readiness/from/pakistan/,yes,yes,partial_via_redirect,yes,INDEXABLE_BUT_SITEMAP_URL_3XX,P1,"Intent INDEXABLE and content 200, but sitemap loc HTTP status is 3xx (trailing slash)"
https://www.expatcopilot.com/netherlands/moving/tools/document-readiness/from/singapore/,tool_calculator,INDEXABLE,308→200,,https://www.expatcopilot.com/netherlands/moving/tools/document-readiness/from/singapore/,yes,yes,partial_via_redirect,yes,INDEXABLE_BUT_SITEMAP_URL_3XX,P1,"Intent INDEXABLE and content 200, but sitemap loc HTTP status is 3xx (trailing slash)"
https://www.expatcopilot.com/netherlands/moving/tools/document-readiness/from/south-africa/,tool_calculator,INDEXABLE,308→200,,https://www.expatcopilot.com/netherlands/moving/tools/document-readiness/from/south-africa/,yes,yes,partial_via_redirect,yes,INDEXABLE_BUT_SITEMAP_URL_3XX,P1,"Intent INDEXABLE and content 200, but sitemap loc HTTP status is 3xx (trailing slash)"
https://www.expatcopilot.com/netherlands/moving/tools/document-readiness/from/south-korea/,tool_calculator,INDEXABLE,308→200,,https://www.expatcopilot.com/netherlands/moving/tools/document-readiness/from/south-korea/,yes,yes,partial_via_redirect,yes,INDEXABLE_BUT_SITEMAP_URL_3XX,P1,"Intent INDEXABLE and content 200, but sitemap loc HTTP status is 3xx (trailing slash)"
https://www.expatcopilot.com/netherlands/moving/tools/document-readiness/from/philippines/,tool_calculator,INDEXABLE,308→404,noindex,,yes,yes,no,yes,ACCIDENTALLY_NON_INDEXABLE,P0,should be indexable but status=308/404 robots=noindex in_sitemap=yes
https://www.expatcopilot.com/netherlands/moving/tools/document-readiness/from/spain/,tool_calculator,INDEXABLE,308→200,,https://www.expatcopilot.com/netherlands/moving/tools/document-readiness/from/spain/,yes,yes,partial_via_redirect,yes,INDEXABLE_BUT_SITEMAP_URL_3XX,P1,"Intent INDEXABLE and content 200, but sitemap loc HTTP status is 3xx (trailing slash)"
https://www.expatcopilot.com/netherlands/moving/tools/document-readiness/from/switzerland/,tool_calculator,INDEXABLE,308→200,,https://www.expatcopilot.com/netherlands/moving/tools/document-readiness/from/switzerland/,yes,yes,partial_via_redirect,yes,INDEXABLE_BUT_SITEMAP_URL_3XX,P1,"Intent INDEXABLE and content 200, but sitemap loc HTTP status is 3xx (trailing slash)"
https://www.expatcopilot.com/netherlands/moving/tools/document-readiness/from/sweden/,tool_calculator,INDEXABLE,308→200,,https://www.expatcopilot.com/netherlands/moving/tools/document-readiness/from/sweden/,yes,yes,partial_via_redirect,yes,INDEXABLE_BUT_SITEMAP_URL_3XX,P1,"Intent INDEXABLE and content 200, but sitemap loc HTTP status is 3xx (trailing slash)"
https://www.expatcopilot.com/netherlands/moving/tools/document-readiness/from/uae/,tool_calculator,INDEXABLE,308→200,,https://www.expatcopilot.com/netherlands/moving/tools/document-readiness/from/uae/,yes,yes,partial_via_redirect,yes,INDEXABLE_BUT_SITEMAP_URL_3XX,P1,"Intent INDEXABLE and content 200, but sitemap loc HTTP status is 3xx (trailing slash)"
https://www.expatcopilot.com/netherlands/moving/tools/document-readiness/from/turkey/,tool_calculator,INDEXABLE,308→200,,https://www.expatcopilot.com/netherlands/moving/tools/document-readiness/from/turkey/,yes,yes,partial_via_redirect,yes,INDEXABLE_BUT_SITEMAP_URL_3XX,P1,"Intent INDEXABLE and content 200, but sitemap loc HTTP status is 3xx (trailing slash)"
https://www.expatcopilot.com/netherlands/moving/tools/document-readiness/from/united-kingdom/,tool_calculator,INDEXABLE,308→200,,https://www.expatcopilot.com/netherlands/moving/tools/document-readiness/from/united-kingdom/,yes,yes,partial_via_redirect,yes,INDEXABLE_BUT_SITEMAP_URL_3XX,P1,"Intent INDEXABLE and content 200, but sitemap loc HTTP status is 3xx (trailing slash)"
https://www.expatcopilot.com/netherlands/moving/tools/document-readiness/from/united-states/,tool_calculator,INDEXABLE,308→200,,https://www.expatcopilot.com/netherlands/moving/tools/document-readiness/from/united-states/,yes,yes,partial_via_redirect,yes,INDEXABLE_BUT_SITEMAP_URL_3XX,P1,"Intent INDEXABLE and content 200, but sitemap loc HTTP status is 3xx (trailing slash)"
https://www.expatcopilot.com/netherlands/moving/tools/first-90-days/from/argentina/,tool_calculator,INDEXABLE,308→200,,https://www.expatcopilot.com/netherlands/moving/tools/first-90-days/from/argentina/,yes,yes,partial_via_redirect,yes,INDEXABLE_BUT_SITEMAP_URL_3XX,P1,"Intent INDEXABLE and content 200, but sitemap loc HTTP status is 3xx (trailing slash)"
https://www.expatcopilot.com/netherlands/moving/tools/first-90-days/from/brazil/,tool_calculator,INDEXABLE,308→200,,https://www.expatcopilot.com/netherlands/moving/tools/first-90-days/from/brazil/,yes,yes,partial_via_redirect,yes,INDEXABLE_BUT_SITEMAP_URL_3XX,P1,"Intent INDEXABLE and content 200, but sitemap loc HTTP status is 3xx (trailing slash)"
https://www.expatcopilot.com/netherlands/moving/tools/first-90-days/from/australia/,tool_calculator,INDEXABLE,308→200,,https://www.expatcopilot.com/netherlands/moving/tools/first-90-days/from/australia/,yes,yes,partial_via_redirect,yes,INDEXABLE_BUT_SITEMAP_URL_3XX,P1,"Intent INDEXABLE and content 200, but sitemap loc HTTP status is 3xx (trailing slash)"
https://www.expatcopilot.com/netherlands/moving/tools/first-90-days/,tool_calculator,INDEXABLE,308→200,,https://www.expatcopilot.com/netherlands/moving/tools/first-90-days/,yes,yes,partial_via_redirect,yes,INDEXABLE_BUT_SITEMAP_URL_3XX,P1,"Intent INDEXABLE and content 200, but sitemap loc HTTP status is 3xx (trailing slash)"
https://www.expatcopilot.com/netherlands/moving/tools/first-90-days/from/canada/,tool_calculator,INDEXABLE,308→200,,https://www.expatcopilot.com/netherlands/moving/tools/first-90-days/from/canada/,yes,yes,partial_via_redirect,yes,INDEXABLE_BUT_SITEMAP_URL_3XX,P1,"Intent INDEXABLE and content 200, but sitemap loc HTTP status is 3xx (trailing slash)"
https://www.expatcopilot.com/netherlands/moving/tools/first-90-days/from/chile/,tool_calculator,INDEXABLE,308→200,,https://www.expatcopilot.com/netherlands/moving/tools/first-90-days/from/chile/,yes,yes,partial_via_redirect,yes,INDEXABLE_BUT_SITEMAP_URL_3XX,P1,"Intent INDEXABLE and content 200, but sitemap loc HTTP status is 3xx (trailing slash)"
https://www.expatcopilot.com/netherlands/moving/tools/first-90-days/from/denmark/,tool_calculator,INDEXABLE,308→200,,https://www.expatcopilot.com/netherlands/moving/tools/first-90-days/from/denmark/,yes,yes,partial_via_redirect,yes,INDEXABLE_BUT_SITEMAP_URL_3XX,P1,"Intent INDEXABLE and content 200, but sitemap loc HTTP status is 3xx (trailing slash)"
https://www.expatcopilot.com/netherlands/moving/tools/first-90-days/from/germany/,tool_calculator,INDEXABLE,308→200,,https://www.expatcopilot.com/netherlands/moving/tools/first-90-days/from/germany/,yes,yes,partial_via_redirect,yes,INDEXABLE_BUT_SITEMAP_URL_3XX,P1,"Intent INDEXABLE and content 200, but sitemap loc HTTP status is 3xx (trailing slash)"
https://www.expatcopilot.com/netherlands/moving/tools/first-90-days/from/france/,tool_calculator,INDEXABLE,308→200,,https://www.expatcopilot.com/netherlands/moving/tools/first-90-days/from/france/,yes,yes,partial_via_redirect,yes,INDEXABLE_BUT_SITEMAP_URL_3XX,P1,"Intent INDEXABLE and content 200, but sitemap loc HTTP status is 3xx (trailing slash)"
https://www.expatcopilot.com/netherlands/moving/tools/first-90-days/from/india/,tool_calculator,INDEXABLE,308→200,,https://www.expatcopilot.com/netherlands/moving/tools/first-90-days/from/india/,yes,yes,partial_via_redirect,yes,INDEXABLE_BUT_SITEMAP_URL_3XX,P1,"Intent INDEXABLE and content 200, but sitemap loc HTTP status is 3xx (trailing slash)"
https://www.expatcopilot.com/netherlands/moving/tools/first-90-days/from/indonesia/,tool_calculator,INDEXABLE,308→200,,https://www.expatcopilot.com/netherlands/moving/tools/first-90-days/from/indonesia/,yes,yes,partial_via_redirect,yes,INDEXABLE_BUT_SITEMAP_URL_3XX,P1,"Intent INDEXABLE and content 200, but sitemap loc HTTP status is 3xx (trailing slash)"
https://www.expatcopilot.com/netherlands/moving/tools/first-90-days/from/ireland/,tool_calculator,INDEXABLE,308→200,,https://www.expatcopilot.com/netherlands/moving/tools/first-90-days/from/ireland/,yes,yes,partial_via_redirect,yes,INDEXABLE_BUT_SITEMAP_URL_3XX,P1,"Intent INDEXABLE and content 200, but sitemap loc HTTP status is 3xx (trailing slash)"
https://www.expatcopilot.com/netherlands/moving/tools/first-90-days/from/italy/,tool_calculator,INDEXABLE,308→200,,https://www.expatcopilot.com/netherlands/moving/tools/first-90-days/from/italy/,yes,yes,partial_via_redirect,yes,INDEXABLE_BUT_SITEMAP_URL_3XX,P1,"Intent INDEXABLE and content 200, but sitemap loc HTTP status is 3xx (trailing slash)"
https://www.expatcopilot.com/netherlands/moving/tools/first-90-days/from/japan/,tool_calculator,INDEXABLE,308→200,,https://www.expatcopilot.com/netherlands/moving/tools/first-90-days/from/japan/,yes,yes,partial_via_redirect,yes,INDEXABLE_BUT_SITEMAP_URL_3XX,P1,"Intent INDEXABLE and content 200, but sitemap loc HTTP status is 3xx (trailing slash)"
https://www.expatcopilot.com/netherlands/moving/tools/first-90-days/from/kenya/,tool_calculator,INDEXABLE,308→200,,https://www.expatcopilot.com/netherlands/moving/tools/first-90-days/from/kenya/,yes,yes,partial_via_redirect,yes,INDEXABLE_BUT_SITEMAP_URL_3XX,P1,"Intent INDEXABLE and content 200, but sitemap loc HTTP status is 3xx (trailing slash)"
https://www.expatcopilot.com/netherlands/moving/tools/first-90-days/from/mexico/,tool_calculator,INDEXABLE,308→200,,https://www.expatcopilot.com/netherlands/moving/tools/first-90-days/from/mexico/,yes,yes,partial_via_redirect,yes,INDEXABLE_BUT_SITEMAP_URL_3XX,P1,"Intent INDEXABLE and content 200, but sitemap loc HTTP status is 3xx (trailing slash)"
https://www.expatcopilot.com/netherlands/moving/tools/first-90-days/from/new-zealand/,tool_calculator,INDEXABLE,308→200,,https://www.expatcopilot.com/netherlands/moving/tools/first-90-days/from/new-zealand/,yes,yes,partial_via_redirect,yes,INDEXABLE_BUT_SITEMAP_URL_3XX,P1,"Intent INDEXABLE and content 200, but sitemap loc HTTP status is 3xx (trailing slash)"
https://www.expatcopilot.com/netherlands/moving/tools/first-90-days/from/norway/,tool_calculator,INDEXABLE,308→200,,https://www.expatcopilot.com/netherlands/moving/tools/first-90-days/from/norway/,yes,yes,partial_via_redirect,yes,INDEXABLE_BUT_SITEMAP_URL_3XX,P1,"Intent INDEXABLE and content 200, but sitemap loc HTTP status is 3xx (trailing slash)"
https://www.expatcopilot.com/netherlands/moving/tools/first-90-days/from/pakistan/,tool_calculator,INDEXABLE,308→200,,https://www.expatcopilot.com/netherlands/moving/tools/first-90-days/from/pakistan/,yes,yes,partial_via_redirect,yes,INDEXABLE_BUT_SITEMAP_URL_3XX,P1,"Intent INDEXABLE and content 200, but sitemap loc HTTP status is 3xx (trailing slash)"
https://www.expatcopilot.com/netherlands/moving/tools/first-90-days/from/nigeria/,tool_calculator,INDEXABLE,308→404,noindex,,yes,yes,no,yes,ACCIDENTALLY_NON_INDEXABLE,P0,should be indexable but status=308/404 robots=noindex in_sitemap=yes
https://www.expatcopilot.com/netherlands/moving/tools/first-90-days/from/singapore/,tool_calculator,INDEXABLE,308→200,,https://www.expatcopilot.com/netherlands/moving/tools/first-90-days/from/singapore/,yes,yes,partial_via_redirect,yes,INDEXABLE_BUT_SITEMAP_URL_3XX,P1,"Intent INDEXABLE and content 200, but sitemap loc HTTP status is 3xx (trailing slash)"
https://www.expatcopilot.com/netherlands/moving/tools/first-90-days/from/philippines/,tool_calculator,INDEXABLE,308→404,noindex,,yes,yes,no,yes,ACCIDENTALLY_NON_INDEXABLE,P0,should be indexable but status=308/404 robots=noindex in_sitemap=yes
https://www.expatcopilot.com/netherlands/moving/tools/first-90-days/from/south-africa/,tool_calculator,INDEXABLE,308→200,,https://www.expatcopilot.com/netherlands/moving/tools/first-90-days/from/south-africa/,yes,yes,partial_via_redirect,yes,INDEXABLE_BUT_SITEMAP_URL_3XX,P1,"Intent INDEXABLE and content 200, but sitemap loc HTTP status is 3xx (trailing slash)"
https://www.expatcopilot.com/netherlands/moving/tools/first-90-days/from/south-korea/,tool_calculator,INDEXABLE,308→200,,https://www.expatcopilot.com/netherlands/moving/tools/first-90-days/from/south-korea/,yes,yes,partial_via_redirect,yes,INDEXABLE_BUT_SITEMAP_URL_3XX,P1,"Intent INDEXABLE and content 200, but sitemap loc HTTP status is 3xx (trailing slash)"
https://www.expatcopilot.com/netherlands/moving/tools/first-90-days/from/spain/,tool_calculator,INDEXABLE,308→200,,https://www.expatcopilot.com/netherlands/moving/tools/first-90-days/from/spain/,yes,yes,partial_via_redirect,yes,INDEXABLE_BUT_SITEMAP_URL_3XX,P1,"Intent INDEXABLE and content 200, but sitemap loc HTTP status is 3xx (trailing slash)"
https://www.expatcopilot.com/netherlands/moving/tools/first-90-days/from/sweden/,tool_calculator,INDEXABLE,308→200,,https://www.expatcopilot.com/netherlands/moving/tools/first-90-days/from/sweden/,yes,yes,partial_via_redirect,yes,INDEXABLE_BUT_SITEMAP_URL_3XX,P1,"Intent INDEXABLE and content 200, but sitemap loc HTTP status is 3xx (trailing slash)"
https://www.expatcopilot.com/netherlands/moving/tools/first-90-days/from/switzerland/,tool_calculator,INDEXABLE,308→200,,https://www.expatcopilot.com/netherlands/moving/tools/first-90-days/from/switzerland/,yes,yes,partial_via_redirect,yes,INDEXABLE_BUT_SITEMAP_URL_3XX,P1,"Intent INDEXABLE and content 200, but sitemap loc HTTP status is 3xx (trailing slash)"
https://www.expatcopilot.com/netherlands/moving/tools/first-90-days/from/united-kingdom/,tool_calculator,INDEXABLE,308→200,,https://www.expatcopilot.com/netherlands/moving/tools/first-90-days/from/united-kingdom/,yes,yes,partial_via_redirect,yes,INDEXABLE_BUT_SITEMAP_URL_3XX,P1,"Intent INDEXABLE and content 200, but sitemap loc HTTP status is 3xx (trailing slash)"
https://www.expatcopilot.com/netherlands/moving/tools/first-90-days/from/turkey/,tool_calculator,INDEXABLE,308→200,,https://www.expatcopilot.com/netherlands/moving/tools/first-90-days/from/turkey/,yes,yes,partial_via_redirect,yes,INDEXABLE_BUT_SITEMAP_URL_3XX,P1,"Intent INDEXABLE and content 200, but sitemap loc HTTP status is 3xx (trailing slash)"
https://www.expatcopilot.com/netherlands/moving/tools/first-90-days/from/uae/,tool_calculator,INDEXABLE,308→200,,https://www.expatcopilot.com/netherlands/moving/tools/first-90-days/from/uae/,yes,yes,partial_via_redirect,yes,INDEXABLE_BUT_SITEMAP_URL_3XX,P1,"Intent INDEXABLE and content 200, but sitemap loc HTTP status is 3xx (trailing slash)"
https://www.expatcopilot.com/netherlands/moving/tools/hsm-salary-checker/,tool_calculator,INDEXABLE,308→200,,https://www.expatcopilot.com/netherlands/moving/tools/hsm-salary-checker/,yes,yes,partial_via_redirect,yes,INDEXABLE_BUT_SITEMAP_URL_3XX,P1,"Intent INDEXABLE and content 200, but sitemap loc HTTP status is 3xx (trailing slash)"
https://www.expatcopilot.com/netherlands/moving/tools/first-90-days/from/united-states/,tool_calculator,INDEXABLE,308→200,,https://www.expatcopilot.com/netherlands/moving/tools/first-90-days/from/united-states/,yes,yes,partial_via_redirect,yes,INDEXABLE_BUT_SITEMAP_URL_3XX,P1,"Intent INDEXABLE and content 200, but sitemap loc HTTP status is 3xx (trailing slash)"
https://www.expatcopilot.com/netherlands/moving/tools/moving-checklist/,tool_calculator,INDEXABLE,308→200,,https://www.expatcopilot.com/netherlands/moving/tools/moving-checklist/,yes,yes,partial_via_redirect,yes,INDEXABLE_BUT_SITEMAP_URL_3XX,P1,"Intent INDEXABLE and content 200, but sitemap loc HTTP status is 3xx (trailing slash)"
https://www.expatcopilot.com/netherlands/moving/tools/moving-checklist/from/australia/,tool_calculator,INDEXABLE,308→200,,https://www.expatcopilot.com/netherlands/moving/tools/moving-checklist/from/australia/,yes,yes,partial_via_redirect,yes,INDEXABLE_BUT_SITEMAP_URL_3XX,P1,"Intent INDEXABLE and content 200, but sitemap loc HTTP status is 3xx (trailing slash)"
https://www.expatcopilot.com/netherlands/moving/tools/moving-checklist/from/argentina/,tool_calculator,INDEXABLE,308→200,,https://www.expatcopilot.com/netherlands/moving/tools/moving-checklist/from/argentina/,yes,yes,partial_via_redirect,yes,INDEXABLE_BUT_SITEMAP_URL_3XX,P1,"Intent INDEXABLE and content 200, but sitemap loc HTTP status is 3xx (trailing slash)"
https://www.expatcopilot.com/netherlands/moving/tools/moving-checklist/from/brazil/,tool_calculator,INDEXABLE,308→200,,https://www.expatcopilot.com/netherlands/moving/tools/moving-checklist/from/brazil/,yes,yes,partial_via_redirect,yes,INDEXABLE_BUT_SITEMAP_URL_3XX,P1,"Intent INDEXABLE and content 200, but sitemap loc HTTP status is 3xx (trailing slash)"
https://www.expatcopilot.com/netherlands/moving/tools/moving-checklist/from/canada/,tool_calculator,INDEXABLE,308→200,,https://www.expatcopilot.com/netherlands/moving/tools/moving-checklist/from/canada/,yes,yes,partial_via_redirect,yes,INDEXABLE_BUT_SITEMAP_URL_3XX,P1,"Intent INDEXABLE and content 200, but sitemap loc HTTP status is 3xx (trailing slash)"
https://www.expatcopilot.com/netherlands/moving/tools/moving-checklist/from/chile/,tool_calculator,INDEXABLE,308→200,,https://www.expatcopilot.com/netherlands/moving/tools/moving-checklist/from/chile/,yes,yes,partial_via_redirect,yes,INDEXABLE_BUT_SITEMAP_URL_3XX,P1,"Intent INDEXABLE and content 200, but sitemap loc HTTP status is 3xx (trailing slash)"
https://www.expatcopilot.com/netherlands/moving/tools/moving-checklist/from/denmark/,tool_calculator,INDEXABLE,308→200,,https://www.expatcopilot.com/netherlands/moving/tools/moving-checklist/from/denmark/,yes,yes,partial_via_redirect,yes,INDEXABLE_BUT_SITEMAP_URL_3XX,P1,"Intent INDEXABLE and content 200, but sitemap loc HTTP status is 3xx (trailing slash)"
https://www.expatcopilot.com/netherlands/moving/tools/moving-checklist/from/germany/,tool_calculator,INDEXABLE,308→200,,https://www.expatcopilot.com/netherlands/moving/tools/moving-checklist/from/germany/,yes,yes,partial_via_redirect,yes,INDEXABLE_BUT_SITEMAP_URL_3XX,P1,"Intent INDEXABLE and content 200, but sitemap loc HTTP status is 3xx (trailing slash)"
https://www.expatcopilot.com/netherlands/moving/tools/moving-checklist/from/france/,tool_calculator,INDEXABLE,308→200,,https://www.expatcopilot.com/netherlands/moving/tools/moving-checklist/from/france/,yes,yes,partial_via_redirect,yes,INDEXABLE_BUT_SITEMAP_URL_3XX,P1,"Intent INDEXABLE and content 200, but sitemap loc HTTP status is 3xx (trailing slash)"
https://www.expatcopilot.com/netherlands/moving/tools/moving-checklist/from/india/,tool_calculator,INDEXABLE,308→200,,https://www.expatcopilot.com/netherlands/moving/tools/moving-checklist/from/india/,yes,yes,partial_via_redirect,yes,INDEXABLE_BUT_SITEMAP_URL_3XX,P1,"Intent INDEXABLE and content 200, but sitemap loc HTTP status is 3xx (trailing slash)"
https://www.expatcopilot.com/netherlands/moving/tools/moving-checklist/from/ireland/,tool_calculator,INDEXABLE,308→200,,https://www.expatcopilot.com/netherlands/moving/tools/moving-checklist/from/ireland/,yes,yes,partial_via_redirect,yes,INDEXABLE_BUT_SITEMAP_URL_3XX,P1,"Intent INDEXABLE and content 200, but sitemap loc HTTP status is 3xx (trailing slash)"
https://www.expatcopilot.com/netherlands/moving/tools/moving-checklist/from/indonesia/,tool_calculator,INDEXABLE,308→200,,https://www.expatcopilot.com/netherlands/moving/tools/moving-checklist/from/indonesia/,yes,yes,partial_via_redirect,yes,INDEXABLE_BUT_SITEMAP_URL_3XX,P1,"Intent INDEXABLE and content 200, but sitemap loc HTTP status is 3xx (trailing slash)"
https://www.expatcopilot.com/netherlands/moving/tools/moving-checklist/from/italy/,tool_calculator,INDEXABLE,308→200,,https://www.expatcopilot.com/netherlands/moving/tools/moving-checklist/from/italy/,yes,yes,partial_via_redirect,yes,INDEXABLE_BUT_SITEMAP_URL_3XX,P1,"Intent INDEXABLE and content 200, but sitemap loc HTTP status is 3xx (trailing slash)"
https://www.expatcopilot.com/netherlands/moving/tools/moving-checklist/from/mexico/,tool_calculator,INDEXABLE,308→200,,https://www.expatcopilot.com/netherlands/moving/tools/moving-checklist/from/mexico/,yes,yes,partial_via_redirect,yes,INDEXABLE_BUT_SITEMAP_URL_3XX,P1,"Intent INDEXABLE and content 200, but sitemap loc HTTP status is 3xx (trailing slash)"
https://www.expatcopilot.com/netherlands/moving/tools/moving-checklist/from/japan/,tool_calculator,INDEXABLE,308→200,,https://www.expatcopilot.com/netherlands/moving/tools/moving-checklist/from/japan/,yes,yes,partial_via_redirect,yes,INDEXABLE_BUT_SITEMAP_URL_3XX,P1,"Intent INDEXABLE and content 200, but sitemap loc HTTP status is 3xx (trailing slash)"
https://www.expatcopilot.com/netherlands/moving/tools/moving-checklist/from/kenya/,tool_calculator,INDEXABLE,308→200,,https://www.expatcopilot.com/netherlands/moving/tools/moving-checklist/from/kenya/,yes,yes,partial_via_redirect,yes,INDEXABLE_BUT_SITEMAP_URL_3XX,P1,"Intent INDEXABLE and content 200, but sitemap loc HTTP status is 3xx (trailing slash)"
https://www.expatcopilot.com/netherlands/moving/tools/moving-checklist/from/new-zealand/,tool_calculator,INDEXABLE,308→200,,https://www.expatcopilot.com/netherlands/moving/tools/moving-checklist/from/new-zealand/,yes,yes,partial_via_redirect,yes,INDEXABLE_BUT_SITEMAP_URL_3XX,P1,"Intent INDEXABLE and content 200, but sitemap loc HTTP status is 3xx (trailing slash)"
https://www.expatcopilot.com/netherlands/moving/tools/moving-checklist/from/norway/,tool_calculator,INDEXABLE,308→200,,https://www.expatcopilot.com/netherlands/moving/tools/moving-checklist/from/norway/,yes,yes,partial_via_redirect,yes,INDEXABLE_BUT_SITEMAP_URL_3XX,P1,"Intent INDEXABLE and content 200, but sitemap loc HTTP status is 3xx (trailing slash)"
https://www.expatcopilot.com/netherlands/moving/tools/moving-checklist/from/pakistan/,tool_calculator,INDEXABLE,308→200,,https://www.expatcopilot.com/netherlands/moving/tools/moving-checklist/from/pakistan/,yes,yes,partial_via_redirect,yes,INDEXABLE_BUT_SITEMAP_URL_3XX,P1,"Intent INDEXABLE and content 200, but sitemap loc HTTP status is 3xx (trailing slash)"
https://www.expatcopilot.com/netherlands/moving/tools/moving-checklist/from/nigeria/,tool_calculator,INDEXABLE,308→404,noindex,,yes,yes,no,yes,ACCIDENTALLY_NON_INDEXABLE,P0,should be indexable but status=308/404 robots=noindex in_sitemap=yes
https://www.expatcopilot.com/netherlands/moving/tools/moving-checklist/from/singapore/,tool_calculator,INDEXABLE,308→200,,https://www.expatcopilot.com/netherlands/moving/tools/moving-checklist/from/singapore/,yes,yes,partial_via_redirect,yes,INDEXABLE_BUT_SITEMAP_URL_3XX,P1,"Intent INDEXABLE and content 200, but sitemap loc HTTP status is 3xx (trailing slash)"
https://www.expatcopilot.com/netherlands/moving/tools/moving-checklist/from/south-africa/,tool_calculator,INDEXABLE,308→200,,https://www.expatcopilot.com/netherlands/moving/tools/moving-checklist/from/south-africa/,yes,yes,partial_via_redirect,yes,INDEXABLE_BUT_SITEMAP_URL_3XX,P1,"Intent INDEXABLE and content 200, but sitemap loc HTTP status is 3xx (trailing slash)"
https://www.expatcopilot.com/netherlands/moving/tools/moving-checklist/from/philippines/,tool_calculator,INDEXABLE,308→404,noindex,,yes,yes,no,yes,ACCIDENTALLY_NON_INDEXABLE,P0,should be indexable but status=308/404 robots=noindex in_sitemap=yes
https://www.expatcopilot.com/netherlands/moving/tools/moving-checklist/from/south-korea/,tool_calculator,INDEXABLE,308→200,,https://www.expatcopilot.com/netherlands/moving/tools/moving-checklist/from/south-korea/,yes,yes,partial_via_redirect,yes,INDEXABLE_BUT_SITEMAP_URL_3XX,P1,"Intent INDEXABLE and content 200, but sitemap loc HTTP status is 3xx (trailing slash)"
https://www.expatcopilot.com/netherlands/moving/tools/moving-checklist/from/sweden/,tool_calculator,INDEXABLE,308→200,,https://www.expatcopilot.com/netherlands/moving/tools/moving-checklist/from/sweden/,yes,yes,partial_via_redirect,yes,INDEXABLE_BUT_SITEMAP_URL_3XX,P1,"Intent INDEXABLE and content 200, but sitemap loc HTTP status is 3xx (trailing slash)"
https://www.expatcopilot.com/netherlands/moving/tools/moving-checklist/from/spain/,tool_calculator,INDEXABLE,308→200,,https://www.expatcopilot.com/netherlands/moving/tools/moving-checklist/from/spain/,yes,yes,partial_via_redirect,yes,INDEXABLE_BUT_SITEMAP_URL_3XX,P1,"Intent INDEXABLE and content 200, but sitemap loc HTTP status is 3xx (trailing slash)"
https://www.expatcopilot.com/netherlands/moving/tools/moving-checklist/from/switzerland/,tool_calculator,INDEXABLE,308→200,,https://www.expatcopilot.com/netherlands/moving/tools/moving-checklist/from/switzerland/,yes,yes,partial_via_redirect,yes,INDEXABLE_BUT_SITEMAP_URL_3XX,P1,"Intent INDEXABLE and content 200, but sitemap loc HTTP status is 3xx (trailing slash)"
https://www.expatcopilot.com/netherlands/moving/tools/moving-checklist/from/turkey/,tool_calculator,INDEXABLE,308→200,,https://www.expatcopilot.com/netherlands/moving/tools/moving-checklist/from/turkey/,yes,yes,partial_via_redirect,yes,INDEXABLE_BUT_SITEMAP_URL_3XX,P1,"Intent INDEXABLE and content 200, but sitemap loc HTTP status is 3xx (trailing slash)"
https://www.expatcopilot.com/netherlands/moving/tools/moving-checklist/from/uae/,tool_calculator,INDEXABLE,308→200,,https://www.expatcopilot.com/netherlands/moving/tools/moving-checklist/from/uae/,yes,yes,partial_via_redirect,yes,INDEXABLE_BUT_SITEMAP_URL_3XX,P1,"Intent INDEXABLE and content 200, but sitemap loc HTTP status is 3xx (trailing slash)"
https://www.expatcopilot.com/netherlands/moving/tools/moving-checklist/from/united-kingdom/,tool_calculator,INDEXABLE,308→200,,https://www.expatcopilot.com/netherlands/moving/tools/moving-checklist/from/united-kingdom/,yes,yes,partial_via_redirect,yes,INDEXABLE_BUT_SITEMAP_URL_3XX,P1,"Intent INDEXABLE and content 200, but sitemap loc HTTP status is 3xx (trailing slash)"
https://www.expatcopilot.com/netherlands/moving/tools/moving-checklist/from/united-states/,tool_calculator,INDEXABLE,308→200,,https://www.expatcopilot.com/netherlands/moving/tools/moving-checklist/from/united-states/,yes,yes,partial_via_redirect,yes,INDEXABLE_BUT_SITEMAP_URL_3XX,P1,"Intent INDEXABLE and content 200, but sitemap loc HTTP status is 3xx (trailing slash)"
https://www.expatcopilot.com/netherlands/moving/tools/relocation-cost-estimator/,tool_calculator,INDEXABLE,308→200,,https://www.expatcopilot.com/netherlands/moving/tools/relocation-cost-estimator/,yes,yes,partial_via_redirect,yes,INDEXABLE_BUT_SITEMAP_URL_3XX,P1,"Intent INDEXABLE and content 200, but sitemap loc HTTP status is 3xx (trailing slash)"
https://www.expatcopilot.com/netherlands/moving/visas-residency/,visa_guide,INDEXABLE,308→200,"index, follow",https://www.expatcopilot.com/netherlands/moving/visas-residency/,yes,yes,partial_via_redirect,yes,INDEXABLE_BUT_SITEMAP_URL_3XX,P1,"Intent INDEXABLE and content 200, but sitemap loc HTTP status is 3xx (trailing slash)"
https://www.expatcopilot.com/netherlands/moving/twv-work-permit/,guide,INDEXABLE,308→200,"index, follow",https://www.expatcopilot.com/netherlands/moving/twv-work-permit/,yes,yes,partial_via_redirect,yes,INDEXABLE_BUT_SITEMAP_URL_3XX,P1,"Intent INDEXABLE and content 200, but sitemap loc HTTP status is 3xx (trailing slash)"
https://www.expatcopilot.com/netherlands/moving/working-in-the-netherlands/,guide,INDEXABLE,308→200,"index, follow",https://www.expatcopilot.com/netherlands/moving/working-in-the-netherlands/,yes,yes,partial_via_redirect,yes,INDEXABLE_BUT_SITEMAP_URL_3XX,P1,"Intent INDEXABLE and content 200, but sitemap loc HTTP status is 3xx (trailing slash)"
https://www.expatcopilot.com/netherlands/official-figures/,guide,INDEXABLE,308→200,"index, follow",https://www.expatcopilot.com/netherlands/official-figures/,yes,yes,partial_via_redirect,yes,INDEXABLE_BUT_SITEMAP_URL_3XX,P1,"Intent INDEXABLE and content 200, but sitemap loc HTTP status is 3xx (trailing slash)"
https://www.expatcopilot.com/netherlands/open-bank-account-netherlands/,moving_guide,INDEXABLE,308→200,"index, follow",https://www.expatcopilot.com/netherlands/open-bank-account-netherlands/,yes,yes,partial_via_redirect,yes,INDEXABLE_BUT_SITEMAP_URL_3XX,P1,"Intent INDEXABLE and content 200, but sitemap loc HTTP status is 3xx (trailing slash)"
https://www.expatcopilot.com/netherlands/practical-life/digid-netherlands/,guide,INDEXABLE,308→200,,https://www.expatcopilot.com/netherlands/practical-life/digid-netherlands/,yes,yes,partial_via_redirect,yes,INDEXABLE_BUT_SITEMAP_URL_3XX,P1,"Intent INDEXABLE and content 200, but sitemap loc HTTP status is 3xx (trailing slash)"
https://www.expatcopilot.com/netherlands/municipality-registration-netherlands/,moving_guide,INDEXABLE,308→200,,https://www.expatcopilot.com/netherlands/municipality-registration-netherlands/,yes,yes,partial_via_redirect,yes,INDEXABLE_BUT_SITEMAP_URL_3XX,P1,"Intent INDEXABLE and content 200, but sitemap loc HTTP status is 3xx (trailing slash)"
https://www.expatcopilot.com/netherlands/nijmegen/,city_page,INDEXABLE,308→200,,https://www.expatcopilot.com/netherlands/nijmegen/,yes,yes,partial_via_redirect,yes,INDEXABLE_BUT_SITEMAP_URL_3XX,P1,"Intent INDEXABLE and content 200, but sitemap loc HTTP status is 3xx (trailing slash)"
https://www.expatcopilot.com/netherlands/practical-life/government-portals-netherlands/,guide,INDEXABLE,308→200,,https://www.expatcopilot.com/netherlands/practical-life/government-portals-netherlands/,yes,yes,partial_via_redirect,yes,INDEXABLE_BUT_SITEMAP_URL_3XX,P1,"Intent INDEXABLE and content 200, but sitemap loc HTTP status is 3xx (trailing slash)"
https://www.expatcopilot.com/netherlands/practical-life/municipality-services-netherlands/,guide,INDEXABLE,308→200,,https://www.expatcopilot.com/netherlands/practical-life/municipality-services-netherlands/,yes,yes,partial_via_redirect,yes,INDEXABLE_BUT_SITEMAP_URL_3XX,P1,"Intent INDEXABLE and content 200, but sitemap loc HTTP status is 3xx (trailing slash)"
https://www.expatcopilot.com/netherlands/practical-life/privacy-and-safety-basics-netherlands/,guide,INDEXABLE,308→200,,https://www.expatcopilot.com/netherlands/practical-life/privacy-and-safety-basics-netherlands/,yes,yes,partial_via_redirect,yes,INDEXABLE_BUT_SITEMAP_URL_3XX,P1,"Intent INDEXABLE and content 200, but sitemap loc HTTP status is 3xx (trailing slash)"
https://www.expatcopilot.com/netherlands/practical-life/parking-and-local-permits-netherlands/,guide,INDEXABLE,308→200,,https://www.expatcopilot.com/netherlands/practical-life/parking-and-local-permits-netherlands/,yes,yes,partial_via_redirect,yes,INDEXABLE_BUT_SITEMAP_URL_3XX,P1,"Intent INDEXABLE and content 200, but sitemap loc HTTP status is 3xx (trailing slash)"
https://www.expatcopilot.com/netherlands/practical-life/registering-your-address-netherlands/,guide,INDEXABLE,308→200,,https://www.expatcopilot.com/netherlands/practical-life/registering-your-address-netherlands/,yes,yes,partial_via_redirect,yes,INDEXABLE_BUT_SITEMAP_URL_3XX,P1,"Intent INDEXABLE and content 200, but sitemap loc HTTP status is 3xx (trailing slash)"
https://www.expatcopilot.com/netherlands/practical-life/subscriptions-and-cancellations-netherlands/,guide,INDEXABLE,308→200,,https://www.expatcopilot.com/netherlands/practical-life/subscriptions-and-cancellations-netherlands/,yes,yes,partial_via_redirect,yes,INDEXABLE_BUT_SITEMAP_URL_3XX,P1,"Intent INDEXABLE and content 200, but sitemap loc HTTP status is 3xx (trailing slash)"
https://www.expatcopilot.com/netherlands/randstad/,guide,INDEXABLE,308→200,,https://www.expatcopilot.com/netherlands/randstad/,yes,yes,partial_via_redirect,yes,INDEXABLE_BUT_SITEMAP_URL_3XX,P1,"Intent INDEXABLE and content 200, but sitemap loc HTTP status is 3xx (trailing slash)"
https://www.expatcopilot.com/netherlands/practical-life/waste-and-recycling-netherlands/,guide,INDEXABLE,308→200,,https://www.expatcopilot.com/netherlands/practical-life/waste-and-recycling-netherlands/,yes,yes,partial_via_redirect,yes,INDEXABLE_BUT_SITEMAP_URL_3XX,P1,"Intent INDEXABLE and content 200, but sitemap loc HTTP status is 3xx (trailing slash)"
https://www.expatcopilot.com/netherlands/services/financial-advisors/,service_directory,INDEXABLE,308→200,,https://www.expatcopilot.com/netherlands/services/financial-advisors/,yes,yes,partial_via_redirect,yes,INDEXABLE_BUT_SITEMAP_URL_3XX,P1,"Intent INDEXABLE and content 200, but sitemap loc HTTP status is 3xx (trailing slash)"
https://www.expatcopilot.com/netherlands/services/,service_directory,INDEXABLE,308→200,,https://www.expatcopilot.com/netherlands/services/,yes,yes,partial_via_redirect,yes,INDEXABLE_BUT_SITEMAP_URL_3XX,P1,"Intent INDEXABLE and content 200, but sitemap loc HTTP status is 3xx (trailing slash)"
https://www.expatcopilot.com/netherlands/services/banks/,service_directory,INDEXABLE,308→200,,https://www.expatcopilot.com/netherlands/services/banks/,yes,yes,partial_via_redirect,yes,INDEXABLE_BUT_SITEMAP_URL_3XX,P1,"Intent INDEXABLE and content 200, but sitemap loc HTTP status is 3xx (trailing slash)"
https://www.expatcopilot.com/netherlands/rotterdam/,city_page,INDEXABLE,308→200,,https://www.expatcopilot.com/netherlands/rotterdam/,yes,yes,partial_via_redirect,yes,INDEXABLE_BUT_SITEMAP_URL_3XX,P1,"Intent INDEXABLE and content 200, but sitemap loc HTTP status is 3xx (trailing slash)"
https://www.expatcopilot.com/netherlands/services/health-insurance/,service_directory,INDEXABLE,308→200,,https://www.expatcopilot.com/netherlands/services/health-insurance/,yes,yes,partial_via_redirect,yes,INDEXABLE_BUT_SITEMAP_URL_3XX,P1,"Intent INDEXABLE and content 200, but sitemap loc HTTP status is 3xx (trailing slash)"
https://www.expatcopilot.com/netherlands/services/immigration-lawyers/,service_directory,INDEXABLE,308→200,,https://www.expatcopilot.com/netherlands/services/immigration-lawyers/,yes,yes,partial_via_redirect,yes,INDEXABLE_BUT_SITEMAP_URL_3XX,P1,"Intent INDEXABLE and content 200, but sitemap loc HTTP status is 3xx (trailing slash)"
https://www.expatcopilot.com/netherlands/services/housing-platforms/,service_directory,INDEXABLE,308→200,,https://www.expatcopilot.com/netherlands/services/housing-platforms/,yes,yes,partial_via_redirect,yes,INDEXABLE_BUT_SITEMAP_URL_3XX,P1,"Intent INDEXABLE and content 200, but sitemap loc HTTP status is 3xx (trailing slash)"
https://www.expatcopilot.com/netherlands/services/highly-skilled-migrant-sponsors/,service_directory,INDEXABLE,308→200,,https://www.expatcopilot.com/netherlands/services/highly-skilled-migrant-sponsors/,yes,yes,partial_via_redirect,yes,INDEXABLE_BUT_SITEMAP_URL_3XX,P1,"Intent INDEXABLE and content 200, but sitemap loc HTTP status is 3xx (trailing slash)"
https://www.expatcopilot.com/netherlands/services/insurance-providers/,service_directory,INDEXABLE,308→200,,https://www.expatcopilot.com/netherlands/services/insurance-providers/,yes,yes,partial_via_redirect,yes,INDEXABLE_BUT_SITEMAP_URL_3XX,P1,"Intent INDEXABLE and content 200, but sitemap loc HTTP status is 3xx (trailing slash)"
https://www.expatcopilot.com/netherlands/services/mortgage-advisors/,service_directory,INDEXABLE,308→200,,https://www.expatcopilot.com/netherlands/services/mortgage-advisors/,yes,yes,partial_via_redirect,yes,INDEXABLE_BUT_SITEMAP_URL_3XX,P1,"Intent INDEXABLE and content 200, but sitemap loc HTTP status is 3xx (trailing slash)"
https://www.expatcopilot.com/netherlands/services/mobile-connectivity/,service_directory,INDEXABLE,308→200,,https://www.expatcopilot.com/netherlands/services/mobile-connectivity/,yes,yes,partial_via_redirect,yes,INDEXABLE_BUT_SITEMAP_URL_3XX,P1,"Intent INDEXABLE and content 200, but sitemap loc HTTP status is 3xx (trailing slash)"
https://www.expatcopilot.com/netherlands/services/tax-advisors/,service_directory,INDEXABLE,308→200,"index, follow",https://www.expatcopilot.com/netherlands/services/tax-advisors/,yes,yes,partial_via_redirect,yes,INDEXABLE_BUT_SITEMAP_URL_3XX,P1,"Intent INDEXABLE and content 200, but sitemap loc HTTP status is 3xx (trailing slash)"
https://www.expatcopilot.com/netherlands/services/relocation-services/,service_directory,INDEXABLE,308→200,,https://www.expatcopilot.com/netherlands/services/relocation-services/,yes,yes,partial_via_redirect,yes,INDEXABLE_BUT_SITEMAP_URL_3XX,P1,"Intent INDEXABLE and content 200, but sitemap loc HTTP status is 3xx (trailing slash)"
https://www.expatcopilot.com/netherlands/services/relocation-agencies/,service_directory,INDEXABLE,308→200,,https://www.expatcopilot.com/netherlands/services/relocation-agencies/,yes,yes,partial_via_redirect,yes,INDEXABLE_BUT_SITEMAP_URL_3XX,P1,"Intent INDEXABLE and content 200, but sitemap loc HTTP status is 3xx (trailing slash)"
https://www.expatcopilot.com/netherlands/services/rental-agencies/,service_directory,INDEXABLE,308→200,,https://www.expatcopilot.com/netherlands/services/rental-agencies/,yes,yes,partial_via_redirect,yes,INDEXABLE_BUT_SITEMAP_URL_3XX,P1,"Intent INDEXABLE and content 200, but sitemap loc HTTP status is 3xx (trailing slash)"
https://www.expatcopilot.com/netherlands/services/startup-visa-advisors/,service_directory,INDEXABLE,308→200,,https://www.expatcopilot.com/netherlands/services/startup-visa-advisors/,yes,yes,partial_via_redirect,yes,INDEXABLE_BUT_SITEMAP_URL_3XX,P1,"Intent INDEXABLE and content 200, but sitemap loc HTTP status is 3xx (trailing slash)"
https://www.expatcopilot.com/netherlands/services/visa-consultants/,service_directory,INDEXABLE,308→200,,https://www.expatcopilot.com/netherlands/services/visa-consultants/,yes,yes,partial_via_redirect,yes,INDEXABLE_BUT_SITEMAP_URL_3XX,P1,"Intent INDEXABLE and content 200, but sitemap loc HTTP status is 3xx (trailing slash)"
https://www.expatcopilot.com/netherlands/taxes/,guide,INDEXABLE,308→200,"index, follow",https://www.expatcopilot.com/netherlands/taxes/,yes,yes,partial_via_redirect,yes,INDEXABLE_BUT_SITEMAP_URL_3XX,P1,"Intent INDEXABLE and content 200, but sitemap loc HTTP status is 3xx (trailing slash)"
https://www.expatcopilot.com/netherlands/shipping-household-goods-netherlands/,moving_guide,INDEXABLE,308→200,,https://www.expatcopilot.com/netherlands/shipping-household-goods-netherlands/,yes,yes,partial_via_redirect,yes,INDEXABLE_BUT_SITEMAP_URL_3XX,P1,"Intent INDEXABLE and content 200, but sitemap loc HTTP status is 3xx (trailing slash)"
https://www.expatcopilot.com/netherlands/taxes/bonus-tax-netherlands/,guide,INDEXABLE,308→200,"index, follow",https://www.expatcopilot.com/netherlands/taxes/bonus-tax-netherlands/,yes,yes,partial_via_redirect,yes,INDEXABLE_BUT_SITEMAP_URL_3XX,P1,"Intent INDEXABLE and content 200, but sitemap loc HTTP status is 3xx (trailing slash)"
https://www.expatcopilot.com/netherlands/taxes/average-salary-netherlands/,guide,INDEXABLE,308→200,"index, follow",https://www.expatcopilot.com/netherlands/taxes/average-salary-netherlands/,yes,yes,partial_via_redirect,yes,INDEXABLE_BUT_SITEMAP_URL_3XX,P1,"Intent INDEXABLE and content 200, but sitemap loc HTTP status is 3xx (trailing slash)"
https://www.expatcopilot.com/netherlands/taxes/30-percent-ruling/,guide,INDEXABLE,308→200,"index, follow",https://www.expatcopilot.com/netherlands/taxes/30-percent-ruling/,yes,yes,partial_via_redirect,yes,INDEXABLE_BUT_SITEMAP_URL_3XX,P1,"Intent INDEXABLE and content 200, but sitemap loc HTTP status is 3xx (trailing slash)"
https://www.expatcopilot.com/netherlands/taxes/childcare-allowance-netherlands/,guide,INDEXABLE,308→200,"index, follow",https://www.expatcopilot.com/netherlands/taxes/childcare-allowance-netherlands/,yes,yes,partial_via_redirect,yes,INDEXABLE_BUT_SITEMAP_URL_3XX,P1,"Intent INDEXABLE and content 200, but sitemap loc HTTP status is 3xx (trailing slash)"
https://www.expatcopilot.com/netherlands/taxes/foreign-income-netherlands/,guide,INDEXABLE,308→200,"index, follow",https://www.expatcopilot.com/netherlands/taxes/foreign-income-netherlands/,yes,yes,partial_via_redirect,yes,INDEXABLE_BUT_SITEMAP_URL_3XX,P1,"Intent INDEXABLE and content 200, but sitemap loc HTTP status is 3xx (trailing slash)"
https://www.expatcopilot.com/netherlands/taxes/double-taxation-netherlands/,guide,INDEXABLE,308→200,"index, follow",https://www.expatcopilot.com/netherlands/taxes/double-taxation-netherlands/,yes,yes,partial_via_redirect,yes,INDEXABLE_BUT_SITEMAP_URL_3XX,P1,"Intent INDEXABLE and content 200, but sitemap loc HTTP status is 3xx (trailing slash)"
https://www.expatcopilot.com/netherlands/taxes/leaving-netherlands-tax/,guide,INDEXABLE,308→200,"index, follow",https://www.expatcopilot.com/netherlands/taxes/leaving-netherlands-tax/,yes,yes,partial_via_redirect,yes,INDEXABLE_BUT_SITEMAP_URL_3XX,P1,"Intent INDEXABLE and content 200, but sitemap loc HTTP status is 3xx (trailing slash)"
https://www.expatcopilot.com/netherlands/taxes/gross-vs-net-salary/,comparison,INDEXABLE,308→200,"index, follow",https://www.expatcopilot.com/netherlands/taxes/gross-vs-net-salary/,yes,yes,partial_via_redirect,yes,INDEXABLE_BUT_SITEMAP_URL_3XX,P1,"Intent INDEXABLE and content 200, but sitemap loc HTTP status is 3xx (trailing slash)"
https://www.expatcopilot.com/netherlands/taxes/healthcare-allowance-netherlands/,guide,INDEXABLE,308→200,"index, follow",https://www.expatcopilot.com/netherlands/taxes/healthcare-allowance-netherlands/,yes,yes,partial_via_redirect,yes,INDEXABLE_BUT_SITEMAP_URL_3XX,P1,"Intent INDEXABLE and content 200, but sitemap loc HTTP status is 3xx (trailing slash)"
https://www.expatcopilot.com/netherlands/taxes/net-salary-netherlands/,guide,INDEXABLE,308→200,"index, follow",https://www.expatcopilot.com/netherlands/taxes/net-salary-netherlands/,yes,yes,partial_via_redirect,yes,INDEXABLE_BUT_SITEMAP_URL_3XX,P1,"Intent INDEXABLE and content 200, but sitemap loc HTTP status is 3xx (trailing slash)"
https://www.expatcopilot.com/netherlands/taxes/payroll-tax-netherlands/,guide,INDEXABLE,308→200,"index, follow",https://www.expatcopilot.com/netherlands/taxes/payroll-tax-netherlands/,yes,yes,partial_via_redirect,yes,INDEXABLE_BUT_SITEMAP_URL_3XX,P1,"Intent INDEXABLE and content 200, but sitemap loc HTTP status is 3xx (trailing slash)"
https://www.expatcopilot.com/netherlands/taxes/property-tax-netherlands/,guide,INDEXABLE,308→200,"index, follow",https://www.expatcopilot.com/netherlands/taxes/property-tax-netherlands/,yes,yes,partial_via_redirect,yes,INDEXABLE_BUT_SITEMAP_URL_3XX,P1,"Intent INDEXABLE and content 200, but sitemap loc HTTP status is 3xx (trailing slash)"
https://www.expatcopilot.com/netherlands/taxes/taxes-after-moving-netherlands/,guide,INDEXABLE,308→200,"index, follow",https://www.expatcopilot.com/netherlands/taxes/taxes-after-moving-netherlands/,yes,yes,partial_via_redirect,yes,INDEXABLE_BUT_SITEMAP_URL_3XX,P1,"Intent INDEXABLE and content 200, but sitemap loc HTTP status is 3xx (trailing slash)"
https://www.expatcopilot.com/netherlands/taxes/rent-allowance-netherlands/,guide,INDEXABLE,308→200,"index, follow",https://www.expatcopilot.com/netherlands/taxes/rent-allowance-netherlands/,yes,yes,partial_via_redirect,yes,INDEXABLE_BUT_SITEMAP_URL_3XX,P1,"Intent INDEXABLE and content 200, but sitemap loc HTTP status is 3xx (trailing slash)"
https://www.expatcopilot.com/netherlands/taxes/tools/,tool_calculator,INDEXABLE,308→200,,https://www.expatcopilot.com/netherlands/taxes/tools/,yes,yes,partial_via_redirect,yes,INDEXABLE_BUT_SITEMAP_URL_3XX,P1,"Intent INDEXABLE and content 200, but sitemap loc HTTP status is 3xx (trailing slash)"
https://www.expatcopilot.com/netherlands/taxes/tools/30-ruling-calculator/,tool_calculator,INDEXABLE,308→200,,https://www.expatcopilot.com/netherlands/taxes/tools/30-ruling-calculator/,yes,yes,partial_via_redirect,yes,INDEXABLE_BUT_SITEMAP_URL_3XX,P1,"Intent INDEXABLE and content 200, but sitemap loc HTTP status is 3xx (trailing slash)"
https://www.expatcopilot.com/netherlands/taxes/tools/dutch-salary-net-calculator/,tool_calculator,INDEXABLE,308→200,,https://www.expatcopilot.com/netherlands/taxes/tools/dutch-salary-net-calculator/,yes,yes,partial_via_redirect,yes,INDEXABLE_BUT_SITEMAP_URL_3XX,P1,"Intent INDEXABLE and content 200, but sitemap loc HTTP status is 3xx (trailing slash)"
https://www.expatcopilot.com/netherlands/taxes/tools/double-tax-awareness-tool/,tool_calculator,INDEXABLE,308→200,,https://www.expatcopilot.com/netherlands/taxes/tools/double-tax-awareness-tool/,yes,yes,partial_via_redirect,yes,INDEXABLE_BUT_SITEMAP_URL_3XX,P1,"Intent INDEXABLE and content 200, but sitemap loc HTTP status is 3xx (trailing slash)"
https://www.expatcopilot.com/netherlands/taxes/tools/healthcare-allowance-estimator/,tool_calculator,INDEXABLE,308→200,,https://www.expatcopilot.com/netherlands/taxes/tools/healthcare-allowance-estimator/,yes,yes,partial_via_redirect,yes,INDEXABLE_BUT_SITEMAP_URL_3XX,P1,"Intent INDEXABLE and content 200, but sitemap loc HTTP status is 3xx (trailing slash)"
https://www.expatcopilot.com/netherlands/tilburg/,city_page,INDEXABLE,308→200,,https://www.expatcopilot.com/netherlands/tilburg/,yes,yes,partial_via_redirect,yes,INDEXABLE_BUT_SITEMAP_URL_3XX,P1,"Intent INDEXABLE and content 200, but sitemap loc HTTP status is 3xx (trailing slash)"
https://www.expatcopilot.com/netherlands/the-hague/,city_page,INDEXABLE,308→200,,https://www.expatcopilot.com/netherlands/the-hague/,yes,yes,partial_via_redirect,yes,INDEXABLE_BUT_SITEMAP_URL_3XX,P1,"Intent INDEXABLE and content 200, but sitemap loc HTTP status is 3xx (trailing slash)"
https://www.expatcopilot.com/netherlands/tools/,tool_calculator,INDEXABLE,308→200,,https://www.expatcopilot.com/netherlands/tools/,yes,yes,partial_via_redirect,yes,INDEXABLE_BUT_SITEMAP_URL_3XX,P1,"Intent INDEXABLE and content 200, but sitemap loc HTTP status is 3xx (trailing slash)"
https://www.expatcopilot.com/netherlands/tools/advanced/,tool_calculator,INDEXABLE,308→200,,https://www.expatcopilot.com/netherlands/tools/advanced/,yes,yes,partial_via_redirect,yes,INDEXABLE_BUT_SITEMAP_URL_3XX,P1,"Intent INDEXABLE and content 200, but sitemap loc HTTP status is 3xx (trailing slash)"
https://www.expatcopilot.com/netherlands/tools/bank-comparison/,tool_calculator,INDEXABLE,308→200,"index, follow",https://www.expatcopilot.com/netherlands/tools/bank-comparison/,yes,yes,partial_via_redirect,yes,INDEXABLE_BUT_SITEMAP_URL_3XX,P1,"Intent INDEXABLE and content 200, but sitemap loc HTTP status is 3xx (trailing slash)"
https://www.expatcopilot.com/netherlands/tools/banking-cost-estimator/,tool_calculator,INDEXABLE,308→200,"index, follow",https://www.expatcopilot.com/netherlands/tools/banking-cost-estimator/,yes,yes,partial_via_redirect,yes,INDEXABLE_BUT_SITEMAP_URL_3XX,P1,"Intent INDEXABLE and content 200, but sitemap loc HTTP status is 3xx (trailing slash)"
https://www.expatcopilot.com/netherlands/tools/transfer-cost-calculator/,tool_calculator,INDEXABLE,308→200,"index, follow",https://www.expatcopilot.com/netherlands/tools/transfer-cost-calculator/,yes,yes,partial_via_redirect,yes,INDEXABLE_BUT_SITEMAP_URL_3XX,P1,"Intent INDEXABLE and content 200, but sitemap loc HTTP status is 3xx (trailing slash)"
https://www.expatcopilot.com/netherlands/utilities/,guide,INDEXABLE,308→200,,https://www.expatcopilot.com/netherlands/utilities/,yes,yes,partial_via_redirect,yes,INDEXABLE_BUT_SITEMAP_URL_3XX,P1,"Intent INDEXABLE and content 200, but sitemap loc HTTP status is 3xx (trailing slash)"
https://www.expatcopilot.com/netherlands/tools/city-comparison/,tool_calculator,INDEXABLE,308→200,"index, follow",https://www.expatcopilot.com/netherlands/tools/city-comparison/,yes,yes,partial_via_redirect,yes,INDEXABLE_BUT_SITEMAP_URL_3XX,P1,"Intent INDEXABLE and content 200, but sitemap loc HTTP status is 3xx (trailing slash)"
https://www.expatcopilot.com/netherlands/transport/tools/,tool_calculator,INDEXABLE,308→200,,https://www.expatcopilot.com/netherlands/transport/tools/,yes,yes,partial_via_redirect,yes,INDEXABLE_BUT_SITEMAP_URL_3XX,P1,"Intent INDEXABLE and content 200, but sitemap loc HTTP status is 3xx (trailing slash)"
https://www.expatcopilot.com/netherlands/utilities/energy-and-water-netherlands/,guide,INDEXABLE,308→200,,https://www.expatcopilot.com/netherlands/utilities/energy-and-water-netherlands/,yes,yes,partial_via_redirect,yes,INDEXABLE_BUT_SITEMAP_URL_3XX,P1,"Intent INDEXABLE and content 200, but sitemap loc HTTP status is 3xx (trailing slash)"
https://www.expatcopilot.com/netherlands/utilities/internet-and-mobile-netherlands/,guide,INDEXABLE,308→200,,https://www.expatcopilot.com/netherlands/utilities/internet-and-mobile-netherlands/,yes,yes,partial_via_redirect,yes,INDEXABLE_BUT_SITEMAP_URL_3XX,P1,"Intent INDEXABLE and content 200, but sitemap loc HTTP status is 3xx (trailing slash)"
https://www.expatcopilot.com/netherlands/utilities/utilities-netherlands/,guide,INDEXABLE,308→200,,https://www.expatcopilot.com/netherlands/utilities/utilities-netherlands/,yes,yes,partial_via_redirect,yes,INDEXABLE_BUT_SITEMAP_URL_3XX,P1,"Intent INDEXABLE and content 200, but sitemap loc HTTP status is 3xx (trailing slash)"
https://www.expatcopilot.com/netherlands/visa-application-plan/,tool_calculator,INDEXABLE,308→200,,https://www.expatcopilot.com/netherlands/visa-application-plan/,yes,yes,partial_via_redirect,yes,INDEXABLE_BUT_SITEMAP_URL_3XX,P1,"Intent INDEXABLE and content 200, but sitemap loc HTTP status is 3xx (trailing slash)"
https://www.expatcopilot.com/netherlands/utrecht/,city_page,INDEXABLE,308→200,,https://www.expatcopilot.com/netherlands/utrecht/,yes,yes,partial_via_redirect,yes,INDEXABLE_BUT_SITEMAP_URL_3XX,P1,"Intent INDEXABLE and content 200, but sitemap loc HTTP status is 3xx (trailing slash)"
https://www.expatcopilot.com/netherlands/visa-checker/,tool_calculator,INDEXABLE,308→200,,https://www.expatcopilot.com/netherlands/visa-checker/,yes,yes,partial_via_redirect,yes,INDEXABLE_BUT_SITEMAP_URL_3XX,P1,"Intent INDEXABLE and content 200, but sitemap loc HTTP status is 3xx (trailing slash)"
https://www.expatcopilot.com/netherlands/visa-timeline-estimator/,tool_calculator,INDEXABLE,308→200,,https://www.expatcopilot.com/netherlands/visa-timeline-estimator/,yes,yes,partial_via_redirect,yes,INDEXABLE_BUT_SITEMAP_URL_3XX,P1,"Intent INDEXABLE and content 200, but sitemap loc HTTP status is 3xx (trailing slash)"
https://www.expatcopilot.com/netherlands/visa-cost-calculator/,tool_calculator,INDEXABLE,308→200,,https://www.expatcopilot.com/netherlands/visa-cost-calculator/,yes,yes,partial_via_redirect,yes,INDEXABLE_BUT_SITEMAP_URL_3XX,P1,"Intent INDEXABLE and content 200, but sitemap loc HTTP status is 3xx (trailing slash)"
https://www.expatcopilot.com/netherlands/visa/compare-visas/,visa_guide,INDEXABLE,308→200,,https://www.expatcopilot.com/netherlands/visa/compare-visas/,yes,yes,partial_via_redirect,yes,INDEXABLE_BUT_SITEMAP_URL_3XX,P1,"Intent INDEXABLE and content 200, but sitemap loc HTTP status is 3xx (trailing slash)"
https://www.expatcopilot.com/netherlands/visa/dutch-american-friendship-treaty/,visa_guide,INDEXABLE,308→200,,https://www.expatcopilot.com/netherlands/visa/dutch-american-friendship-treaty/,yes,yes,partial_via_redirect,yes,INDEXABLE_BUT_SITEMAP_URL_3XX,P1,"Intent INDEXABLE and content 200, but sitemap loc HTTP status is 3xx (trailing slash)"
https://www.expatcopilot.com/netherlands/visa/eu-blue-card/,visa_guide,INDEXABLE,308→200,,https://www.expatcopilot.com/netherlands/visa/eu-blue-card/,yes,yes,partial_via_redirect,yes,INDEXABLE_BUT_SITEMAP_URL_3XX,P1,"Intent INDEXABLE and content 200, but sitemap loc HTTP status is 3xx (trailing slash)"
https://www.expatcopilot.com/netherlands/visa/partner-family-visa/,visa_guide,INDEXABLE,308→200,,https://www.expatcopilot.com/netherlands/visa/partner-family-visa/,yes,yes,partial_via_redirect,yes,INDEXABLE_BUT_SITEMAP_URL_3XX,P1,"Intent INDEXABLE and content 200, but sitemap loc HTTP status is 3xx (trailing slash)"
https://www.expatcopilot.com/netherlands/visa/self-employed-visa/,visa_guide,INDEXABLE,308→200,,https://www.expatcopilot.com/netherlands/visa/self-employed-visa/,yes,yes,partial_via_redirect,yes,INDEXABLE_BUT_SITEMAP_URL_3XX,P1,"Intent INDEXABLE and content 200, but sitemap loc HTTP status is 3xx (trailing slash)"
https://www.expatcopilot.com/netherlands/visa/highly-skilled-migrant/,visa_guide,INDEXABLE,308→200,,https://www.expatcopilot.com/netherlands/visa/highly-skilled-migrant/,yes,yes,partial_via_redirect,yes,INDEXABLE_BUT_SITEMAP_URL_3XX,P1,"Intent INDEXABLE and content 200, but sitemap loc HTTP status is 3xx (trailing slash)"
https://www.expatcopilot.com/netherlands/visa/student-visa/,visa_guide,INDEXABLE,308→200,,https://www.expatcopilot.com/netherlands/visa/student-visa/,yes,yes,partial_via_redirect,yes,INDEXABLE_BUT_SITEMAP_URL_3XX,P1,"Intent INDEXABLE and content 200, but sitemap loc HTTP status is 3xx (trailing slash)"
https://www.expatcopilot.com/netherlands/work/tools/,tool_calculator,INDEXABLE,308→200,,https://www.expatcopilot.com/netherlands/work/tools/,yes,yes,partial_via_redirect,yes,INDEXABLE_BUT_SITEMAP_URL_3XX,P1,"Intent INDEXABLE and content 200, but sitemap loc HTTP status is 3xx (trailing slash)"
https://www.expatcopilot.com/netherlands/work/tools/employment-contract-risk-scanner/,tool_calculator,INDEXABLE,308→200,,https://www.expatcopilot.com/netherlands/work/tools/employment-contract-risk-scanner/,yes,yes,partial_via_redirect,yes,INDEXABLE_BUT_SITEMAP_URL_3XX,P1,"Intent INDEXABLE and content 200, but sitemap loc HTTP status is 3xx (trailing slash)"
https://www.expatcopilot.com/netherlands/work/tools/employment-type-scenario-tool/,tool_calculator,INDEXABLE,308→200,,https://www.expatcopilot.com/netherlands/work/tools/employment-type-scenario-tool/,yes,yes,partial_via_redirect,yes,INDEXABLE_BUT_SITEMAP_URL_3XX,P1,"Intent INDEXABLE and content 200, but sitemap loc HTTP status is 3xx (trailing slash)"
https://www.expatcopilot.com/sources/,trust_legal,INDEXABLE,308→200,,https://www.expatcopilot.com/sources/,yes,yes,partial_via_redirect,yes,INDEXABLE_BUT_SITEMAP_URL_3XX,P1,"Intent INDEXABLE and content 200, but sitemap loc HTTP status is 3xx (trailing slash)"
https://www.expatcopilot.com/privacy/,trust_legal,INDEXABLE,308→200,,https://www.expatcopilot.com/privacy/,yes,yes,partial_via_redirect,yes,INDEXABLE_BUT_SITEMAP_URL_3XX,P1,"Intent INDEXABLE and content 200, but sitemap loc HTTP status is 3xx (trailing slash)"
https://www.expatcopilot.com/terms/,trust_legal,INDEXABLE,308→200,,https://www.expatcopilot.com/terms/,yes,yes,partial_via_redirect,yes,INDEXABLE_BUT_SITEMAP_URL_3XX,P1,"Intent INDEXABLE and content 200, but sitemap loc HTTP status is 3xx (trailing slash)"
https://www.expatcopilot.com/sitemap/,hub,INDEXABLE,308→200,,https://www.expatcopilot.com/sitemap/,yes,yes,partial_via_redirect,yes,INDEXABLE_BUT_SITEMAP_URL_3XX,P1,"Intent INDEXABLE and content 200, but sitemap loc HTTP status is 3xx (trailing slash)"
https://www.expatcopilot.com/netherlands/work/tools/job-offer-comparison/,tool_calculator,INDEXABLE,308→200,,https://www.expatcopilot.com/netherlands/work/tools/job-offer-comparison/,yes,yes,partial_via_redirect,yes,INDEXABLE_BUT_SITEMAP_URL_3XX,P1,"Intent INDEXABLE and content 200, but sitemap loc HTTP status is 3xx (trailing slash)"
https://www.expatcopilot.com/netherlands/work/tools/payslip-decoder/,tool_calculator,INDEXABLE,308→200,,https://www.expatcopilot.com/netherlands/work/tools/payslip-decoder/,yes,yes,partial_via_redirect,yes,INDEXABLE_BUT_SITEMAP_URL_3XX,P1,"Intent INDEXABLE and content 200, but sitemap loc HTTP status is 3xx (trailing slash)"
https://www.expatcopilot.com/netherlands/best/banks-for-expats,redirect_alias,REDIRECT,308→200,"index, follow",https://www.expatcopilot.com/netherlands/money/banking/best-banks-expats/,no,yes,partial_via_redirect,no,REDIRECT_NOT_INDEXABLE,INFO,redirect alias
https://www.expatcopilot.com/netherlands/buy-vs-rent-netherlands,redirect_alias,REDIRECT,308→200,"index, follow",https://www.expatcopilot.com/netherlands/housing/buy-vs-rent-netherlands/,no,yes,partial_via_redirect,no,REDIRECT_NOT_INDEXABLE,INFO,redirect alias
https://www.expatcopilot.com/netherlands/buying-house-netherlands,redirect_alias,REDIRECT,308→200,"index, follow",https://www.expatcopilot.com/netherlands/housing/buying-a-house-netherlands/,no,yes,partial_via_redirect,no,REDIRECT_NOT_INDEXABLE,INFO,redirect alias
https://www.expatcopilot.com/moving-to-netherlands-from,redirect_alias,REDIRECT,308→200,,https://www.expatcopilot.com/netherlands/moving-to-netherlands-from/,no,yes,partial_via_redirect,no,REDIRECT_NOT_INDEXABLE,INFO,redirect alias
https://www.expatcopilot.com/netherlands/can-i-open-bank-account-before-bsn,redirect_alias,REDIRECT,308→200,"index, follow",https://www.expatcopilot.com/netherlands/open-bank-account-netherlands/,no,yes,partial_via_redirect,no,REDIRECT_NOT_INDEXABLE,INFO,redirect alias
https://www.expatcopilot.com/netherlands/culture/dating-in-the-netherlands,redirect_alias,REDIRECT,308→200,"index, follow",https://www.expatcopilot.com/netherlands/life/dating-in-the-netherlands/,no,yes,partial_via_redirect,no,REDIRECT_NOT_INDEXABLE,INFO,redirect alias
https://www.expatcopilot.com/netherlands/citizenship/naturalisation,redirect_alias,REDIRECT,308→200,,https://www.expatcopilot.com/netherlands/citizenship/dutch-citizenship/,no,yes,partial_via_redirect,no,REDIRECT_NOT_INDEXABLE,INFO,redirect alias
https://www.expatcopilot.com/netherlands/citizenship/naturalization,redirect_alias,REDIRECT,308→200,,https://www.expatcopilot.com/netherlands/citizenship/dutch-citizenship/,no,yes,partial_via_redirect,no,REDIRECT_NOT_INDEXABLE,INFO,redirect alias
https://www.expatcopilot.com/netherlands/culture/dutch-culture,redirect_alias,REDIRECT,308→200,"index, follow",https://www.expatcopilot.com/netherlands/life/dutch-culture/,no,yes,partial_via_redirect,no,REDIRECT_NOT_INDEXABLE,INFO,redirect alias
https://www.expatcopilot.com/netherlands/culture/dutch-birthday-traditions,redirect_alias,REDIRECT,308→200,"index, follow",https://www.expatcopilot.com/netherlands/life/dutch-birthday-traditions/,no,yes,partial_via_redirect,no,REDIRECT_NOT_INDEXABLE,INFO,redirect alias
https://www.expatcopilot.com/netherlands/cost-of-living-calculator,redirect_alias,REDIRECT,308→200,"index, follow",https://www.expatcopilot.com/netherlands/money/tools/cost-of-living-calculator/,no,yes,partial_via_redirect,no,REDIRECT_NOT_INDEXABLE,INFO,redirect alias
https://www.expatcopilot.com/netherlands/culture/dutch-directness-at-work,redirect_alias,REDIRECT,308→200,"index, follow",https://www.expatcopilot.com/netherlands/jobs/dutch-directness-at-work/,no,yes,partial_via_redirect,no,REDIRECT_NOT_INDEXABLE,INFO,redirect alias
https://www.expatcopilot.com/netherlands/culture/dutch-etiquette,redirect_alias,REDIRECT,308→200,"index, follow",https://www.expatcopilot.com/netherlands/life/dutch-etiquette/,no,yes,partial_via_redirect,no,REDIRECT_NOT_INDEXABLE,INFO,redirect alias
https://www.expatcopilot.com/netherlands/culture/dutch-humour,redirect_alias,REDIRECT,308→200,"index, follow",https://www.expatcopilot.com/netherlands/life/dutch-humour/,no,yes,partial_via_redirect,no,REDIRECT_NOT_INDEXABLE,INFO,redirect alias
https://www.expatcopilot.com/netherlands/culture/dutch-workplace-culture,redirect_alias,REDIRECT,308→200,"index, follow",https://www.expatcopilot.com/netherlands/jobs/dutch-workplace-culture/,no,yes,partial_via_redirect,no,REDIRECT_NOT_INDEXABLE,INFO,redirect alias
https://www.expatcopilot.com/netherlands/culture/dutch-holidays-and-traditions,redirect_alias,REDIRECT,308→200,"index, follow",https://www.expatcopilot.com/netherlands/life/dutch-holidays-and-traditions/,no,yes,partial_via_redirect,no,REDIRECT_NOT_INDEXABLE,INFO,redirect alias
https://www.expatcopilot.com/netherlands/culture/making-dutch-friends,redirect_alias,REDIRECT,308→200,"index, follow",https://www.expatcopilot.com/netherlands/life/making-dutch-friends/,no,yes,partial_via_redirect,no,REDIRECT_NOT_INDEXABLE,INFO,redirect alias
https://www.expatcopilot.com/netherlands/culture/dutch-social-norms,redirect_alias,REDIRECT,308→200,"index, follow",https://www.expatcopilot.com/netherlands/life/dutch-social-norms/,no,yes,partial_via_redirect,no,REDIRECT_NOT_INDEXABLE,INFO,redirect alias
https://www.expatcopilot.com/netherlands/double-taxation-netherlands,redirect_alias,REDIRECT,308→200,"index, follow",https://www.expatcopilot.com/netherlands/taxes/double-taxation-netherlands/,no,yes,partial_via_redirect,no,REDIRECT_NOT_INDEXABLE,INFO,redirect alias
https://www.expatcopilot.com/netherlands/family/child-benefit-netherlands,redirect_alias,REDIRECT,308→200,"index, follow",https://www.expatcopilot.com/netherlands/family/child-benefits-netherlands/,no,yes,partial_via_redirect,no,REDIRECT_NOT_INDEXABLE,INFO,redirect alias
https://www.expatcopilot.com/netherlands/culture/inburgering-exams,redirect_alias,REDIRECT,308→200,,https://www.expatcopilot.com/netherlands/integration/inburgering/,no,yes,partial_via_redirect,no,REDIRECT_NOT_INDEXABLE,INFO,redirect alias
https://www.expatcopilot.com/netherlands/dutch-citizenship-netherlands,redirect_alias,REDIRECT,308→200,,https://www.expatcopilot.com/netherlands/citizenship/dutch-citizenship/,no,yes,partial_via_redirect,no,REDIRECT_NOT_INDEXABLE,INFO,redirect alias
https://www.expatcopilot.com/netherlands/health/tools/healthcare-allowance-estimator,redirect_alias,REDIRECT,308→200,,https://www.expatcopilot.com/netherlands/taxes/tools/healthcare-allowance-estimator/,no,yes,partial_via_redirect,no,REDIRECT_NOT_INDEXABLE,INFO,redirect alias
https://www.expatcopilot.com/netherlands/housing/tools/utilities-services-comparison-tool,redirect_alias,REDIRECT,308→200,"index, follow",https://www.expatcopilot.com/netherlands/living/tools/utilities-services-comparison/,no,yes,partial_via_redirect,no,REDIRECT_NOT_INDEXABLE,INFO,redirect alias
https://www.expatcopilot.com/netherlands/language/inburgering-exams,redirect_alias,REDIRECT,308→200,,https://www.expatcopilot.com/netherlands/integration/inburgering/,no,yes,partial_via_redirect,no,REDIRECT_NOT_INDEXABLE,INFO,redirect alias
https://www.expatcopilot.com/netherlands/life/making-friends,redirect_alias,REDIRECT,308→200,"index, follow",https://www.expatcopilot.com/netherlands/life/making-dutch-friends/,no,yes,partial_via_redirect,no,REDIRECT_NOT_INDEXABLE,INFO,redirect alias
https://www.expatcopilot.com/netherlands/living/community-basics,redirect_alias,REDIRECT,308→200,,https://www.expatcopilot.com/netherlands/life/community-basics-netherlands/,no,yes,partial_via_redirect,no,REDIRECT_NOT_INDEXABLE,INFO,redirect alias
https://www.expatcopilot.com/netherlands/living/culture-etiquette,redirect_alias,REDIRECT,308→200,"index, follow",https://www.expatcopilot.com/netherlands/life/dutch-etiquette/,no,yes,partial_via_redirect,no,REDIRECT_NOT_INDEXABLE,INFO,redirect alias
https://www.expatcopilot.com/netherlands/living/making-dutch-friends,redirect_alias,REDIRECT,308→200,"index, follow",https://www.expatcopilot.com/netherlands/life/making-dutch-friends/,no,yes,partial_via_redirect,no,REDIRECT_NOT_INDEXABLE,INFO,redirect alias
https://www.expatcopilot.com/netherlands/living/digid-awareness,redirect_alias,REDIRECT,308→200,,https://www.expatcopilot.com/netherlands/digid-awareness/,no,yes,partial_via_redirect,no,REDIRECT_NOT_INDEXABLE,INFO,redirect alias
https://www.expatcopilot.com/netherlands/living/energy-and-water,redirect_alias,REDIRECT,308→200,,https://www.expatcopilot.com/netherlands/utilities/energy-and-water-netherlands/,no,yes,partial_via_redirect,no,REDIRECT_NOT_INDEXABLE,INFO,redirect alias
https://www.expatcopilot.com/netherlands/living/housing-costs,redirect_alias,REDIRECT,308→200,"index, follow",https://www.expatcopilot.com/netherlands/housing/housing-costs-netherlands/,no,yes,partial_via_redirect,no,REDIRECT_NOT_INDEXABLE,INFO,redirect alias
https://www.expatcopilot.com/netherlands/living/municipality-services,redirect_alias,REDIRECT,308→200,,https://www.expatcopilot.com/netherlands/practical-life/municipality-services-netherlands/,no,yes,partial_via_redirect,no,REDIRECT_NOT_INDEXABLE,INFO,redirect alias
https://www.expatcopilot.com/netherlands/living/internet-and-mobile,redirect_alias,REDIRECT,308→200,,https://www.expatcopilot.com/netherlands/utilities/internet-and-mobile-netherlands/,no,yes,partial_via_redirect,no,REDIRECT_NOT_INDEXABLE,INFO,redirect alias
https://www.expatcopilot.com/netherlands/living/housing,redirect_alias,REDIRECT,308→200,,https://www.expatcopilot.com/netherlands/housing/,no,yes,partial_via_redirect,no,REDIRECT_NOT_INDEXABLE,INFO,redirect alias
https://www.expatcopilot.com/netherlands/living/parking-and-local-permits,redirect_alias,REDIRECT,308→200,,https://www.expatcopilot.com/netherlands/practical-life/parking-and-local-permits-netherlands/,no,yes,partial_via_redirect,no,REDIRECT_NOT_INDEXABLE,INFO,redirect alias
https://www.expatcopilot.com/netherlands/living/registering-your-address,redirect_alias,REDIRECT,308→200,,https://www.expatcopilot.com/netherlands/practical-life/registering-your-address-netherlands/,no,yes,partial_via_redirect,no,REDIRECT_NOT_INDEXABLE,INFO,redirect alias
https://www.expatcopilot.com/netherlands/living/privacy-and-safety-basics,redirect_alias,REDIRECT,308→200,,https://www.expatcopilot.com/netherlands/practical-life/privacy-and-safety-basics-netherlands/,no,yes,partial_via_redirect,no,REDIRECT_NOT_INDEXABLE,INFO,redirect alias
https://www.expatcopilot.com/netherlands/living/rental-contracts-and-deposits,redirect_alias,REDIRECT,308→200,"index, follow",https://www.expatcopilot.com/netherlands/housing/rental-contracts-and-deposits-netherlands/,no,yes,partial_via_redirect,no,REDIRECT_NOT_INDEXABLE,INFO,redirect alias
https://www.expatcopilot.com/netherlands/living/transport-basics,redirect_alias,REDIRECT,308→200,"index, follow",https://www.expatcopilot.com/netherlands/living/getting-around/,no,yes,partial_via_redirect,no,REDIRECT_NOT_INDEXABLE,INFO,redirect alias
https://www.expatcopilot.com/netherlands/living/subscriptions-and-cancellations,redirect_alias,REDIRECT,308→200,,https://www.expatcopilot.com/netherlands/practical-life/subscriptions-and-cancellations-netherlands/,no,yes,partial_via_redirect,no,REDIRECT_NOT_INDEXABLE,INFO,redirect alias
https://www.expatcopilot.com/netherlands/living/utilities,redirect_alias,REDIRECT,308→200,,https://www.expatcopilot.com/netherlands/utilities/utilities-netherlands/,no,yes,partial_via_redirect,no,REDIRECT_NOT_INDEXABLE,INFO,redirect alias
https://www.expatcopilot.com/netherlands/living/waste-and-recycling,redirect_alias,REDIRECT,308→200,,https://www.expatcopilot.com/netherlands/practical-life/waste-and-recycling-netherlands/,no,yes,partial_via_redirect,no,REDIRECT_NOT_INDEXABLE,INFO,redirect alias
https://www.expatcopilot.com/netherlands/money/taxes/30-percent-ruling,redirect_alias,REDIRECT,308→200,"index, follow",https://www.expatcopilot.com/netherlands/taxes/30-percent-ruling/,no,yes,partial_via_redirect,no,REDIRECT_NOT_INDEXABLE,INFO,redirect alias
https://www.expatcopilot.com/netherlands/money/tools/30-ruling-calculator,redirect_alias,REDIRECT,308→200,,https://www.expatcopilot.com/netherlands/taxes/tools/30-ruling-calculator/,no,yes,partial_via_redirect,no,REDIRECT_NOT_INDEXABLE,INFO,redirect alias
https://www.expatcopilot.com/netherlands/money/tools/dutch-salary-net-calculator,redirect_alias,REDIRECT,308→200,,https://www.expatcopilot.com/netherlands/taxes/tools/dutch-salary-net-calculator/,no,yes,partial_via_redirect,no,REDIRECT_NOT_INDEXABLE,INFO,redirect alias
https://www.expatcopilot.com/netherlands/money/tools/double-tax-awareness-tool,redirect_alias,REDIRECT,308→200,,https://www.expatcopilot.com/netherlands/taxes/tools/double-tax-awareness-tool/,no,yes,partial_via_redirect,no,REDIRECT_NOT_INDEXABLE,INFO,redirect alias
https://www.expatcopilot.com/netherlands/money/cheap-cities-netherlands,redirect_alias,REDIRECT,308→200,,https://www.expatcopilot.com/netherlands/cities/cheapest-cities-for-expats/,no,yes,partial_via_redirect,no,REDIRECT_NOT_INDEXABLE,INFO,redirect alias
https://www.expatcopilot.com/netherlands/money/tools/rent-affordability-calculator,redirect_alias,REDIRECT,308→200,"index, follow",https://www.expatcopilot.com/netherlands/housing/tools/rent-affordability-calculator/,no,yes,partial_via_redirect,no,REDIRECT_NOT_INDEXABLE,INFO,redirect alias
https://www.expatcopilot.com/netherlands/mortgage-netherlands-expats,redirect_alias,REDIRECT,308→200,"index, follow",https://www.expatcopilot.com/netherlands/housing/mortgages-netherlands-expats/,no,yes,partial_via_redirect,no,REDIRECT_NOT_INDEXABLE,INFO,redirect alias
https://www.expatcopilot.com/netherlands/money/tools/expat-cost-of-living-calculator,redirect_alias,REDIRECT,308→200,"index, follow",https://www.expatcopilot.com/netherlands/money/tools/cost-of-living-calculator/,no,yes,partial_via_redirect,no,REDIRECT_NOT_INDEXABLE,INFO,redirect alias
https://www.expatcopilot.com/netherlands/moving,redirect_alias,REDIRECT,308→200,,https://www.expatcopilot.com/netherlands/moving-to-the-netherlands/,no,yes,partial_via_redirect,no,REDIRECT_NOT_INDEXABLE,INFO,redirect alias
https://www.expatcopilot.com/netherlands/moving/moving-to-netherlands-from/uk,redirect_alias,REDIRECT,308→200,,https://www.expatcopilot.com/netherlands/moving/moving-to-netherlands-from/united-kingdom/,no,yes,partial_via_redirect,no,REDIRECT_NOT_INDEXABLE,INFO,redirect alias
https://www.expatcopilot.com/netherlands/moving/moving-to-netherlands-from,redirect_alias,REDIRECT,308→200,,https://www.expatcopilot.com/netherlands/moving-to-netherlands-from/,no,yes,partial_via_redirect,no,REDIRECT_NOT_INDEXABLE,INFO,redirect alias
https://www.expatcopilot.com/netherlands/moving/moving-to-netherlands-from/us,redirect_alias,REDIRECT,308→200,,https://www.expatcopilot.com/netherlands/moving/moving-to-netherlands-from/united-states/,no,yes,partial_via_redirect,no,REDIRECT_NOT_INDEXABLE,INFO,redirect alias
https://www.expatcopilot.com/netherlands/permanent-residence-netherlands,redirect_alias,REDIRECT,308→200,,https://www.expatcopilot.com/netherlands/citizenship/permanent-residence/,no,yes,partial_via_redirect,no,REDIRECT_NOT_INDEXABLE,INFO,redirect alias
https://www.expatcopilot.com/netherlands/moving/tools/residence-permit-timeline-estimator,redirect_alias,REDIRECT,308→200,,https://www.expatcopilot.com/netherlands/visa-timeline-estimator/,no,yes,partial_via_redirect,no,REDIRECT_NOT_INDEXABLE,INFO,redirect alias
https://www.expatcopilot.com/netherlands/moving/tools/document-readiness,redirect_alias,REDIRECT,308→200,,https://www.expatcopilot.com/netherlands/document-readiness-checker/,no,yes,partial_via_redirect,no,REDIRECT_NOT_INDEXABLE,INFO,redirect alias
https://www.expatcopilot.com/netherlands/moving/tools/visa-eligibility-checker,redirect_alias,REDIRECT,308→200,,https://www.expatcopilot.com/netherlands/visa-checker/,no,yes,partial_via_redirect,no,REDIRECT_NOT_INDEXABLE,INFO,redirect alias
https://www.expatcopilot.com/netherlands/practical-life/address-registration-netherlands,redirect_alias,REDIRECT,308→200,,https://www.expatcopilot.com/netherlands/practical-life/registering-your-address-netherlands/,no,yes,partial_via_redirect,no,REDIRECT_NOT_INDEXABLE,INFO,redirect alias
https://www.expatcopilot.com/netherlands/settling-in-netherlands,redirect_alias,REDIRECT,308→200,,https://www.expatcopilot.com/netherlands/after-arriving-netherlands/,no,yes,partial_via_redirect,no,REDIRECT_NOT_INDEXABLE,INFO,redirect alias
https://www.expatcopilot.com/netherlands/property-tax-netherlands,redirect_alias,REDIRECT,308→200,"index, follow",https://www.expatcopilot.com/netherlands/taxes/property-tax-netherlands/,no,yes,partial_via_redirect,no,REDIRECT_NOT_INDEXABLE,INFO,redirect alias
https://www.expatcopilot.com/netherlands/survival-guide,redirect_alias,REDIRECT,308→200,"index, follow",https://www.expatcopilot.com/netherlands/living/survival-guide/,no,yes,partial_via_redirect,no,REDIRECT_NOT_INDEXABLE,INFO,redirect alias
https://www.expatcopilot.com/netherlands/taxes/childcare-allowance,redirect_alias,REDIRECT,308→200,"index, follow",https://www.expatcopilot.com/netherlands/taxes/childcare-allowance-netherlands/,no,yes,partial_via_redirect,no,REDIRECT_NOT_INDEXABLE,INFO,redirect alias
https://www.expatcopilot.com/netherlands/taxes/expat-taxes-netherlands,redirect_alias,REDIRECT,308→200,"index, follow",https://www.expatcopilot.com/netherlands/money/expat-taxes-netherlands/,no,yes,partial_via_redirect,no,REDIRECT_NOT_INDEXABLE,INFO,redirect alias
https://www.expatcopilot.com/netherlands/utilities-in-netherlands,redirect_alias,REDIRECT,308→200,,https://www.expatcopilot.com/netherlands/utilities/utilities-netherlands/,no,yes,partial_via_redirect,no,REDIRECT_NOT_INDEXABLE,INFO,redirect alias
https://www.expatcopilot.com/netherlands/taxes/healthcare-allowance,redirect_alias,REDIRECT,308→200,"index, follow",https://www.expatcopilot.com/netherlands/taxes/healthcare-allowance-netherlands/,no,yes,partial_via_redirect,no,REDIRECT_NOT_INDEXABLE,INFO,redirect alias
https://www.expatcopilot.com/netherlands/taxes/how-taxes-work-netherlands,redirect_alias,REDIRECT,308→200,"index, follow",https://www.expatcopilot.com/netherlands/money/how-taxes-work-in-the-netherlands/,no,yes,partial_via_redirect,no,REDIRECT_NOT_INDEXABLE,INFO,redirect alias
https://www.expatcopilot.com/netherlands/taxes/tax-return-netherlands,redirect_alias,REDIRECT,308→200,"index, follow",https://www.expatcopilot.com/netherlands/money/tax-return-netherlands/,no,yes,partial_via_redirect,no,REDIRECT_NOT_INDEXABLE,INFO,redirect alias
https://www.expatcopilot.com/netherlands/taxes/rent-allowance,redirect_alias,REDIRECT,308→200,"index, follow",https://www.expatcopilot.com/netherlands/taxes/rent-allowance-netherlands/,no,yes,partial_via_redirect,no,REDIRECT_NOT_INDEXABLE,INFO,redirect alias
https://www.expatcopilot.com/netherlands/taxes/tax-residency-netherlands,redirect_alias,REDIRECT,308→200,"index, follow",https://www.expatcopilot.com/netherlands/money/tax-residency-netherlands/,no,yes,partial_via_redirect,no,REDIRECT_NOT_INDEXABLE,INFO,redirect alias
https://www.expatcopilot.com/netherlands/visa/entrepreneur-visa,redirect_alias,REDIRECT,308→200,,https://www.expatcopilot.com/netherlands/visa/self-employed-visa/,no,yes,partial_via_redirect,no,REDIRECT_NOT_INDEXABLE,INFO,redirect alias
https://www.expatcopilot.com/netherlands/visa/european-blue-card,redirect_alias,REDIRECT,308→200,,https://www.expatcopilot.com/netherlands/visa/eu-blue-card/,no,yes,partial_via_redirect,no,REDIRECT_NOT_INDEXABLE,INFO,redirect alias
https://www.expatcopilot.com/netherlands/visa/daft-visa,redirect_alias,REDIRECT,308→200,,https://www.expatcopilot.com/netherlands/visa/dutch-american-friendship-treaty/,no,yes,partial_via_redirect,no,REDIRECT_NOT_INDEXABLE,INFO,redirect alias
https://www.expatcopilot.com/netherlands/visa/family-permit,redirect_alias,REDIRECT,308→200,,https://www.expatcopilot.com/netherlands/visa/partner-family-visa/,no,yes,partial_via_redirect,no,REDIRECT_NOT_INDEXABLE,INFO,redirect alias
https://www.expatcopilot.com/netherlands/visa/family-reunification,redirect_alias,REDIRECT,308→200,,https://www.expatcopilot.com/netherlands/visa/partner-family-visa/,no,yes,partial_via_redirect,no,REDIRECT_NOT_INDEXABLE,INFO,redirect alias
https://www.expatcopilot.com/netherlands/visa/freelancer-visa,redirect_alias,REDIRECT,308→200,,https://www.expatcopilot.com/netherlands/visa/self-employed-visa/,no,yes,partial_via_redirect,no,REDIRECT_NOT_INDEXABLE,INFO,redirect alias
https://www.expatcopilot.com/netherlands/visa/partner-visa,redirect_alias,REDIRECT,308→200,,https://www.expatcopilot.com/netherlands/visa/partner-family-visa/,no,yes,partial_via_redirect,no,REDIRECT_NOT_INDEXABLE,INFO,redirect alias
https://www.expatcopilot.com/netherlands/visa/self-employed-residence-permit,redirect_alias,REDIRECT,308→200,,https://www.expatcopilot.com/netherlands/visa/self-employed-visa/,no,yes,partial_via_redirect,no,REDIRECT_NOT_INDEXABLE,INFO,redirect alias
https://www.expatcopilot.com/netherlands/visa/spouse-visa,redirect_alias,REDIRECT,308→200,,https://www.expatcopilot.com/netherlands/visa/partner-family-visa/,no,yes,partial_via_redirect,no,REDIRECT_NOT_INDEXABLE,INFO,redirect alias
https://www.expatcopilot.com/netherlands/visa/study-visa,redirect_alias,REDIRECT,308→200,,https://www.expatcopilot.com/netherlands/visa/student-visa/,no,yes,partial_via_redirect,no,REDIRECT_NOT_INDEXABLE,INFO,redirect alias
https://www.expatcopilot.com/netherlands/visa/student-residence-permit,redirect_alias,REDIRECT,308→200,,https://www.expatcopilot.com/netherlands/visa/student-visa/,no,yes,partial_via_redirect,no,REDIRECT_NOT_INDEXABLE,INFO,redirect alias
https://www.expatcopilot.com/netherlands/visas-residency,redirect_alias,REDIRECT,308→200,"index, follow",https://www.expatcopilot.com/netherlands/moving/visas-residency/,no,yes,partial_via_redirect,no,REDIRECT_NOT_INDEXABLE,INFO,redirect alias
https://www.expatcopilot.com/netherlands/visas-residency/partner-family,redirect_alias,REDIRECT,308→200,,https://www.expatcopilot.com/netherlands/visa/partner-family-visa/,no,yes,partial_via_redirect,no,REDIRECT_NOT_INDEXABLE,INFO,redirect alias
https://www.expatcopilot.com/netherlands/visas-residency/residence-permits,redirect_alias,REDIRECT,308→200,"index, follow",https://www.expatcopilot.com/netherlands/moving/residence-permits/,no,yes,partial_via_redirect,no,REDIRECT_NOT_INDEXABLE,INFO,redirect alias
https://www.expatcopilot.com/netherlands/visas-residency/extensions-changes,redirect_alias,REDIRECT,308→200,"index, follow",https://www.expatcopilot.com/netherlands/moving/extensions-changes/,no,yes,partial_via_redirect,no,REDIRECT_NOT_INDEXABLE,INFO,redirect alias
https://www.expatcopilot.com/netherlands/visas-residency/status-changes,redirect_alias,REDIRECT,308→200,"index, follow",https://www.expatcopilot.com/netherlands/moving/status-changes/,no,yes,partial_via_redirect,no,REDIRECT_NOT_INDEXABLE,INFO,redirect alias
https://www.expatcopilot.com/netherlands/work/average-salary-netherlands,redirect_alias,REDIRECT,308→200,"index, follow",https://www.expatcopilot.com/netherlands/taxes/average-salary-netherlands/,no,yes,partial_via_redirect,no,REDIRECT_NOT_INDEXABLE,INFO,redirect alias
https://www.expatcopilot.com/netherlands/work/bonus-tax-netherlands,redirect_alias,REDIRECT,308→200,"index, follow",https://www.expatcopilot.com/netherlands/taxes/bonus-tax-netherlands/,no,yes,partial_via_redirect,no,REDIRECT_NOT_INDEXABLE,INFO,redirect alias
https://www.expatcopilot.com/netherlands/work/employee-benefits-netherlands,redirect_alias,REDIRECT,308→200,"index, follow",https://www.expatcopilot.com/netherlands/jobs/employee-benefits-netherlands/,no,yes,partial_via_redirect,no,REDIRECT_NOT_INDEXABLE,INFO,redirect alias
https://www.expatcopilot.com/netherlands/work/finding-jobs-netherlands,redirect_alias,REDIRECT,308→200,"index, follow",https://www.expatcopilot.com/netherlands/jobs/finding-jobs-netherlands/,no,yes,partial_via_redirect,no,REDIRECT_NOT_INDEXABLE,INFO,redirect alias
https://www.expatcopilot.com/netherlands/work/changing-jobs-netherlands,redirect_alias,REDIRECT,308→200,,https://www.expatcopilot.com/netherlands/moving/changing-jobs-netherlands/,no,yes,partial_via_redirect,no,REDIRECT_NOT_INDEXABLE,INFO,redirect alias
https://www.expatcopilot.com/netherlands/work/employment-contract-netherlands,redirect_alias,REDIRECT,308→200,"index, follow",https://www.expatcopilot.com/netherlands/jobs/employment-contract-netherlands/,no,yes,partial_via_redirect,no,REDIRECT_NOT_INDEXABLE,INFO,redirect alias
https://www.expatcopilot.com/netherlands/work/expat-salary-netherlands,redirect_alias,REDIRECT,308→200,"index, follow",https://www.expatcopilot.com/netherlands/jobs/expat-salary-netherlands/,no,yes,partial_via_redirect,no,REDIRECT_NOT_INDEXABLE,INFO,redirect alias
https://www.expatcopilot.com/netherlands/work/employee-rights-netherlands,redirect_alias,REDIRECT,308→200,"index, follow",https://www.expatcopilot.com/netherlands/jobs/employee-rights-netherlands/,no,yes,partial_via_redirect,no,REDIRECT_NOT_INDEXABLE,INFO,redirect alias
https://www.expatcopilot.com/netherlands/work/contractor-vs-employee-netherlands,redirect_alias,REDIRECT,308→200,"index, follow",https://www.expatcopilot.com/netherlands/jobs/contractor-vs-employee-netherlands/,no,yes,partial_via_redirect,no,REDIRECT_NOT_INDEXABLE,INFO,redirect alias
https://www.expatcopilot.com/netherlands/work/freelancing-netherlands,redirect_alias,REDIRECT,308→200,"index, follow",https://www.expatcopilot.com/netherlands/jobs/freelancing-netherlands/,no,yes,partial_via_redirect,no,REDIRECT_NOT_INDEXABLE,INFO,redirect alias
https://www.expatcopilot.com/netherlands/work/holiday-allowance-netherlands,redirect_alias,REDIRECT,308→200,"index, follow",https://www.expatcopilot.com/netherlands/jobs/holiday-allowance-netherlands/,no,yes,partial_via_redirect,no,REDIRECT_NOT_INDEXABLE,INFO,redirect alias
https://www.expatcopilot.com/netherlands/work/minimum-wage-netherlands,redirect_alias,REDIRECT,308→200,"index, follow",https://www.expatcopilot.com/netherlands/jobs/minimum-wage-netherlands/,no,yes,partial_via_redirect,no,REDIRECT_NOT_INDEXABLE,INFO,redirect alias
https://www.expatcopilot.com/netherlands/work/layoffs-netherlands,redirect_alias,REDIRECT,308→200,,https://www.expatcopilot.com/netherlands/moving/layoffs-netherlands/,no,yes,partial_via_redirect,no,REDIRECT_NOT_INDEXABLE,INFO,redirect alias
https://www.expatcopilot.com/netherlands/family/tools/partner-work-eligibility-checker,tool_calculator,INTENTIONALLY_NOINDEX,200,"noindex, nofollow",https://www.expatcopilot.com/netherlands/family/tools/partner-work-eligibility-checker/,no,yes,no,no,INTENTIONALLY_NOINDEX,INFO,"intent noindex; status=200; robots=noindex, nofollow"
https://www.expatcopilot.com/netherlands/work/pension-netherlands,redirect_alias,REDIRECT,308→200,"index, follow",https://www.expatcopilot.com/netherlands/jobs/pension-netherlands-expats/,no,yes,partial_via_redirect,no,REDIRECT_NOT_INDEXABLE,INFO,redirect alias
https://www.expatcopilot.com/dev/phase2-components,dev,INTENTIONALLY_NOINDEX,200,"noindex, nofollow",,no,no,no,no,INTENTIONALLY_NOINDEX,INFO,"intent noindex; status=200; robots=noindex, nofollow"
https://www.expatcopilot.com/netherlands/work/probation-period-netherlands,redirect_alias,REDIRECT,308→200,"index, follow",https://www.expatcopilot.com/netherlands/jobs/probation-period-netherlands/,no,yes,partial_via_redirect,no,REDIRECT_NOT_INDEXABLE,INFO,redirect alias
https://www.expatcopilot.com/netherlands/work/notice-period-netherlands,redirect_alias,REDIRECT,308→200,"index, follow",https://www.expatcopilot.com/netherlands/jobs/notice-period-netherlands/,no,yes,partial_via_redirect,no,REDIRECT_NOT_INDEXABLE,INFO,redirect alias
https://www.expatcopilot.com/netherlands/work/work-culture-netherlands,redirect_alias,REDIRECT,308→200,"index, follow",https://www.expatcopilot.com/netherlands/jobs/dutch-workplace-culture/,no,yes,partial_via_redirect,no,REDIRECT_NOT_INDEXABLE,INFO,redirect alias
https://www.expatcopilot.com/netherlands/work/resigning-job-netherlands,redirect_alias,REDIRECT,308→200,"index, follow",https://www.expatcopilot.com/netherlands/moving/resigning-job-netherlands/,no,yes,partial_via_redirect,no,REDIRECT_NOT_INDEXABLE,INFO,redirect alias
https://www.expatcopilot.com/netherlands/housing/tools/buy-vs-rent-calculator,tool_calculator,INTENTIONALLY_NOINDEX,200,"noindex, nofollow",https://www.expatcopilot.com/netherlands/housing/tools/buy-vs-rent-calculator/,no,yes,no,no,INTENTIONALLY_NOINDEX,INFO,"intent noindex; status=200; robots=noindex, nofollow"
https://www.expatcopilot.com/netherlands/work/twv-work-permit,redirect_alias,REDIRECT,308→200,"index, follow",https://www.expatcopilot.com/netherlands/moving/twv-work-permit/,no,yes,partial_via_redirect,no,REDIRECT_NOT_INDEXABLE,INFO,redirect alias
https://www.expatcopilot.com/netherlands/health/tools/insurance-comparison-tool,tool_calculator,INTENTIONALLY_NOINDEX,200,"noindex, nofollow",https://www.expatcopilot.com/netherlands/health/tools/insurance-comparison-tool/,no,yes,no,no,INTENTIONALLY_NOINDEX,INFO,"intent noindex; status=200; robots=noindex, nofollow"
https://www.expatcopilot.com/netherlands/health/tools/dutch-health-insurance-comparison-tool,tool_calculator,INTENTIONALLY_NOINDEX,200,"noindex, nofollow",https://www.expatcopilot.com/netherlands/health/tools/dutch-health-insurance-comparison-tool/,no,yes,no,no,INTENTIONALLY_NOINDEX,INFO,"intent noindex; status=200; robots=noindex, nofollow"
https://www.expatcopilot.com/netherlands/work/work-permit-netherlands,redirect_alias,REDIRECT,308→200,,https://www.expatcopilot.com/netherlands/work/working-in-netherlands/,no,yes,partial_via_redirect,no,REDIRECT_NOT_INDEXABLE,INFO,redirect alias
https://www.expatcopilot.com/netherlands/work/salary-negotiation-netherlands,redirect_alias,REDIRECT,308→200,"index, follow",https://www.expatcopilot.com/netherlands/jobs/salary-negotiation-netherlands/,no,yes,partial_via_redirect,no,REDIRECT_NOT_INDEXABLE,INFO,redirect alias
https://www.expatcopilot.com/netherlands/housing/tools/deposit-return-risk-checker,tool_calculator,INTENTIONALLY_NOINDEX,200,"noindex, nofollow",https://www.expatcopilot.com/netherlands/housing/tools/deposit-return-risk-checker/,no,yes,no,no,INTENTIONALLY_NOINDEX,INFO,"intent noindex; status=200; robots=noindex, nofollow"
https://www.expatcopilot.com/netherlands/housing/tools/mortgage-comparison-tool,tool_calculator,INTENTIONALLY_NOINDEX,200,"noindex, nofollow",https://www.expatcopilot.com/netherlands/housing/tools/mortgage-comparison-tool/,no,yes,no,no,INTENTIONALLY_NOINDEX,INFO,"intent noindex; status=200; robots=noindex, nofollow"
https://www.expatcopilot.com/netherlands/housing/tools/dutch-rental-budget-calculator,tool_calculator,INTENTIONALLY_NOINDEX,200,"noindex, nofollow",https://www.expatcopilot.com/netherlands/housing/tools/dutch-rental-budget-calculator/,no,yes,no,no,INTENTIONALLY_NOINDEX,INFO,"intent noindex; status=200; robots=noindex, nofollow"
https://www.expatcopilot.com/netherlands/moving/tools/bsn-readiness-checker,tool_calculator,INTENTIONALLY_NOINDEX,200,"noindex, nofollow",https://www.expatcopilot.com/netherlands/moving/tools/bsn-readiness-checker/,no,yes,no,no,INTENTIONALLY_NOINDEX,INFO,"intent noindex; status=200; robots=noindex, nofollow"
https://www.expatcopilot.com/netherlands/integration/tools/inburgering-timeline-planner,tool_calculator,INTENTIONALLY_NOINDEX,200,"noindex, nofollow",https://www.expatcopilot.com/netherlands/integration/tools/inburgering-timeline-planner/,no,yes,no,no,INTENTIONALLY_NOINDEX,INFO,"intent noindex; status=200; robots=noindex, nofollow"
https://www.expatcopilot.com/netherlands/integration/tools/knm-knowledge-quiz,tool_calculator,INTENTIONALLY_NOINDEX,200,"noindex, nofollow",https://www.expatcopilot.com/netherlands/integration/tools/knm-knowledge-quiz/,no,yes,no,no,INTENTIONALLY_NOINDEX,INFO,"intent noindex; status=200; robots=noindex, nofollow"
https://www.expatcopilot.com/netherlands/housing/tools/mortgage-eligibility-estimator,tool_calculator,INTENTIONALLY_NOINDEX,200,"noindex, nofollow",https://www.expatcopilot.com/netherlands/housing/tools/mortgage-eligibility-estimator/,no,yes,no,no,INTENTIONALLY_NOINDEX,INFO,"intent noindex; status=200; robots=noindex, nofollow"
https://www.expatcopilot.com/netherlands/money/tools/employment-tax-overview-tool,tool_calculator,INTENTIONALLY_NOINDEX,200,"noindex, nofollow",https://www.expatcopilot.com/netherlands/money/tools/employment-tax-overview-tool/,no,yes,no,no,INTENTIONALLY_NOINDEX,INFO,"intent noindex; status=200; robots=noindex, nofollow"
https://www.expatcopilot.com/netherlands/work/tools/job-offer-comparison-tool,redirect_alias,REDIRECT,308→200,,https://www.expatcopilot.com/netherlands/work/tools/job-offer-comparison/,no,yes,partial_via_redirect,no,REDIRECT_NOT_INDEXABLE,INFO,redirect alias
https://www.expatcopilot.com/netherlands/tools/advanced/expat-visa-risk-tax-navigator,tool_calculator,INTENTIONALLY_NOINDEX,200,"noindex, nofollow",https://www.expatcopilot.com/netherlands/tools/advanced/expat-visa-risk-tax-navigator/,no,yes,no,no,INTENTIONALLY_NOINDEX,INFO,"intent noindex; status=200; robots=noindex, nofollow"
https://www.expatcopilot.com/netherlands/tools/advanced/ai-personal-benefits-finder,tool_calculator,INTENTIONALLY_NOINDEX,200,"noindex, nofollow",https://www.expatcopilot.com/netherlands/tools/advanced/ai-personal-benefits-finder/,no,yes,no,no,INTENTIONALLY_NOINDEX,INFO,"intent noindex; status=200; robots=noindex, nofollow"
https://www.expatcopilot.com/netherlands/moving/tools/moving-cost-calculator,tool_calculator,INTENTIONALLY_NOINDEX,200,"noindex, nofollow",https://www.expatcopilot.com/netherlands/moving/tools/moving-cost-calculator/,no,yes,no,no,INTENTIONALLY_NOINDEX,INFO,"intent noindex; status=200; robots=noindex, nofollow"
https://www.expatcopilot.com/netherlands/work/zzp-netherlands,redirect_alias,REDIRECT,308→200,"index, follow",https://www.expatcopilot.com/netherlands/business/zzp-netherlands/,no,yes,partial_via_redirect,no,REDIRECT_NOT_INDEXABLE,INFO,redirect alias
https://www.expatcopilot.com/netherlands/tools/advanced/green-retrofit-planner,tool_calculator,INTENTIONALLY_NOINDEX,200,"noindex, nofollow",https://www.expatcopilot.com/netherlands/tools/advanced/green-retrofit-planner/,no,yes,no,no,INTENTIONALLY_NOINDEX,INFO,"intent noindex; status=200; robots=noindex, nofollow"
https://www.expatcopilot.com/netherlands/tools/advanced/hidden-compensation-finder,tool_calculator,INTENTIONALLY_NOINDEX,200,"noindex, nofollow",https://www.expatcopilot.com/netherlands/tools/advanced/hidden-compensation-finder/,no,yes,no,no,INTENTIONALLY_NOINDEX,INFO,"intent noindex; status=200; robots=noindex, nofollow"
https://www.expatcopilot.com/netherlands/tools/advanced/rental-deposit-dispute-tool,tool_calculator,INTENTIONALLY_NOINDEX,200,"noindex, nofollow",https://www.expatcopilot.com/netherlands/tools/advanced/rental-deposit-dispute-tool/,no,yes,no,no,INTENTIONALLY_NOINDEX,INFO,"intent noindex; status=200; robots=noindex, nofollow"
https://www.expatcopilot.com/netherlands/tools/advanced/insurance-coverage-gap-detector,tool_calculator,INTENTIONALLY_NOINDEX,200,"noindex, nofollow",https://www.expatcopilot.com/netherlands/tools/advanced/insurance-coverage-gap-detector/,no,yes,no,no,INTENTIONALLY_NOINDEX,INFO,"intent noindex; status=200; robots=noindex, nofollow"
https://www.expatcopilot.com/netherlands/transport/tools/bike-vs-public-transport-cost-tool,tool_calculator,INTENTIONALLY_NOINDEX,200,"noindex, nofollow",https://www.expatcopilot.com/netherlands/transport/tools/bike-vs-public-transport-cost-tool/,no,yes,no,no,INTENTIONALLY_NOINDEX,INFO,"intent noindex; status=200; robots=noindex, nofollow"
https://www.expatcopilot.com/netherlands/transport/tools/public-transport-cost-estimator,tool_calculator,INTENTIONALLY_NOINDEX,200,"noindex, nofollow",https://www.expatcopilot.com/netherlands/transport/tools/public-transport-cost-estimator/,no,yes,no,no,INTENTIONALLY_NOINDEX,INFO,"intent noindex; status=200; robots=noindex, nofollow"
https://www.expatcopilot.com/netherlands/work/tools/employee-benefits-calculator,tool_calculator,INTENTIONALLY_NOINDEX,200,"noindex, nofollow",https://www.expatcopilot.com/netherlands/work/tools/employee-benefits-calculator/,no,yes,no,no,INTENTIONALLY_NOINDEX,INFO,"intent noindex; status=200; robots=noindex, nofollow"
https://www.expatcopilot.com/netherlands/work/tools/compensation-comparison-tool,tool_calculator,INTENTIONALLY_NOINDEX,200,"noindex, nofollow",https://www.expatcopilot.com/netherlands/work/tools/compensation-comparison-tool/,no,yes,no,no,INTENTIONALLY_NOINDEX,INFO,"intent noindex; status=200; robots=noindex, nofollow"
https://www.expatcopilot.com/netherlands/work/tools/job-change-impact-simulator,tool_calculator,INTENTIONALLY_NOINDEX,200,"noindex, nofollow",https://www.expatcopilot.com/netherlands/work/tools/job-change-impact-simulator/,no,yes,no,no,INTENTIONALLY_NOINDEX,INFO,"intent noindex; status=200; robots=noindex, nofollow"
https://www.expatcopilot.com/netherlands/work/tools/compare-payslips-tool,tool_calculator,INTENTIONALLY_NOINDEX,200,"noindex, nofollow",https://www.expatcopilot.com/netherlands/work/tools/compare-payslips-tool/,no,yes,no,no,INTENTIONALLY_NOINDEX,INFO,"intent noindex; status=200; robots=noindex, nofollow"
https://www.expatcopilot.com/netherlands/work/tools/employment-type-admin-load-tool,tool_calculator,INTENTIONALLY_NOINDEX,200,"noindex, nofollow",https://www.expatcopilot.com/netherlands/work/tools/employment-type-admin-load-tool/,no,yes,no,no,INTENTIONALLY_NOINDEX,INFO,"intent noindex; status=200; robots=noindex, nofollow"
https://www.expatcopilot.com/netherlands/work/tools/employment-type-visa-dependency-tool,tool_calculator,INTENTIONALLY_NOINDEX,200,"noindex, nofollow",https://www.expatcopilot.com/netherlands/work/tools/employment-type-visa-dependency-tool/,no,yes,no,no,INTENTIONALLY_NOINDEX,INFO,"intent noindex; status=200; robots=noindex, nofollow"
https://www.expatcopilot.com/search,search_utility,UTILITY,200,"noindex, follow",https://www.expatcopilot.com/search/,no,yes,no,no,UTILITY_NOINDEX,INFO,"utility; robots=noindex, follow"
https://www.expatcopilot.com/netherlands/electricity-providers-netherlands,guide,STAGED_NOT_LAUNCHED,200,"noindex, nofollow",https://www.expatcopilot.com/netherlands/electricity-providers-netherlands/,no,yes,no,no,INTENTIONALLY_STAGED,INFO,staged; status=200/200
https://www.expatcopilot.com/netherlands/expat-housing-agencies-netherlands,guide,STAGED_NOT_LAUNCHED,200,"noindex, nofollow",https://www.expatcopilot.com/netherlands/expat-housing-agencies-netherlands/,no,yes,no,no,INTENTIONALLY_STAGED,INFO,staged; status=200/200
https://www.expatcopilot.com/netherlands/average-rent-netherlands,guide,STAGED_NOT_LAUNCHED,200,"noindex, nofollow",https://www.expatcopilot.com/netherlands/average-rent-netherlands/,no,yes,no,no,INTENTIONALLY_STAGED,INFO,staged; status=200/200
https://www.expatcopilot.com/netherlands/finding-apartment-netherlands,guide,STAGED_NOT_LAUNCHED,200,"noindex, nofollow",https://www.expatcopilot.com/netherlands/finding-apartment-netherlands/,no,yes,no,no,INTENTIONALLY_STAGED,INFO,staged; status=200/200
https://www.expatcopilot.com/netherlands/furnished-vs-unfurnished-netherlands,comparison,STAGED_NOT_LAUNCHED,200,"noindex, nofollow",https://www.expatcopilot.com/netherlands/furnished-vs-unfurnished-netherlands/,no,yes,no,no,INTENTIONALLY_STAGED,INFO,staged; status=200/200
https://www.expatcopilot.com/netherlands/best-housing-websites-netherlands,guide,STAGED_NOT_LAUNCHED,200,"noindex, nofollow",https://www.expatcopilot.com/netherlands/best-housing-websites-netherlands/,no,yes,no,no,INTENTIONALLY_STAGED,INFO,staged; status=200/200
https://www.expatcopilot.com/netherlands/housing/neighborhoods,guide,STAGED_NOT_LAUNCHED,200,"noindex, nofollow",https://www.expatcopilot.com/netherlands/housing/neighborhoods/,no,yes,no,no,INTENTIONALLY_STAGED,INFO,staged; status=200/200
https://www.expatcopilot.com/netherlands/housing/renting-in-amsterdam,guide,STAGED_NOT_LAUNCHED,200,"noindex, nofollow",https://www.expatcopilot.com/netherlands/housing/renting-in-amsterdam/,no,yes,no,no,INTENTIONALLY_STAGED,INFO,staged; status=200/200
https://www.expatcopilot.com/netherlands/housing-netherlands,guide,STAGED_NOT_LAUNCHED,200,"noindex, nofollow",https://www.expatcopilot.com/netherlands/housing-netherlands/,no,yes,no,no,INTENTIONALLY_STAGED,INFO,staged; status=200/200
https://www.expatcopilot.com/netherlands/housing/renting-in-delft,guide,STAGED_NOT_LAUNCHED,200,"noindex, nofollow",https://www.expatcopilot.com/netherlands/housing/renting-in-delft/,no,yes,no,no,INTENTIONALLY_STAGED,INFO,staged; status=200/200
https://www.expatcopilot.com/netherlands/housing/renting-in-amstelveen,guide,STAGED_NOT_LAUNCHED,200,"noindex, nofollow",https://www.expatcopilot.com/netherlands/housing/renting-in-amstelveen/,no,yes,no,no,INTENTIONALLY_STAGED,INFO,staged; status=200/200
https://www.expatcopilot.com/netherlands/housing/renting-in-eindhoven,guide,STAGED_NOT_LAUNCHED,200,"noindex, nofollow",https://www.expatcopilot.com/netherlands/housing/renting-in-eindhoven/,no,yes,no,no,INTENTIONALLY_STAGED,INFO,staged; status=200/200
https://www.expatcopilot.com/netherlands/housing/renting-in-groningen,guide,STAGED_NOT_LAUNCHED,200,"noindex, nofollow",https://www.expatcopilot.com/netherlands/housing/renting-in-groningen/,no,yes,no,no,INTENTIONALLY_STAGED,INFO,staged; status=200/200
https://www.expatcopilot.com/netherlands/housing/renting-in-haarlem,guide,STAGED_NOT_LAUNCHED,200,"noindex, nofollow",https://www.expatcopilot.com/netherlands/housing/renting-in-haarlem/,no,yes,no,no,INTENTIONALLY_STAGED,INFO,staged; status=200/200
https://www.expatcopilot.com/netherlands/housing/renting-in-the-netherlands,guide,STAGED_NOT_LAUNCHED,200,"noindex, nofollow",https://www.expatcopilot.com/netherlands/housing/renting-in-the-netherlands/,no,yes,no,no,INTENTIONALLY_STAGED,INFO,staged; status=200/200
https://www.expatcopilot.com/netherlands/housing/renting-in-utrecht,guide,STAGED_NOT_LAUNCHED,200,"noindex, nofollow",https://www.expatcopilot.com/netherlands/housing/renting-in-utrecht/,no,yes,no,no,INTENTIONALLY_STAGED,INFO,staged; status=200/200
https://www.expatcopilot.com/netherlands/jobs/cv-netherlands,guide,STAGED_NOT_LAUNCHED,404,,,no,yes,no,no,INTENTIONALLY_STAGED,INFO,staged; status=404/404
https://www.expatcopilot.com/netherlands/housing/renting-in-rotterdam,guide,STAGED_NOT_LAUNCHED,200,"noindex, nofollow",https://www.expatcopilot.com/netherlands/housing/renting-in-rotterdam/,no,yes,no,no,INTENTIONALLY_STAGED,INFO,staged; status=200/200
https://www.expatcopilot.com/netherlands/jobs/cover-letter-netherlands,guide,STAGED_NOT_LAUNCHED,404,,,no,yes,no,no,INTENTIONALLY_STAGED,INFO,staged; status=404/404
https://www.expatcopilot.com/netherlands/internet-providers-netherlands,guide,STAGED_NOT_LAUNCHED,200,"noindex, nofollow",https://www.expatcopilot.com/netherlands/internet-providers-netherlands/,no,yes,no,no,INTENTIONALLY_STAGED,INFO,staged; status=200/200
https://www.expatcopilot.com/netherlands/housing/renting-in-leiden,guide,STAGED_NOT_LAUNCHED,200,"noindex, nofollow",https://www.expatcopilot.com/netherlands/housing/renting-in-leiden/,no,yes,no,no,INTENTIONALLY_STAGED,INFO,staged; status=200/200
https://www.expatcopilot.com/netherlands/housing/renting-in-the-hague,guide,STAGED_NOT_LAUNCHED,200,"noindex, nofollow",https://www.expatcopilot.com/netherlands/housing/renting-in-the-hague/,no,yes,no,no,INTENTIONALLY_STAGED,INFO,staged; status=200/200
https://www.expatcopilot.com/netherlands/housing/temporary-accommodation-netherlands,guide,STAGED_NOT_LAUNCHED,200,"noindex, nofollow",https://www.expatcopilot.com/netherlands/housing/temporary-accommodation-netherlands/,no,yes,no,no,INTENTIONALLY_STAGED,INFO,staged; status=200/200
https://www.expatcopilot.com/netherlands/housing/social-housing-netherlands,guide,STAGED_NOT_LAUNCHED,200,"noindex, nofollow",https://www.expatcopilot.com/netherlands/housing/social-housing-netherlands/,no,yes,no,no,INTENTIONALLY_STAGED,INFO,staged; status=200/200
https://www.expatcopilot.com/netherlands/inventory-check-rental-netherlands,guide,STAGED_NOT_LAUNCHED,200,"noindex, nofollow",https://www.expatcopilot.com/netherlands/inventory-check-rental-netherlands/,no,yes,no,no,INTENTIONALLY_STAGED,INFO,staged; status=200/200
https://www.expatcopilot.com/netherlands/how-to-rent-in-netherlands,guide,STAGED_NOT_LAUNCHED,200,"noindex, nofollow",https://www.expatcopilot.com/netherlands/how-to-rent-in-netherlands/,no,yes,no,no,INTENTIONALLY_STAGED,INFO,staged; status=200/200
https://www.expatcopilot.com/netherlands/jobs/interview-tips-netherlands,guide,STAGED_NOT_LAUNCHED,404,,,no,yes,no,no,INTENTIONALLY_STAGED,INFO,staged; status=404/404
https://www.expatcopilot.com/netherlands/jobs/english-speaking-jobs-netherlands,guide,STAGED_NOT_LAUNCHED,404,,,no,yes,no,no,INTENTIONALLY_STAGED,INFO,staged; status=404/404
https://www.expatcopilot.com/netherlands/jobs/recruitment-agencies-netherlands,guide,STAGED_NOT_LAUNCHED,404,,,no,yes,no,no,INTENTIONALLY_STAGED,INFO,staged; status=404/404
https://www.expatcopilot.com/netherlands/jobs/networking-netherlands,guide,STAGED_NOT_LAUNCHED,404,,,no,yes,no,no,INTENTIONALLY_STAGED,INFO,staged; status=404/404
https://www.expatcopilot.com/netherlands/living/asian-supermarkets-netherlands,guide,STAGED_NOT_LAUNCHED,404,,,no,yes,no,no,INTENTIONALLY_STAGED,INFO,staged; status=404/404
https://www.expatcopilot.com/netherlands/jobs/starting-consultancy-netherlands,guide,STAGED_NOT_LAUNCHED,404,,,no,yes,no,no,INTENTIONALLY_STAGED,INFO,staged; status=404/404
https://www.expatcopilot.com/netherlands/jobs/remote-work-netherlands,guide,STAGED_NOT_LAUNCHED,404,,,no,yes,no,no,INTENTIONALLY_STAGED,INFO,staged; status=404/404
https://www.expatcopilot.com/netherlands/living/beach-towns-netherlands,guide,STAGED_NOT_LAUNCHED,404,,,no,yes,no,no,INTENTIONALLY_STAGED,INFO,staged; status=404/404
https://www.expatcopilot.com/netherlands/living/bike-sharing-netherlands,guide,STAGED_NOT_LAUNCHED,404,,,no,yes,no,no,INTENTIONALLY_STAGED,INFO,staged; status=404/404
https://www.expatcopilot.com/netherlands/jobs/linkedin-netherlands,guide,STAGED_NOT_LAUNCHED,404,,,no,yes,no,no,INTENTIONALLY_STAGED,INFO,staged; status=404/404
https://www.expatcopilot.com/netherlands/living/best-supermarkets-netherlands,guide,STAGED_NOT_LAUNCHED,404,,,no,yes,no,no,INTENTIONALLY_STAGED,INFO,staged; status=404/404
https://www.expatcopilot.com/netherlands/living/castles-netherlands,guide,STAGED_NOT_LAUNCHED,404,,,no,yes,no,no,INTENTIONALLY_STAGED,INFO,staged; status=404/404
https://www.expatcopilot.com/netherlands/living/cheap-groceries-netherlands,guide,STAGED_NOT_LAUNCHED,404,,,no,yes,no,no,INTENTIONALLY_STAGED,INFO,staged; status=404/404
https://www.expatcopilot.com/netherlands/living/cycling-netherlands,guide,STAGED_NOT_LAUNCHED,404,,,no,yes,no,no,INTENTIONALLY_STAGED,INFO,staged; status=404/404
https://www.expatcopilot.com/netherlands/living/dutch-supermarkets,guide,STAGED_NOT_LAUNCHED,404,,,no,yes,no,no,INTENTIONALLY_STAGED,INFO,staged; status=404/404
https://www.expatcopilot.com/netherlands/living/day-trips-netherlands,guide,STAGED_NOT_LAUNCHED,404,,,no,yes,no,no,INTENTIONALLY_STAGED,INFO,staged; status=404/404
https://www.expatcopilot.com/netherlands/living/hiking-netherlands,guide,STAGED_NOT_LAUNCHED,404,,,no,yes,no,no,INTENTIONALLY_STAGED,INFO,staged; status=404/404
https://www.expatcopilot.com/netherlands/living/food-delivery-netherlands,guide,STAGED_NOT_LAUNCHED,404,,,no,yes,no,no,INTENTIONALLY_STAGED,INFO,staged; status=404/404
https://www.expatcopilot.com/netherlands/living/international-supermarkets-netherlands,guide,STAGED_NOT_LAUNCHED,404,,,no,yes,no,no,INTENTIONALLY_STAGED,INFO,staged; status=404/404
https://www.expatcopilot.com/netherlands/living/hidden-gems-netherlands,guide,STAGED_NOT_LAUNCHED,404,,,no,yes,no,no,INTENTIONALLY_STAGED,INFO,staged; status=404/404
https://www.expatcopilot.com/netherlands/living/museums-netherlands,guide,STAGED_NOT_LAUNCHED,404,,,no,yes,no,no,INTENTIONALLY_STAGED,INFO,staged; status=404/404
https://www.expatcopilot.com/netherlands/living/indian-supermarkets-netherlands,guide,STAGED_NOT_LAUNCHED,404,,,no,yes,no,no,INTENTIONALLY_STAGED,INFO,staged; status=404/404
https://www.expatcopilot.com/netherlands/living/ns-trains-netherlands,guide,STAGED_NOT_LAUNCHED,404,,,no,yes,no,no,INTENTIONALLY_STAGED,INFO,staged; status=404/404
https://www.expatcopilot.com/netherlands/living/metro-netherlands,guide,STAGED_NOT_LAUNCHED,404,,,no,yes,no,no,INTENTIONALLY_STAGED,INFO,staged; status=404/404
https://www.expatcopilot.com/netherlands/living/meal-kits-netherlands,guide,STAGED_NOT_LAUNCHED,404,,,no,yes,no,no,INTENTIONALLY_STAGED,INFO,staged; status=404/404
https://www.expatcopilot.com/netherlands/living/national-parks-netherlands,guide,STAGED_NOT_LAUNCHED,404,,,no,yes,no,no,INTENTIONALLY_STAGED,INFO,staged; status=404/404
https://www.expatcopilot.com/netherlands/living/ov-chipkaart-netherlands,guide,STAGED_NOT_LAUNCHED,404,,,no,yes,no,no,INTENTIONALLY_STAGED,INFO,staged; status=404/404
https://www.expatcopilot.com/netherlands/living/regional-buses-netherlands,guide,STAGED_NOT_LAUNCHED,404,,,no,yes,no,no,INTENTIONALLY_STAGED,INFO,staged; status=404/404
https://www.expatcopilot.com/netherlands/living/ovpay-netherlands,guide,STAGED_NOT_LAUNCHED,404,,,no,yes,no,no,INTENTIONALLY_STAGED,INFO,staged; status=404/404
https://www.expatcopilot.com/netherlands/living/restaurants-netherlands,guide,STAGED_NOT_LAUNCHED,404,,,no,yes,no,no,INTENTIONALLY_STAGED,INFO,staged; status=404/404
https://www.expatcopilot.com/netherlands/living/south-african-shops-netherlands,guide,STAGED_NOT_LAUNCHED,404,,,no,yes,no,no,INTENTIONALLY_STAGED,INFO,staged; status=404/404
https://www.expatcopilot.com/netherlands/living/turkish-supermarkets-netherlands,guide,STAGED_NOT_LAUNCHED,404,,,no,yes,no,no,INTENTIONALLY_STAGED,INFO,staged; status=404/404
https://www.expatcopilot.com/netherlands/living/trams-netherlands,guide,STAGED_NOT_LAUNCHED,404,,,no,yes,no,no,INTENTIONALLY_STAGED,INFO,staged; status=404/404
https://www.expatcopilot.com/netherlands/living/train-discounts-netherlands,guide,STAGED_NOT_LAUNCHED,404,,,no,yes,no,no,INTENTIONALLY_STAGED,INFO,staged; status=404/404
https://www.expatcopilot.com/netherlands/living/tipping-netherlands,guide,STAGED_NOT_LAUNCHED,404,,,no,yes,no,no,INTENTIONALLY_STAGED,INFO,staged; status=404/404
https://www.expatcopilot.com/netherlands/living/weekend-trips-netherlands,guide,STAGED_NOT_LAUNCHED,404,,,no,yes,no,no,INTENTIONALLY_STAGED,INFO,staged; status=404/404
https://www.expatcopilot.com/netherlands/living/weekend-travel-netherlands,guide,STAGED_NOT_LAUNCHED,404,,,no,yes,no,no,INTENTIONALLY_STAGED,INFO,staged; status=404/404
https://www.expatcopilot.com/netherlands/living/road-trips-netherlands,guide,STAGED_NOT_LAUNCHED,404,,,no,yes,no,no,INTENTIONALLY_STAGED,INFO,staged; status=404/404
https://www.expatcopilot.com/netherlands/practical-life/local-taxes-netherlands,guide,STAGED_NOT_LAUNCHED,200,"noindex, nofollow",https://www.expatcopilot.com/netherlands/practical-life/local-taxes-netherlands/,no,yes,no,no,INTENTIONALLY_STAGED,INFO,staged; status=200/200
https://www.expatcopilot.com/netherlands/registering-address-rental,guide,STAGED_NOT_LAUNCHED,200,"noindex, nofollow",https://www.expatcopilot.com/netherlands/registering-address-rental/,no,yes,no,no,INTENTIONALLY_STAGED,INFO,staged; status=200/200
https://www.expatcopilot.com/netherlands/practical-life/bsn-netherlands,guide,STAGED_NOT_LAUNCHED,200,"noindex, nofollow",https://www.expatcopilot.com/netherlands/practical-life/bsn-netherlands/,no,yes,no,no,INTENTIONALLY_STAGED,INFO,staged; status=200/200
https://www.expatcopilot.com/netherlands/rent-control-netherlands,guide,STAGED_NOT_LAUNCHED,200,"noindex, nofollow",https://www.expatcopilot.com/netherlands/rent-control-netherlands/,no,yes,no,no,INTENTIONALLY_STAGED,INFO,staged; status=200/200
https://www.expatcopilot.com/netherlands/private-rental-netherlands,guide,STAGED_NOT_LAUNCHED,200,"noindex, nofollow",https://www.expatcopilot.com/netherlands/private-rental-netherlands/,no,yes,no,no,INTENTIONALLY_STAGED,INFO,staged; status=200/200
https://www.expatcopilot.com/netherlands/rent-increase-rules-netherlands,guide,STAGED_NOT_LAUNCHED,200,"noindex, nofollow",https://www.expatcopilot.com/netherlands/rent-increase-rules-netherlands/,no,yes,no,no,INTENTIONALLY_STAGED,INFO,staged; status=200/200
https://www.expatcopilot.com/netherlands/rent-prices-amsterdam,guide,STAGED_NOT_LAUNCHED,200,"noindex, nofollow",https://www.expatcopilot.com/netherlands/rent-prices-amsterdam/,no,yes,no,no,INTENTIONALLY_STAGED,INFO,staged; status=200/200
https://www.expatcopilot.com/netherlands/rent-prices-utrecht,guide,STAGED_NOT_LAUNCHED,200,"noindex, nofollow",https://www.expatcopilot.com/netherlands/rent-prices-utrecht/,no,yes,no,no,INTENTIONALLY_STAGED,INFO,staged; status=200/200
https://www.expatcopilot.com/netherlands/rental-contract-netherlands,guide,STAGED_NOT_LAUNCHED,200,"noindex, nofollow",https://www.expatcopilot.com/netherlands/rental-contract-netherlands/,no,yes,no,no,INTENTIONALLY_STAGED,INFO,staged; status=200/200
https://www.expatcopilot.com/netherlands/rent-prices-rotterdam,guide,STAGED_NOT_LAUNCHED,200,"noindex, nofollow",https://www.expatcopilot.com/netherlands/rent-prices-rotterdam/,no,yes,no,no,INTENTIONALLY_STAGED,INFO,staged; status=200/200
https://www.expatcopilot.com/netherlands/rental-insurance-netherlands,guide,STAGED_NOT_LAUNCHED,200,"noindex, nofollow",https://www.expatcopilot.com/netherlands/rental-insurance-netherlands/,no,yes,no,no,INTENTIONALLY_STAGED,INFO,staged; status=200/200
https://www.expatcopilot.com/netherlands/rental-deposit-netherlands,guide,STAGED_NOT_LAUNCHED,200,"noindex, nofollow",https://www.expatcopilot.com/netherlands/rental-deposit-netherlands/,no,yes,no,no,INTENTIONALLY_STAGED,INFO,staged; status=200/200
https://www.expatcopilot.com/netherlands/renter-rights-netherlands,guide,STAGED_NOT_LAUNCHED,200,"noindex, nofollow",https://www.expatcopilot.com/netherlands/renter-rights-netherlands/,no,yes,no,no,INTENTIONALLY_STAGED,INFO,staged; status=200/200
https://www.expatcopilot.com/netherlands/renting-in-netherlands,guide,STAGED_NOT_LAUNCHED,200,"noindex, nofollow",https://www.expatcopilot.com/netherlands/renting-in-netherlands/,no,yes,no,no,INTENTIONALLY_STAGED,INFO,staged; status=200/200
https://www.expatcopilot.com/netherlands/renting-in-the-netherlands,guide,STAGED_NOT_LAUNCHED,200,"noindex, nofollow",https://www.expatcopilot.com/netherlands/renting-in-the-netherlands/,no,yes,no,no,INTENTIONALLY_STAGED,INFO,staged; status=200/200
https://www.expatcopilot.com/netherlands/services/business-consultants,service_directory,STAGED_NOT_LAUNCHED,404,,,no,yes,no,no,INTENTIONALLY_STAGED,INFO,staged; status=404/404
https://www.expatcopilot.com/netherlands/services/accountants,service_directory,STAGED_NOT_LAUNCHED,404,,,no,yes,no,no,INTENTIONALLY_STAGED,INFO,staged; status=404/404
https://www.expatcopilot.com/netherlands/services/cleaning-companies,service_directory,STAGED_NOT_LAUNCHED,404,,,no,yes,no,no,INTENTIONALLY_STAGED,INFO,staged; status=404/404
https://www.expatcopilot.com/netherlands/services/bank-comparison,service_directory,STAGED_NOT_LAUNCHED,404,noindex,,no,yes,no,no,INTENTIONALLY_STAGED,INFO,staged; status=404/404
https://www.expatcopilot.com/netherlands/services/daycare-providers,service_directory,STAGED_NOT_LAUNCHED,404,,,no,yes,no,no,INTENTIONALLY_STAGED,INFO,staged; status=404/404
https://www.expatcopilot.com/netherlands/services/estate-agents,service_directory,STAGED_NOT_LAUNCHED,404,,,no,yes,no,no,INTENTIONALLY_STAGED,INFO,staged; status=404/404
https://www.expatcopilot.com/netherlands/services/energy-providers,service_directory,STAGED_NOT_LAUNCHED,404,,,no,yes,no,no,INTENTIONALLY_STAGED,INFO,staged; status=404/404
https://www.expatcopilot.com/netherlands/reporting-bad-landlord-netherlands,guide,STAGED_NOT_LAUNCHED,200,"noindex, nofollow",https://www.expatcopilot.com/netherlands/reporting-bad-landlord-netherlands/,no,yes,no,no,INTENTIONALLY_STAGED,INFO,staged; status=200/200
https://www.expatcopilot.com/netherlands/services/handymen,service_directory,STAGED_NOT_LAUNCHED,404,,,no,yes,no,no,INTENTIONALLY_STAGED,INFO,staged; status=404/404
https://www.expatcopilot.com/netherlands/services/insurance-brokers,service_directory,STAGED_NOT_LAUNCHED,404,,,no,yes,no,no,INTENTIONALLY_STAGED,INFO,staged; status=404/404
https://www.expatcopilot.com/netherlands/services/compare-health-insurance,service_directory,STAGED_NOT_LAUNCHED,404,noindex,,no,yes,no,no,INTENTIONALLY_STAGED,INFO,staged; status=404/404
https://www.expatcopilot.com/netherlands/services/expat-housing-agencies,service_directory,STAGED_NOT_LAUNCHED,404,noindex,,no,yes,no,no,INTENTIONALLY_STAGED,INFO,staged; status=404/404
https://www.expatcopilot.com/netherlands/services/moving-companies,service_directory,STAGED_NOT_LAUNCHED,404,,,no,yes,no,no,INTENTIONALLY_STAGED,INFO,staged; status=404/404
https://www.expatcopilot.com/netherlands/services/internet-providers,service_directory,STAGED_NOT_LAUNCHED,404,,,no,yes,no,no,INTENTIONALLY_STAGED,INFO,staged; status=404/404
https://www.expatcopilot.com/netherlands/services/international-schools,service_directory,STAGED_NOT_LAUNCHED,404,,,no,yes,no,no,INTENTIONALLY_STAGED,INFO,staged; status=404/404
https://www.expatcopilot.com/netherlands/services/notaries,service_directory,STAGED_NOT_LAUNCHED,404,,,no,yes,no,no,INTENTIONALLY_STAGED,INFO,staged; status=404/404
https://www.expatcopilot.com/netherlands/services/pet-relocation-companies,service_directory,STAGED_NOT_LAUNCHED,404,,,no,yes,no,no,INTENTIONALLY_STAGED,INFO,staged; status=404/404
https://www.expatcopilot.com/netherlands/services/international-shipping,service_directory,STAGED_NOT_LAUNCHED,404,noindex,,no,yes,no,no,INTENTIONALLY_STAGED,INFO,staged; status=404/404
https://www.expatcopilot.com/netherlands/services/phone-providers,service_directory,STAGED_NOT_LAUNCHED,404,,,no,yes,no,no,INTENTIONALLY_STAGED,INFO,staged; status=404/404
https://www.expatcopilot.com/netherlands/services/storage-companies,service_directory,STAGED_NOT_LAUNCHED,404,,,no,yes,no,no,INTENTIONALLY_STAGED,INFO,staged; status=404/404
https://www.expatcopilot.com/netherlands/services/removal-companies,service_directory,STAGED_NOT_LAUNCHED,404,,,no,yes,no,no,INTENTIONALLY_STAGED,INFO,staged; status=404/404
https://www.expatcopilot.com/netherlands/services/real-estate-agents,service_directory,STAGED_NOT_LAUNCHED,404,noindex,,no,yes,no,no,INTENTIONALLY_STAGED,INFO,staged; status=404/404
https://www.expatcopilot.com/netherlands/services/temporary-accommodation,service_directory,STAGED_NOT_LAUNCHED,404,noindex,,no,yes,no,no,INTENTIONALLY_STAGED,INFO,staged; status=404/404
https://www.expatcopilot.com/netherlands/services/work-permit-services,service_directory,STAGED_NOT_LAUNCHED,404,noindex,,no,yes,no,no,INTENTIONALLY_STAGED,INFO,staged; status=404/404
https://www.expatcopilot.com/netherlands/social-housing-netherlands,guide,STAGED_NOT_LAUNCHED,200,"noindex, nofollow",https://www.expatcopilot.com/netherlands/social-housing-netherlands/,no,yes,no,no,INTENTIONALLY_STAGED,INFO,staged; status=200/200
https://www.expatcopilot.com/netherlands/taxes/cost-of-living-rotterdam,guide,STAGED_NOT_LAUNCHED,200,"noindex, nofollow",https://www.expatcopilot.com/netherlands/taxes/cost-of-living-rotterdam/,no,yes,no,no,INTENTIONALLY_STAGED,INFO,staged; status=200/200
https://www.expatcopilot.com/netherlands/taxes/30-ruling-application,guide,STAGED_NOT_LAUNCHED,200,"noindex, nofollow",https://www.expatcopilot.com/netherlands/taxes/30-ruling-application/,no,yes,no,no,INTENTIONALLY_STAGED,INFO,staged; status=200/200
https://www.expatcopilot.com/netherlands/taxes/30-ruling-eligibility,guide,STAGED_NOT_LAUNCHED,200,"noindex, nofollow",https://www.expatcopilot.com/netherlands/taxes/30-ruling-eligibility/,no,yes,no,no,INTENTIONALLY_STAGED,INFO,staged; status=200/200
https://www.expatcopilot.com/netherlands/taxes/30-ruling-salary-requirements,guide,STAGED_NOT_LAUNCHED,200,"noindex, nofollow",https://www.expatcopilot.com/netherlands/taxes/30-ruling-salary-requirements/,no,yes,no,no,INTENTIONALLY_STAGED,INFO,staged; status=200/200
https://www.expatcopilot.com/netherlands/taxes/cost-of-living-amsterdam,guide,STAGED_NOT_LAUNCHED,200,"noindex, nofollow",https://www.expatcopilot.com/netherlands/taxes/cost-of-living-amsterdam/,no,yes,no,no,INTENTIONALLY_STAGED,INFO,staged; status=200/200
https://www.expatcopilot.com/netherlands/taxes/bsn-and-tax-system,guide,STAGED_NOT_LAUNCHED,200,"noindex, nofollow",https://www.expatcopilot.com/netherlands/taxes/bsn-and-tax-system/,no,yes,no,no,INTENTIONALLY_STAGED,INFO,staged; status=200/200
https://www.expatcopilot.com/netherlands/taxes/30-ruling-expiry,guide,STAGED_NOT_LAUNCHED,200,"noindex, nofollow",https://www.expatcopilot.com/netherlands/taxes/30-ruling-expiry/,no,yes,no,no,INTENTIONALLY_STAGED,INFO,staged; status=200/200
https://www.expatcopilot.com/netherlands/taxes/dutch-tax-calendar,guide,STAGED_NOT_LAUNCHED,200,"noindex, nofollow",https://www.expatcopilot.com/netherlands/taxes/dutch-tax-calendar/,no,yes,no,no,INTENTIONALLY_STAGED,INFO,staged; status=200/200
https://www.expatcopilot.com/netherlands/taxes/cost-of-living-the-hague,guide,STAGED_NOT_LAUNCHED,200,"noindex, nofollow",https://www.expatcopilot.com/netherlands/taxes/cost-of-living-the-hague/,no,yes,no,no,INTENTIONALLY_STAGED,INFO,staged; status=200/200
https://www.expatcopilot.com/netherlands/taxes/cost-of-living-utrecht,guide,STAGED_NOT_LAUNCHED,200,"noindex, nofollow",https://www.expatcopilot.com/netherlands/taxes/cost-of-living-utrecht/,no,yes,no,no,INTENTIONALLY_STAGED,INFO,staged; status=200/200
https://www.expatcopilot.com/netherlands/taxes/expat-tax-return,guide,STAGED_NOT_LAUNCHED,200,"noindex, nofollow",https://www.expatcopilot.com/netherlands/taxes/expat-tax-return/,no,yes,no,no,INTENTIONALLY_STAGED,INFO,staged; status=200/200
https://www.expatcopilot.com/netherlands/taxes/cost-of-living-eindhoven,guide,STAGED_NOT_LAUNCHED,200,"noindex, nofollow",https://www.expatcopilot.com/netherlands/taxes/cost-of-living-eindhoven/,no,yes,no,no,INTENTIONALLY_STAGED,INFO,staged; status=200/200
https://www.expatcopilot.com/netherlands/taxes/tax-advisors-netherlands,guide,STAGED_NOT_LAUNCHED,200,"noindex, nofollow",https://www.expatcopilot.com/netherlands/taxes/tax-advisors-netherlands/,no,yes,no,no,INTENTIONALLY_STAGED,INFO,staged; status=200/200
https://www.expatcopilot.com/netherlands/taxes/tools/double-tax-checker,tool_calculator,STAGED_NOT_LAUNCHED,200,"noindex, nofollow",https://www.expatcopilot.com/netherlands/taxes/tools/double-tax-checker/,no,yes,no,no,INTENTIONALLY_STAGED,INFO,staged; status=200/200
https://www.expatcopilot.com/netherlands/taxes/self-employed-tax-netherlands,guide,STAGED_NOT_LAUNCHED,200,"noindex, nofollow",https://www.expatcopilot.com/netherlands/taxes/self-employed-tax-netherlands/,no,yes,no,no,INTENTIONALLY_STAGED,INFO,staged; status=200/200
https://www.expatcopilot.com/netherlands/taxes/tax-brackets-netherlands,guide,STAGED_NOT_LAUNCHED,200,"noindex, nofollow",https://www.expatcopilot.com/netherlands/taxes/tax-brackets-netherlands/,no,yes,no,no,INTENTIONALLY_STAGED,INFO,staged; status=200/200
https://www.expatcopilot.com/netherlands/taxes/zzp-tax-netherlands,guide,STAGED_NOT_LAUNCHED,200,"noindex, nofollow",https://www.expatcopilot.com/netherlands/taxes/zzp-tax-netherlands/,no,yes,no,no,INTENTIONALLY_STAGED,INFO,staged; status=200/200
https://www.expatcopilot.com/netherlands/taxes/tools/allowance-estimator,tool_calculator,STAGED_NOT_LAUNCHED,200,"noindex, nofollow",https://www.expatcopilot.com/netherlands/taxes/tools/allowance-estimator/,no,yes,no,no,INTENTIONALLY_STAGED,INFO,staged; status=200/200
https://www.expatcopilot.com/netherlands/taxes/tools/net-salary-calculator,tool_calculator,STAGED_NOT_LAUNCHED,200,"noindex, nofollow",https://www.expatcopilot.com/netherlands/taxes/tools/net-salary-calculator/,no,yes,no,no,INTENTIONALLY_STAGED,INFO,staged; status=200/200
https://www.expatcopilot.com/netherlands/utilities/electricity-netherlands,guide,STAGED_NOT_LAUNCHED,200,"noindex, nofollow",https://www.expatcopilot.com/netherlands/utilities/electricity-netherlands/,no,yes,no,no,INTENTIONALLY_STAGED,INFO,staged; status=200/200
https://www.expatcopilot.com/netherlands/temporary-housing-netherlands,guide,STAGED_NOT_LAUNCHED,200,"noindex, nofollow",https://www.expatcopilot.com/netherlands/temporary-housing-netherlands/,no,yes,no,no,INTENTIONALLY_STAGED,INFO,staged; status=200/200
https://www.expatcopilot.com/netherlands/utilities/internet-providers-netherlands,guide,STAGED_NOT_LAUNCHED,200,"noindex, nofollow",https://www.expatcopilot.com/netherlands/utilities/internet-providers-netherlands/,no,yes,no,no,INTENTIONALLY_STAGED,INFO,staged; status=200/200
https://www.expatcopilot.com/netherlands/utilities/district-heating-netherlands,guide,STAGED_NOT_LAUNCHED,200,"noindex, nofollow",https://www.expatcopilot.com/netherlands/utilities/district-heating-netherlands/,no,yes,no,no,INTENTIONALLY_STAGED,INFO,staged; status=200/200
https://www.expatcopilot.com/netherlands/utilities/gas-netherlands,guide,STAGED_NOT_LAUNCHED,200,"noindex, nofollow",https://www.expatcopilot.com/netherlands/utilities/gas-netherlands/,no,yes,no,no,INTENTIONALLY_STAGED,INFO,staged; status=200/200
https://www.expatcopilot.com/netherlands/utilities/energy-providers-netherlands,guide,STAGED_NOT_LAUNCHED,200,"noindex, nofollow",https://www.expatcopilot.com/netherlands/utilities/energy-providers-netherlands/,no,yes,no,no,INTENTIONALLY_STAGED,INFO,staged; status=200/200
https://www.expatcopilot.com/netherlands/utilities/mobile-providers-netherlands,guide,STAGED_NOT_LAUNCHED,200,"noindex, nofollow",https://www.expatcopilot.com/netherlands/utilities/mobile-providers-netherlands/,no,yes,no,no,INTENTIONALLY_STAGED,INFO,staged; status=200/200
https://www.expatcopilot.com/netherlands/utilities/water-netherlands,guide,STAGED_NOT_LAUNCHED,200,"noindex, nofollow",https://www.expatcopilot.com/netherlands/utilities/water-netherlands/,no,yes,no,no,INTENTIONALLY_STAGED,INFO,staged; status=200/200
https://www.expatcopilot.com/netherlands/work/jobs-in-utrecht,guide,STAGED_NOT_LAUNCHED,200,"noindex, nofollow",https://www.expatcopilot.com/netherlands/work/jobs-in-utrecht/,no,yes,no,no,INTENTIONALLY_STAGED,INFO,staged; status=200/200
https://www.expatcopilot.com/netherlands/work/jobs-in-amsterdam,guide,STAGED_NOT_LAUNCHED,200,"noindex, nofollow",https://www.expatcopilot.com/netherlands/work/jobs-in-amsterdam/,no,yes,no,no,INTENTIONALLY_STAGED,INFO,staged; status=200/200
https://www.expatcopilot.com/netherlands/work/job-websites-netherlands,guide,STAGED_NOT_LAUNCHED,200,"noindex, nofollow",https://www.expatcopilot.com/netherlands/work/job-websites-netherlands/,no,yes,no,no,INTENTIONALLY_STAGED,INFO,staged; status=200/200
https://www.expatcopilot.com/netherlands/work/jobs-in-eindhoven,guide,STAGED_NOT_LAUNCHED,200,"noindex, nofollow",https://www.expatcopilot.com/netherlands/work/jobs-in-eindhoven/,no,yes,no,no,INTENTIONALLY_STAGED,INFO,staged; status=200/200
https://www.expatcopilot.com/netherlands/work/work-hours-netherlands,guide,STAGED_NOT_LAUNCHED,200,"noindex, nofollow",https://www.expatcopilot.com/netherlands/work/work-hours-netherlands/,no,yes,no,no,INTENTIONALLY_STAGED,INFO,staged; status=200/200
https://www.expatcopilot.com/netherlands/work/jobs-in-the-hague,guide,STAGED_NOT_LAUNCHED,200,"noindex, nofollow",https://www.expatcopilot.com/netherlands/work/jobs-in-the-hague/,no,yes,no,no,INTENTIONALLY_STAGED,INFO,staged; status=200/200
https://www.expatcopilot.com/netherlands/work/jobs-in-rotterdam,guide,STAGED_NOT_LAUNCHED,200,"noindex, nofollow",https://www.expatcopilot.com/netherlands/work/jobs-in-rotterdam/,no,yes,no,no,INTENTIONALLY_STAGED,INFO,staged; status=200/200
https://www.expatcopilot.com/netherlands/work,guide,STAGED_NOT_LAUNCHED,200,"noindex, nofollow",https://www.expatcopilot.com/netherlands/work/,no,yes,no,no,INTENTIONALLY_STAGED,INFO,staged; status=200/200
https://www.expatcopilot.com/netherlands/work/linkedin-jobs-netherlands,guide,STAGED_NOT_LAUNCHED,200,"noindex, nofollow",https://www.expatcopilot.com/netherlands/work/linkedin-jobs-netherlands/,no,yes,no,no,INTENTIONALLY_STAGED,INFO,staged; status=200/200
https://www.expatcopilot.com/netherlands/work/working-in-netherlands,guide,STAGED_NOT_LAUNCHED,200,,https://www.expatcopilot.com/netherlands/work/working-in-netherlands/,no,yes,yes,no,STAGED_OR_REGISTRY_CONFLICT_200_INDEXABLE,P2,COMING_SOON_ROUTES intent but production 200 with empty robots (indexable) and real page title; not in sitemap. Investigate whether registry stale vs accidental indexation.
https://www.expatcopilot.com/about/affiliate-disclosure,trust_legal,UNKNOWN,200,,https://www.expatcopilot.com/about/affiliate-disclosure,no,yes,yes,unknown,OTHER_OR_UNKNOWN,INFO,intent=UNKNOWN tech=yes status=200/200
https://www.expatcopilot.com/netherlands/services/recruitment-agencies,service_directory,UNKNOWN,404,,,no,yes,no,unknown,OTHER_OR_UNKNOWN,INFO,intent=UNKNOWN tech=no status=404/404
https://www.expatcopilot.com/netherlands/best,best_of_monetization,UNKNOWN,200,,https://www.expatcopilot.com/netherlands/best/,no,yes,yes,unknown,OTHER_OR_UNKNOWN,INFO,intent=UNKNOWN tech=yes status=200/200
http://www.expatcopilot.com/netherlands,country_hub,INDEXABLE,308→200,,https://www.expatcopilot.com/netherlands/,yes,yes,partial_via_redirect,yes,VARIANT_HTTP_SCHEME,INFO,variant probe final=200 url=https://www.expatcopilot.com/netherlands; normalizes to https www
https://www.expatcopilot.com/netherlands/living/emergencies,guide,UNKNOWN,200,,,no,yes,yes,unknown,OTHER_OR_UNKNOWN,INFO,intent=UNKNOWN tech=yes status=200/200
https://www.expatcopilot.com/Netherlands,,UNKNOWN,404,noindex,,no,yes,no,unknown,VARIANT_CASE_VARIANT,INFO,variant probe final=404 url=https://www.expatcopilot.com/Netherlands; normalizes to https www
https://www.expatcopilot.com/tools,hub,UNKNOWN,200,,https://www.expatcopilot.com/tools/,no,yes,yes,unknown,OTHER_OR_UNKNOWN,INFO,intent=UNKNOWN tech=yes status=200/200
https://www.expatcopilot.com/netherlands/taxes/tools/dutch-payslip-decoder,tool_calculator,UNKNOWN,200,,,no,yes,yes,unknown,OTHER_OR_UNKNOWN,INFO,intent=UNKNOWN tech=yes status=200/200
https://www.expatcopilot.com/netherlands/visa-application-plan?scenario=test,tool_calculator,INDEXABLE,200,,https://www.expatcopilot.com/netherlands/visa-application-plan/,yes,yes,yes,yes,TRUE_INDEXABLE,INFO,200 + indexable robots + in sitemap
https://expatcopilot.com/netherlands,country_hub,INDEXABLE,307→200,,https://www.expatcopilot.com/netherlands/,yes,yes,partial_via_redirect,yes,VARIANT_APEX_HOST,INFO,variant probe final=200 url=https://www.expatcopilot.com/netherlands; normalizes to https www
https://www.expatcopilot.com/NETHERLANDS/amsterdam,,UNKNOWN,200,,https://www.expatcopilot.com/netherlands/amsterdam/,no,yes,yes,unknown,VARIANT_CASE_VARIANT,INFO,variant probe final=200 url=https://www.expatcopilot.com/NETHERLANDS/amsterdam; normalizes to https www
https://www.expatcopilot.com/netherlands/register-address-netherlands,moving_guide,UNKNOWN,308→200,,https://www.expatcopilot.com/netherlands/practical-life/registering-your-address-netherlands/,no,yes,partial_via_redirect,unknown,OTHER_OR_UNKNOWN,INFO,intent=UNKNOWN tech=partial_via_redirect status=308/200
https://www.expatcopilot.com/netherlands/documents-needed-to-move-netherlands,moving_guide,UNKNOWN,308→200,,https://www.expatcopilot.com/netherlands/document-readiness-checker/,no,yes,partial_via_redirect,unknown,OTHER_OR_UNKNOWN,INFO,intent=UNKNOWN tech=partial_via_redirect status=308/200
https://www.expatcopilot.com/netherlands/visa-documents-netherlands,moving_guide,UNKNOWN,308→200,,https://www.expatcopilot.com/netherlands/document-readiness-checker/,no,yes,partial_via_redirect,unknown,OTHER_OR_UNKNOWN,INFO,intent=UNKNOWN tech=partial_via_redirect status=308/200
https://www.expatcopilot.com/netherlands/?preview=true,country_hub,INDEXABLE,308→200,,https://www.expatcopilot.com/netherlands/,yes,yes,partial_via_redirect,yes,INDEXABLE_BUT_SITEMAP_URL_3XX,P1,"Intent INDEXABLE and content 200, but sitemap loc HTTP status is 3xx (trailing slash)"
https://www.expatcopilot.com/netherlands/visa-application-plan/?scenario=hsm,tool_calculator,INDEXABLE,308→200,,https://www.expatcopilot.com/netherlands/visa-application-plan/,yes,yes,partial_via_redirect,yes,INDEXABLE_BUT_SITEMAP_URL_3XX,P1,"Intent INDEXABLE and content 200, but sitemap loc HTTP status is 3xx (trailing slash)"
https://www.expatcopilot.com/netherlands/moving-documents-checklist,moving_guide,UNKNOWN,308→200,,https://www.expatcopilot.com/netherlands/document-readiness-checker/,no,yes,partial_via_redirect,unknown,OTHER_OR_UNKNOWN,INFO,intent=UNKNOWN tech=partial_via_redirect status=308/200
https://www.expatcopilot.com/search?q=visa,search_utility,UTILITY,200,"noindex, follow",https://www.expatcopilot.com/search/,no,yes,no,no,UTILITY_NOINDEX,INFO,"utility; robots=noindex, follow"
https://www.expatcopilot.com/netherlands/money/tools/cost-of-living-calculator?city=amsterdam,tool_calculator,INDEXABLE,200,"index, follow",https://www.expatcopilot.com/netherlands/money/tools/cost-of-living-calculator/,yes,yes,yes,yes,TRUE_INDEXABLE,INFO,200 + indexable robots + in sitemap
https://www.expatcopilot.com/netherlands/amsterdam?preview=true,city_page,INDEXABLE,200,,https://www.expatcopilot.com/netherlands/amsterdam/,yes,yes,yes,yes,TRUE_INDEXABLE,INFO,200 + indexable robots + in sitemap
https://www.expatcopilot.com/search/?q=visa,search_utility,UTILITY,308→200,"noindex, follow",https://www.expatcopilot.com/search/,no,yes,no,no,UTILITY_NOINDEX,INFO,"utility; robots=noindex, follow"
https://www.expatcopilot.com/netherlands/money/tools/cost-of-living-calculator/?utm_source=test&utm_medium=audit,tool_calculator,INDEXABLE,308→200,"index, follow",https://www.expatcopilot.com/netherlands/money/tools/cost-of-living-calculator/,yes,yes,partial_via_redirect,yes,INDEXABLE_BUT_SITEMAP_URL_3XX,P1,"Intent INDEXABLE and content 200, but sitemap loc HTTP status is 3xx (trailing slash)"
