url,page_type,cluster,parent_hub,href_inlinks,unique_inlink_pages,contextual_inlinks,navigation_inlinks,outlinks,crawl_depth_home,crawl_depth_hub,orphan,near_orphan,links_to_redirects,links_to_404,intent,severity,notes
https://www.expatcopilot.com/,homepage,other,,206,206,0,206,66,2,,no,no,3,2,INDEXABLE,INFO,outlinks_to_redirects=3; outlinks_to_404=2; descriptive_anchor_ratio=1.00 n=207; hub_relationship=weak_or_missing_hub_link
https://www.expatcopilot.com/about/,trust_legal,trust_legal,https://www.expatcopilot.com/about/,444,444,0,444,32,1,0,no,no,1,3,INDEXABLE,INFO,receives sitewide/explore-block or chrome links on most pages; outlinks_to_redirects=1; outlinks_to_404=3; descriptive_anchor_ratio=1.00 n=451; hub_relationship=is_hub
https://www.expatcopilot.com/affiliate-disclosure/,trust_legal,trust_legal,https://www.expatcopilot.com/about/,444,444,0,444,31,1,1,no,no,1,2,INDEXABLE,INFO,receives sitewide/explore-block or chrome links on most pages; outlinks_to_redirects=1; outlinks_to_404=2; descriptive_anchor_ratio=1.00 n=577; hub_relationship=links_to_parent_hub
https://www.expatcopilot.com/contact/,trust_legal,trust_legal,https://www.expatcopilot.com/about/,444,444,0,444,31,1,1,no,no,1,2,INDEXABLE,INFO,receives sitewide/explore-block or chrome links on most pages; outlinks_to_redirects=1; outlinks_to_404=2; descriptive_anchor_ratio=1.00 n=905; hub_relationship=links_to_parent_hub
https://www.expatcopilot.com/cookies/,trust_legal,trust_legal,https://www.expatcopilot.com/about/,444,444,0,444,31,1,1,no,no,1,2,INDEXABLE,INFO,receives sitewide/explore-block or chrome links on most pages; outlinks_to_redirects=1; outlinks_to_404=2; descriptive_anchor_ratio=1.00 n=448; hub_relationship=links_to_parent_hub
https://www.expatcopilot.com/disclaimer/,trust_legal,trust_legal,https://www.expatcopilot.com/about/,444,444,0,444,31,1,1,no,no,1,2,INDEXABLE,INFO,receives sitewide/explore-block or chrome links on most pages; outlinks_to_redirects=1; outlinks_to_404=2; descriptive_anchor_ratio=1.00 n=454; hub_relationship=links_to_parent_hub
https://www.expatcopilot.com/editorial-policy/,trust_legal,trust_legal,https://www.expatcopilot.com/about/,444,444,0,444,31,1,1,no,no,1,2,INDEXABLE,INFO,receives sitewide/explore-block or chrome links on most pages; outlinks_to_redirects=1; outlinks_to_404=2; descriptive_anchor_ratio=1.00 n=579; hub_relationship=links_to_parent_hub
https://www.expatcopilot.com/how-this-site-works/,trust_legal,trust_legal,https://www.expatcopilot.com/about/,444,444,0,444,32,1,1,no,no,1,3,INDEXABLE,INFO,receives sitewide/explore-block or chrome links on most pages; outlinks_to_redirects=1; outlinks_to_404=3; descriptive_anchor_ratio=1.00 n=458; hub_relationship=links_to_parent_hub
https://www.expatcopilot.com/how-we-rank-services/,trust_legal,trust_legal,https://www.expatcopilot.com/about/,444,444,0,444,31,1,1,no,no,1,2,INDEXABLE,INFO,receives sitewide/explore-block or chrome links on most pages; outlinks_to_redirects=1; outlinks_to_404=2; descriptive_anchor_ratio=1.00 n=578; hub_relationship=links_to_parent_hub
https://www.expatcopilot.com/methodology/,trust_legal,trust_legal,https://www.expatcopilot.com/about/,444,444,0,444,31,1,1,no,no,1,2,INDEXABLE,INFO,receives sitewide/explore-block or chrome links on most pages; outlinks_to_redirects=1; outlinks_to_404=2; descriptive_anchor_ratio=1.00 n=471; hub_relationship=links_to_parent_hub
https://www.expatcopilot.com/netherlands/,country_hub,netherlands_hub,https://www.expatcopilot.com/netherlands/,444,444,0,444,66,0,0,no,no,3,2,INDEXABLE,P0,receives sitewide/explore-block or chrome links on most pages; outlinks_to_redirects=3; outlinks_to_404=2; URL 404 in production despite sitemap; descriptive_anchor_ratio=1.00 n=1087; hub_relationship=is_hub
https://www.expatcopilot.com/netherlands/after-arriving-netherlands/,moving_guide,first_90_days,https://www.expatcopilot.com/netherlands/after-arriving-netherlands/,172,172,172,0,70,2,0,no,no,1,2,INDEXABLE,INFO,outlinks_to_redirects=1; outlinks_to_404=2; descriptive_anchor_ratio=1.00 n=296; hub_relationship=is_hub; strongest_contextual_source=/how-this-site-works/
https://www.expatcopilot.com/netherlands/amstelveen/,city_page,cities,https://www.expatcopilot.com/netherlands/cities/,45,45,45,0,86,2,1,no,no,1,3,INDEXABLE,INFO,outlinks_to_redirects=1; outlinks_to_404=3; descriptive_anchor_ratio=1.00 n=63; hub_relationship=links_to_parent_hub; strongest_contextual_source=/netherlands/housing/tools/rent-affordability-calculator/
https://www.expatcopilot.com/netherlands/amsterdam/,city_page,cities,https://www.expatcopilot.com/netherlands/cities/,96,96,96,0,90,2,1,no,no,1,3,INDEXABLE,INFO,outlinks_to_redirects=1; outlinks_to_404=3; descriptive_anchor_ratio=1.00 n=167; hub_relationship=links_to_parent_hub; strongest_contextual_source=/netherlands/practical-life/waste-and-recycling-netherlands/
https://www.expatcopilot.com/netherlands/apostille-documents-netherlands/,moving_guide,netherlands_other,,53,53,53,0,56,2,,no,no,1,2,INDEXABLE,INFO,outlinks_to_redirects=1; outlinks_to_404=2; descriptive_anchor_ratio=1.00 n=103; hub_relationship=weak_or_missing_hub_link; strongest_contextual_source=/netherlands/document-legalization-netherlands/
https://www.expatcopilot.com/netherlands/arnhem/,city_page,cities,https://www.expatcopilot.com/netherlands/cities/,26,26,26,0,85,2,1,no,no,1,3,INDEXABLE,INFO,outlinks_to_redirects=1; outlinks_to_404=3; descriptive_anchor_ratio=1.00 n=38; hub_relationship=links_to_parent_hub; strongest_contextual_source=/netherlands/taxes/property-tax-netherlands/
https://www.expatcopilot.com/netherlands/breda/,city_page,cities,https://www.expatcopilot.com/netherlands/cities/,31,31,31,0,85,2,1,no,no,1,3,INDEXABLE,INFO,outlinks_to_redirects=1; outlinks_to_404=3; descriptive_anchor_ratio=1.00 n=57; hub_relationship=links_to_parent_hub; strongest_contextual_source=/netherlands/housing/tools/rent-affordability-calculator/
https://www.expatcopilot.com/netherlands/bringing-pets-to-netherlands/,moving_guide,netherlands_other,,20,20,20,0,57,2,,no,no,3,3,INDEXABLE,INFO,outlinks_to_redirects=3; outlinks_to_404=3; descriptive_anchor_ratio=1.00 n=25; hub_relationship=weak_or_missing_hub_link; strongest_contextual_source=/netherlands/family/pets-netherlands/
https://www.expatcopilot.com/netherlands/bsn-registration/,moving_guide,first_90_days,https://www.expatcopilot.com/netherlands/after-arriving-netherlands/,46,46,46,0,64,1,2,no,no,13,2,INDEXABLE,INFO,outlinks_to_redirects=13; outlinks_to_404=2; descriptive_anchor_ratio=1.00 n=60; hub_relationship=links_to_parent_hub; strongest_contextual_source=/netherlands/practical-life/digid-netherlands/
https://www.expatcopilot.com/netherlands/business/starting-a-business-netherlands/,guide,netherlands_other,,7,7,0,7,72,2,,no,no,5,13,INDEXABLE,INFO,outlinks_to_redirects=5; outlinks_to_404=13; descriptive_anchor_ratio=1.00 n=13; hub_relationship=weak_or_missing_hub_link
https://www.expatcopilot.com/netherlands/business/zzp-netherlands/,guide,netherlands_other,,10,10,0,10,65,2,,no,no,8,12,INDEXABLE,INFO,outlinks_to_redirects=8; outlinks_to_404=12; descriptive_anchor_ratio=1.00 n=29; hub_relationship=weak_or_missing_hub_link
https://www.expatcopilot.com/netherlands/cities/,city_page,cities,https://www.expatcopilot.com/netherlands/cities/,444,444,0,444,88,1,0,no,no,1,5,INDEXABLE,INFO,receives sitewide/explore-block or chrome links on most pages; outlinks_to_redirects=1; outlinks_to_404=5; descriptive_anchor_ratio=1.00 n=1120; hub_relationship=is_hub
https://www.expatcopilot.com/netherlands/cities/amsterdam-vs-rotterdam/,city_page,cities,https://www.expatcopilot.com/netherlands/cities/,5,5,0,5,59,2,1,no,no,1,3,INDEXABLE,INFO,outlinks_to_redirects=1; outlinks_to_404=3; descriptive_anchor_ratio=1.00 n=6; hub_relationship=links_to_parent_hub
https://www.expatcopilot.com/netherlands/cities/best-cities-for-expats/,city_page,cities,https://www.expatcopilot.com/netherlands/cities/,432,432,0,432,84,1,1,no,no,1,3,INDEXABLE,INFO,receives sitewide/explore-block or chrome links on most pages; outlinks_to_redirects=1; outlinks_to_404=3; descriptive_anchor_ratio=1.00 n=473; hub_relationship=links_to_parent_hub
https://www.expatcopilot.com/netherlands/cities/best-cities-for-families/,city_page,cities,https://www.expatcopilot.com/netherlands/cities/,432,432,0,432,79,1,1,no,no,1,3,INDEXABLE,INFO,receives sitewide/explore-block or chrome links on most pages; outlinks_to_redirects=1; outlinks_to_404=3; descriptive_anchor_ratio=1.00 n=478; hub_relationship=links_to_parent_hub
https://www.expatcopilot.com/netherlands/cities/best-cities-for-international-professionals/,city_page,cities,https://www.expatcopilot.com/netherlands/cities/,22,22,0,22,74,2,1,no,no,1,3,INDEXABLE,INFO,outlinks_to_redirects=1; outlinks_to_404=3; descriptive_anchor_ratio=1.00 n=35; hub_relationship=links_to_parent_hub
https://www.expatcopilot.com/netherlands/cities/cheapest-cities-for-expats/,city_page,cities,https://www.expatcopilot.com/netherlands/cities/,432,432,0,432,81,1,1,no,no,1,3,INDEXABLE,INFO,receives sitewide/explore-block or chrome links on most pages; outlinks_to_redirects=1; outlinks_to_404=3; descriptive_anchor_ratio=1.00 n=483; hub_relationship=links_to_parent_hub
https://www.expatcopilot.com/netherlands/cities/compare/,city_page,cities,https://www.expatcopilot.com/netherlands/cities/,5,5,0,5,51,2,1,no,no,1,3,INDEXABLE,INFO,outlinks_to_redirects=1; outlinks_to_404=3; descriptive_anchor_ratio=1.00 n=5; hub_relationship=links_to_parent_hub
https://www.expatcopilot.com/netherlands/citizenship/dutch-citizenship/,moving_guide,citizenship_pr,https://www.expatcopilot.com/netherlands/citizenship/permanent-residence/,16,16,16,0,54,2,1,no,no,1,2,INDEXABLE,INFO,outlinks_to_redirects=1; outlinks_to_404=2; descriptive_anchor_ratio=1.00 n=29; hub_relationship=links_to_parent_hub; strongest_contextual_source=/netherlands/citizenship/tools/permanent-residence-eligibility-calculator/
https://www.expatcopilot.com/netherlands/citizenship/permanent-residence/,moving_guide,citizenship_pr,https://www.expatcopilot.com/netherlands/citizenship/permanent-residence/,19,19,19,0,54,2,0,no,no,1,2,INDEXABLE,INFO,outlinks_to_redirects=1; outlinks_to_404=2; descriptive_anchor_ratio=1.00 n=37; hub_relationship=is_hub; strongest_contextual_source=/netherlands/integration/tools/integration-requirement-checker/
https://www.expatcopilot.com/netherlands/citizenship/tools/,tool_calculator,citizenship_pr,https://www.expatcopilot.com/netherlands/citizenship/permanent-residence/,6,6,6,0,54,2,1,no,no,1,2,INDEXABLE,INFO,outlinks_to_redirects=1; outlinks_to_404=2; descriptive_anchor_ratio=1.00 n=6; hub_relationship=links_to_parent_hub; strongest_contextual_source=/netherlands/citizenship/tools/permanent-residence-eligibility-calculator/
https://www.expatcopilot.com/netherlands/citizenship/tools/dual-citizenship-awareness-tool/,tool_calculator,citizenship_pr,https://www.expatcopilot.com/netherlands/citizenship/permanent-residence/,3,3,3,0,53,2,2,no,no,1,2,INDEXABLE,INFO,outlinks_to_redirects=1; outlinks_to_404=2; descriptive_anchor_ratio=1.00 n=4; hub_relationship=links_to_parent_hub; strongest_contextual_source=/netherlands/citizenship/dutch-citizenship/
https://www.expatcopilot.com/netherlands/citizenship/tools/dutch-citizenship-timeline-calculator/,tool_calculator,citizenship_pr,https://www.expatcopilot.com/netherlands/citizenship/permanent-residence/,4,4,4,0,53,2,2,no,no,1,2,INDEXABLE,INFO,outlinks_to_redirects=1; outlinks_to_404=2; descriptive_anchor_ratio=1.00 n=4; hub_relationship=links_to_parent_hub; strongest_contextual_source=/netherlands/citizenship/tools/dual-citizenship-awareness-tool/
https://www.expatcopilot.com/netherlands/citizenship/tools/permanent-residence-eligibility-calculator/,tool_calculator,citizenship_pr,https://www.expatcopilot.com/netherlands/citizenship/permanent-residence/,5,5,5,0,52,2,1,no,no,1,2,INDEXABLE,INFO,outlinks_to_redirects=1; outlinks_to_404=2; descriptive_anchor_ratio=1.00 n=5; hub_relationship=links_to_parent_hub; strongest_contextual_source=/netherlands/citizenship/tools/dual-citizenship-awareness-tool/
https://www.expatcopilot.com/netherlands/culture/,guide,culture_life,https://www.expatcopilot.com/netherlands/living/survival-guide/,17,17,17,0,68,3,3,no,no,1,2,INDEXABLE,INFO,outlinks_to_redirects=1; outlinks_to_404=2; descriptive_anchor_ratio=1.00 n=34; hub_relationship=links_to_parent_hub; strongest_contextual_source=/netherlands/culture/dutch-social-calendar/
https://www.expatcopilot.com/netherlands/culture/communication-style/,guide,culture_life,https://www.expatcopilot.com/netherlands/living/survival-guide/,0,0,0,0,51,,,yes,no,3,3,INDEXABLE,P1,orphan: no internal inlinks in crawl graph; outlinks_to_redirects=3; outlinks_to_404=3; no_anchor_samples; hub_relationship=links_to_parent_hub
https://www.expatcopilot.com/netherlands/culture/dutch-language-basics/,guide,culture_life,https://www.expatcopilot.com/netherlands/living/survival-guide/,2,2,2,0,51,2,2,no,no,1,3,INDEXABLE,INFO,outlinks_to_redirects=1; outlinks_to_404=3; descriptive_anchor_ratio=1.00 n=3; hub_relationship=links_to_parent_hub; strongest_contextual_source=/netherlands/living/language/
https://www.expatcopilot.com/netherlands/culture/dutch-social-calendar/,guide,culture_life,https://www.expatcopilot.com/netherlands/living/survival-guide/,2,2,2,0,50,5,5,no,no,1,3,INDEXABLE,P2,>3 clicks from cluster hub (depth_hub=5); deep from NL hub (depth_home=5); outlinks_to_redirects=1; outlinks_to_404=3; descriptive_anchor_ratio=1.00 n=2; hub_relationship=links_to_parent_hub; strongest_contextual_source=/netherlands/culture/national-holidays/
https://www.expatcopilot.com/netherlands/culture/dutch-traditions/,guide,culture_life,https://www.expatcopilot.com/netherlands/living/survival-guide/,3,3,3,0,51,4,4,no,no,1,3,INDEXABLE,P2,>3 clicks from cluster hub (depth_hub=4); outlinks_to_redirects=1; outlinks_to_404=3; descriptive_anchor_ratio=1.00 n=4; hub_relationship=links_to_parent_hub; strongest_contextual_source=/netherlands/culture/sinterklaas/
https://www.expatcopilot.com/netherlands/culture/family-and-school-culture/,guide,culture_life,https://www.expatcopilot.com/netherlands/living/survival-guide/,5,5,5,0,51,4,3,no,no,1,3,INDEXABLE,INFO,outlinks_to_redirects=1; outlinks_to_404=3; descriptive_anchor_ratio=1.00 n=6; hub_relationship=links_to_parent_hub; strongest_contextual_source=/netherlands/culture/sinterklaas/
https://www.expatcopilot.com/netherlands/culture/health-system-culture-basics/,guide,culture_life,https://www.expatcopilot.com/netherlands/living/survival-guide/,6,6,6,0,52,3,3,no,no,1,3,INDEXABLE,INFO,outlinks_to_redirects=1; outlinks_to_404=3; descriptive_anchor_ratio=1.00 n=8; hub_relationship=links_to_parent_hub; strongest_contextual_source=/netherlands/culture/practice-scenarios/
https://www.expatcopilot.com/netherlands/culture/hierarchy-and-flatness/,guide,culture_life,https://www.expatcopilot.com/netherlands/living/survival-guide/,1,1,1,0,51,5,5,no,yes,1,3,INDEXABLE,P2,near-orphan: ≤1 contextual inlink; >3 clicks from cluster hub (depth_hub=5); deep from NL hub (depth_home=5); outlinks_to_redirects=1; outlinks_to_404=3; descriptive_anchor_ratio=1.00 n=1; hub_relationship=links_to_parent_hub; strongest_contextual_source=/netherlands/culture/meetings-and-consensus/
https://www.expatcopilot.com/netherlands/culture/invitations-and-planning/,guide,culture_life,https://www.expatcopilot.com/netherlands/living/survival-guide/,2,2,2,0,51,4,4,no,no,1,3,INDEXABLE,P2,>3 clicks from cluster hub (depth_hub=4); outlinks_to_redirects=1; outlinks_to_404=3; descriptive_anchor_ratio=1.00 n=2; hub_relationship=links_to_parent_hub; strongest_contextual_source=/netherlands/culture/time-and-boundaries/
https://www.expatcopilot.com/netherlands/culture/kings-day/,guide,culture_life,https://www.expatcopilot.com/netherlands/living/survival-guide/,2,2,2,0,51,4,4,no,no,1,3,INDEXABLE,P2,>3 clicks from cluster hub (depth_hub=4); outlinks_to_redirects=1; outlinks_to_404=3; descriptive_anchor_ratio=1.00 n=2; hub_relationship=links_to_parent_hub; strongest_contextual_source=/netherlands/culture/dutch-traditions/
https://www.expatcopilot.com/netherlands/culture/learning-dutch/,guide,culture_life,https://www.expatcopilot.com/netherlands/living/survival-guide/,8,8,8,0,51,2,2,no,no,1,3,INDEXABLE,INFO,outlinks_to_redirects=1; outlinks_to_404=3; descriptive_anchor_ratio=1.00 n=12; hub_relationship=links_to_parent_hub; strongest_contextual_source=/netherlands/culture/dutch-language-basics/
https://www.expatcopilot.com/netherlands/culture/meetings-and-consensus/,guide,culture_life,https://www.expatcopilot.com/netherlands/living/survival-guide/,3,3,3,0,51,4,4,no,no,1,3,INDEXABLE,P2,>3 clicks from cluster hub (depth_hub=4); outlinks_to_redirects=1; outlinks_to_404=3; descriptive_anchor_ratio=1.00 n=3; hub_relationship=links_to_parent_hub; strongest_contextual_source=/netherlands/culture/written-follow-ups/
https://www.expatcopilot.com/netherlands/culture/national-holidays/,guide,culture_life,https://www.expatcopilot.com/netherlands/living/survival-guide/,3,3,3,0,51,4,4,no,no,1,3,INDEXABLE,P2,>3 clicks from cluster hub (depth_hub=4); outlinks_to_redirects=1; outlinks_to_404=3; descriptive_anchor_ratio=1.00 n=4; hub_relationship=links_to_parent_hub; strongest_contextual_source=/netherlands/culture/dutch-social-calendar/
https://www.expatcopilot.com/netherlands/culture/practice-scenarios/,guide,culture_life,https://www.expatcopilot.com/netherlands/living/survival-guide/,3,3,3,0,51,2,2,no,no,1,3,INDEXABLE,INFO,outlinks_to_redirects=1; outlinks_to_404=3; descriptive_anchor_ratio=1.00 n=4; hub_relationship=links_to_parent_hub; strongest_contextual_source=/netherlands/culture/learning-dutch/
https://www.expatcopilot.com/netherlands/culture/sinterklaas/,guide,culture_life,https://www.expatcopilot.com/netherlands/living/survival-guide/,0,0,0,0,51,,,yes,no,1,3,INDEXABLE,P1,orphan: no internal inlinks in crawl graph; outlinks_to_redirects=1; outlinks_to_404=3; no_anchor_samples; hub_relationship=links_to_parent_hub
https://www.expatcopilot.com/netherlands/culture/time-and-boundaries/,guide,culture_life,https://www.expatcopilot.com/netherlands/living/survival-guide/,1,1,1,0,51,5,5,no,yes,1,3,INDEXABLE,P2,near-orphan: ≤1 contextual inlink; >3 clicks from cluster hub (depth_hub=5); deep from NL hub (depth_home=5); outlinks_to_redirects=1; outlinks_to_404=3; descriptive_anchor_ratio=1.00 n=1; hub_relationship=links_to_parent_hub; strongest_contextual_source=/netherlands/culture/invitations-and-planning/
https://www.expatcopilot.com/netherlands/culture/what-feels-normal-in-dutch-daily-life/,guide,culture_life,https://www.expatcopilot.com/netherlands/living/survival-guide/,0,0,0,0,50,,,yes,no,1,3,INDEXABLE,P1,orphan: no internal inlinks in crawl graph; outlinks_to_redirects=1; outlinks_to_404=3; no_anchor_samples; hub_relationship=links_to_parent_hub
https://www.expatcopilot.com/netherlands/culture/written-follow-ups/,guide,culture_life,https://www.expatcopilot.com/netherlands/living/survival-guide/,2,2,2,0,51,4,4,no,no,2,3,INDEXABLE,P2,>3 clicks from cluster hub (depth_hub=4); outlinks_to_redirects=2; outlinks_to_404=3; descriptive_anchor_ratio=1.00 n=2; hub_relationship=links_to_parent_hub; strongest_contextual_source=/netherlands/culture/meetings-and-consensus/
https://www.expatcopilot.com/netherlands/delft/,city_page,cities,https://www.expatcopilot.com/netherlands/cities/,50,50,50,0,86,2,1,no,no,1,3,INDEXABLE,INFO,outlinks_to_redirects=1; outlinks_to_404=3; descriptive_anchor_ratio=1.00 n=74; hub_relationship=links_to_parent_hub; strongest_contextual_source=/netherlands/taxes/property-tax-netherlands/
https://www.expatcopilot.com/netherlands/digid-awareness/,moving_guide,first_90_days,https://www.expatcopilot.com/netherlands/after-arriving-netherlands/,27,27,27,0,56,1,1,no,no,2,2,INDEXABLE,INFO,outlinks_to_redirects=2; outlinks_to_404=2; descriptive_anchor_ratio=1.00 n=41; hub_relationship=hub_links_to_child; strongest_contextual_source=/netherlands/living/government-portals-overview/
https://www.expatcopilot.com/netherlands/document-legalization-netherlands/,moving_guide,netherlands_other,,56,56,56,0,57,2,,no,no,1,2,INDEXABLE,INFO,outlinks_to_redirects=1; outlinks_to_404=2; descriptive_anchor_ratio=1.00 n=101; hub_relationship=weak_or_missing_hub_link; strongest_contextual_source=/netherlands/apostille-documents-netherlands/
https://www.expatcopilot.com/netherlands/document-readiness-checker/,tool_calculator,visas_immigration,https://www.expatcopilot.com/netherlands/moving/visas-residency/,85,85,85,0,64,2,2,no,no,4,2,INDEXABLE,INFO,outlinks_to_redirects=4; outlinks_to_404=2; descriptive_anchor_ratio=1.00 n=184; hub_relationship=links_to_parent_hub; strongest_contextual_source=/netherlands/moving/tools/arrival-planner/
https://www.expatcopilot.com/netherlands/document-translation-netherlands/,moving_guide,netherlands_other,,86,86,86,0,61,2,,no,no,2,2,INDEXABLE,INFO,outlinks_to_redirects=2; outlinks_to_404=2; descriptive_anchor_ratio=1.00 n=169; hub_relationship=weak_or_missing_hub_link; strongest_contextual_source=/netherlands/moving/tools/document-readiness/from/south-korea/
https://www.expatcopilot.com/netherlands/education/after-school-care-netherlands/,guide,education,https://www.expatcopilot.com/netherlands/services/international-schools/,6,6,6,0,66,4,,no,no,1,3,INDEXABLE,P3,weak logical hub relationship; outlinks_to_redirects=1; outlinks_to_404=3; descriptive_anchor_ratio=1.00 n=13; hub_relationship=weak_or_missing_hub_link; strongest_contextual_source=/netherlands/family/family-activities-netherlands/
https://www.expatcopilot.com/netherlands/education/before-school-care-netherlands/,guide,education,https://www.expatcopilot.com/netherlands/services/international-schools/,4,4,4,0,64,5,,no,no,1,3,INDEXABLE,P3,deep from NL hub (depth_home=5); weak logical hub relationship; outlinks_to_redirects=1; outlinks_to_404=3; descriptive_anchor_ratio=1.00 n=8; hub_relationship=weak_or_missing_hub_link; strongest_contextual_source=/netherlands/education/before-school-care-netherlands/
https://www.expatcopilot.com/netherlands/education/daycare-netherlands/,guide,education,https://www.expatcopilot.com/netherlands/services/international-schools/,9,9,9,0,69,4,,no,no,1,7,INDEXABLE,INFO,outlinks_to_redirects=1; outlinks_to_404=7; descriptive_anchor_ratio=1.00 n=28; hub_relationship=links_to_parent_hub; strongest_contextual_source=/netherlands/education/dutch-schools-netherlands/
https://www.expatcopilot.com/netherlands/education/dutch-schools-netherlands/,guide,education,https://www.expatcopilot.com/netherlands/services/international-schools/,10,10,10,0,61,3,,no,no,1,3,INDEXABLE,P3,weak logical hub relationship; outlinks_to_redirects=1; outlinks_to_404=3; descriptive_anchor_ratio=1.00 n=23; hub_relationship=weak_or_missing_hub_link; strongest_contextual_source=/netherlands/education/dutch-schools-netherlands/
https://www.expatcopilot.com/netherlands/education/international-schools-netherlands/,guide,education,https://www.expatcopilot.com/netherlands/services/international-schools/,11,11,11,0,67,3,,no,no,1,9,INDEXABLE,INFO,outlinks_to_redirects=1; outlinks_to_404=9; descriptive_anchor_ratio=1.00 n=24; hub_relationship=links_to_parent_hub; strongest_contextual_source=/netherlands/education/dutch-schools-netherlands/
https://www.expatcopilot.com/netherlands/eindhoven/,city_page,cities,https://www.expatcopilot.com/netherlands/cities/,93,93,93,0,87,2,1,no,no,1,3,INDEXABLE,INFO,outlinks_to_redirects=1; outlinks_to_404=3; descriptive_anchor_ratio=1.00 n=141; hub_relationship=links_to_parent_hub; strongest_contextual_source=/netherlands/practical-life/waste-and-recycling-netherlands/
https://www.expatcopilot.com/netherlands/eu-vs-non-eu-moving-to-netherlands/,moving_guide,comparisons,https://www.expatcopilot.com/netherlands/cities/amsterdam-vs-rotterdam/,41,41,41,0,70,2,2,no,no,6,2,INDEXABLE,P3,weak logical hub relationship; outlinks_to_redirects=6; outlinks_to_404=2; descriptive_anchor_ratio=1.00 n=56; hub_relationship=weak_or_missing_hub_link; strongest_contextual_source=/netherlands/moving-to-netherlands-with-partner/
https://www.expatcopilot.com/netherlands/family/child-benefits-netherlands/,guide,families,https://www.expatcopilot.com/netherlands/family/family-activities-netherlands/,8,8,8,0,64,3,1,no,no,1,3,INDEXABLE,INFO,outlinks_to_redirects=1; outlinks_to_404=3; descriptive_anchor_ratio=1.00 n=18; hub_relationship=hub_links_to_child; strongest_contextual_source=/netherlands/family/pregnancy-netherlands/
https://www.expatcopilot.com/netherlands/family/family-activities-netherlands/,guide,families,https://www.expatcopilot.com/netherlands/family/family-activities-netherlands/,5,5,5,0,63,4,0,no,no,1,8,INDEXABLE,INFO,outlinks_to_redirects=1; outlinks_to_404=8; descriptive_anchor_ratio=1.00 n=13; hub_relationship=is_hub; strongest_contextual_source=/netherlands/family/pets-netherlands/
https://www.expatcopilot.com/netherlands/family/giving-birth-netherlands/,guide,families,https://www.expatcopilot.com/netherlands/family/family-activities-netherlands/,6,6,6,0,58,4,2,no,no,1,3,INDEXABLE,P3,weak logical hub relationship; outlinks_to_redirects=1; outlinks_to_404=3; descriptive_anchor_ratio=1.00 n=14; hub_relationship=weak_or_missing_hub_link; strongest_contextual_source=/netherlands/family/pets-netherlands/
https://www.expatcopilot.com/netherlands/family/healthcare-for-children-netherlands/,guide,families,https://www.expatcopilot.com/netherlands/family/family-activities-netherlands/,19,19,19,0,69,3,1,no,no,1,3,INDEXABLE,INFO,outlinks_to_redirects=1; outlinks_to_404=3; descriptive_anchor_ratio=1.00 n=60; hub_relationship=links_to_parent_hub; strongest_contextual_source=/netherlands/family/giving-birth-netherlands/
https://www.expatcopilot.com/netherlands/family/parenting-netherlands/,guide,families,https://www.expatcopilot.com/netherlands/family/family-activities-netherlands/,9,9,9,0,68,4,1,no,no,1,3,INDEXABLE,INFO,outlinks_to_redirects=1; outlinks_to_404=3; descriptive_anchor_ratio=1.00 n=30; hub_relationship=links_to_parent_hub; strongest_contextual_source=/netherlands/family/pets-netherlands/
https://www.expatcopilot.com/netherlands/family/pets-netherlands/,guide,families,https://www.expatcopilot.com/netherlands/family/family-activities-netherlands/,3,3,3,0,57,3,3,no,no,1,5,INDEXABLE,INFO,outlinks_to_redirects=1; outlinks_to_404=5; descriptive_anchor_ratio=1.00 n=6; hub_relationship=links_to_parent_hub; strongest_contextual_source=/netherlands/bringing-pets-to-netherlands/
https://www.expatcopilot.com/netherlands/family/pregnancy-netherlands/,guide,families,https://www.expatcopilot.com/netherlands/family/family-activities-netherlands/,6,6,6,0,63,4,1,no,no,1,3,INDEXABLE,INFO,outlinks_to_redirects=1; outlinks_to_404=3; descriptive_anchor_ratio=1.00 n=13; hub_relationship=links_to_parent_hub; strongest_contextual_source=/netherlands/family/giving-birth-netherlands/
https://www.expatcopilot.com/netherlands/family/tools/,tool_calculator,families,https://www.expatcopilot.com/netherlands/family/family-activities-netherlands/,7,7,7,0,54,2,1,no,no,1,2,INDEXABLE,INFO,outlinks_to_redirects=1; outlinks_to_404=2; descriptive_anchor_ratio=1.00 n=16; hub_relationship=hub_links_to_child; strongest_contextual_source=/netherlands/culture/family-and-school-culture/
https://www.expatcopilot.com/netherlands/family/tools/childcare-cost-estimator/,tool_calculator,families,https://www.expatcopilot.com/netherlands/family/family-activities-netherlands/,45,45,45,0,68,2,2,no,no,1,2,INDEXABLE,P3,weak logical hub relationship; outlinks_to_redirects=1; outlinks_to_404=2; descriptive_anchor_ratio=1.00 n=110; hub_relationship=weak_or_missing_hub_link; strongest_contextual_source=/netherlands/family/tools/
https://www.expatcopilot.com/netherlands/first-30-days-netherlands/,moving_guide,netherlands_other,,89,89,89,0,62,2,,no,no,5,2,INDEXABLE,INFO,outlinks_to_redirects=5; outlinks_to_404=2; descriptive_anchor_ratio=1.00 n=104; hub_relationship=weak_or_missing_hub_link; strongest_contextual_source=/netherlands/moving/tools/arrival-planner/from/pakistan/
https://www.expatcopilot.com/netherlands/first-60-days-netherlands/,moving_guide,netherlands_other,,32,32,32,0,61,2,,no,no,3,2,INDEXABLE,INFO,outlinks_to_redirects=3; outlinks_to_404=2; descriptive_anchor_ratio=1.00 n=33; hub_relationship=weak_or_missing_hub_link; strongest_contextual_source=/netherlands/moving/tools/first-90-days/from/denmark/
https://www.expatcopilot.com/netherlands/first-90-days-netherlands/,moving_guide,netherlands_other,,77,77,77,0,67,2,,no,no,8,2,INDEXABLE,INFO,outlinks_to_redirects=8; outlinks_to_404=2; descriptive_anchor_ratio=1.00 n=121; hub_relationship=weak_or_missing_hub_link; strongest_contextual_source=/netherlands/living/weather/
https://www.expatcopilot.com/netherlands/government-services/,guide,netherlands_other,,444,444,0,444,52,1,,no,no,1,3,INDEXABLE,INFO,receives sitewide/explore-block or chrome links on most pages; outlinks_to_redirects=1; outlinks_to_404=3; descriptive_anchor_ratio=1.00 n=447; hub_relationship=weak_or_missing_hub_link
https://www.expatcopilot.com/netherlands/groningen/,city_page,cities,https://www.expatcopilot.com/netherlands/cities/,45,45,45,0,85,2,1,no,no,1,3,INDEXABLE,INFO,outlinks_to_redirects=1; outlinks_to_404=3; descriptive_anchor_ratio=1.00 n=76; hub_relationship=links_to_parent_hub; strongest_contextual_source=/netherlands/practical-life/waste-and-recycling-netherlands/
https://www.expatcopilot.com/netherlands/haarlem/,city_page,cities,https://www.expatcopilot.com/netherlands/cities/,61,61,61,0,88,2,1,no,no,1,3,INDEXABLE,INFO,outlinks_to_redirects=1; outlinks_to_404=3; descriptive_anchor_ratio=1.00 n=91; hub_relationship=links_to_parent_hub; strongest_contextual_source=/netherlands/education/dutch-schools-netherlands/
https://www.expatcopilot.com/netherlands/health-insurance-netherlands/,moving_guide,healthcare,https://www.expatcopilot.com/netherlands/health/health-insurance-netherlands/,161,161,161,0,58,1,,no,no,1,2,INDEXABLE,P3,weak logical hub relationship; outlinks_to_redirects=1; outlinks_to_404=2; descriptive_anchor_ratio=1.00 n=339; hub_relationship=weak_or_missing_hub_link; strongest_contextual_source=/netherlands/culture/health-system-culture-basics/
https://www.expatcopilot.com/netherlands/health/dentists-netherlands/,guide,healthcare,https://www.expatcopilot.com/netherlands/health/health-insurance-netherlands/,9,9,9,0,59,3,,no,no,1,3,INDEXABLE,P3,weak logical hub relationship; outlinks_to_redirects=1; outlinks_to_404=3; descriptive_anchor_ratio=1.00 n=17; hub_relationship=weak_or_missing_hub_link; strongest_contextual_source=/netherlands/health/emergency-healthcare-netherlands/
https://www.expatcopilot.com/netherlands/health/emergency-healthcare-netherlands/,guide,healthcare,https://www.expatcopilot.com/netherlands/health/health-insurance-netherlands/,13,13,13,0,59,3,,no,no,1,3,INDEXABLE,P3,weak logical hub relationship; outlinks_to_redirects=1; outlinks_to_404=3; descriptive_anchor_ratio=1.00 n=37; hub_relationship=weak_or_missing_hub_link; strongest_contextual_source=/netherlands/family/giving-birth-netherlands/
https://www.expatcopilot.com/netherlands/health/gp-netherlands/,guide,healthcare,https://www.expatcopilot.com/netherlands/health/health-insurance-netherlands/,14,14,14,0,62,2,,no,no,1,3,INDEXABLE,P3,weak logical hub relationship; outlinks_to_redirects=1; outlinks_to_404=3; descriptive_anchor_ratio=1.00 n=38; hub_relationship=weak_or_missing_hub_link; strongest_contextual_source=/netherlands/family/giving-birth-netherlands/
https://www.expatcopilot.com/netherlands/health/health-insurance-comparison-netherlands/,guide,healthcare,https://www.expatcopilot.com/netherlands/health/health-insurance-netherlands/,12,12,12,0,62,2,,no,no,1,6,INDEXABLE,P3,weak logical hub relationship; outlinks_to_redirects=1; outlinks_to_404=6; descriptive_anchor_ratio=1.00 n=26; hub_relationship=weak_or_missing_hub_link; strongest_contextual_source=/netherlands/official-figures/
https://www.expatcopilot.com/netherlands/health/hospitals-netherlands/,guide,healthcare,https://www.expatcopilot.com/netherlands/health/health-insurance-netherlands/,13,13,13,0,60,3,,no,no,1,3,INDEXABLE,P3,weak logical hub relationship; outlinks_to_redirects=1; outlinks_to_404=3; descriptive_anchor_ratio=1.00 n=32; hub_relationship=weak_or_missing_hub_link; strongest_contextual_source=/netherlands/family/giving-birth-netherlands/
https://www.expatcopilot.com/netherlands/health/maternity-care-netherlands/,guide,healthcare,https://www.expatcopilot.com/netherlands/health/health-insurance-netherlands/,11,11,11,0,63,3,,no,no,1,3,INDEXABLE,P3,weak logical hub relationship; outlinks_to_redirects=1; outlinks_to_404=3; descriptive_anchor_ratio=1.00 n=32; hub_relationship=weak_or_missing_hub_link; strongest_contextual_source=/netherlands/family/giving-birth-netherlands/
https://www.expatcopilot.com/netherlands/health/mental-healthcare-netherlands/,guide,healthcare,https://www.expatcopilot.com/netherlands/health/health-insurance-netherlands/,10,10,10,0,60,3,,no,no,1,3,INDEXABLE,P3,weak logical hub relationship; outlinks_to_redirects=1; outlinks_to_404=3; descriptive_anchor_ratio=1.00 n=21; hub_relationship=weak_or_missing_hub_link; strongest_contextual_source=/netherlands/health/emergency-healthcare-netherlands/
https://www.expatcopilot.com/netherlands/health/pharmacies-netherlands/,guide,healthcare,https://www.expatcopilot.com/netherlands/health/health-insurance-netherlands/,11,11,11,0,60,3,,no,no,1,3,INDEXABLE,P3,weak logical hub relationship; outlinks_to_redirects=1; outlinks_to_404=3; descriptive_anchor_ratio=1.00 n=29; hub_relationship=weak_or_missing_hub_link; strongest_contextual_source=/netherlands/health/emergency-healthcare-netherlands/
https://www.expatcopilot.com/netherlands/health/physiotherapy-netherlands/,guide,healthcare,https://www.expatcopilot.com/netherlands/health/health-insurance-netherlands/,9,9,9,0,62,3,,no,no,1,3,INDEXABLE,P3,weak logical hub relationship; outlinks_to_redirects=1; outlinks_to_404=3; descriptive_anchor_ratio=1.00 n=19; hub_relationship=weak_or_missing_hub_link; strongest_contextual_source=/netherlands/health/dentists-netherlands/
https://www.expatcopilot.com/netherlands/health/prescriptions-netherlands/,guide,healthcare,https://www.expatcopilot.com/netherlands/health/health-insurance-netherlands/,8,8,8,0,60,3,,no,no,1,3,INDEXABLE,P3,weak logical hub relationship; outlinks_to_redirects=1; outlinks_to_404=3; descriptive_anchor_ratio=1.00 n=23; hub_relationship=weak_or_missing_hub_link; strongest_contextual_source=/netherlands/health/emergency-healthcare-netherlands/
https://www.expatcopilot.com/netherlands/health/tools/,tool_calculator,healthcare,https://www.expatcopilot.com/netherlands/health/health-insurance-netherlands/,2,2,2,0,52,2,,no,no,1,2,INDEXABLE,P3,weak logical hub relationship; outlinks_to_redirects=1; outlinks_to_404=2; descriptive_anchor_ratio=1.00 n=3; hub_relationship=weak_or_missing_hub_link; strongest_contextual_source=/netherlands/tools/
https://www.expatcopilot.com/netherlands/housing/,guide,housing,https://www.expatcopilot.com/netherlands/housing/,444,444,0,444,72,1,0,no,no,1,3,INDEXABLE,INFO,receives sitewide/explore-block or chrome links on most pages; outlinks_to_redirects=1; outlinks_to_404=3; descriptive_anchor_ratio=1.00 n=514; hub_relationship=is_hub
https://www.expatcopilot.com/netherlands/housing/buy-vs-rent-netherlands/,comparison,housing,https://www.expatcopilot.com/netherlands/housing/,8,8,0,8,67,2,1,no,no,1,2,INDEXABLE,INFO,outlinks_to_redirects=1; outlinks_to_404=2; descriptive_anchor_ratio=1.00 n=19; hub_relationship=links_to_parent_hub
https://www.expatcopilot.com/netherlands/housing/buying-a-house-netherlands/,guide,housing,https://www.expatcopilot.com/netherlands/housing/,14,14,0,14,71,2,1,no,no,1,3,INDEXABLE,INFO,outlinks_to_redirects=1; outlinks_to_404=3; descriptive_anchor_ratio=1.00 n=37; hub_relationship=links_to_parent_hub
https://www.expatcopilot.com/netherlands/housing/housing-costs-netherlands/,guide,housing,https://www.expatcopilot.com/netherlands/housing/,10,10,10,0,72,2,1,no,no,1,3,INDEXABLE,INFO,outlinks_to_redirects=1; outlinks_to_404=3; descriptive_anchor_ratio=1.00 n=20; hub_relationship=links_to_parent_hub; strongest_contextual_source=/netherlands/housing/rental-scams-netherlands/
https://www.expatcopilot.com/netherlands/housing/mortgages-netherlands-expats/,guide,housing,https://www.expatcopilot.com/netherlands/housing/,12,12,0,12,72,2,1,no,no,1,3,INDEXABLE,INFO,outlinks_to_redirects=1; outlinks_to_404=3; descriptive_anchor_ratio=1.00 n=30; hub_relationship=links_to_parent_hub
https://www.expatcopilot.com/netherlands/housing/rental-contracts-and-deposits-netherlands/,guide,housing,https://www.expatcopilot.com/netherlands/housing/,5,5,5,0,56,2,1,no,no,1,3,INDEXABLE,INFO,outlinks_to_redirects=1; outlinks_to_404=3; descriptive_anchor_ratio=1.00 n=13; hub_relationship=links_to_parent_hub; strongest_contextual_source=/netherlands/housing/rental-scams-netherlands/
https://www.expatcopilot.com/netherlands/housing/rental-scams-netherlands/,guide,housing,https://www.expatcopilot.com/netherlands/housing/,3,3,3,0,51,2,1,no,no,1,3,INDEXABLE,INFO,outlinks_to_redirects=1; outlinks_to_404=3; descriptive_anchor_ratio=1.00 n=7; hub_relationship=links_to_parent_hub; strongest_contextual_source=/netherlands/housing/rental-contracts-and-deposits-netherlands/
https://www.expatcopilot.com/netherlands/housing/tools/,tool_calculator,housing,https://www.expatcopilot.com/netherlands/housing/,16,16,16,0,59,2,2,no,no,1,2,INDEXABLE,INFO,outlinks_to_redirects=1; outlinks_to_404=2; descriptive_anchor_ratio=1.00 n=23; hub_relationship=links_to_parent_hub; strongest_contextual_source=/netherlands/living/tools/utilities-services-comparison/
https://www.expatcopilot.com/netherlands/housing/tools/rent-affordability-calculator/,tool_calculator,housing,https://www.expatcopilot.com/netherlands/housing/,42,42,42,0,73,2,1,no,no,1,2,INDEXABLE,INFO,outlinks_to_redirects=1; outlinks_to_404=2; descriptive_anchor_ratio=1.00 n=124; hub_relationship=links_to_parent_hub; strongest_contextual_source=/netherlands/cities/compare/
https://www.expatcopilot.com/netherlands/integration/inburgering/,moving_guide,integration,https://www.expatcopilot.com/netherlands/integration/inburgering/,18,18,18,0,56,2,0,no,no,1,2,INDEXABLE,INFO,outlinks_to_redirects=1; outlinks_to_404=2; descriptive_anchor_ratio=1.00 n=28; hub_relationship=is_hub; strongest_contextual_source=/netherlands/culture/dutch-language-basics/
https://www.expatcopilot.com/netherlands/integration/tools/,tool_calculator,integration,https://www.expatcopilot.com/netherlands/integration/inburgering/,5,5,5,0,56,2,2,no,no,1,2,INDEXABLE,INFO,outlinks_to_redirects=1; outlinks_to_404=2; descriptive_anchor_ratio=1.00 n=6; hub_relationship=links_to_parent_hub; strongest_contextual_source=/netherlands/culture/learning-dutch/
https://www.expatcopilot.com/netherlands/integration/tools/inburgering-exam-readiness-checker/,tool_calculator,integration,https://www.expatcopilot.com/netherlands/integration/inburgering/,4,4,4,0,52,2,1,no,no,1,2,INDEXABLE,INFO,outlinks_to_redirects=1; outlinks_to_404=2; descriptive_anchor_ratio=1.00 n=4; hub_relationship=links_to_parent_hub; strongest_contextual_source=/netherlands/integration/tools/integration-requirement-checker/
https://www.expatcopilot.com/netherlands/integration/tools/integration-requirement-checker/,tool_calculator,integration,https://www.expatcopilot.com/netherlands/integration/inburgering/,4,4,4,0,52,2,1,no,no,1,2,INDEXABLE,INFO,outlinks_to_redirects=1; outlinks_to_404=2; descriptive_anchor_ratio=1.00 n=4; hub_relationship=links_to_parent_hub; strongest_contextual_source=/netherlands/integration/tools/inburgering-exam-readiness-checker/
https://www.expatcopilot.com/netherlands/jobs/contractor-vs-employee-netherlands/,comparison,working,https://www.expatcopilot.com/netherlands/moving/working-in-the-netherlands/,5,5,0,5,68,2,2,no,no,9,11,INDEXABLE,INFO,outlinks_to_redirects=9; outlinks_to_404=11; descriptive_anchor_ratio=1.00 n=10; hub_relationship=links_to_parent_hub
https://www.expatcopilot.com/netherlands/jobs/dutch-directness-at-work/,guide,working,https://www.expatcopilot.com/netherlands/moving/working-in-the-netherlands/,7,7,0,7,54,2,2,no,no,1,5,INDEXABLE,INFO,outlinks_to_redirects=1; outlinks_to_404=5; descriptive_anchor_ratio=1.00 n=15; hub_relationship=links_to_parent_hub
https://www.expatcopilot.com/netherlands/jobs/dutch-workplace-culture/,guide,working,https://www.expatcopilot.com/netherlands/moving/working-in-the-netherlands/,15,15,0,15,56,2,2,no,no,1,5,INDEXABLE,INFO,outlinks_to_redirects=1; outlinks_to_404=5; descriptive_anchor_ratio=1.00 n=31; hub_relationship=links_to_parent_hub
https://www.expatcopilot.com/netherlands/jobs/employee-benefits-netherlands/,guide,working,https://www.expatcopilot.com/netherlands/moving/working-in-the-netherlands/,12,12,0,12,66,2,2,no,no,1,4,INDEXABLE,INFO,outlinks_to_redirects=1; outlinks_to_404=4; descriptive_anchor_ratio=1.00 n=34; hub_relationship=links_to_parent_hub
https://www.expatcopilot.com/netherlands/jobs/employee-rights-netherlands/,guide,working,https://www.expatcopilot.com/netherlands/moving/working-in-the-netherlands/,8,8,0,8,65,2,2,no,no,1,5,INDEXABLE,INFO,outlinks_to_redirects=1; outlinks_to_404=5; descriptive_anchor_ratio=1.00 n=16; hub_relationship=links_to_parent_hub
https://www.expatcopilot.com/netherlands/jobs/employment-contract-netherlands/,guide,working,https://www.expatcopilot.com/netherlands/moving/working-in-the-netherlands/,12,12,0,12,70,2,2,no,no,1,4,INDEXABLE,INFO,outlinks_to_redirects=1; outlinks_to_404=4; descriptive_anchor_ratio=1.00 n=34; hub_relationship=links_to_parent_hub
https://www.expatcopilot.com/netherlands/jobs/expat-salary-netherlands/,guide,salaries,https://www.expatcopilot.com/netherlands/taxes/average-salary-netherlands/,24,24,0,24,82,2,1,no,no,1,6,INDEXABLE,INFO,outlinks_to_redirects=1; outlinks_to_404=6; descriptive_anchor_ratio=1.00 n=44; hub_relationship=links_to_parent_hub
https://www.expatcopilot.com/netherlands/jobs/finding-jobs-netherlands/,guide,working,https://www.expatcopilot.com/netherlands/moving/working-in-the-netherlands/,444,444,0,444,87,1,1,no,no,1,24,INDEXABLE,INFO,receives sitewide/explore-block or chrome links on most pages; outlinks_to_redirects=1; outlinks_to_404=24; descriptive_anchor_ratio=1.00 n=471; hub_relationship=links_to_parent_hub
https://www.expatcopilot.com/netherlands/jobs/freelancing-netherlands/,guide,working,https://www.expatcopilot.com/netherlands/moving/working-in-the-netherlands/,10,10,0,10,78,2,2,no,no,7,11,INDEXABLE,INFO,outlinks_to_redirects=7; outlinks_to_404=11; descriptive_anchor_ratio=1.00 n=26; hub_relationship=links_to_parent_hub
https://www.expatcopilot.com/netherlands/jobs/holiday-allowance-netherlands/,guide,working,https://www.expatcopilot.com/netherlands/moving/working-in-the-netherlands/,10,10,0,10,64,2,2,no,no,1,4,INDEXABLE,INFO,outlinks_to_redirects=1; outlinks_to_404=4; descriptive_anchor_ratio=1.00 n=16; hub_relationship=links_to_parent_hub
https://www.expatcopilot.com/netherlands/jobs/minimum-wage-netherlands/,guide,salaries,https://www.expatcopilot.com/netherlands/taxes/average-salary-netherlands/,6,6,0,6,70,2,1,no,no,1,4,INDEXABLE,INFO,outlinks_to_redirects=1; outlinks_to_404=4; descriptive_anchor_ratio=1.00 n=8; hub_relationship=links_to_parent_hub
https://www.expatcopilot.com/netherlands/jobs/notice-period-netherlands/,guide,working,https://www.expatcopilot.com/netherlands/moving/working-in-the-netherlands/,3,3,0,3,66,2,2,no,no,1,7,INDEXABLE,INFO,outlinks_to_redirects=1; outlinks_to_404=7; descriptive_anchor_ratio=1.00 n=3; hub_relationship=links_to_parent_hub
https://www.expatcopilot.com/netherlands/jobs/pension-netherlands-expats/,guide,working,https://www.expatcopilot.com/netherlands/moving/working-in-the-netherlands/,11,11,0,11,63,2,2,no,no,1,3,INDEXABLE,INFO,outlinks_to_redirects=1; outlinks_to_404=3; descriptive_anchor_ratio=1.00 n=24; hub_relationship=links_to_parent_hub
https://www.expatcopilot.com/netherlands/jobs/probation-period-netherlands/,guide,working,https://www.expatcopilot.com/netherlands/moving/working-in-the-netherlands/,4,4,0,4,66,2,2,no,no,1,6,INDEXABLE,INFO,outlinks_to_redirects=1; outlinks_to_404=6; descriptive_anchor_ratio=1.00 n=7; hub_relationship=links_to_parent_hub
https://www.expatcopilot.com/netherlands/jobs/salary-negotiation-netherlands/,guide,salaries,https://www.expatcopilot.com/netherlands/taxes/average-salary-netherlands/,12,12,0,12,79,2,1,no,no,1,15,INDEXABLE,INFO,outlinks_to_redirects=1; outlinks_to_404=15; descriptive_anchor_ratio=1.00 n=31; hub_relationship=links_to_parent_hub
https://www.expatcopilot.com/netherlands/leaving/,guide,leaving,https://www.expatcopilot.com/netherlands/leaving/,5,5,0,5,57,2,0,no,no,1,2,INDEXABLE,INFO,outlinks_to_redirects=1; outlinks_to_404=2; descriptive_anchor_ratio=1.00 n=5; hub_relationship=is_hub
https://www.expatcopilot.com/netherlands/leaving/tools/,tool_calculator,leaving,https://www.expatcopilot.com/netherlands/leaving/,5,5,5,0,51,2,1,no,no,1,2,INDEXABLE,INFO,outlinks_to_redirects=1; outlinks_to_404=2; descriptive_anchor_ratio=1.00 n=6; hub_relationship=links_to_parent_hub; strongest_contextual_source=/netherlands/leaving/tools/exit-readiness-checker/
https://www.expatcopilot.com/netherlands/leaving/tools/exit-readiness-checker/,tool_calculator,leaving,https://www.expatcopilot.com/netherlands/leaving/,5,5,5,0,51,2,1,no,no,1,2,INDEXABLE,INFO,outlinks_to_redirects=1; outlinks_to_404=2; descriptive_anchor_ratio=1.00 n=9; hub_relationship=links_to_parent_hub; strongest_contextual_source=/netherlands/leaving/tools/
https://www.expatcopilot.com/netherlands/leaving/tools/repatriation-cost-calculator/,tool_calculator,leaving,https://www.expatcopilot.com/netherlands/leaving/,5,5,5,0,51,2,1,no,no,1,2,INDEXABLE,INFO,outlinks_to_redirects=1; outlinks_to_404=2; descriptive_anchor_ratio=1.00 n=6; hub_relationship=links_to_parent_hub; strongest_contextual_source=/netherlands/leaving/tools/
https://www.expatcopilot.com/netherlands/leiden/,city_page,cities,https://www.expatcopilot.com/netherlands/cities/,59,59,59,0,86,2,1,no,no,1,3,INDEXABLE,INFO,outlinks_to_redirects=1; outlinks_to_404=3; descriptive_anchor_ratio=1.00 n=84; hub_relationship=links_to_parent_hub; strongest_contextual_source=/netherlands/taxes/property-tax-netherlands/
https://www.expatcopilot.com/netherlands/life/,guide,culture_life,https://www.expatcopilot.com/netherlands/living/survival-guide/,444,444,0,444,57,1,1,no,no,2,3,INDEXABLE,INFO,receives sitewide/explore-block or chrome links on most pages; outlinks_to_redirects=2; outlinks_to_404=3; descriptive_anchor_ratio=1.00 n=455; hub_relationship=links_to_parent_hub
https://www.expatcopilot.com/netherlands/life/community-basics-netherlands/,guide,culture_life,https://www.expatcopilot.com/netherlands/living/survival-guide/,14,14,0,14,59,2,2,no,no,3,3,INDEXABLE,INFO,outlinks_to_redirects=3; outlinks_to_404=3; descriptive_anchor_ratio=1.00 n=38; hub_relationship=links_to_parent_hub
https://www.expatcopilot.com/netherlands/life/dating-in-the-netherlands/,guide,dating_social,https://www.expatcopilot.com/netherlands/life/dating-in-the-netherlands/,10,10,0,10,61,2,0,no,no,1,3,INDEXABLE,INFO,outlinks_to_redirects=1; outlinks_to_404=3; descriptive_anchor_ratio=1.00 n=17; hub_relationship=is_hub
https://www.expatcopilot.com/netherlands/life/dutch-birthday-traditions/,guide,culture_life,https://www.expatcopilot.com/netherlands/living/survival-guide/,8,8,0,8,55,2,2,no,no,1,3,INDEXABLE,INFO,outlinks_to_redirects=1; outlinks_to_404=3; descriptive_anchor_ratio=1.00 n=13; hub_relationship=links_to_parent_hub
https://www.expatcopilot.com/netherlands/life/dutch-culture/,guide,culture_life,https://www.expatcopilot.com/netherlands/living/survival-guide/,9,9,0,9,60,2,2,no,no,1,3,INDEXABLE,INFO,outlinks_to_redirects=1; outlinks_to_404=3; descriptive_anchor_ratio=1.00 n=23; hub_relationship=links_to_parent_hub
https://www.expatcopilot.com/netherlands/life/dutch-etiquette/,guide,culture_life,https://www.expatcopilot.com/netherlands/living/survival-guide/,9,9,0,9,59,2,2,no,no,1,3,INDEXABLE,INFO,outlinks_to_redirects=1; outlinks_to_404=3; descriptive_anchor_ratio=1.00 n=15; hub_relationship=links_to_parent_hub
https://www.expatcopilot.com/netherlands/life/dutch-holidays-and-traditions/,guide,culture_life,https://www.expatcopilot.com/netherlands/living/survival-guide/,7,7,0,7,59,2,2,no,no,2,3,INDEXABLE,INFO,outlinks_to_redirects=2; outlinks_to_404=3; descriptive_anchor_ratio=1.00 n=13; hub_relationship=links_to_parent_hub
https://www.expatcopilot.com/netherlands/life/dutch-humour/,guide,culture_life,https://www.expatcopilot.com/netherlands/living/survival-guide/,6,6,0,6,59,2,2,no,no,1,3,INDEXABLE,INFO,outlinks_to_redirects=1; outlinks_to_404=3; descriptive_anchor_ratio=1.00 n=7; hub_relationship=links_to_parent_hub
https://www.expatcopilot.com/netherlands/life/dutch-social-norms/,guide,culture_life,https://www.expatcopilot.com/netherlands/living/survival-guide/,15,15,0,15,59,2,2,no,no,1,3,INDEXABLE,INFO,outlinks_to_redirects=1; outlinks_to_404=3; descriptive_anchor_ratio=1.00 n=40; hub_relationship=links_to_parent_hub
https://www.expatcopilot.com/netherlands/life/expat-loneliness-netherlands/,guide,culture_life,https://www.expatcopilot.com/netherlands/living/survival-guide/,4,4,4,0,53,3,3,no,no,1,3,INDEXABLE,INFO,outlinks_to_redirects=1; outlinks_to_404=3; descriptive_anchor_ratio=1.00 n=7; hub_relationship=links_to_parent_hub; strongest_contextual_source=/netherlands/life/community-basics-netherlands/
https://www.expatcopilot.com/netherlands/life/making-dutch-friends/,guide,dating_social,https://www.expatcopilot.com/netherlands/life/dating-in-the-netherlands/,7,7,0,7,65,2,2,no,no,1,5,INDEXABLE,INFO,outlinks_to_redirects=1; outlinks_to_404=5; descriptive_anchor_ratio=1.00 n=19; hub_relationship=links_to_parent_hub
https://www.expatcopilot.com/netherlands/living/,guide,netherlands_other,,10,10,10,0,72,2,,no,no,8,3,INDEXABLE,INFO,outlinks_to_redirects=8; outlinks_to_404=3; descriptive_anchor_ratio=1.00 n=10; hub_relationship=weak_or_missing_hub_link; strongest_contextual_source=/netherlands/living/electric-vehicles-netherlands/
https://www.expatcopilot.com/netherlands/living/apps/,guide,culture_life,https://www.expatcopilot.com/netherlands/living/survival-guide/,432,432,0,432,59,1,1,no,no,4,3,INDEXABLE,INFO,receives sitewide/explore-block or chrome links on most pages; outlinks_to_redirects=4; outlinks_to_404=3; descriptive_anchor_ratio=1.00 n=495; hub_relationship=links_to_parent_hub
https://www.expatcopilot.com/netherlands/living/buying-a-car-netherlands/,guide,netherlands_other,,11,11,11,0,61,2,,no,no,1,3,INDEXABLE,INFO,outlinks_to_redirects=1; outlinks_to_404=3; descriptive_anchor_ratio=1.00 n=57; hub_relationship=weak_or_missing_hub_link; strongest_contextual_source=/netherlands/living/electric-vehicles-netherlands/
https://www.expatcopilot.com/netherlands/living/car-insurance-netherlands/,guide,transport,https://www.expatcopilot.com/netherlands/living/getting-around/,11,11,11,0,60,2,1,no,no,1,3,INDEXABLE,INFO,outlinks_to_redirects=1; outlinks_to_404=3; descriptive_anchor_ratio=1.00 n=40; hub_relationship=links_to_parent_hub; strongest_contextual_source=/netherlands/living/electric-vehicles-netherlands/
https://www.expatcopilot.com/netherlands/living/car-sharing-netherlands/,guide,transport,https://www.expatcopilot.com/netherlands/living/getting-around/,11,11,11,0,61,2,1,no,no,1,3,INDEXABLE,INFO,outlinks_to_redirects=1; outlinks_to_404=3; descriptive_anchor_ratio=1.00 n=32; hub_relationship=links_to_parent_hub; strongest_contextual_source=/netherlands/living/electric-vehicles-netherlands/
https://www.expatcopilot.com/netherlands/living/daily-life/,guide,culture_life,https://www.expatcopilot.com/netherlands/living/survival-guide/,431,431,0,431,60,1,1,no,no,8,3,INDEXABLE,INFO,receives sitewide/explore-block or chrome links on most pages; outlinks_to_redirects=8; outlinks_to_404=3; descriptive_anchor_ratio=1.00 n=501; hub_relationship=links_to_parent_hub
https://www.expatcopilot.com/netherlands/living/driving-licence-exchange-netherlands/,guide,transport,https://www.expatcopilot.com/netherlands/living/getting-around/,11,11,11,0,61,2,1,no,no,1,3,INDEXABLE,INFO,outlinks_to_redirects=1; outlinks_to_404=3; descriptive_anchor_ratio=1.00 n=33; hub_relationship=links_to_parent_hub; strongest_contextual_source=/netherlands/living/electric-vehicles-netherlands/
https://www.expatcopilot.com/netherlands/living/electric-vehicles-netherlands/,guide,netherlands_other,,11,11,11,0,60,2,,no,no,1,3,INDEXABLE,INFO,outlinks_to_redirects=1; outlinks_to_404=3; descriptive_anchor_ratio=1.00 n=33; hub_relationship=weak_or_missing_hub_link; strongest_contextual_source=/netherlands/living/electric-vehicles-netherlands/
https://www.expatcopilot.com/netherlands/living/emergencies-safety/,guide,netherlands_other,,20,20,20,0,57,2,,no,no,2,3,INDEXABLE,INFO,outlinks_to_redirects=2; outlinks_to_404=3; descriptive_anchor_ratio=1.00 n=42; hub_relationship=weak_or_missing_hub_link; strongest_contextual_source=/netherlands/living/weather/
https://www.expatcopilot.com/netherlands/living/getting-around/,guide,transport,https://www.expatcopilot.com/netherlands/living/getting-around/,444,444,0,444,79,1,0,no,no,5,23,INDEXABLE,INFO,receives sitewide/explore-block or chrome links on most pages; outlinks_to_redirects=5; outlinks_to_404=23; descriptive_anchor_ratio=1.00 n=985; hub_relationship=is_hub
https://www.expatcopilot.com/netherlands/living/government-portals-overview/,guide,netherlands_other,,0,0,0,0,50,,,yes,no,1,3,INDEXABLE,P1,orphan: no internal inlinks in crawl graph; outlinks_to_redirects=1; outlinks_to_404=3; no_anchor_samples; hub_relationship=weak_or_missing_hub_link
https://www.expatcopilot.com/netherlands/living/healthcare-basics/,guide,netherlands_other,,444,444,0,444,59,1,,no,no,3,3,INDEXABLE,INFO,receives sitewide/explore-block or chrome links on most pages; outlinks_to_redirects=3; outlinks_to_404=3; descriptive_anchor_ratio=1.00 n=541; hub_relationship=weak_or_missing_hub_link
https://www.expatcopilot.com/netherlands/living/language/,guide,culture_life,https://www.expatcopilot.com/netherlands/living/survival-guide/,432,432,0,432,59,1,1,no,no,6,3,INDEXABLE,INFO,receives sitewide/explore-block or chrome links on most pages; outlinks_to_redirects=6; outlinks_to_404=3; descriptive_anchor_ratio=1.00 n=480; hub_relationship=links_to_parent_hub
https://www.expatcopilot.com/netherlands/living/lease-cars-netherlands/,guide,netherlands_other,,11,11,11,0,60,2,,no,no,1,3,INDEXABLE,INFO,outlinks_to_redirects=1; outlinks_to_404=3; descriptive_anchor_ratio=1.00 n=28; hub_relationship=weak_or_missing_hub_link; strongest_contextual_source=/netherlands/living/electric-vehicles-netherlands/
https://www.expatcopilot.com/netherlands/living/mot-apk-netherlands/,guide,netherlands_other,,11,11,11,0,60,2,,no,no,1,3,INDEXABLE,INFO,outlinks_to_redirects=1; outlinks_to_404=3; descriptive_anchor_ratio=1.00 n=27; hub_relationship=weak_or_missing_hub_link; strongest_contextual_source=/netherlands/living/electric-vehicles-netherlands/
https://www.expatcopilot.com/netherlands/living/payments/,guide,netherlands_other,,12,12,12,0,53,2,,no,no,1,3,INDEXABLE,INFO,outlinks_to_redirects=1; outlinks_to_404=3; descriptive_anchor_ratio=1.00 n=20; hub_relationship=weak_or_missing_hub_link; strongest_contextual_source=/netherlands/living/apps/
https://www.expatcopilot.com/netherlands/living/rental-market/,guide,netherlands_other,,3,3,3,0,50,2,,no,no,1,3,INDEXABLE,INFO,outlinks_to_redirects=1; outlinks_to_404=3; descriptive_anchor_ratio=1.00 n=12; hub_relationship=weak_or_missing_hub_link; strongest_contextual_source=/netherlands/living/tools/utilities-services-comparison/
https://www.expatcopilot.com/netherlands/living/road-tax-netherlands/,guide,transport,https://www.expatcopilot.com/netherlands/living/getting-around/,11,11,11,0,61,2,1,no,no,1,3,INDEXABLE,INFO,outlinks_to_redirects=1; outlinks_to_404=3; descriptive_anchor_ratio=1.00 n=32; hub_relationship=links_to_parent_hub; strongest_contextual_source=/netherlands/living/electric-vehicles-netherlands/
https://www.expatcopilot.com/netherlands/living/shopping-groceries/,guide,netherlands_other,,17,17,17,0,69,2,,no,no,4,27,INDEXABLE,INFO,outlinks_to_redirects=4; outlinks_to_404=27; descriptive_anchor_ratio=1.00 n=47; hub_relationship=weak_or_missing_hub_link; strongest_contextual_source=/netherlands/living/weather/
https://www.expatcopilot.com/netherlands/living/speed-cameras-netherlands/,guide,transport,https://www.expatcopilot.com/netherlands/living/getting-around/,11,11,11,0,60,2,1,no,no,1,3,INDEXABLE,INFO,outlinks_to_redirects=1; outlinks_to_404=3; descriptive_anchor_ratio=1.00 n=24; hub_relationship=links_to_parent_hub; strongest_contextual_source=/netherlands/living/electric-vehicles-netherlands/
https://www.expatcopilot.com/netherlands/living/survival-guide/,guide,culture_life,https://www.expatcopilot.com/netherlands/living/survival-guide/,444,444,0,444,72,1,0,no,no,8,3,INDEXABLE,INFO,receives sitewide/explore-block or chrome links on most pages; outlinks_to_redirects=8; outlinks_to_404=3; descriptive_anchor_ratio=1.00 n=990; hub_relationship=is_hub
https://www.expatcopilot.com/netherlands/living/tools/utilities-services-comparison/,tool_calculator,tools_calculators,https://www.expatcopilot.com/netherlands/tools/,22,22,22,0,61,1,1,no,no,10,2,INDEXABLE,INFO,outlinks_to_redirects=10; outlinks_to_404=2; descriptive_anchor_ratio=1.00 n=55; hub_relationship=links_to_parent_hub; strongest_contextual_source=/netherlands/living/apps/
https://www.expatcopilot.com/netherlands/living/weather/,guide,culture_life,https://www.expatcopilot.com/netherlands/living/survival-guide/,432,432,0,432,54,1,1,no,no,5,3,INDEXABLE,INFO,receives sitewide/explore-block or chrome links on most pages; outlinks_to_redirects=5; outlinks_to_404=3; descriptive_anchor_ratio=1.00 n=457; hub_relationship=links_to_parent_hub
https://www.expatcopilot.com/netherlands/maastricht/,city_page,cities,https://www.expatcopilot.com/netherlands/cities/,36,36,36,0,85,2,1,no,no,1,3,INDEXABLE,INFO,outlinks_to_redirects=1; outlinks_to_404=3; descriptive_anchor_ratio=1.00 n=52; hub_relationship=links_to_parent_hub; strongest_contextual_source=/netherlands/life/dutch-holidays-and-traditions/
https://www.expatcopilot.com/netherlands/money/,guide,netherlands_other,,15,15,15,0,62,3,,no,no,1,3,INDEXABLE,INFO,outlinks_to_redirects=1; outlinks_to_404=3; descriptive_anchor_ratio=1.00 n=27; hub_relationship=weak_or_missing_hub_link; strongest_contextual_source=/netherlands/tools/transfer-cost-calculator/
https://www.expatcopilot.com/netherlands/money/banking/,guide,banking,https://www.expatcopilot.com/netherlands/money/banking/best-banks-expats/,28,28,28,0,71,2,1,no,no,1,3,INDEXABLE,INFO,outlinks_to_redirects=1; outlinks_to_404=3; descriptive_anchor_ratio=1.00 n=79; hub_relationship=links_to_parent_hub; strongest_contextual_source=/netherlands/practical-life/privacy-and-safety-basics-netherlands/
https://www.expatcopilot.com/netherlands/money/banking/account-rejection/,guide,banking,https://www.expatcopilot.com/netherlands/money/banking/best-banks-expats/,20,20,20,0,65,2,1,no,no,1,3,INDEXABLE,INFO,outlinks_to_redirects=1; outlinks_to_404=3; descriptive_anchor_ratio=1.00 n=35; hub_relationship=links_to_parent_hub; strongest_contextual_source=/netherlands/tools/transfer-cost-calculator/
https://www.expatcopilot.com/netherlands/money/banking/best-bank-zzp/,guide,banking,https://www.expatcopilot.com/netherlands/money/banking/best-banks-expats/,7,7,7,0,61,3,2,no,no,1,3,INDEXABLE,INFO,outlinks_to_redirects=1; outlinks_to_404=3; descriptive_anchor_ratio=1.00 n=11; hub_relationship=links_to_parent_hub; strongest_contextual_source=/netherlands/tools/banking-cost-estimator/
https://www.expatcopilot.com/netherlands/money/banking/best-banks-expats/,guide,banking,https://www.expatcopilot.com/netherlands/money/banking/best-banks-expats/,22,22,22,0,66,3,0,no,no,1,3,INDEXABLE,INFO,outlinks_to_redirects=1; outlinks_to_404=3; descriptive_anchor_ratio=1.00 n=160; hub_relationship=is_hub; strongest_contextual_source=/netherlands/tools/transfer-cost-calculator/
https://www.expatcopilot.com/netherlands/money/banking/cash-vs-card/,comparison,banking,https://www.expatcopilot.com/netherlands/money/banking/best-banks-expats/,11,11,11,0,62,3,1,no,no,1,3,INDEXABLE,INFO,outlinks_to_redirects=1; outlinks_to_404=3; descriptive_anchor_ratio=1.00 n=25; hub_relationship=links_to_parent_hub; strongest_contextual_source=/netherlands/money/banking/wise-vs-revolut/
https://www.expatcopilot.com/netherlands/money/banking/cheapest-accounts/,guide,banking,https://www.expatcopilot.com/netherlands/money/banking/best-banks-expats/,13,13,13,0,63,3,1,no,no,1,3,INDEXABLE,INFO,outlinks_to_redirects=1; outlinks_to_404=3; descriptive_anchor_ratio=1.00 n=32; hub_relationship=links_to_parent_hub; strongest_contextual_source=/netherlands/tools/transfer-cost-calculator/
https://www.expatcopilot.com/netherlands/money/banking/credit-cards/,guide,banking,https://www.expatcopilot.com/netherlands/money/banking/best-banks-expats/,11,11,11,0,65,3,1,no,no,1,3,INDEXABLE,INFO,outlinks_to_redirects=1; outlinks_to_404=3; descriptive_anchor_ratio=1.00 n=17; hub_relationship=links_to_parent_hub; strongest_contextual_source=/netherlands/money/banking/wise-vs-revolut/
https://www.expatcopilot.com/netherlands/money/banking/debit-cards/,guide,banking,https://www.expatcopilot.com/netherlands/money/banking/best-banks-expats/,12,12,12,0,64,3,1,no,no,1,3,INDEXABLE,INFO,outlinks_to_redirects=1; outlinks_to_404=3; descriptive_anchor_ratio=1.00 n=32; hub_relationship=links_to_parent_hub; strongest_contextual_source=/netherlands/money/banking/wise-vs-revolut/
https://www.expatcopilot.com/netherlands/money/banking/fees/,guide,banking,https://www.expatcopilot.com/netherlands/money/banking/best-banks-expats/,25,25,25,0,69,3,1,no,no,1,3,INDEXABLE,INFO,outlinks_to_redirects=1; outlinks_to_404=3; descriptive_anchor_ratio=1.00 n=107; hub_relationship=links_to_parent_hub; strongest_contextual_source=/netherlands/tools/transfer-cost-calculator/
https://www.expatcopilot.com/netherlands/money/banking/how-payments-work/,guide,banking,https://www.expatcopilot.com/netherlands/money/banking/best-banks-expats/,27,27,27,0,67,2,1,no,no,1,3,INDEXABLE,INFO,outlinks_to_redirects=1; outlinks_to_404=3; descriptive_anchor_ratio=1.00 n=92; hub_relationship=links_to_parent_hub; strongest_contextual_source=/netherlands/living/payments/
https://www.expatcopilot.com/netherlands/money/banking/international-transfers/,guide,banking,https://www.expatcopilot.com/netherlands/money/banking/best-banks-expats/,16,16,16,0,64,3,1,no,no,1,3,INDEXABLE,INFO,outlinks_to_redirects=1; outlinks_to_404=3; descriptive_anchor_ratio=1.00 n=50; hub_relationship=links_to_parent_hub; strongest_contextual_source=/netherlands/tools/transfer-cost-calculator/
https://www.expatcopilot.com/netherlands/money/banking/joint-accounts/,guide,banking,https://www.expatcopilot.com/netherlands/money/banking/best-banks-expats/,3,3,3,0,70,3,2,no,no,1,3,INDEXABLE,INFO,outlinks_to_redirects=1; outlinks_to_404=3; descriptive_anchor_ratio=1.00 n=9; hub_relationship=links_to_parent_hub; strongest_contextual_source=/netherlands/money/banking/types-of-accounts/
https://www.expatcopilot.com/netherlands/money/banking/security/,guide,banking,https://www.expatcopilot.com/netherlands/money/banking/best-banks-expats/,24,24,24,0,63,2,1,no,no,1,3,INDEXABLE,INFO,outlinks_to_redirects=1; outlinks_to_404=3; descriptive_anchor_ratio=1.00 n=45; hub_relationship=links_to_parent_hub; strongest_contextual_source=/netherlands/living/emergencies-safety/
https://www.expatcopilot.com/netherlands/money/banking/student-accounts/,guide,banking,https://www.expatcopilot.com/netherlands/money/banking/best-banks-expats/,3,3,3,0,71,3,2,no,no,1,3,INDEXABLE,INFO,outlinks_to_redirects=1; outlinks_to_404=3; descriptive_anchor_ratio=1.00 n=7; hub_relationship=links_to_parent_hub; strongest_contextual_source=/netherlands/money/banking/types-of-accounts/
https://www.expatcopilot.com/netherlands/money/banking/traditional-vs-digital/,comparison,banking,https://www.expatcopilot.com/netherlands/money/banking/best-banks-expats/,20,20,20,0,67,3,1,no,no,1,3,INDEXABLE,INFO,outlinks_to_redirects=1; outlinks_to_404=3; descriptive_anchor_ratio=1.00 n=66; hub_relationship=links_to_parent_hub; strongest_contextual_source=/netherlands/tools/transfer-cost-calculator/
https://www.expatcopilot.com/netherlands/money/banking/types-of-accounts/,guide,banking,https://www.expatcopilot.com/netherlands/money/banking/best-banks-expats/,18,18,18,0,63,3,1,no,no,1,3,INDEXABLE,INFO,outlinks_to_redirects=1; outlinks_to_404=3; descriptive_anchor_ratio=1.00 n=61; hub_relationship=links_to_parent_hub; strongest_contextual_source=/netherlands/living/payments/
https://www.expatcopilot.com/netherlands/money/banking/wise-vs-revolut/,comparison,banking,https://www.expatcopilot.com/netherlands/money/banking/best-banks-expats/,12,12,12,0,62,3,1,no,no,1,3,INDEXABLE,INFO,outlinks_to_redirects=1; outlinks_to_404=3; descriptive_anchor_ratio=1.00 n=16; hub_relationship=links_to_parent_hub; strongest_contextual_source=/netherlands/money/banking/cash-vs-card/
https://www.expatcopilot.com/netherlands/money/cost-of-living-netherlands/,guide,cost_of_living,https://www.expatcopilot.com/netherlands/money/cost-of-living-netherlands/,5,5,5,0,74,2,0,no,no,1,3,INDEXABLE,INFO,outlinks_to_redirects=1; outlinks_to_404=3; descriptive_anchor_ratio=1.00 n=20; hub_relationship=is_hub; strongest_contextual_source=/netherlands/money/financial-checklist-netherlands/
https://www.expatcopilot.com/netherlands/money/expat-taxes-netherlands/,guide,tax,https://www.expatcopilot.com/netherlands/money/how-taxes-work-in-the-netherlands/,22,22,0,22,67,2,1,no,no,1,3,INDEXABLE,INFO,outlinks_to_redirects=1; outlinks_to_404=3; descriptive_anchor_ratio=1.00 n=71; hub_relationship=links_to_parent_hub
https://www.expatcopilot.com/netherlands/money/financial-checklist-netherlands/,guide,netherlands_other,,2,2,2,0,60,3,,no,no,2,3,INDEXABLE,INFO,outlinks_to_redirects=2; outlinks_to_404=3; descriptive_anchor_ratio=1.00 n=6; hub_relationship=weak_or_missing_hub_link; strongest_contextual_source=/netherlands/money/hidden-costs-netherlands/
https://www.expatcopilot.com/netherlands/money/hidden-costs-netherlands/,guide,cost_of_living,https://www.expatcopilot.com/netherlands/money/cost-of-living-netherlands/,3,3,3,0,62,3,1,no,no,1,3,INDEXABLE,INFO,outlinks_to_redirects=1; outlinks_to_404=3; descriptive_anchor_ratio=1.00 n=9; hub_relationship=links_to_parent_hub; strongest_contextual_source=/netherlands/money/financial-checklist-netherlands/
https://www.expatcopilot.com/netherlands/money/how-taxes-work-in-the-netherlands/,guide,tax,https://www.expatcopilot.com/netherlands/money/how-taxes-work-in-the-netherlands/,21,21,0,21,68,2,0,no,no,10,3,INDEXABLE,INFO,outlinks_to_redirects=10; outlinks_to_404=3; descriptive_anchor_ratio=1.00 n=130; hub_relationship=is_hub
https://www.expatcopilot.com/netherlands/money/monthly-budget-netherlands/,guide,cost_of_living,https://www.expatcopilot.com/netherlands/money/cost-of-living-netherlands/,4,4,4,0,61,3,1,no,no,1,3,INDEXABLE,INFO,outlinks_to_redirects=1; outlinks_to_404=3; descriptive_anchor_ratio=1.00 n=21; hub_relationship=links_to_parent_hub; strongest_contextual_source=/netherlands/money/financial-checklist-netherlands/
https://www.expatcopilot.com/netherlands/money/saving-money-netherlands/,guide,netherlands_other,,4,4,4,0,61,3,,no,no,1,3,INDEXABLE,INFO,outlinks_to_redirects=1; outlinks_to_404=3; descriptive_anchor_ratio=1.00 n=15; hub_relationship=weak_or_missing_hub_link; strongest_contextual_source=/netherlands/money/financial-checklist-netherlands/
https://www.expatcopilot.com/netherlands/money/tax-guide-for-expats/,guide,tax,https://www.expatcopilot.com/netherlands/money/how-taxes-work-in-the-netherlands/,27,27,0,27,71,2,1,no,no,4,3,INDEXABLE,INFO,outlinks_to_redirects=4; outlinks_to_404=3; descriptive_anchor_ratio=1.00 n=114; hub_relationship=links_to_parent_hub
https://www.expatcopilot.com/netherlands/money/tax-residency-netherlands/,guide,tax,https://www.expatcopilot.com/netherlands/money/how-taxes-work-in-the-netherlands/,24,24,0,24,71,2,1,no,no,19,3,INDEXABLE,INFO,outlinks_to_redirects=19; outlinks_to_404=3; descriptive_anchor_ratio=1.00 n=115; hub_relationship=links_to_parent_hub
https://www.expatcopilot.com/netherlands/money/tax-return-netherlands/,guide,tax,https://www.expatcopilot.com/netherlands/money/how-taxes-work-in-the-netherlands/,20,20,20,0,67,2,1,no,no,15,3,INDEXABLE,INFO,outlinks_to_redirects=15; outlinks_to_404=3; descriptive_anchor_ratio=1.00 n=119; hub_relationship=links_to_parent_hub; strongest_contextual_source=/netherlands/family/tools/
https://www.expatcopilot.com/netherlands/money/taxes/tax-advisors/,guide,netherlands_other,,16,16,16,0,67,3,,no,no,22,3,INDEXABLE,INFO,outlinks_to_redirects=22; outlinks_to_404=3; descriptive_anchor_ratio=1.00 n=107; hub_relationship=weak_or_missing_hub_link; strongest_contextual_source=/netherlands/taxes/tools/double-tax-awareness-tool/
https://www.expatcopilot.com/netherlands/money/tools/,tool_calculator,tools_calculators,https://www.expatcopilot.com/netherlands/tools/,26,26,0,26,68,2,1,no,no,2,2,INDEXABLE,INFO,outlinks_to_redirects=2; outlinks_to_404=2; descriptive_anchor_ratio=1.00 n=44; hub_relationship=links_to_parent_hub
https://www.expatcopilot.com/netherlands/money/tools/cost-of-living-calculator/,tool_calculator,cost_of_living,https://www.expatcopilot.com/netherlands/money/cost-of-living-netherlands/,51,51,51,0,75,2,1,no,no,1,2,INDEXABLE,INFO,outlinks_to_redirects=1; outlinks_to_404=2; descriptive_anchor_ratio=1.00 n=163; hub_relationship=hub_links_to_child; strongest_contextual_source=/netherlands/living/payments/
https://www.expatcopilot.com/netherlands/move-to-netherlands-without-job/,moving_guide,netherlands_other,,14,14,14,0,64,2,,no,no,5,2,INDEXABLE,INFO,outlinks_to_redirects=5; outlinks_to_404=2; descriptive_anchor_ratio=1.00 n=26; hub_relationship=weak_or_missing_hub_link; strongest_contextual_source=/netherlands/shipping-household-goods-netherlands/
https://www.expatcopilot.com/netherlands/moving-checklist-netherlands/,moving_guide,netherlands_other,,32,32,32,0,67,2,,no,no,6,2,INDEXABLE,INFO,outlinks_to_redirects=6; outlinks_to_404=2; descriptive_anchor_ratio=1.00 n=53; hub_relationship=weak_or_missing_hub_link; strongest_contextual_source=/netherlands/moving-mistakes-netherlands/
https://www.expatcopilot.com/netherlands/moving-mistakes-netherlands/,moving_guide,netherlands_other,,2,2,2,0,55,2,,no,no,6,2,INDEXABLE,INFO,outlinks_to_redirects=6; outlinks_to_404=2; descriptive_anchor_ratio=1.00 n=2; hub_relationship=weak_or_missing_hub_link; strongest_contextual_source=/netherlands/first-30-days-netherlands/
https://www.expatcopilot.com/netherlands/moving-requirements-netherlands/,moving_guide,netherlands_other,,5,5,5,0,59,2,,no,no,7,2,INDEXABLE,INFO,outlinks_to_redirects=7; outlinks_to_404=2; descriptive_anchor_ratio=1.00 n=5; hub_relationship=weak_or_missing_hub_link; strongest_contextual_source=/netherlands/moving-to-netherlands-steps/
https://www.expatcopilot.com/netherlands/moving-to-netherlands-cost/,moving_guide,netherlands_other,,50,50,50,0,63,2,,no,no,10,2,INDEXABLE,INFO,outlinks_to_redirects=10; outlinks_to_404=2; descriptive_anchor_ratio=1.00 n=104; hub_relationship=weak_or_missing_hub_link; strongest_contextual_source=/netherlands/bringing-pets-to-netherlands/
https://www.expatcopilot.com/netherlands/moving-to-netherlands-from/,origin_country_guide,country_origin,https://www.expatcopilot.com/netherlands/moving-to-netherlands-from/,38,38,38,0,87,2,0,no,no,3,2,INDEXABLE,INFO,outlinks_to_redirects=3; outlinks_to_404=2; descriptive_anchor_ratio=1.00 n=43; hub_relationship=is_hub; strongest_contextual_source=/netherlands/document-translation-netherlands/
https://www.expatcopilot.com/netherlands/moving-to-netherlands-steps/,moving_guide,netherlands_other,,4,4,4,0,59,2,,no,no,6,2,INDEXABLE,INFO,outlinks_to_redirects=6; outlinks_to_404=2; descriptive_anchor_ratio=1.00 n=4; hub_relationship=weak_or_missing_hub_link; strongest_contextual_source=/netherlands/moving-requirements-netherlands/
https://www.expatcopilot.com/netherlands/moving-to-netherlands-timeline/,moving_guide,netherlands_other,,13,13,13,0,64,2,,no,no,6,2,INDEXABLE,INFO,outlinks_to_redirects=6; outlinks_to_404=2; descriptive_anchor_ratio=1.00 n=30; hub_relationship=weak_or_missing_hub_link; strongest_contextual_source=/netherlands/culture/national-holidays/
https://www.expatcopilot.com/netherlands/moving-to-netherlands-with-family/,moving_guide,netherlands_other,,27,27,27,0,59,2,,no,no,5,2,INDEXABLE,INFO,outlinks_to_redirects=5; outlinks_to_404=2; descriptive_anchor_ratio=1.00 n=43; hub_relationship=weak_or_missing_hub_link; strongest_contextual_source=/netherlands/family/pets-netherlands/
https://www.expatcopilot.com/netherlands/moving-to-netherlands-with-kids/,moving_guide,netherlands_other,,23,23,23,0,63,2,,no,no,4,2,INDEXABLE,INFO,outlinks_to_redirects=4; outlinks_to_404=2; descriptive_anchor_ratio=1.00 n=49; hub_relationship=weak_or_missing_hub_link; strongest_contextual_source=/netherlands/culture/family-and-school-culture/
https://www.expatcopilot.com/netherlands/moving-to-netherlands-with-partner/,moving_guide,netherlands_other,,7,7,7,0,59,2,,no,no,5,2,INDEXABLE,INFO,outlinks_to_redirects=5; outlinks_to_404=2; descriptive_anchor_ratio=1.00 n=10; hub_relationship=weak_or_missing_hub_link; strongest_contextual_source=/netherlands/family/tools/
https://www.expatcopilot.com/netherlands/moving-to-the-netherlands/,guide,moving,https://www.expatcopilot.com/netherlands/moving-to-the-netherlands/,444,444,0,444,57,1,0,no,no,5,2,INDEXABLE,INFO,receives sitewide/explore-block or chrome links on most pages; outlinks_to_redirects=5; outlinks_to_404=2; descriptive_anchor_ratio=0.67 n=1337; hub_relationship=is_hub
https://www.expatcopilot.com/netherlands/moving/changing-jobs-netherlands/,guide,working,https://www.expatcopilot.com/netherlands/moving/working-in-the-netherlands/,431,431,0,431,84,1,1,no,no,2,3,INDEXABLE,INFO,receives sitewide/explore-block or chrome links on most pages; outlinks_to_redirects=2; outlinks_to_404=3; descriptive_anchor_ratio=1.00 n=482; hub_relationship=links_to_parent_hub
https://www.expatcopilot.com/netherlands/moving/extensions-changes/,guide,visas_immigration,https://www.expatcopilot.com/netherlands/moving/visas-residency/,431,431,0,431,79,1,1,no,no,3,3,INDEXABLE,INFO,receives sitewide/explore-block or chrome links on most pages; outlinks_to_redirects=3; outlinks_to_404=3; descriptive_anchor_ratio=1.00 n=510; hub_relationship=links_to_parent_hub
https://www.expatcopilot.com/netherlands/moving/layoffs-netherlands/,guide,working,https://www.expatcopilot.com/netherlands/moving/working-in-the-netherlands/,431,431,0,431,85,1,1,no,no,8,3,INDEXABLE,INFO,receives sitewide/explore-block or chrome links on most pages; outlinks_to_redirects=8; outlinks_to_404=3; descriptive_anchor_ratio=1.00 n=488; hub_relationship=links_to_parent_hub
https://www.expatcopilot.com/netherlands/moving/moving-to-netherlands-from/argentina/,origin_country_guide,country_origin,https://www.expatcopilot.com/netherlands/moving-to-netherlands-from/,6,6,6,0,88,2,1,no,no,3,2,INDEXABLE,INFO,outlinks_to_redirects=3; outlinks_to_404=2; descriptive_anchor_ratio=1.00 n=6; hub_relationship=links_to_parent_hub; strongest_contextual_source=/netherlands/moving/tools/moving-checklist/from/argentina/
https://www.expatcopilot.com/netherlands/moving/moving-to-netherlands-from/australia/,origin_country_guide,country_origin,https://www.expatcopilot.com/netherlands/moving-to-netherlands-from/,6,6,6,0,87,2,1,no,no,3,2,INDEXABLE,INFO,outlinks_to_redirects=3; outlinks_to_404=2; descriptive_anchor_ratio=1.00 n=6; hub_relationship=links_to_parent_hub; strongest_contextual_source=/netherlands/moving/tools/moving-checklist/from/australia/
https://www.expatcopilot.com/netherlands/moving/moving-to-netherlands-from/brazil/,origin_country_guide,country_origin,https://www.expatcopilot.com/netherlands/moving-to-netherlands-from/,6,6,6,0,87,2,1,no,no,3,2,INDEXABLE,INFO,outlinks_to_redirects=3; outlinks_to_404=2; descriptive_anchor_ratio=1.00 n=6; hub_relationship=links_to_parent_hub; strongest_contextual_source=/netherlands/moving/tools/moving-checklist/from/brazil/
https://www.expatcopilot.com/netherlands/moving/moving-to-netherlands-from/canada/,origin_country_guide,country_origin,https://www.expatcopilot.com/netherlands/moving-to-netherlands-from/,6,6,6,0,87,2,1,no,no,3,2,INDEXABLE,INFO,outlinks_to_redirects=3; outlinks_to_404=2; descriptive_anchor_ratio=1.00 n=7; hub_relationship=links_to_parent_hub; strongest_contextual_source=/netherlands/moving/tools/moving-checklist/from/canada/
https://www.expatcopilot.com/netherlands/moving/moving-to-netherlands-from/chile/,origin_country_guide,country_origin,https://www.expatcopilot.com/netherlands/moving-to-netherlands-from/,6,6,6,0,88,2,1,no,no,3,2,INDEXABLE,INFO,outlinks_to_redirects=3; outlinks_to_404=2; descriptive_anchor_ratio=1.00 n=6; hub_relationship=links_to_parent_hub; strongest_contextual_source=/netherlands/moving/tools/moving-checklist/from/chile/
https://www.expatcopilot.com/netherlands/moving/moving-to-netherlands-from/denmark/,origin_country_guide,country_origin,https://www.expatcopilot.com/netherlands/moving-to-netherlands-from/,8,8,8,0,86,1,1,no,no,3,2,INDEXABLE,INFO,outlinks_to_redirects=3; outlinks_to_404=2; descriptive_anchor_ratio=1.00 n=8; hub_relationship=links_to_parent_hub; strongest_contextual_source=/netherlands/moving/tools/moving-checklist/from/denmark/
https://www.expatcopilot.com/netherlands/moving/moving-to-netherlands-from/france/,origin_country_guide,country_origin,https://www.expatcopilot.com/netherlands/moving-to-netherlands-from/,8,8,8,0,86,1,1,no,no,3,2,INDEXABLE,INFO,outlinks_to_redirects=3; outlinks_to_404=2; descriptive_anchor_ratio=1.00 n=8; hub_relationship=links_to_parent_hub; strongest_contextual_source=/netherlands/moving/tools/moving-checklist/from/france/
https://www.expatcopilot.com/netherlands/moving/moving-to-netherlands-from/germany/,origin_country_guide,country_origin,https://www.expatcopilot.com/netherlands/moving-to-netherlands-from/,8,8,8,0,86,1,1,no,no,3,2,INDEXABLE,INFO,outlinks_to_redirects=3; outlinks_to_404=2; descriptive_anchor_ratio=1.00 n=8; hub_relationship=links_to_parent_hub; strongest_contextual_source=/netherlands/moving/tools/moving-checklist/from/germany/
https://www.expatcopilot.com/netherlands/moving/moving-to-netherlands-from/india/,origin_country_guide,country_origin,https://www.expatcopilot.com/netherlands/moving-to-netherlands-from/,16,16,16,0,68,1,1,no,no,4,2,INDEXABLE,INFO,outlinks_to_redirects=4; outlinks_to_404=2; descriptive_anchor_ratio=1.00 n=21; hub_relationship=links_to_parent_hub; strongest_contextual_source=/netherlands/moving/tools/moving-checklist/from/india/
https://www.expatcopilot.com/netherlands/moving/moving-to-netherlands-from/indonesia/,origin_country_guide,country_origin,https://www.expatcopilot.com/netherlands/moving-to-netherlands-from/,6,6,6,0,89,2,1,no,no,3,2,INDEXABLE,INFO,outlinks_to_redirects=3; outlinks_to_404=2; descriptive_anchor_ratio=1.00 n=6; hub_relationship=links_to_parent_hub; strongest_contextual_source=/netherlands/moving/tools/moving-checklist/from/indonesia/
https://www.expatcopilot.com/netherlands/moving/moving-to-netherlands-from/ireland/,origin_country_guide,country_origin,https://www.expatcopilot.com/netherlands/moving-to-netherlands-from/,6,6,6,0,85,2,1,no,no,4,2,INDEXABLE,INFO,outlinks_to_redirects=4; outlinks_to_404=2; descriptive_anchor_ratio=1.00 n=6; hub_relationship=links_to_parent_hub; strongest_contextual_source=/netherlands/moving/tools/moving-checklist/from/ireland/
https://www.expatcopilot.com/netherlands/moving/moving-to-netherlands-from/italy/,origin_country_guide,country_origin,https://www.expatcopilot.com/netherlands/moving-to-netherlands-from/,8,8,8,0,86,1,1,no,no,3,2,INDEXABLE,INFO,outlinks_to_redirects=3; outlinks_to_404=2; descriptive_anchor_ratio=1.00 n=8; hub_relationship=links_to_parent_hub; strongest_contextual_source=/netherlands/moving/tools/moving-checklist/from/italy/
https://www.expatcopilot.com/netherlands/moving/moving-to-netherlands-from/japan/,origin_country_guide,country_origin,https://www.expatcopilot.com/netherlands/moving-to-netherlands-from/,6,6,6,0,88,2,1,no,no,3,2,INDEXABLE,INFO,outlinks_to_redirects=3; outlinks_to_404=2; descriptive_anchor_ratio=1.00 n=6; hub_relationship=links_to_parent_hub; strongest_contextual_source=/netherlands/moving/tools/moving-checklist/from/japan/
https://www.expatcopilot.com/netherlands/moving/moving-to-netherlands-from/kenya/,origin_country_guide,country_origin,https://www.expatcopilot.com/netherlands/moving-to-netherlands-from/,6,6,6,0,89,2,1,no,no,3,2,INDEXABLE,INFO,outlinks_to_redirects=3; outlinks_to_404=2; descriptive_anchor_ratio=1.00 n=6; hub_relationship=links_to_parent_hub; strongest_contextual_source=/netherlands/moving/tools/moving-checklist/from/kenya/
https://www.expatcopilot.com/netherlands/moving/moving-to-netherlands-from/mexico/,origin_country_guide,country_origin,https://www.expatcopilot.com/netherlands/moving-to-netherlands-from/,6,6,6,0,87,2,1,no,no,3,2,INDEXABLE,INFO,outlinks_to_redirects=3; outlinks_to_404=2; descriptive_anchor_ratio=1.00 n=6; hub_relationship=links_to_parent_hub; strongest_contextual_source=/netherlands/moving/tools/moving-checklist/from/mexico/
https://www.expatcopilot.com/netherlands/moving/moving-to-netherlands-from/new-zealand/,origin_country_guide,country_origin,https://www.expatcopilot.com/netherlands/moving-to-netherlands-from/,6,6,6,0,87,2,1,no,no,3,2,INDEXABLE,INFO,outlinks_to_redirects=3; outlinks_to_404=2; descriptive_anchor_ratio=1.00 n=6; hub_relationship=links_to_parent_hub; strongest_contextual_source=/netherlands/moving/tools/moving-checklist/from/new-zealand/
https://www.expatcopilot.com/netherlands/moving/moving-to-netherlands-from/nigeria/,origin_country_guide,country_origin,https://www.expatcopilot.com/netherlands/moving-to-netherlands-from/,2,2,2,0,88,2,1,no,no,3,2,INDEXABLE,INFO,outlinks_to_redirects=3; outlinks_to_404=2; descriptive_anchor_ratio=1.00 n=2; hub_relationship=links_to_parent_hub; strongest_contextual_source=/netherlands/moving-to-netherlands-from/
https://www.expatcopilot.com/netherlands/moving/moving-to-netherlands-from/norway/,origin_country_guide,country_origin,https://www.expatcopilot.com/netherlands/moving-to-netherlands-from/,8,8,8,0,87,1,1,no,no,4,2,INDEXABLE,INFO,outlinks_to_redirects=4; outlinks_to_404=2; descriptive_anchor_ratio=1.00 n=8; hub_relationship=links_to_parent_hub; strongest_contextual_source=/netherlands/moving/tools/moving-checklist/from/norway/
https://www.expatcopilot.com/netherlands/moving/moving-to-netherlands-from/pakistan/,origin_country_guide,country_origin,https://www.expatcopilot.com/netherlands/moving-to-netherlands-from/,6,6,6,0,89,2,1,no,no,3,2,INDEXABLE,INFO,outlinks_to_redirects=3; outlinks_to_404=2; descriptive_anchor_ratio=1.00 n=6; hub_relationship=links_to_parent_hub; strongest_contextual_source=/netherlands/moving/tools/moving-checklist/from/pakistan/
https://www.expatcopilot.com/netherlands/moving/moving-to-netherlands-from/philippines/,origin_country_guide,country_origin,https://www.expatcopilot.com/netherlands/moving-to-netherlands-from/,2,2,2,0,89,2,1,no,no,3,2,INDEXABLE,INFO,outlinks_to_redirects=3; outlinks_to_404=2; descriptive_anchor_ratio=1.00 n=2; hub_relationship=links_to_parent_hub; strongest_contextual_source=/netherlands/moving-to-netherlands-from/
https://www.expatcopilot.com/netherlands/moving/moving-to-netherlands-from/singapore/,origin_country_guide,country_origin,https://www.expatcopilot.com/netherlands/moving-to-netherlands-from/,6,6,6,0,88,2,1,no,no,3,2,INDEXABLE,INFO,outlinks_to_redirects=3; outlinks_to_404=2; descriptive_anchor_ratio=1.00 n=6; hub_relationship=links_to_parent_hub; strongest_contextual_source=/netherlands/moving/tools/moving-checklist/from/singapore/
https://www.expatcopilot.com/netherlands/moving/moving-to-netherlands-from/south-africa/,origin_country_guide,country_origin,https://www.expatcopilot.com/netherlands/moving-to-netherlands-from/,16,16,16,0,68,1,1,no,no,4,2,INDEXABLE,INFO,outlinks_to_redirects=4; outlinks_to_404=2; descriptive_anchor_ratio=1.00 n=24; hub_relationship=links_to_parent_hub; strongest_contextual_source=/netherlands/moving/tools/arrival-planner/
https://www.expatcopilot.com/netherlands/moving/moving-to-netherlands-from/south-korea/,origin_country_guide,country_origin,https://www.expatcopilot.com/netherlands/moving-to-netherlands-from/,6,6,6,0,88,2,1,no,no,3,2,INDEXABLE,INFO,outlinks_to_redirects=3; outlinks_to_404=2; descriptive_anchor_ratio=1.00 n=6; hub_relationship=links_to_parent_hub; strongest_contextual_source=/netherlands/moving/tools/moving-checklist/from/south-korea/
https://www.expatcopilot.com/netherlands/moving/moving-to-netherlands-from/spain/,origin_country_guide,country_origin,https://www.expatcopilot.com/netherlands/moving-to-netherlands-from/,8,8,8,0,86,1,1,no,no,3,2,INDEXABLE,INFO,outlinks_to_redirects=3; outlinks_to_404=2; descriptive_anchor_ratio=1.00 n=8; hub_relationship=links_to_parent_hub; strongest_contextual_source=/netherlands/moving/tools/moving-checklist/from/spain/
https://www.expatcopilot.com/netherlands/moving/moving-to-netherlands-from/sweden/,origin_country_guide,country_origin,https://www.expatcopilot.com/netherlands/moving-to-netherlands-from/,8,8,8,0,86,1,1,no,no,3,2,INDEXABLE,INFO,outlinks_to_redirects=3; outlinks_to_404=2; descriptive_anchor_ratio=1.00 n=8; hub_relationship=links_to_parent_hub; strongest_contextual_source=/netherlands/moving/tools/moving-checklist/from/sweden/
https://www.expatcopilot.com/netherlands/moving/moving-to-netherlands-from/switzerland/,origin_country_guide,country_origin,https://www.expatcopilot.com/netherlands/moving-to-netherlands-from/,8,8,8,0,86,1,1,no,no,3,2,INDEXABLE,INFO,outlinks_to_redirects=3; outlinks_to_404=2; descriptive_anchor_ratio=1.00 n=8; hub_relationship=links_to_parent_hub; strongest_contextual_source=/netherlands/moving/tools/moving-checklist/from/switzerland/
https://www.expatcopilot.com/netherlands/moving/moving-to-netherlands-from/turkey/,origin_country_guide,country_origin,https://www.expatcopilot.com/netherlands/moving-to-netherlands-from/,6,6,6,0,88,2,1,no,no,3,2,INDEXABLE,INFO,outlinks_to_redirects=3; outlinks_to_404=2; descriptive_anchor_ratio=1.00 n=6; hub_relationship=links_to_parent_hub; strongest_contextual_source=/netherlands/moving/tools/moving-checklist/from/turkey/
https://www.expatcopilot.com/netherlands/moving/moving-to-netherlands-from/uae/,origin_country_guide,country_origin,https://www.expatcopilot.com/netherlands/moving-to-netherlands-from/,6,6,6,0,87,2,1,no,no,3,2,INDEXABLE,INFO,outlinks_to_redirects=3; outlinks_to_404=2; descriptive_anchor_ratio=1.00 n=6; hub_relationship=links_to_parent_hub; strongest_contextual_source=/netherlands/moving/tools/moving-checklist/from/uae/
https://www.expatcopilot.com/netherlands/moving/moving-to-netherlands-from/united-kingdom/,origin_country_guide,country_origin,https://www.expatcopilot.com/netherlands/moving-to-netherlands-from/,14,14,14,0,68,1,1,no,no,4,2,INDEXABLE,INFO,outlinks_to_redirects=4; outlinks_to_404=2; descriptive_anchor_ratio=1.00 n=19; hub_relationship=links_to_parent_hub; strongest_contextual_source=/netherlands/moving/tools/moving-checklist/from/united-kingdom/
https://www.expatcopilot.com/netherlands/moving/moving-to-netherlands-from/united-states/,origin_country_guide,country_origin,https://www.expatcopilot.com/netherlands/moving-to-netherlands-from/,15,15,15,0,69,1,1,no,no,4,2,INDEXABLE,INFO,outlinks_to_redirects=4; outlinks_to_404=2; descriptive_anchor_ratio=1.00 n=23; hub_relationship=links_to_parent_hub; strongest_contextual_source=/netherlands/moving/tools/moving-checklist/from/united-states/
https://www.expatcopilot.com/netherlands/moving/residence-permits/,guide,visas_immigration,https://www.expatcopilot.com/netherlands/moving/visas-residency/,431,431,0,431,83,1,1,no,no,3,3,INDEXABLE,INFO,receives sitewide/explore-block or chrome links on most pages; outlinks_to_redirects=3; outlinks_to_404=3; descriptive_anchor_ratio=1.00 n=527; hub_relationship=links_to_parent_hub
https://www.expatcopilot.com/netherlands/moving/resigning-job-netherlands/,guide,working,https://www.expatcopilot.com/netherlands/moving/working-in-the-netherlands/,431,431,0,431,75,1,1,no,no,2,3,INDEXABLE,INFO,receives sitewide/explore-block or chrome links on most pages; outlinks_to_redirects=2; outlinks_to_404=3; descriptive_anchor_ratio=1.00 n=471; hub_relationship=links_to_parent_hub
https://www.expatcopilot.com/netherlands/moving/status-changes/,guide,visas_immigration,https://www.expatcopilot.com/netherlands/moving/visas-residency/,431,431,0,431,77,1,1,no,no,3,3,INDEXABLE,INFO,receives sitewide/explore-block or chrome links on most pages; outlinks_to_redirects=3; outlinks_to_404=3; descriptive_anchor_ratio=1.00 n=491; hub_relationship=links_to_parent_hub
https://www.expatcopilot.com/netherlands/moving/tools/,tool_calculator,moving,https://www.expatcopilot.com/netherlands/moving-to-the-netherlands/,14,14,14,0,62,2,2,no,no,2,2,INDEXABLE,INFO,outlinks_to_redirects=2; outlinks_to_404=2; descriptive_anchor_ratio=1.00 n=28; hub_relationship=links_to_parent_hub; strongest_contextual_source=/netherlands/moving/tools/hsm-salary-checker/
https://www.expatcopilot.com/netherlands/moving/tools/arrival-planner/,tool_calculator,moving,https://www.expatcopilot.com/netherlands/moving-to-the-netherlands/,67,67,67,0,53,1,2,no,no,2,2,INDEXABLE,INFO,outlinks_to_redirects=2; outlinks_to_404=2; descriptive_anchor_ratio=1.00 n=162; hub_relationship=links_to_parent_hub; strongest_contextual_source=/netherlands/moving/tools/arrival-planner/
https://www.expatcopilot.com/netherlands/moving/tools/arrival-planner/from/argentina/,tool_calculator,moving,https://www.expatcopilot.com/netherlands/moving-to-the-netherlands/,0,0,0,0,54,,,yes,no,1,2,INDEXABLE,P1,orphan: no internal inlinks in crawl graph; outlinks_to_redirects=1; outlinks_to_404=2; no_anchor_samples; hub_relationship=links_to_parent_hub
https://www.expatcopilot.com/netherlands/moving/tools/arrival-planner/from/australia/,tool_calculator,moving,https://www.expatcopilot.com/netherlands/moving-to-the-netherlands/,0,0,0,0,54,,,yes,no,1,2,INDEXABLE,P1,orphan: no internal inlinks in crawl graph; outlinks_to_redirects=1; outlinks_to_404=2; no_anchor_samples; hub_relationship=links_to_parent_hub
https://www.expatcopilot.com/netherlands/moving/tools/arrival-planner/from/brazil/,tool_calculator,moving,https://www.expatcopilot.com/netherlands/moving-to-the-netherlands/,0,0,0,0,54,,,yes,no,1,2,INDEXABLE,P1,orphan: no internal inlinks in crawl graph; outlinks_to_redirects=1; outlinks_to_404=2; no_anchor_samples; hub_relationship=links_to_parent_hub
https://www.expatcopilot.com/netherlands/moving/tools/arrival-planner/from/canada/,tool_calculator,moving,https://www.expatcopilot.com/netherlands/moving-to-the-netherlands/,0,0,0,0,54,,,yes,no,1,2,INDEXABLE,P1,orphan: no internal inlinks in crawl graph; outlinks_to_redirects=1; outlinks_to_404=2; no_anchor_samples; hub_relationship=links_to_parent_hub
https://www.expatcopilot.com/netherlands/moving/tools/arrival-planner/from/chile/,tool_calculator,moving,https://www.expatcopilot.com/netherlands/moving-to-the-netherlands/,0,0,0,0,54,,,yes,no,1,2,INDEXABLE,P1,orphan: no internal inlinks in crawl graph; outlinks_to_redirects=1; outlinks_to_404=2; no_anchor_samples; hub_relationship=links_to_parent_hub
https://www.expatcopilot.com/netherlands/moving/tools/arrival-planner/from/denmark/,tool_calculator,moving,https://www.expatcopilot.com/netherlands/moving-to-the-netherlands/,0,0,0,0,54,,,yes,no,1,2,INDEXABLE,P1,orphan: no internal inlinks in crawl graph; outlinks_to_redirects=1; outlinks_to_404=2; no_anchor_samples; hub_relationship=links_to_parent_hub
https://www.expatcopilot.com/netherlands/moving/tools/arrival-planner/from/france/,tool_calculator,moving,https://www.expatcopilot.com/netherlands/moving-to-the-netherlands/,0,0,0,0,54,,,yes,no,1,2,INDEXABLE,P1,orphan: no internal inlinks in crawl graph; outlinks_to_redirects=1; outlinks_to_404=2; no_anchor_samples; hub_relationship=links_to_parent_hub
https://www.expatcopilot.com/netherlands/moving/tools/arrival-planner/from/germany/,tool_calculator,moving,https://www.expatcopilot.com/netherlands/moving-to-the-netherlands/,0,0,0,0,54,,,yes,no,1,2,INDEXABLE,P1,orphan: no internal inlinks in crawl graph; outlinks_to_redirects=1; outlinks_to_404=2; no_anchor_samples; hub_relationship=links_to_parent_hub
https://www.expatcopilot.com/netherlands/moving/tools/arrival-planner/from/india/,tool_calculator,moving,https://www.expatcopilot.com/netherlands/moving-to-the-netherlands/,0,0,0,0,54,,,yes,no,1,2,INDEXABLE,P1,orphan: no internal inlinks in crawl graph; outlinks_to_redirects=1; outlinks_to_404=2; no_anchor_samples; hub_relationship=links_to_parent_hub
https://www.expatcopilot.com/netherlands/moving/tools/arrival-planner/from/indonesia/,tool_calculator,moving,https://www.expatcopilot.com/netherlands/moving-to-the-netherlands/,0,0,0,0,54,,,yes,no,1,2,INDEXABLE,P1,orphan: no internal inlinks in crawl graph; outlinks_to_redirects=1; outlinks_to_404=2; no_anchor_samples; hub_relationship=links_to_parent_hub
https://www.expatcopilot.com/netherlands/moving/tools/arrival-planner/from/ireland/,tool_calculator,moving,https://www.expatcopilot.com/netherlands/moving-to-the-netherlands/,0,0,0,0,54,,,yes,no,1,2,INDEXABLE,P1,orphan: no internal inlinks in crawl graph; outlinks_to_redirects=1; outlinks_to_404=2; no_anchor_samples; hub_relationship=links_to_parent_hub
https://www.expatcopilot.com/netherlands/moving/tools/arrival-planner/from/italy/,tool_calculator,moving,https://www.expatcopilot.com/netherlands/moving-to-the-netherlands/,0,0,0,0,54,,,yes,no,1,2,INDEXABLE,P1,orphan: no internal inlinks in crawl graph; outlinks_to_redirects=1; outlinks_to_404=2; no_anchor_samples; hub_relationship=links_to_parent_hub
https://www.expatcopilot.com/netherlands/moving/tools/arrival-planner/from/japan/,tool_calculator,moving,https://www.expatcopilot.com/netherlands/moving-to-the-netherlands/,0,0,0,0,54,,,yes,no,1,2,INDEXABLE,P1,orphan: no internal inlinks in crawl graph; outlinks_to_redirects=1; outlinks_to_404=2; no_anchor_samples; hub_relationship=links_to_parent_hub
https://www.expatcopilot.com/netherlands/moving/tools/arrival-planner/from/kenya/,tool_calculator,moving,https://www.expatcopilot.com/netherlands/moving-to-the-netherlands/,0,0,0,0,54,,,yes,no,1,2,INDEXABLE,P1,orphan: no internal inlinks in crawl graph; outlinks_to_redirects=1; outlinks_to_404=2; no_anchor_samples; hub_relationship=links_to_parent_hub
https://www.expatcopilot.com/netherlands/moving/tools/arrival-planner/from/mexico/,tool_calculator,moving,https://www.expatcopilot.com/netherlands/moving-to-the-netherlands/,0,0,0,0,54,,,yes,no,1,2,INDEXABLE,P1,orphan: no internal inlinks in crawl graph; outlinks_to_redirects=1; outlinks_to_404=2; no_anchor_samples; hub_relationship=links_to_parent_hub
https://www.expatcopilot.com/netherlands/moving/tools/arrival-planner/from/new-zealand/,tool_calculator,moving,https://www.expatcopilot.com/netherlands/moving-to-the-netherlands/,0,0,0,0,54,,,yes,no,1,2,INDEXABLE,P1,orphan: no internal inlinks in crawl graph; outlinks_to_redirects=1; outlinks_to_404=2; no_anchor_samples; hub_relationship=links_to_parent_hub
https://www.expatcopilot.com/netherlands/moving/tools/arrival-planner/from/nigeria/,tool_calculator,moving,https://www.expatcopilot.com/netherlands/moving-to-the-netherlands/,0,0,0,0,0,,,yes,no,0,0,INDEXABLE,P0,orphan: no internal inlinks in crawl graph; weak logical hub relationship; URL 404 in production despite sitemap; no_anchor_samples; hub_relationship=weak_or_missing_hub_link
https://www.expatcopilot.com/netherlands/moving/tools/arrival-planner/from/norway/,tool_calculator,moving,https://www.expatcopilot.com/netherlands/moving-to-the-netherlands/,0,0,0,0,54,,,yes,no,1,2,INDEXABLE,P1,orphan: no internal inlinks in crawl graph; outlinks_to_redirects=1; outlinks_to_404=2; no_anchor_samples; hub_relationship=links_to_parent_hub
https://www.expatcopilot.com/netherlands/moving/tools/arrival-planner/from/pakistan/,tool_calculator,moving,https://www.expatcopilot.com/netherlands/moving-to-the-netherlands/,0,0,0,0,54,,,yes,no,1,2,INDEXABLE,P1,orphan: no internal inlinks in crawl graph; outlinks_to_redirects=1; outlinks_to_404=2; no_anchor_samples; hub_relationship=links_to_parent_hub
https://www.expatcopilot.com/netherlands/moving/tools/arrival-planner/from/philippines/,tool_calculator,moving,https://www.expatcopilot.com/netherlands/moving-to-the-netherlands/,0,0,0,0,0,,,yes,no,0,0,INDEXABLE,P0,orphan: no internal inlinks in crawl graph; weak logical hub relationship; URL 404 in production despite sitemap; no_anchor_samples; hub_relationship=weak_or_missing_hub_link
https://www.expatcopilot.com/netherlands/moving/tools/arrival-planner/from/singapore/,tool_calculator,moving,https://www.expatcopilot.com/netherlands/moving-to-the-netherlands/,0,0,0,0,54,,,yes,no,1,2,INDEXABLE,P1,orphan: no internal inlinks in crawl graph; outlinks_to_redirects=1; outlinks_to_404=2; no_anchor_samples; hub_relationship=links_to_parent_hub
https://www.expatcopilot.com/netherlands/moving/tools/arrival-planner/from/south-africa/,tool_calculator,moving,https://www.expatcopilot.com/netherlands/moving-to-the-netherlands/,0,0,0,0,54,,,yes,no,1,2,INDEXABLE,P1,orphan: no internal inlinks in crawl graph; outlinks_to_redirects=1; outlinks_to_404=2; no_anchor_samples; hub_relationship=links_to_parent_hub
https://www.expatcopilot.com/netherlands/moving/tools/arrival-planner/from/south-korea/,tool_calculator,moving,https://www.expatcopilot.com/netherlands/moving-to-the-netherlands/,0,0,0,0,54,,,yes,no,1,2,INDEXABLE,P1,orphan: no internal inlinks in crawl graph; outlinks_to_redirects=1; outlinks_to_404=2; no_anchor_samples; hub_relationship=links_to_parent_hub
https://www.expatcopilot.com/netherlands/moving/tools/arrival-planner/from/spain/,tool_calculator,moving,https://www.expatcopilot.com/netherlands/moving-to-the-netherlands/,0,0,0,0,54,,,yes,no,1,2,INDEXABLE,P1,orphan: no internal inlinks in crawl graph; outlinks_to_redirects=1; outlinks_to_404=2; no_anchor_samples; hub_relationship=links_to_parent_hub
https://www.expatcopilot.com/netherlands/moving/tools/arrival-planner/from/sweden/,tool_calculator,moving,https://www.expatcopilot.com/netherlands/moving-to-the-netherlands/,0,0,0,0,54,,,yes,no,1,2,INDEXABLE,P1,orphan: no internal inlinks in crawl graph; outlinks_to_redirects=1; outlinks_to_404=2; no_anchor_samples; hub_relationship=links_to_parent_hub
https://www.expatcopilot.com/netherlands/moving/tools/arrival-planner/from/switzerland/,tool_calculator,moving,https://www.expatcopilot.com/netherlands/moving-to-the-netherlands/,0,0,0,0,54,,,yes,no,1,2,INDEXABLE,P1,orphan: no internal inlinks in crawl graph; outlinks_to_redirects=1; outlinks_to_404=2; no_anchor_samples; hub_relationship=links_to_parent_hub
https://www.expatcopilot.com/netherlands/moving/tools/arrival-planner/from/turkey/,tool_calculator,moving,https://www.expatcopilot.com/netherlands/moving-to-the-netherlands/,0,0,0,0,54,,,yes,no,1,2,INDEXABLE,P1,orphan: no internal inlinks in crawl graph; outlinks_to_redirects=1; outlinks_to_404=2; no_anchor_samples; hub_relationship=links_to_parent_hub
https://www.expatcopilot.com/netherlands/moving/tools/arrival-planner/from/uae/,tool_calculator,moving,https://www.expatcopilot.com/netherlands/moving-to-the-netherlands/,0,0,0,0,54,,,yes,no,1,2,INDEXABLE,P1,orphan: no internal inlinks in crawl graph; outlinks_to_redirects=1; outlinks_to_404=2; no_anchor_samples; hub_relationship=links_to_parent_hub
https://www.expatcopilot.com/netherlands/moving/tools/arrival-planner/from/united-kingdom/,tool_calculator,moving,https://www.expatcopilot.com/netherlands/moving-to-the-netherlands/,0,0,0,0,54,,,yes,no,1,2,INDEXABLE,P1,orphan: no internal inlinks in crawl graph; outlinks_to_redirects=1; outlinks_to_404=2; no_anchor_samples; hub_relationship=links_to_parent_hub
https://www.expatcopilot.com/netherlands/moving/tools/arrival-planner/from/united-states/,tool_calculator,moving,https://www.expatcopilot.com/netherlands/moving-to-the-netherlands/,0,0,0,0,54,,,yes,no,1,2,INDEXABLE,P1,orphan: no internal inlinks in crawl graph; outlinks_to_redirects=1; outlinks_to_404=2; no_anchor_samples; hub_relationship=links_to_parent_hub
https://www.expatcopilot.com/netherlands/moving/tools/document-readiness/from/argentina/,tool_calculator,moving,https://www.expatcopilot.com/netherlands/moving-to-the-netherlands/,0,0,0,0,55,,,yes,no,7,2,INDEXABLE,P1,orphan: no internal inlinks in crawl graph; outlinks_to_redirects=7; outlinks_to_404=2; no_anchor_samples; hub_relationship=links_to_parent_hub
https://www.expatcopilot.com/netherlands/moving/tools/document-readiness/from/australia/,tool_calculator,moving,https://www.expatcopilot.com/netherlands/moving-to-the-netherlands/,0,0,0,0,55,,,yes,no,7,2,INDEXABLE,P1,orphan: no internal inlinks in crawl graph; outlinks_to_redirects=7; outlinks_to_404=2; no_anchor_samples; hub_relationship=links_to_parent_hub
https://www.expatcopilot.com/netherlands/moving/tools/document-readiness/from/brazil/,tool_calculator,moving,https://www.expatcopilot.com/netherlands/moving-to-the-netherlands/,0,0,0,0,55,,,yes,no,7,2,INDEXABLE,P1,orphan: no internal inlinks in crawl graph; outlinks_to_redirects=7; outlinks_to_404=2; no_anchor_samples; hub_relationship=links_to_parent_hub
https://www.expatcopilot.com/netherlands/moving/tools/document-readiness/from/canada/,tool_calculator,moving,https://www.expatcopilot.com/netherlands/moving-to-the-netherlands/,0,0,0,0,55,,,yes,no,7,2,INDEXABLE,P1,orphan: no internal inlinks in crawl graph; outlinks_to_redirects=7; outlinks_to_404=2; no_anchor_samples; hub_relationship=links_to_parent_hub
https://www.expatcopilot.com/netherlands/moving/tools/document-readiness/from/chile/,tool_calculator,moving,https://www.expatcopilot.com/netherlands/moving-to-the-netherlands/,0,0,0,0,55,,,yes,no,7,2,INDEXABLE,P1,orphan: no internal inlinks in crawl graph; outlinks_to_redirects=7; outlinks_to_404=2; no_anchor_samples; hub_relationship=links_to_parent_hub
https://www.expatcopilot.com/netherlands/moving/tools/document-readiness/from/denmark/,tool_calculator,moving,https://www.expatcopilot.com/netherlands/moving-to-the-netherlands/,0,0,0,0,55,,,yes,no,7,2,INDEXABLE,P1,orphan: no internal inlinks in crawl graph; outlinks_to_redirects=7; outlinks_to_404=2; no_anchor_samples; hub_relationship=links_to_parent_hub
https://www.expatcopilot.com/netherlands/moving/tools/document-readiness/from/france/,tool_calculator,moving,https://www.expatcopilot.com/netherlands/moving-to-the-netherlands/,0,0,0,0,55,,,yes,no,7,2,INDEXABLE,P1,orphan: no internal inlinks in crawl graph; outlinks_to_redirects=7; outlinks_to_404=2; no_anchor_samples; hub_relationship=links_to_parent_hub
https://www.expatcopilot.com/netherlands/moving/tools/document-readiness/from/germany/,tool_calculator,moving,https://www.expatcopilot.com/netherlands/moving-to-the-netherlands/,0,0,0,0,55,,,yes,no,7,2,INDEXABLE,P1,orphan: no internal inlinks in crawl graph; outlinks_to_redirects=7; outlinks_to_404=2; no_anchor_samples; hub_relationship=links_to_parent_hub
https://www.expatcopilot.com/netherlands/moving/tools/document-readiness/from/india/,tool_calculator,moving,https://www.expatcopilot.com/netherlands/moving-to-the-netherlands/,0,0,0,0,55,,,yes,no,7,2,INDEXABLE,P1,orphan: no internal inlinks in crawl graph; outlinks_to_redirects=7; outlinks_to_404=2; no_anchor_samples; hub_relationship=links_to_parent_hub
https://www.expatcopilot.com/netherlands/moving/tools/document-readiness/from/indonesia/,tool_calculator,moving,https://www.expatcopilot.com/netherlands/moving-to-the-netherlands/,0,0,0,0,55,,,yes,no,7,2,INDEXABLE,P1,orphan: no internal inlinks in crawl graph; outlinks_to_redirects=7; outlinks_to_404=2; no_anchor_samples; hub_relationship=links_to_parent_hub
https://www.expatcopilot.com/netherlands/moving/tools/document-readiness/from/ireland/,tool_calculator,moving,https://www.expatcopilot.com/netherlands/moving-to-the-netherlands/,0,0,0,0,55,,,yes,no,7,2,INDEXABLE,P1,orphan: no internal inlinks in crawl graph; outlinks_to_redirects=7; outlinks_to_404=2; no_anchor_samples; hub_relationship=links_to_parent_hub
https://www.expatcopilot.com/netherlands/moving/tools/document-readiness/from/italy/,tool_calculator,moving,https://www.expatcopilot.com/netherlands/moving-to-the-netherlands/,0,0,0,0,55,,,yes,no,7,2,INDEXABLE,P1,orphan: no internal inlinks in crawl graph; outlinks_to_redirects=7; outlinks_to_404=2; no_anchor_samples; hub_relationship=links_to_parent_hub
https://www.expatcopilot.com/netherlands/moving/tools/document-readiness/from/japan/,tool_calculator,moving,https://www.expatcopilot.com/netherlands/moving-to-the-netherlands/,0,0,0,0,55,,,yes,no,7,2,INDEXABLE,P1,orphan: no internal inlinks in crawl graph; outlinks_to_redirects=7; outlinks_to_404=2; no_anchor_samples; hub_relationship=links_to_parent_hub
https://www.expatcopilot.com/netherlands/moving/tools/document-readiness/from/kenya/,tool_calculator,moving,https://www.expatcopilot.com/netherlands/moving-to-the-netherlands/,0,0,0,0,55,,,yes,no,7,2,INDEXABLE,P1,orphan: no internal inlinks in crawl graph; outlinks_to_redirects=7; outlinks_to_404=2; no_anchor_samples; hub_relationship=links_to_parent_hub
https://www.expatcopilot.com/netherlands/moving/tools/document-readiness/from/mexico/,tool_calculator,moving,https://www.expatcopilot.com/netherlands/moving-to-the-netherlands/,0,0,0,0,55,,,yes,no,7,2,INDEXABLE,P1,orphan: no internal inlinks in crawl graph; outlinks_to_redirects=7; outlinks_to_404=2; no_anchor_samples; hub_relationship=links_to_parent_hub
https://www.expatcopilot.com/netherlands/moving/tools/document-readiness/from/new-zealand/,tool_calculator,moving,https://www.expatcopilot.com/netherlands/moving-to-the-netherlands/,0,0,0,0,55,,,yes,no,7,2,INDEXABLE,P1,orphan: no internal inlinks in crawl graph; outlinks_to_redirects=7; outlinks_to_404=2; no_anchor_samples; hub_relationship=links_to_parent_hub
https://www.expatcopilot.com/netherlands/moving/tools/document-readiness/from/nigeria/,tool_calculator,moving,https://www.expatcopilot.com/netherlands/moving-to-the-netherlands/,0,0,0,0,0,,,yes,no,0,0,INDEXABLE,P0,orphan: no internal inlinks in crawl graph; weak logical hub relationship; URL 404 in production despite sitemap; no_anchor_samples; hub_relationship=weak_or_missing_hub_link
https://www.expatcopilot.com/netherlands/moving/tools/document-readiness/from/norway/,tool_calculator,moving,https://www.expatcopilot.com/netherlands/moving-to-the-netherlands/,0,0,0,0,55,,,yes,no,7,2,INDEXABLE,P1,orphan: no internal inlinks in crawl graph; outlinks_to_redirects=7; outlinks_to_404=2; no_anchor_samples; hub_relationship=links_to_parent_hub
https://www.expatcopilot.com/netherlands/moving/tools/document-readiness/from/pakistan/,tool_calculator,moving,https://www.expatcopilot.com/netherlands/moving-to-the-netherlands/,0,0,0,0,55,,,yes,no,7,2,INDEXABLE,P1,orphan: no internal inlinks in crawl graph; outlinks_to_redirects=7; outlinks_to_404=2; no_anchor_samples; hub_relationship=links_to_parent_hub
https://www.expatcopilot.com/netherlands/moving/tools/document-readiness/from/philippines/,tool_calculator,moving,https://www.expatcopilot.com/netherlands/moving-to-the-netherlands/,0,0,0,0,0,,,yes,no,0,0,INDEXABLE,P0,orphan: no internal inlinks in crawl graph; weak logical hub relationship; URL 404 in production despite sitemap; no_anchor_samples; hub_relationship=weak_or_missing_hub_link
https://www.expatcopilot.com/netherlands/moving/tools/document-readiness/from/singapore/,tool_calculator,moving,https://www.expatcopilot.com/netherlands/moving-to-the-netherlands/,0,0,0,0,55,,,yes,no,7,2,INDEXABLE,P1,orphan: no internal inlinks in crawl graph; outlinks_to_redirects=7; outlinks_to_404=2; no_anchor_samples; hub_relationship=links_to_parent_hub
https://www.expatcopilot.com/netherlands/moving/tools/document-readiness/from/south-africa/,tool_calculator,moving,https://www.expatcopilot.com/netherlands/moving-to-the-netherlands/,0,0,0,0,55,,,yes,no,7,2,INDEXABLE,P1,orphan: no internal inlinks in crawl graph; outlinks_to_redirects=7; outlinks_to_404=2; no_anchor_samples; hub_relationship=links_to_parent_hub
https://www.expatcopilot.com/netherlands/moving/tools/document-readiness/from/south-korea/,tool_calculator,moving,https://www.expatcopilot.com/netherlands/moving-to-the-netherlands/,0,0,0,0,55,,,yes,no,7,2,INDEXABLE,P1,orphan: no internal inlinks in crawl graph; outlinks_to_redirects=7; outlinks_to_404=2; no_anchor_samples; hub_relationship=links_to_parent_hub
https://www.expatcopilot.com/netherlands/moving/tools/document-readiness/from/spain/,tool_calculator,moving,https://www.expatcopilot.com/netherlands/moving-to-the-netherlands/,0,0,0,0,55,,,yes,no,7,2,INDEXABLE,P1,orphan: no internal inlinks in crawl graph; outlinks_to_redirects=7; outlinks_to_404=2; no_anchor_samples; hub_relationship=links_to_parent_hub
https://www.expatcopilot.com/netherlands/moving/tools/document-readiness/from/sweden/,tool_calculator,moving,https://www.expatcopilot.com/netherlands/moving-to-the-netherlands/,0,0,0,0,55,,,yes,no,7,2,INDEXABLE,P1,orphan: no internal inlinks in crawl graph; outlinks_to_redirects=7; outlinks_to_404=2; no_anchor_samples; hub_relationship=links_to_parent_hub
https://www.expatcopilot.com/netherlands/moving/tools/document-readiness/from/switzerland/,tool_calculator,moving,https://www.expatcopilot.com/netherlands/moving-to-the-netherlands/,0,0,0,0,55,,,yes,no,7,2,INDEXABLE,P1,orphan: no internal inlinks in crawl graph; outlinks_to_redirects=7; outlinks_to_404=2; no_anchor_samples; hub_relationship=links_to_parent_hub
https://www.expatcopilot.com/netherlands/moving/tools/document-readiness/from/turkey/,tool_calculator,moving,https://www.expatcopilot.com/netherlands/moving-to-the-netherlands/,0,0,0,0,55,,,yes,no,7,2,INDEXABLE,P1,orphan: no internal inlinks in crawl graph; outlinks_to_redirects=7; outlinks_to_404=2; no_anchor_samples; hub_relationship=links_to_parent_hub
https://www.expatcopilot.com/netherlands/moving/tools/document-readiness/from/uae/,tool_calculator,moving,https://www.expatcopilot.com/netherlands/moving-to-the-netherlands/,0,0,0,0,55,,,yes,no,7,2,INDEXABLE,P1,orphan: no internal inlinks in crawl graph; outlinks_to_redirects=7; outlinks_to_404=2; no_anchor_samples; hub_relationship=links_to_parent_hub
https://www.expatcopilot.com/netherlands/moving/tools/document-readiness/from/united-kingdom/,tool_calculator,moving,https://www.expatcopilot.com/netherlands/moving-to-the-netherlands/,0,0,0,0,55,,,yes,no,7,2,INDEXABLE,P1,orphan: no internal inlinks in crawl graph; outlinks_to_redirects=7; outlinks_to_404=2; no_anchor_samples; hub_relationship=links_to_parent_hub
https://www.expatcopilot.com/netherlands/moving/tools/document-readiness/from/united-states/,tool_calculator,moving,https://www.expatcopilot.com/netherlands/moving-to-the-netherlands/,0,0,0,0,55,,,yes,no,7,2,INDEXABLE,P1,orphan: no internal inlinks in crawl graph; outlinks_to_redirects=7; outlinks_to_404=2; no_anchor_samples; hub_relationship=links_to_parent_hub
https://www.expatcopilot.com/netherlands/moving/tools/first-90-days/,tool_calculator,first_90_days,https://www.expatcopilot.com/netherlands/after-arriving-netherlands/,141,141,141,0,61,1,1,no,no,3,2,INDEXABLE,INFO,outlinks_to_redirects=3; outlinks_to_404=2; descriptive_anchor_ratio=1.00 n=356; hub_relationship=links_to_parent_hub; strongest_contextual_source=/netherlands/moving/tools/arrival-planner/
https://www.expatcopilot.com/netherlands/moving/tools/first-90-days/from/argentina/,tool_calculator,first_90_days,https://www.expatcopilot.com/netherlands/after-arriving-netherlands/,0,0,0,0,55,,,yes,no,1,2,INDEXABLE,P1,orphan: no internal inlinks in crawl graph; outlinks_to_redirects=1; outlinks_to_404=2; no_anchor_samples; hub_relationship=links_to_parent_hub
https://www.expatcopilot.com/netherlands/moving/tools/first-90-days/from/australia/,tool_calculator,first_90_days,https://www.expatcopilot.com/netherlands/after-arriving-netherlands/,0,0,0,0,55,,,yes,no,1,2,INDEXABLE,P1,orphan: no internal inlinks in crawl graph; outlinks_to_redirects=1; outlinks_to_404=2; no_anchor_samples; hub_relationship=links_to_parent_hub
https://www.expatcopilot.com/netherlands/moving/tools/first-90-days/from/brazil/,tool_calculator,first_90_days,https://www.expatcopilot.com/netherlands/after-arriving-netherlands/,0,0,0,0,55,,,yes,no,1,2,INDEXABLE,P1,orphan: no internal inlinks in crawl graph; outlinks_to_redirects=1; outlinks_to_404=2; no_anchor_samples; hub_relationship=links_to_parent_hub
https://www.expatcopilot.com/netherlands/moving/tools/first-90-days/from/canada/,tool_calculator,first_90_days,https://www.expatcopilot.com/netherlands/after-arriving-netherlands/,0,0,0,0,55,,,yes,no,1,2,INDEXABLE,P1,orphan: no internal inlinks in crawl graph; outlinks_to_redirects=1; outlinks_to_404=2; no_anchor_samples; hub_relationship=links_to_parent_hub
https://www.expatcopilot.com/netherlands/moving/tools/first-90-days/from/chile/,tool_calculator,first_90_days,https://www.expatcopilot.com/netherlands/after-arriving-netherlands/,0,0,0,0,55,,,yes,no,1,2,INDEXABLE,P1,orphan: no internal inlinks in crawl graph; outlinks_to_redirects=1; outlinks_to_404=2; no_anchor_samples; hub_relationship=links_to_parent_hub
https://www.expatcopilot.com/netherlands/moving/tools/first-90-days/from/denmark/,tool_calculator,first_90_days,https://www.expatcopilot.com/netherlands/after-arriving-netherlands/,0,0,0,0,55,,,yes,no,1,2,INDEXABLE,P1,orphan: no internal inlinks in crawl graph; outlinks_to_redirects=1; outlinks_to_404=2; no_anchor_samples; hub_relationship=links_to_parent_hub
https://www.expatcopilot.com/netherlands/moving/tools/first-90-days/from/france/,tool_calculator,first_90_days,https://www.expatcopilot.com/netherlands/after-arriving-netherlands/,0,0,0,0,55,,,yes,no,1,2,INDEXABLE,P1,orphan: no internal inlinks in crawl graph; outlinks_to_redirects=1; outlinks_to_404=2; no_anchor_samples; hub_relationship=links_to_parent_hub
https://www.expatcopilot.com/netherlands/moving/tools/first-90-days/from/germany/,tool_calculator,first_90_days,https://www.expatcopilot.com/netherlands/after-arriving-netherlands/,0,0,0,0,55,,,yes,no,1,2,INDEXABLE,P1,orphan: no internal inlinks in crawl graph; outlinks_to_redirects=1; outlinks_to_404=2; no_anchor_samples; hub_relationship=links_to_parent_hub
https://www.expatcopilot.com/netherlands/moving/tools/first-90-days/from/india/,tool_calculator,first_90_days,https://www.expatcopilot.com/netherlands/after-arriving-netherlands/,0,0,0,0,55,,,yes,no,1,2,INDEXABLE,P1,orphan: no internal inlinks in crawl graph; outlinks_to_redirects=1; outlinks_to_404=2; no_anchor_samples; hub_relationship=links_to_parent_hub
https://www.expatcopilot.com/netherlands/moving/tools/first-90-days/from/indonesia/,tool_calculator,first_90_days,https://www.expatcopilot.com/netherlands/after-arriving-netherlands/,0,0,0,0,55,,,yes,no,1,2,INDEXABLE,P1,orphan: no internal inlinks in crawl graph; outlinks_to_redirects=1; outlinks_to_404=2; no_anchor_samples; hub_relationship=links_to_parent_hub
https://www.expatcopilot.com/netherlands/moving/tools/first-90-days/from/ireland/,tool_calculator,first_90_days,https://www.expatcopilot.com/netherlands/after-arriving-netherlands/,0,0,0,0,55,,,yes,no,1,2,INDEXABLE,P1,orphan: no internal inlinks in crawl graph; outlinks_to_redirects=1; outlinks_to_404=2; no_anchor_samples; hub_relationship=links_to_parent_hub
https://www.expatcopilot.com/netherlands/moving/tools/first-90-days/from/italy/,tool_calculator,first_90_days,https://www.expatcopilot.com/netherlands/after-arriving-netherlands/,0,0,0,0,55,,,yes,no,1,2,INDEXABLE,P1,orphan: no internal inlinks in crawl graph; outlinks_to_redirects=1; outlinks_to_404=2; no_anchor_samples; hub_relationship=links_to_parent_hub
https://www.expatcopilot.com/netherlands/moving/tools/first-90-days/from/japan/,tool_calculator,first_90_days,https://www.expatcopilot.com/netherlands/after-arriving-netherlands/,0,0,0,0,55,,,yes,no,1,2,INDEXABLE,P1,orphan: no internal inlinks in crawl graph; outlinks_to_redirects=1; outlinks_to_404=2; no_anchor_samples; hub_relationship=links_to_parent_hub
https://www.expatcopilot.com/netherlands/moving/tools/first-90-days/from/kenya/,tool_calculator,first_90_days,https://www.expatcopilot.com/netherlands/after-arriving-netherlands/,0,0,0,0,55,,,yes,no,1,2,INDEXABLE,P1,orphan: no internal inlinks in crawl graph; outlinks_to_redirects=1; outlinks_to_404=2; no_anchor_samples; hub_relationship=links_to_parent_hub
https://www.expatcopilot.com/netherlands/moving/tools/first-90-days/from/mexico/,tool_calculator,first_90_days,https://www.expatcopilot.com/netherlands/after-arriving-netherlands/,0,0,0,0,55,,,yes,no,1,2,INDEXABLE,P1,orphan: no internal inlinks in crawl graph; outlinks_to_redirects=1; outlinks_to_404=2; no_anchor_samples; hub_relationship=links_to_parent_hub
https://www.expatcopilot.com/netherlands/moving/tools/first-90-days/from/new-zealand/,tool_calculator,first_90_days,https://www.expatcopilot.com/netherlands/after-arriving-netherlands/,0,0,0,0,55,,,yes,no,1,2,INDEXABLE,P1,orphan: no internal inlinks in crawl graph; outlinks_to_redirects=1; outlinks_to_404=2; no_anchor_samples; hub_relationship=links_to_parent_hub
https://www.expatcopilot.com/netherlands/moving/tools/first-90-days/from/nigeria/,tool_calculator,first_90_days,https://www.expatcopilot.com/netherlands/after-arriving-netherlands/,0,0,0,0,0,,,yes,no,0,0,INDEXABLE,P0,orphan: no internal inlinks in crawl graph; weak logical hub relationship; URL 404 in production despite sitemap; no_anchor_samples; hub_relationship=weak_or_missing_hub_link
https://www.expatcopilot.com/netherlands/moving/tools/first-90-days/from/norway/,tool_calculator,first_90_days,https://www.expatcopilot.com/netherlands/after-arriving-netherlands/,0,0,0,0,55,,,yes,no,1,2,INDEXABLE,P1,orphan: no internal inlinks in crawl graph; outlinks_to_redirects=1; outlinks_to_404=2; no_anchor_samples; hub_relationship=links_to_parent_hub
https://www.expatcopilot.com/netherlands/moving/tools/first-90-days/from/pakistan/,tool_calculator,first_90_days,https://www.expatcopilot.com/netherlands/after-arriving-netherlands/,0,0,0,0,55,,,yes,no,1,2,INDEXABLE,P1,orphan: no internal inlinks in crawl graph; outlinks_to_redirects=1; outlinks_to_404=2; no_anchor_samples; hub_relationship=links_to_parent_hub
https://www.expatcopilot.com/netherlands/moving/tools/first-90-days/from/philippines/,tool_calculator,first_90_days,https://www.expatcopilot.com/netherlands/after-arriving-netherlands/,0,0,0,0,0,,,yes,no,0,0,INDEXABLE,P0,orphan: no internal inlinks in crawl graph; weak logical hub relationship; URL 404 in production despite sitemap; no_anchor_samples; hub_relationship=weak_or_missing_hub_link
https://www.expatcopilot.com/netherlands/moving/tools/first-90-days/from/singapore/,tool_calculator,first_90_days,https://www.expatcopilot.com/netherlands/after-arriving-netherlands/,0,0,0,0,55,,,yes,no,1,2,INDEXABLE,P1,orphan: no internal inlinks in crawl graph; outlinks_to_redirects=1; outlinks_to_404=2; no_anchor_samples; hub_relationship=links_to_parent_hub
https://www.expatcopilot.com/netherlands/moving/tools/first-90-days/from/south-africa/,tool_calculator,first_90_days,https://www.expatcopilot.com/netherlands/after-arriving-netherlands/,0,0,0,0,55,,,yes,no,1,2,INDEXABLE,P1,orphan: no internal inlinks in crawl graph; outlinks_to_redirects=1; outlinks_to_404=2; no_anchor_samples; hub_relationship=links_to_parent_hub
https://www.expatcopilot.com/netherlands/moving/tools/first-90-days/from/south-korea/,tool_calculator,first_90_days,https://www.expatcopilot.com/netherlands/after-arriving-netherlands/,0,0,0,0,55,,,yes,no,1,2,INDEXABLE,P1,orphan: no internal inlinks in crawl graph; outlinks_to_redirects=1; outlinks_to_404=2; no_anchor_samples; hub_relationship=links_to_parent_hub
https://www.expatcopilot.com/netherlands/moving/tools/first-90-days/from/spain/,tool_calculator,first_90_days,https://www.expatcopilot.com/netherlands/after-arriving-netherlands/,0,0,0,0,55,,,yes,no,1,2,INDEXABLE,P1,orphan: no internal inlinks in crawl graph; outlinks_to_redirects=1; outlinks_to_404=2; no_anchor_samples; hub_relationship=links_to_parent_hub
https://www.expatcopilot.com/netherlands/moving/tools/first-90-days/from/sweden/,tool_calculator,first_90_days,https://www.expatcopilot.com/netherlands/after-arriving-netherlands/,0,0,0,0,55,,,yes,no,1,2,INDEXABLE,P1,orphan: no internal inlinks in crawl graph; outlinks_to_redirects=1; outlinks_to_404=2; no_anchor_samples; hub_relationship=links_to_parent_hub
https://www.expatcopilot.com/netherlands/moving/tools/first-90-days/from/switzerland/,tool_calculator,first_90_days,https://www.expatcopilot.com/netherlands/after-arriving-netherlands/,0,0,0,0,55,,,yes,no,1,2,INDEXABLE,P1,orphan: no internal inlinks in crawl graph; outlinks_to_redirects=1; outlinks_to_404=2; no_anchor_samples; hub_relationship=links_to_parent_hub
https://www.expatcopilot.com/netherlands/moving/tools/first-90-days/from/turkey/,tool_calculator,first_90_days,https://www.expatcopilot.com/netherlands/after-arriving-netherlands/,0,0,0,0,55,,,yes,no,1,2,INDEXABLE,P1,orphan: no internal inlinks in crawl graph; outlinks_to_redirects=1; outlinks_to_404=2; no_anchor_samples; hub_relationship=links_to_parent_hub
https://www.expatcopilot.com/netherlands/moving/tools/first-90-days/from/uae/,tool_calculator,first_90_days,https://www.expatcopilot.com/netherlands/after-arriving-netherlands/,0,0,0,0,55,,,yes,no,1,2,INDEXABLE,P1,orphan: no internal inlinks in crawl graph; outlinks_to_redirects=1; outlinks_to_404=2; no_anchor_samples; hub_relationship=links_to_parent_hub
https://www.expatcopilot.com/netherlands/moving/tools/first-90-days/from/united-kingdom/,tool_calculator,first_90_days,https://www.expatcopilot.com/netherlands/after-arriving-netherlands/,0,0,0,0,55,,,yes,no,1,2,INDEXABLE,P1,orphan: no internal inlinks in crawl graph; outlinks_to_redirects=1; outlinks_to_404=2; no_anchor_samples; hub_relationship=links_to_parent_hub
https://www.expatcopilot.com/netherlands/moving/tools/first-90-days/from/united-states/,tool_calculator,first_90_days,https://www.expatcopilot.com/netherlands/after-arriving-netherlands/,0,0,0,0,55,,,yes,no,1,2,INDEXABLE,P1,orphan: no internal inlinks in crawl graph; outlinks_to_redirects=1; outlinks_to_404=2; no_anchor_samples; hub_relationship=links_to_parent_hub
https://www.expatcopilot.com/netherlands/moving/tools/hsm-salary-checker/,tool_calculator,moving,https://www.expatcopilot.com/netherlands/moving-to-the-netherlands/,4,4,4,0,51,2,2,no,no,1,2,INDEXABLE,INFO,outlinks_to_redirects=1; outlinks_to_404=2; descriptive_anchor_ratio=1.00 n=9; hub_relationship=links_to_parent_hub; strongest_contextual_source=/netherlands/official-figures/
https://www.expatcopilot.com/netherlands/moving/tools/moving-checklist/,tool_calculator,moving,https://www.expatcopilot.com/netherlands/moving-to-the-netherlands/,444,444,0,444,65,1,1,no,no,7,2,INDEXABLE,INFO,receives sitewide/explore-block or chrome links on most pages; outlinks_to_redirects=7; outlinks_to_404=2; descriptive_anchor_ratio=1.00 n=1585; hub_relationship=links_to_parent_hub
https://www.expatcopilot.com/netherlands/moving/tools/moving-checklist/from/argentina/,tool_calculator,moving,https://www.expatcopilot.com/netherlands/moving-to-the-netherlands/,0,0,0,0,53,,,yes,no,1,2,INDEXABLE,P1,orphan: no internal inlinks in crawl graph; outlinks_to_redirects=1; outlinks_to_404=2; no_anchor_samples; hub_relationship=links_to_parent_hub
https://www.expatcopilot.com/netherlands/moving/tools/moving-checklist/from/australia/,tool_calculator,moving,https://www.expatcopilot.com/netherlands/moving-to-the-netherlands/,0,0,0,0,53,,,yes,no,1,2,INDEXABLE,P1,orphan: no internal inlinks in crawl graph; outlinks_to_redirects=1; outlinks_to_404=2; no_anchor_samples; hub_relationship=links_to_parent_hub
https://www.expatcopilot.com/netherlands/moving/tools/moving-checklist/from/brazil/,tool_calculator,moving,https://www.expatcopilot.com/netherlands/moving-to-the-netherlands/,0,0,0,0,53,,,yes,no,1,2,INDEXABLE,P1,orphan: no internal inlinks in crawl graph; outlinks_to_redirects=1; outlinks_to_404=2; no_anchor_samples; hub_relationship=links_to_parent_hub
https://www.expatcopilot.com/netherlands/moving/tools/moving-checklist/from/canada/,tool_calculator,moving,https://www.expatcopilot.com/netherlands/moving-to-the-netherlands/,0,0,0,0,53,,,yes,no,1,2,INDEXABLE,P1,orphan: no internal inlinks in crawl graph; outlinks_to_redirects=1; outlinks_to_404=2; no_anchor_samples; hub_relationship=links_to_parent_hub
https://www.expatcopilot.com/netherlands/moving/tools/moving-checklist/from/chile/,tool_calculator,moving,https://www.expatcopilot.com/netherlands/moving-to-the-netherlands/,0,0,0,0,53,,,yes,no,1,2,INDEXABLE,P1,orphan: no internal inlinks in crawl graph; outlinks_to_redirects=1; outlinks_to_404=2; no_anchor_samples; hub_relationship=links_to_parent_hub
https://www.expatcopilot.com/netherlands/moving/tools/moving-checklist/from/denmark/,tool_calculator,moving,https://www.expatcopilot.com/netherlands/moving-to-the-netherlands/,0,0,0,0,53,,,yes,no,1,2,INDEXABLE,P1,orphan: no internal inlinks in crawl graph; outlinks_to_redirects=1; outlinks_to_404=2; no_anchor_samples; hub_relationship=links_to_parent_hub
https://www.expatcopilot.com/netherlands/moving/tools/moving-checklist/from/france/,tool_calculator,moving,https://www.expatcopilot.com/netherlands/moving-to-the-netherlands/,0,0,0,0,53,,,yes,no,1,2,INDEXABLE,P1,orphan: no internal inlinks in crawl graph; outlinks_to_redirects=1; outlinks_to_404=2; no_anchor_samples; hub_relationship=links_to_parent_hub
https://www.expatcopilot.com/netherlands/moving/tools/moving-checklist/from/germany/,tool_calculator,moving,https://www.expatcopilot.com/netherlands/moving-to-the-netherlands/,0,0,0,0,53,,,yes,no,1,2,INDEXABLE,P1,orphan: no internal inlinks in crawl graph; outlinks_to_redirects=1; outlinks_to_404=2; no_anchor_samples; hub_relationship=links_to_parent_hub
https://www.expatcopilot.com/netherlands/moving/tools/moving-checklist/from/india/,tool_calculator,moving,https://www.expatcopilot.com/netherlands/moving-to-the-netherlands/,0,0,0,0,53,,,yes,no,1,2,INDEXABLE,P1,orphan: no internal inlinks in crawl graph; outlinks_to_redirects=1; outlinks_to_404=2; no_anchor_samples; hub_relationship=links_to_parent_hub
https://www.expatcopilot.com/netherlands/moving/tools/moving-checklist/from/indonesia/,tool_calculator,moving,https://www.expatcopilot.com/netherlands/moving-to-the-netherlands/,0,0,0,0,53,,,yes,no,1,2,INDEXABLE,P1,orphan: no internal inlinks in crawl graph; outlinks_to_redirects=1; outlinks_to_404=2; no_anchor_samples; hub_relationship=links_to_parent_hub
https://www.expatcopilot.com/netherlands/moving/tools/moving-checklist/from/ireland/,tool_calculator,moving,https://www.expatcopilot.com/netherlands/moving-to-the-netherlands/,0,0,0,0,53,,,yes,no,1,2,INDEXABLE,P1,orphan: no internal inlinks in crawl graph; outlinks_to_redirects=1; outlinks_to_404=2; no_anchor_samples; hub_relationship=links_to_parent_hub
https://www.expatcopilot.com/netherlands/moving/tools/moving-checklist/from/italy/,tool_calculator,moving,https://www.expatcopilot.com/netherlands/moving-to-the-netherlands/,0,0,0,0,53,,,yes,no,1,2,INDEXABLE,P1,orphan: no internal inlinks in crawl graph; outlinks_to_redirects=1; outlinks_to_404=2; no_anchor_samples; hub_relationship=links_to_parent_hub
https://www.expatcopilot.com/netherlands/moving/tools/moving-checklist/from/japan/,tool_calculator,moving,https://www.expatcopilot.com/netherlands/moving-to-the-netherlands/,0,0,0,0,53,,,yes,no,1,2,INDEXABLE,P1,orphan: no internal inlinks in crawl graph; outlinks_to_redirects=1; outlinks_to_404=2; no_anchor_samples; hub_relationship=links_to_parent_hub
https://www.expatcopilot.com/netherlands/moving/tools/moving-checklist/from/kenya/,tool_calculator,moving,https://www.expatcopilot.com/netherlands/moving-to-the-netherlands/,0,0,0,0,53,,,yes,no,1,2,INDEXABLE,P1,orphan: no internal inlinks in crawl graph; outlinks_to_redirects=1; outlinks_to_404=2; no_anchor_samples; hub_relationship=links_to_parent_hub
https://www.expatcopilot.com/netherlands/moving/tools/moving-checklist/from/mexico/,tool_calculator,moving,https://www.expatcopilot.com/netherlands/moving-to-the-netherlands/,0,0,0,0,53,,,yes,no,1,2,INDEXABLE,P1,orphan: no internal inlinks in crawl graph; outlinks_to_redirects=1; outlinks_to_404=2; no_anchor_samples; hub_relationship=links_to_parent_hub
https://www.expatcopilot.com/netherlands/moving/tools/moving-checklist/from/new-zealand/,tool_calculator,moving,https://www.expatcopilot.com/netherlands/moving-to-the-netherlands/,0,0,0,0,53,,,yes,no,1,2,INDEXABLE,P1,orphan: no internal inlinks in crawl graph; outlinks_to_redirects=1; outlinks_to_404=2; no_anchor_samples; hub_relationship=links_to_parent_hub
https://www.expatcopilot.com/netherlands/moving/tools/moving-checklist/from/nigeria/,tool_calculator,moving,https://www.expatcopilot.com/netherlands/moving-to-the-netherlands/,0,0,0,0,0,,,yes,no,0,0,INDEXABLE,P0,orphan: no internal inlinks in crawl graph; weak logical hub relationship; URL 404 in production despite sitemap; no_anchor_samples; hub_relationship=weak_or_missing_hub_link
https://www.expatcopilot.com/netherlands/moving/tools/moving-checklist/from/norway/,tool_calculator,moving,https://www.expatcopilot.com/netherlands/moving-to-the-netherlands/,0,0,0,0,53,,,yes,no,1,2,INDEXABLE,P1,orphan: no internal inlinks in crawl graph; outlinks_to_redirects=1; outlinks_to_404=2; no_anchor_samples; hub_relationship=links_to_parent_hub
https://www.expatcopilot.com/netherlands/moving/tools/moving-checklist/from/pakistan/,tool_calculator,moving,https://www.expatcopilot.com/netherlands/moving-to-the-netherlands/,0,0,0,0,53,,,yes,no,1,2,INDEXABLE,P1,orphan: no internal inlinks in crawl graph; outlinks_to_redirects=1; outlinks_to_404=2; no_anchor_samples; hub_relationship=links_to_parent_hub
https://www.expatcopilot.com/netherlands/moving/tools/moving-checklist/from/philippines/,tool_calculator,moving,https://www.expatcopilot.com/netherlands/moving-to-the-netherlands/,0,0,0,0,0,,,yes,no,0,0,INDEXABLE,P0,orphan: no internal inlinks in crawl graph; weak logical hub relationship; URL 404 in production despite sitemap; no_anchor_samples; hub_relationship=weak_or_missing_hub_link
https://www.expatcopilot.com/netherlands/moving/tools/moving-checklist/from/singapore/,tool_calculator,moving,https://www.expatcopilot.com/netherlands/moving-to-the-netherlands/,0,0,0,0,53,,,yes,no,1,2,INDEXABLE,P1,orphan: no internal inlinks in crawl graph; outlinks_to_redirects=1; outlinks_to_404=2; no_anchor_samples; hub_relationship=links_to_parent_hub
https://www.expatcopilot.com/netherlands/moving/tools/moving-checklist/from/south-africa/,tool_calculator,moving,https://www.expatcopilot.com/netherlands/moving-to-the-netherlands/,0,0,0,0,53,,,yes,no,1,2,INDEXABLE,P1,orphan: no internal inlinks in crawl graph; outlinks_to_redirects=1; outlinks_to_404=2; no_anchor_samples; hub_relationship=links_to_parent_hub
https://www.expatcopilot.com/netherlands/moving/tools/moving-checklist/from/south-korea/,tool_calculator,moving,https://www.expatcopilot.com/netherlands/moving-to-the-netherlands/,0,0,0,0,53,,,yes,no,1,2,INDEXABLE,P1,orphan: no internal inlinks in crawl graph; outlinks_to_redirects=1; outlinks_to_404=2; no_anchor_samples; hub_relationship=links_to_parent_hub
https://www.expatcopilot.com/netherlands/moving/tools/moving-checklist/from/spain/,tool_calculator,moving,https://www.expatcopilot.com/netherlands/moving-to-the-netherlands/,0,0,0,0,53,,,yes,no,1,2,INDEXABLE,P1,orphan: no internal inlinks in crawl graph; outlinks_to_redirects=1; outlinks_to_404=2; no_anchor_samples; hub_relationship=links_to_parent_hub
https://www.expatcopilot.com/netherlands/moving/tools/moving-checklist/from/sweden/,tool_calculator,moving,https://www.expatcopilot.com/netherlands/moving-to-the-netherlands/,0,0,0,0,53,,,yes,no,1,2,INDEXABLE,P1,orphan: no internal inlinks in crawl graph; outlinks_to_redirects=1; outlinks_to_404=2; no_anchor_samples; hub_relationship=links_to_parent_hub
https://www.expatcopilot.com/netherlands/moving/tools/moving-checklist/from/switzerland/,tool_calculator,moving,https://www.expatcopilot.com/netherlands/moving-to-the-netherlands/,0,0,0,0,53,,,yes,no,1,2,INDEXABLE,P1,orphan: no internal inlinks in crawl graph; outlinks_to_redirects=1; outlinks_to_404=2; no_anchor_samples; hub_relationship=links_to_parent_hub
https://www.expatcopilot.com/netherlands/moving/tools/moving-checklist/from/turkey/,tool_calculator,moving,https://www.expatcopilot.com/netherlands/moving-to-the-netherlands/,0,0,0,0,53,,,yes,no,1,2,INDEXABLE,P1,orphan: no internal inlinks in crawl graph; outlinks_to_redirects=1; outlinks_to_404=2; no_anchor_samples; hub_relationship=links_to_parent_hub
https://www.expatcopilot.com/netherlands/moving/tools/moving-checklist/from/uae/,tool_calculator,moving,https://www.expatcopilot.com/netherlands/moving-to-the-netherlands/,0,0,0,0,53,,,yes,no,1,2,INDEXABLE,P1,orphan: no internal inlinks in crawl graph; outlinks_to_redirects=1; outlinks_to_404=2; no_anchor_samples; hub_relationship=links_to_parent_hub
https://www.expatcopilot.com/netherlands/moving/tools/moving-checklist/from/united-kingdom/,tool_calculator,moving,https://www.expatcopilot.com/netherlands/moving-to-the-netherlands/,0,0,0,0,53,,,yes,no,1,2,INDEXABLE,P1,orphan: no internal inlinks in crawl graph; outlinks_to_redirects=1; outlinks_to_404=2; no_anchor_samples; hub_relationship=links_to_parent_hub
https://www.expatcopilot.com/netherlands/moving/tools/moving-checklist/from/united-states/,tool_calculator,moving,https://www.expatcopilot.com/netherlands/moving-to-the-netherlands/,0,0,0,0,53,,,yes,no,1,2,INDEXABLE,P1,orphan: no internal inlinks in crawl graph; outlinks_to_redirects=1; outlinks_to_404=2; no_anchor_samples; hub_relationship=links_to_parent_hub
https://www.expatcopilot.com/netherlands/moving/tools/relocation-cost-estimator/,tool_calculator,moving,https://www.expatcopilot.com/netherlands/moving-to-the-netherlands/,55,55,55,0,74,2,2,no,no,4,2,INDEXABLE,INFO,outlinks_to_redirects=4; outlinks_to_404=2; descriptive_anchor_ratio=1.00 n=274; hub_relationship=links_to_parent_hub; strongest_contextual_source=/netherlands/health-insurance-netherlands/
https://www.expatcopilot.com/netherlands/moving/twv-work-permit/,guide,working,https://www.expatcopilot.com/netherlands/moving/working-in-the-netherlands/,431,431,0,431,66,1,1,no,no,1,3,INDEXABLE,INFO,receives sitewide/explore-block or chrome links on most pages; outlinks_to_redirects=1; outlinks_to_404=3; descriptive_anchor_ratio=1.00 n=475; hub_relationship=links_to_parent_hub
https://www.expatcopilot.com/netherlands/moving/visas-residency/,visa_guide,visas_immigration,https://www.expatcopilot.com/netherlands/moving/visas-residency/,431,431,0,431,84,1,0,no,no,6,3,INDEXABLE,INFO,receives sitewide/explore-block or chrome links on most pages; outlinks_to_redirects=6; outlinks_to_404=3; descriptive_anchor_ratio=1.00 n=522; hub_relationship=is_hub
https://www.expatcopilot.com/netherlands/moving/working-in-the-netherlands/,guide,working,https://www.expatcopilot.com/netherlands/moving/working-in-the-netherlands/,431,431,0,431,84,1,0,no,no,5,3,INDEXABLE,INFO,receives sitewide/explore-block or chrome links on most pages; outlinks_to_redirects=5; outlinks_to_404=3; descriptive_anchor_ratio=1.00 n=552; hub_relationship=is_hub
https://www.expatcopilot.com/netherlands/municipality-registration-netherlands/,moving_guide,netherlands_other,,121,121,121,0,60,2,,no,no,2,2,INDEXABLE,INFO,outlinks_to_redirects=2; outlinks_to_404=2; descriptive_anchor_ratio=1.00 n=266; hub_relationship=weak_or_missing_hub_link; strongest_contextual_source=/netherlands/moving/tools/arrival-planner/
https://www.expatcopilot.com/netherlands/nijmegen/,city_page,cities,https://www.expatcopilot.com/netherlands/cities/,23,23,23,0,85,2,1,no,no,1,3,INDEXABLE,INFO,outlinks_to_redirects=1; outlinks_to_404=3; descriptive_anchor_ratio=1.00 n=27; hub_relationship=links_to_parent_hub; strongest_contextual_source=/netherlands/taxes/property-tax-netherlands/
https://www.expatcopilot.com/netherlands/official-figures/,guide,netherlands_other,,444,444,0,444,56,1,,no,no,1,2,INDEXABLE,INFO,receives sitewide/explore-block or chrome links on most pages; outlinks_to_redirects=1; outlinks_to_404=2; descriptive_anchor_ratio=1.00 n=448; hub_relationship=weak_or_missing_hub_link
https://www.expatcopilot.com/netherlands/open-bank-account-netherlands/,moving_guide,banking,https://www.expatcopilot.com/netherlands/money/banking/best-banks-expats/,166,166,166,0,70,2,1,no,no,1,3,INDEXABLE,INFO,outlinks_to_redirects=1; outlinks_to_404=3; descriptive_anchor_ratio=1.00 n=357; hub_relationship=links_to_parent_hub; strongest_contextual_source=/netherlands/moving/tools/arrival-planner/from/pakistan/
https://www.expatcopilot.com/netherlands/practical-life/digid-netherlands/,guide,practical_life,https://www.expatcopilot.com/netherlands/practical-life/registering-your-address-netherlands/,7,7,0,7,54,2,1,no,no,3,3,INDEXABLE,INFO,outlinks_to_redirects=3; outlinks_to_404=3; descriptive_anchor_ratio=1.00 n=14; hub_relationship=links_to_parent_hub
https://www.expatcopilot.com/netherlands/practical-life/government-portals-netherlands/,guide,practical_life,https://www.expatcopilot.com/netherlands/practical-life/registering-your-address-netherlands/,7,7,0,7,54,2,2,no,no,1,3,INDEXABLE,INFO,outlinks_to_redirects=1; outlinks_to_404=3; descriptive_anchor_ratio=1.00 n=9; hub_relationship=links_to_parent_hub
https://www.expatcopilot.com/netherlands/practical-life/municipality-services-netherlands/,guide,practical_life,https://www.expatcopilot.com/netherlands/practical-life/registering-your-address-netherlands/,19,19,0,19,71,2,1,no,no,5,3,INDEXABLE,INFO,outlinks_to_redirects=5; outlinks_to_404=3; descriptive_anchor_ratio=1.00 n=52; hub_relationship=links_to_parent_hub
https://www.expatcopilot.com/netherlands/practical-life/parking-and-local-permits-netherlands/,guide,practical_life,https://www.expatcopilot.com/netherlands/practical-life/registering-your-address-netherlands/,17,17,0,17,66,2,2,no,no,1,3,INDEXABLE,INFO,outlinks_to_redirects=1; outlinks_to_404=3; descriptive_anchor_ratio=1.00 n=51; hub_relationship=links_to_parent_hub
https://www.expatcopilot.com/netherlands/practical-life/privacy-and-safety-basics-netherlands/,guide,practical_life,https://www.expatcopilot.com/netherlands/practical-life/registering-your-address-netherlands/,1,1,0,1,58,2,2,no,no,1,3,INDEXABLE,P3,weak logical hub relationship; outlinks_to_redirects=1; outlinks_to_404=3; descriptive_anchor_ratio=1.00 n=1; hub_relationship=weak_or_missing_hub_link
https://www.expatcopilot.com/netherlands/practical-life/registering-your-address-netherlands/,guide,practical_life,https://www.expatcopilot.com/netherlands/practical-life/registering-your-address-netherlands/,10,10,0,10,61,2,0,no,no,2,3,INDEXABLE,INFO,outlinks_to_redirects=2; outlinks_to_404=3; descriptive_anchor_ratio=1.00 n=24; hub_relationship=is_hub
https://www.expatcopilot.com/netherlands/practical-life/subscriptions-and-cancellations-netherlands/,guide,practical_life,https://www.expatcopilot.com/netherlands/practical-life/registering-your-address-netherlands/,3,3,0,3,53,2,2,no,no,1,3,INDEXABLE,P3,weak logical hub relationship; outlinks_to_redirects=1; outlinks_to_404=3; descriptive_anchor_ratio=1.00 n=4; hub_relationship=weak_or_missing_hub_link
https://www.expatcopilot.com/netherlands/practical-life/waste-and-recycling-netherlands/,guide,practical_life,https://www.expatcopilot.com/netherlands/practical-life/registering-your-address-netherlands/,8,8,0,8,57,2,2,no,no,1,3,INDEXABLE,INFO,outlinks_to_redirects=1; outlinks_to_404=3; descriptive_anchor_ratio=1.00 n=9; hub_relationship=links_to_parent_hub
https://www.expatcopilot.com/netherlands/randstad/,guide,netherlands_other,,10,10,0,10,78,2,,no,no,1,3,INDEXABLE,INFO,outlinks_to_redirects=1; outlinks_to_404=3; descriptive_anchor_ratio=1.00 n=14; hub_relationship=weak_or_missing_hub_link
https://www.expatcopilot.com/netherlands/rotterdam/,city_page,cities,https://www.expatcopilot.com/netherlands/cities/,94,94,94,0,90,2,1,no,no,1,3,INDEXABLE,INFO,outlinks_to_redirects=1; outlinks_to_404=3; descriptive_anchor_ratio=1.00 n=144; hub_relationship=links_to_parent_hub; strongest_contextual_source=/netherlands/practical-life/waste-and-recycling-netherlands/
https://www.expatcopilot.com/netherlands/services/,service_directory,services,https://www.expatcopilot.com/netherlands/services/,444,444,0,444,79,1,0,no,no,1,3,INDEXABLE,INFO,receives sitewide/explore-block or chrome links on most pages; outlinks_to_redirects=1; outlinks_to_404=3; descriptive_anchor_ratio=1.00 n=1102; hub_relationship=is_hub
https://www.expatcopilot.com/netherlands/services/banks/,service_directory,services,https://www.expatcopilot.com/netherlands/services/,63,63,63,0,69,2,1,no,no,1,3,INDEXABLE,INFO,outlinks_to_redirects=1; outlinks_to_404=3; descriptive_anchor_ratio=1.00 n=82; hub_relationship=links_to_parent_hub; strongest_contextual_source=/netherlands/living/payments/
https://www.expatcopilot.com/netherlands/services/financial-advisors/,service_directory,services,https://www.expatcopilot.com/netherlands/services/,25,25,0,25,75,2,1,no,no,1,15,INDEXABLE,INFO,outlinks_to_redirects=1; outlinks_to_404=15; descriptive_anchor_ratio=1.00 n=51; hub_relationship=links_to_parent_hub
https://www.expatcopilot.com/netherlands/services/health-insurance/,service_directory,services,https://www.expatcopilot.com/netherlands/services/,60,60,60,0,73,2,1,no,no,1,5,INDEXABLE,INFO,outlinks_to_redirects=1; outlinks_to_404=5; descriptive_anchor_ratio=1.00 n=81; hub_relationship=links_to_parent_hub; strongest_contextual_source=/netherlands/culture/health-system-culture-basics/
https://www.expatcopilot.com/netherlands/services/highly-skilled-migrant-sponsors/,service_directory,services,https://www.expatcopilot.com/netherlands/services/,23,23,23,0,66,2,1,no,no,1,3,INDEXABLE,INFO,outlinks_to_redirects=1; outlinks_to_404=3; descriptive_anchor_ratio=1.00 n=29; hub_relationship=links_to_parent_hub; strongest_contextual_source=/netherlands/randstad/
https://www.expatcopilot.com/netherlands/services/housing-platforms/,service_directory,services,https://www.expatcopilot.com/netherlands/services/,68,68,68,0,79,2,1,no,no,1,5,INDEXABLE,INFO,outlinks_to_redirects=1; outlinks_to_404=5; descriptive_anchor_ratio=1.00 n=126; hub_relationship=links_to_parent_hub; strongest_contextual_source=/netherlands/moving-to-the-netherlands/
https://www.expatcopilot.com/netherlands/services/immigration-lawyers/,service_directory,services,https://www.expatcopilot.com/netherlands/services/,75,75,75,0,76,2,1,no,no,1,4,INDEXABLE,INFO,outlinks_to_redirects=1; outlinks_to_404=4; descriptive_anchor_ratio=1.00 n=164; hub_relationship=links_to_parent_hub; strongest_contextual_source=/netherlands/taxes/double-taxation-netherlands/
https://www.expatcopilot.com/netherlands/services/insurance-providers/,service_directory,services,https://www.expatcopilot.com/netherlands/services/,11,11,0,11,57,2,1,no,no,1,5,INDEXABLE,INFO,outlinks_to_redirects=1; outlinks_to_404=5; descriptive_anchor_ratio=1.00 n=24; hub_relationship=links_to_parent_hub
https://www.expatcopilot.com/netherlands/services/mobile-connectivity/,service_directory,services,https://www.expatcopilot.com/netherlands/services/,10,10,10,0,61,2,1,no,no,1,6,INDEXABLE,INFO,outlinks_to_redirects=1; outlinks_to_404=6; descriptive_anchor_ratio=1.00 n=16; hub_relationship=links_to_parent_hub; strongest_contextual_source=/netherlands/living/tools/utilities-services-comparison/
https://www.expatcopilot.com/netherlands/services/mortgage-advisors/,service_directory,services,https://www.expatcopilot.com/netherlands/services/,15,15,0,15,78,2,1,no,no,1,11,INDEXABLE,INFO,outlinks_to_redirects=1; outlinks_to_404=11; descriptive_anchor_ratio=1.00 n=25; hub_relationship=links_to_parent_hub
https://www.expatcopilot.com/netherlands/services/relocation-agencies/,service_directory,services,https://www.expatcopilot.com/netherlands/services/,61,61,61,0,79,2,1,no,no,1,5,INDEXABLE,INFO,outlinks_to_redirects=1; outlinks_to_404=5; descriptive_anchor_ratio=1.00 n=79; hub_relationship=links_to_parent_hub; strongest_contextual_source=/netherlands/services/tax-advisors/
https://www.expatcopilot.com/netherlands/services/relocation-services/,service_directory,services,https://www.expatcopilot.com/netherlands/services/,89,89,89,0,85,2,1,no,no,1,7,INDEXABLE,INFO,outlinks_to_redirects=1; outlinks_to_404=7; descriptive_anchor_ratio=1.00 n=125; hub_relationship=links_to_parent_hub; strongest_contextual_source=/netherlands/taxes/healthcare-allowance-netherlands/
https://www.expatcopilot.com/netherlands/services/rental-agencies/,service_directory,services,https://www.expatcopilot.com/netherlands/services/,60,60,60,0,82,2,1,no,no,1,7,INDEXABLE,INFO,outlinks_to_redirects=1; outlinks_to_404=7; descriptive_anchor_ratio=1.00 n=86; hub_relationship=links_to_parent_hub; strongest_contextual_source=/netherlands/housing/buy-vs-rent-netherlands/
https://www.expatcopilot.com/netherlands/services/startup-visa-advisors/,service_directory,services,https://www.expatcopilot.com/netherlands/services/,20,20,20,0,97,2,1,no,no,1,3,INDEXABLE,INFO,outlinks_to_redirects=1; outlinks_to_404=3; descriptive_anchor_ratio=1.00 n=24; hub_relationship=links_to_parent_hub; strongest_contextual_source=/netherlands/randstad/
https://www.expatcopilot.com/netherlands/services/tax-advisors/,service_directory,services,https://www.expatcopilot.com/netherlands/services/,36,36,0,36,64,2,1,no,no,5,12,INDEXABLE,INFO,outlinks_to_redirects=5; outlinks_to_404=12; descriptive_anchor_ratio=1.00 n=56; hub_relationship=links_to_parent_hub
https://www.expatcopilot.com/netherlands/services/visa-consultants/,service_directory,services,https://www.expatcopilot.com/netherlands/services/,61,61,61,0,72,2,1,no,no,1,3,INDEXABLE,INFO,outlinks_to_redirects=1; outlinks_to_404=3; descriptive_anchor_ratio=1.00 n=144; hub_relationship=links_to_parent_hub; strongest_contextual_source=/netherlands/jobs/notice-period-netherlands/
https://www.expatcopilot.com/netherlands/shipping-household-goods-netherlands/,moving_guide,netherlands_other,,18,18,18,0,58,2,,no,no,4,2,INDEXABLE,INFO,outlinks_to_redirects=4; outlinks_to_404=2; descriptive_anchor_ratio=1.00 n=18; hub_relationship=weak_or_missing_hub_link; strongest_contextual_source=/netherlands/bringing-pets-to-netherlands/
https://www.expatcopilot.com/netherlands/taxes/,guide,tax,https://www.expatcopilot.com/netherlands/money/how-taxes-work-in-the-netherlands/,444,444,0,444,79,1,1,no,no,5,4,INDEXABLE,INFO,receives sitewide/explore-block or chrome links on most pages; outlinks_to_redirects=5; outlinks_to_404=4; descriptive_anchor_ratio=1.00 n=584; hub_relationship=hub_links_to_child
https://www.expatcopilot.com/netherlands/taxes/30-percent-ruling/,guide,thirty_percent_ruling,https://www.expatcopilot.com/netherlands/taxes/30-percent-ruling/,40,40,0,40,66,2,0,no,no,7,3,INDEXABLE,INFO,outlinks_to_redirects=7; outlinks_to_404=3; descriptive_anchor_ratio=1.00 n=128; hub_relationship=is_hub
https://www.expatcopilot.com/netherlands/taxes/average-salary-netherlands/,guide,salaries,https://www.expatcopilot.com/netherlands/taxes/average-salary-netherlands/,14,14,0,14,76,2,0,no,no,2,5,INDEXABLE,INFO,outlinks_to_redirects=2; outlinks_to_404=5; descriptive_anchor_ratio=1.00 n=27; hub_relationship=is_hub
https://www.expatcopilot.com/netherlands/taxes/bonus-tax-netherlands/,guide,tax,https://www.expatcopilot.com/netherlands/money/how-taxes-work-in-the-netherlands/,15,15,0,15,60,2,2,no,no,1,3,INDEXABLE,P3,weak logical hub relationship; outlinks_to_redirects=1; outlinks_to_404=3; descriptive_anchor_ratio=1.00 n=18; hub_relationship=weak_or_missing_hub_link
https://www.expatcopilot.com/netherlands/taxes/childcare-allowance-netherlands/,guide,tax,https://www.expatcopilot.com/netherlands/money/how-taxes-work-in-the-netherlands/,15,15,0,15,67,2,2,no,no,1,3,INDEXABLE,P3,weak logical hub relationship; outlinks_to_redirects=1; outlinks_to_404=3; descriptive_anchor_ratio=1.00 n=35; hub_relationship=weak_or_missing_hub_link
https://www.expatcopilot.com/netherlands/taxes/double-taxation-netherlands/,guide,tax,https://www.expatcopilot.com/netherlands/money/how-taxes-work-in-the-netherlands/,10,10,0,10,55,2,2,no,no,3,2,INDEXABLE,P3,weak logical hub relationship; outlinks_to_redirects=3; outlinks_to_404=2; descriptive_anchor_ratio=1.00 n=20; hub_relationship=weak_or_missing_hub_link
https://www.expatcopilot.com/netherlands/taxes/foreign-income-netherlands/,guide,tax,https://www.expatcopilot.com/netherlands/money/how-taxes-work-in-the-netherlands/,10,10,0,10,55,2,2,no,no,3,2,INDEXABLE,P3,weak logical hub relationship; outlinks_to_redirects=3; outlinks_to_404=2; descriptive_anchor_ratio=1.00 n=32; hub_relationship=weak_or_missing_hub_link
https://www.expatcopilot.com/netherlands/taxes/gross-vs-net-salary/,comparison,tax,https://www.expatcopilot.com/netherlands/money/how-taxes-work-in-the-netherlands/,18,18,0,18,60,2,2,no,no,4,4,INDEXABLE,P3,weak logical hub relationship; outlinks_to_redirects=4; outlinks_to_404=4; descriptive_anchor_ratio=1.00 n=50; hub_relationship=weak_or_missing_hub_link
https://www.expatcopilot.com/netherlands/taxes/healthcare-allowance-netherlands/,guide,tax,https://www.expatcopilot.com/netherlands/money/how-taxes-work-in-the-netherlands/,9,9,0,9,60,2,2,no,no,4,3,INDEXABLE,P3,weak logical hub relationship; outlinks_to_redirects=4; outlinks_to_404=3; descriptive_anchor_ratio=1.00 n=25; hub_relationship=weak_or_missing_hub_link
https://www.expatcopilot.com/netherlands/taxes/leaving-netherlands-tax/,guide,tax,https://www.expatcopilot.com/netherlands/money/how-taxes-work-in-the-netherlands/,9,9,0,9,64,2,2,no,no,2,2,INDEXABLE,P3,weak logical hub relationship; outlinks_to_redirects=2; outlinks_to_404=2; descriptive_anchor_ratio=1.00 n=21; hub_relationship=weak_or_missing_hub_link
https://www.expatcopilot.com/netherlands/taxes/net-salary-netherlands/,guide,tax,https://www.expatcopilot.com/netherlands/money/how-taxes-work-in-the-netherlands/,27,27,0,27,64,2,2,no,no,4,4,INDEXABLE,P3,weak logical hub relationship; outlinks_to_redirects=4; outlinks_to_404=4; descriptive_anchor_ratio=1.00 n=73; hub_relationship=weak_or_missing_hub_link
https://www.expatcopilot.com/netherlands/taxes/payroll-tax-netherlands/,guide,tax,https://www.expatcopilot.com/netherlands/money/how-taxes-work-in-the-netherlands/,16,16,0,16,67,2,2,no,no,4,4,INDEXABLE,P3,weak logical hub relationship; outlinks_to_redirects=4; outlinks_to_404=4; descriptive_anchor_ratio=1.00 n=38; hub_relationship=weak_or_missing_hub_link
https://www.expatcopilot.com/netherlands/taxes/property-tax-netherlands/,guide,tax,https://www.expatcopilot.com/netherlands/money/how-taxes-work-in-the-netherlands/,10,10,0,10,66,2,2,no,no,1,2,INDEXABLE,P3,weak logical hub relationship; outlinks_to_redirects=1; outlinks_to_404=2; descriptive_anchor_ratio=1.00 n=17; hub_relationship=weak_or_missing_hub_link
https://www.expatcopilot.com/netherlands/taxes/rent-allowance-netherlands/,guide,tax,https://www.expatcopilot.com/netherlands/money/how-taxes-work-in-the-netherlands/,6,6,0,6,68,2,2,no,no,4,4,INDEXABLE,P3,weak logical hub relationship; outlinks_to_redirects=4; outlinks_to_404=4; descriptive_anchor_ratio=1.00 n=12; hub_relationship=weak_or_missing_hub_link
https://www.expatcopilot.com/netherlands/taxes/taxes-after-moving-netherlands/,guide,tax,https://www.expatcopilot.com/netherlands/money/how-taxes-work-in-the-netherlands/,4,4,0,4,61,2,2,no,no,4,2,INDEXABLE,P3,weak logical hub relationship; outlinks_to_redirects=4; outlinks_to_404=2; descriptive_anchor_ratio=1.00 n=10; hub_relationship=weak_or_missing_hub_link
https://www.expatcopilot.com/netherlands/taxes/tools/,tool_calculator,tax,https://www.expatcopilot.com/netherlands/money/how-taxes-work-in-the-netherlands/,22,22,0,22,65,2,1,no,no,2,2,INDEXABLE,INFO,outlinks_to_redirects=2; outlinks_to_404=2; descriptive_anchor_ratio=1.00 n=51; hub_relationship=links_to_parent_hub
https://www.expatcopilot.com/netherlands/taxes/tools/30-ruling-calculator/,tool_calculator,thirty_percent_ruling,https://www.expatcopilot.com/netherlands/taxes/30-percent-ruling/,41,41,41,0,67,2,1,no,no,2,2,INDEXABLE,INFO,outlinks_to_redirects=2; outlinks_to_404=2; descriptive_anchor_ratio=1.00 n=166; hub_relationship=links_to_parent_hub; strongest_contextual_source=/netherlands/work/tools/employment-contract-risk-scanner/
https://www.expatcopilot.com/netherlands/taxes/tools/double-tax-awareness-tool/,tool_calculator,tax,https://www.expatcopilot.com/netherlands/money/how-taxes-work-in-the-netherlands/,20,20,20,0,58,2,1,no,no,1,2,INDEXABLE,INFO,outlinks_to_redirects=1; outlinks_to_404=2; descriptive_anchor_ratio=1.00 n=111; hub_relationship=links_to_parent_hub; strongest_contextual_source=/netherlands/work/tools/employment-contract-risk-scanner/
https://www.expatcopilot.com/netherlands/taxes/tools/dutch-salary-net-calculator/,tool_calculator,tax,https://www.expatcopilot.com/netherlands/money/how-taxes-work-in-the-netherlands/,57,57,57,0,66,2,1,no,no,1,2,INDEXABLE,INFO,outlinks_to_redirects=1; outlinks_to_404=2; descriptive_anchor_ratio=1.00 n=235; hub_relationship=links_to_parent_hub; strongest_contextual_source=/netherlands/work/tools/employment-contract-risk-scanner/
https://www.expatcopilot.com/netherlands/taxes/tools/healthcare-allowance-estimator/,tool_calculator,tax,https://www.expatcopilot.com/netherlands/money/how-taxes-work-in-the-netherlands/,34,34,34,0,73,2,1,no,no,3,4,INDEXABLE,INFO,outlinks_to_redirects=3; outlinks_to_404=4; descriptive_anchor_ratio=1.00 n=83; hub_relationship=links_to_parent_hub; strongest_contextual_source=/netherlands/living/emergencies-safety/
https://www.expatcopilot.com/netherlands/the-hague/,city_page,cities,https://www.expatcopilot.com/netherlands/cities/,92,92,92,0,88,2,1,no,no,1,3,INDEXABLE,INFO,outlinks_to_redirects=1; outlinks_to_404=3; descriptive_anchor_ratio=1.00 n=143; hub_relationship=links_to_parent_hub; strongest_contextual_source=/netherlands/practical-life/waste-and-recycling-netherlands/
https://www.expatcopilot.com/netherlands/tilburg/,city_page,cities,https://www.expatcopilot.com/netherlands/cities/,24,24,24,0,85,2,1,no,no,1,3,INDEXABLE,INFO,outlinks_to_redirects=1; outlinks_to_404=3; descriptive_anchor_ratio=1.00 n=33; hub_relationship=links_to_parent_hub; strongest_contextual_source=/netherlands/randstad/
https://www.expatcopilot.com/netherlands/tools/,tool_calculator,tools_calculators,https://www.expatcopilot.com/netherlands/tools/,444,444,0,444,72,1,0,no,no,1,2,INDEXABLE,INFO,receives sitewide/explore-block or chrome links on most pages; outlinks_to_redirects=1; outlinks_to_404=2; descriptive_anchor_ratio=1.00 n=933; hub_relationship=is_hub
https://www.expatcopilot.com/netherlands/tools/advanced/,tool_calculator,tools_calculators,https://www.expatcopilot.com/netherlands/tools/,1,1,1,0,59,2,1,no,yes,2,2,INDEXABLE,P2,near-orphan: ≤1 contextual inlink; outlinks_to_redirects=2; outlinks_to_404=2; descriptive_anchor_ratio=1.00 n=1; hub_relationship=links_to_parent_hub; strongest_contextual_source=/netherlands/tools/
https://www.expatcopilot.com/netherlands/tools/bank-comparison/,tool_calculator,banking,https://www.expatcopilot.com/netherlands/money/banking/best-banks-expats/,26,26,26,0,61,2,1,no,no,1,2,INDEXABLE,INFO,outlinks_to_redirects=1; outlinks_to_404=2; descriptive_anchor_ratio=1.00 n=58; hub_relationship=links_to_parent_hub; strongest_contextual_source=/netherlands/tools/transfer-cost-calculator/
https://www.expatcopilot.com/netherlands/tools/banking-cost-estimator/,tool_calculator,banking,https://www.expatcopilot.com/netherlands/money/banking/best-banks-expats/,27,27,27,0,61,2,1,no,no,1,2,INDEXABLE,INFO,outlinks_to_redirects=1; outlinks_to_404=2; descriptive_anchor_ratio=1.00 n=55; hub_relationship=links_to_parent_hub; strongest_contextual_source=/netherlands/tools/transfer-cost-calculator/
https://www.expatcopilot.com/netherlands/tools/city-comparison/,tool_calculator,tools_calculators,https://www.expatcopilot.com/netherlands/tools/,432,432,0,432,61,1,1,no,no,1,2,INDEXABLE,INFO,receives sitewide/explore-block or chrome links on most pages; outlinks_to_redirects=1; outlinks_to_404=2; descriptive_anchor_ratio=1.00 n=536; hub_relationship=links_to_parent_hub
https://www.expatcopilot.com/netherlands/tools/transfer-cost-calculator/,tool_calculator,tools_calculators,https://www.expatcopilot.com/netherlands/tools/,14,14,14,0,58,2,1,no,no,1,2,INDEXABLE,INFO,outlinks_to_redirects=1; outlinks_to_404=2; descriptive_anchor_ratio=1.00 n=19; hub_relationship=links_to_parent_hub; strongest_contextual_source=/netherlands/money/banking/wise-vs-revolut/
https://www.expatcopilot.com/netherlands/transport/tools/,tool_calculator,transport,https://www.expatcopilot.com/netherlands/living/getting-around/,4,4,4,0,50,2,1,no,no,1,2,INDEXABLE,INFO,outlinks_to_redirects=1; outlinks_to_404=2; descriptive_anchor_ratio=1.00 n=4; hub_relationship=links_to_parent_hub; strongest_contextual_source=/netherlands/tools/
https://www.expatcopilot.com/netherlands/utilities/,guide,utilities,https://www.expatcopilot.com/netherlands/utilities/utilities-netherlands/,3,3,3,0,49,2,1,no,no,1,2,INDEXABLE,INFO,outlinks_to_redirects=1; outlinks_to_404=2; descriptive_anchor_ratio=1.00 n=3; hub_relationship=links_to_parent_hub; strongest_contextual_source=/netherlands/utilities/energy-and-water-netherlands/
https://www.expatcopilot.com/netherlands/utilities/energy-and-water-netherlands/,guide,utilities,https://www.expatcopilot.com/netherlands/utilities/utilities-netherlands/,8,8,0,8,60,2,1,no,no,1,8,INDEXABLE,INFO,outlinks_to_redirects=1; outlinks_to_404=8; descriptive_anchor_ratio=1.00 n=9; hub_relationship=links_to_parent_hub
https://www.expatcopilot.com/netherlands/utilities/internet-and-mobile-netherlands/,guide,utilities,https://www.expatcopilot.com/netherlands/utilities/utilities-netherlands/,8,8,0,8,62,2,1,no,no,1,8,INDEXABLE,INFO,outlinks_to_redirects=1; outlinks_to_404=8; descriptive_anchor_ratio=1.00 n=11; hub_relationship=links_to_parent_hub
https://www.expatcopilot.com/netherlands/utilities/utilities-netherlands/,guide,utilities,https://www.expatcopilot.com/netherlands/utilities/utilities-netherlands/,444,444,0,444,66,1,0,no,no,1,9,INDEXABLE,INFO,receives sitewide/explore-block or chrome links on most pages; outlinks_to_redirects=1; outlinks_to_404=9; descriptive_anchor_ratio=1.00 n=485; hub_relationship=is_hub
https://www.expatcopilot.com/netherlands/utrecht/,city_page,cities,https://www.expatcopilot.com/netherlands/cities/,93,93,93,0,88,2,1,no,no,1,3,INDEXABLE,INFO,outlinks_to_redirects=1; outlinks_to_404=3; descriptive_anchor_ratio=1.00 n=149; hub_relationship=links_to_parent_hub; strongest_contextual_source=/netherlands/practical-life/waste-and-recycling-netherlands/
https://www.expatcopilot.com/netherlands/visa-application-plan/,tool_calculator,visas_immigration,https://www.expatcopilot.com/netherlands/moving/visas-residency/,19,19,19,0,62,2,2,no,no,2,2,INDEXABLE,INFO,outlinks_to_redirects=2; outlinks_to_404=2; descriptive_anchor_ratio=1.00 n=48; hub_relationship=links_to_parent_hub; strongest_contextual_source=/netherlands/apostille-documents-netherlands/
https://www.expatcopilot.com/netherlands/visa-checker/,tool_calculator,visas_immigration,https://www.expatcopilot.com/netherlands/moving/visas-residency/,41,41,41,0,64,2,1,no,no,1,2,INDEXABLE,INFO,outlinks_to_redirects=1; outlinks_to_404=2; descriptive_anchor_ratio=1.00 n=112; hub_relationship=links_to_parent_hub; strongest_contextual_source=/netherlands/apostille-documents-netherlands/
https://www.expatcopilot.com/netherlands/visa-cost-calculator/,tool_calculator,visas_immigration,https://www.expatcopilot.com/netherlands/moving/visas-residency/,72,72,72,0,59,2,2,no,no,1,2,INDEXABLE,INFO,outlinks_to_redirects=1; outlinks_to_404=2; descriptive_anchor_ratio=1.00 n=153; hub_relationship=links_to_parent_hub; strongest_contextual_source=/netherlands/moving/tools/hsm-salary-checker/
https://www.expatcopilot.com/netherlands/visa-timeline-estimator/,tool_calculator,visas_immigration,https://www.expatcopilot.com/netherlands/moving/visas-residency/,37,37,37,0,63,2,2,no,no,1,2,INDEXABLE,INFO,outlinks_to_redirects=1; outlinks_to_404=2; descriptive_anchor_ratio=1.00 n=45; hub_relationship=links_to_parent_hub; strongest_contextual_source=/netherlands/municipality-registration-netherlands/
https://www.expatcopilot.com/netherlands/visa/compare-visas/,visa_guide,visas_immigration,https://www.expatcopilot.com/netherlands/moving/visas-residency/,45,45,45,0,62,2,1,no,no,1,2,INDEXABLE,INFO,outlinks_to_redirects=1; outlinks_to_404=2; descriptive_anchor_ratio=1.00 n=71; hub_relationship=links_to_parent_hub; strongest_contextual_source=/netherlands/moving-to-the-netherlands/
https://www.expatcopilot.com/netherlands/visa/dutch-american-friendship-treaty/,visa_guide,visas_immigration,https://www.expatcopilot.com/netherlands/moving/visas-residency/,44,44,44,0,68,2,2,no,no,3,2,INDEXABLE,INFO,outlinks_to_redirects=3; outlinks_to_404=2; descriptive_anchor_ratio=1.00 n=63; hub_relationship=links_to_parent_hub; strongest_contextual_source=/netherlands/moving/tools/moving-checklist/from/chile/
https://www.expatcopilot.com/netherlands/visa/eu-blue-card/,visa_guide,visas_immigration,https://www.expatcopilot.com/netherlands/moving/visas-residency/,54,54,54,0,68,2,2,no,no,3,2,INDEXABLE,INFO,outlinks_to_redirects=3; outlinks_to_404=2; descriptive_anchor_ratio=1.00 n=72; hub_relationship=links_to_parent_hub; strongest_contextual_source=/netherlands/moving/tools/hsm-salary-checker/
https://www.expatcopilot.com/netherlands/visa/highly-skilled-migrant/,visa_guide,visas_immigration,https://www.expatcopilot.com/netherlands/moving/visas-residency/,61,61,61,0,74,2,2,no,no,4,2,INDEXABLE,INFO,outlinks_to_redirects=4; outlinks_to_404=2; descriptive_anchor_ratio=1.00 n=119; hub_relationship=links_to_parent_hub; strongest_contextual_source=/netherlands/moving/tools/hsm-salary-checker/
https://www.expatcopilot.com/netherlands/visa/partner-family-visa/,visa_guide,visas_immigration,https://www.expatcopilot.com/netherlands/moving/visas-residency/,100,100,100,0,68,2,1,no,no,3,2,INDEXABLE,INFO,outlinks_to_redirects=3; outlinks_to_404=2; descriptive_anchor_ratio=1.00 n=122; hub_relationship=links_to_parent_hub; strongest_contextual_source=/netherlands/moving/tools/moving-checklist/from/uae/
https://www.expatcopilot.com/netherlands/visa/self-employed-visa/,visa_guide,visas_immigration,https://www.expatcopilot.com/netherlands/moving/visas-residency/,69,69,69,0,71,2,1,no,no,4,2,INDEXABLE,INFO,outlinks_to_redirects=4; outlinks_to_404=2; descriptive_anchor_ratio=1.00 n=91; hub_relationship=links_to_parent_hub; strongest_contextual_source=/netherlands/moving/tools/document-readiness/from/south-korea/
https://www.expatcopilot.com/netherlands/visa/student-visa/,visa_guide,visas_immigration,https://www.expatcopilot.com/netherlands/moving/visas-residency/,71,71,71,0,67,2,1,no,no,3,2,INDEXABLE,INFO,outlinks_to_redirects=3; outlinks_to_404=2; descriptive_anchor_ratio=1.00 n=97; hub_relationship=links_to_parent_hub; strongest_contextual_source=/netherlands/moving/tools/moving-checklist/from/chile/
https://www.expatcopilot.com/netherlands/work/tools/,tool_calculator,working,https://www.expatcopilot.com/netherlands/moving/working-in-the-netherlands/,15,15,15,0,65,2,1,no,no,1,2,INDEXABLE,INFO,outlinks_to_redirects=1; outlinks_to_404=2; descriptive_anchor_ratio=1.00 n=22; hub_relationship=links_to_parent_hub; strongest_contextual_source=/netherlands/work/tools/employment-contract-risk-scanner/
https://www.expatcopilot.com/netherlands/work/tools/employment-contract-risk-scanner/,tool_calculator,working,https://www.expatcopilot.com/netherlands/moving/working-in-the-netherlands/,17,17,17,0,55,2,1,no,no,1,2,INDEXABLE,INFO,outlinks_to_redirects=1; outlinks_to_404=2; descriptive_anchor_ratio=1.00 n=57; hub_relationship=links_to_parent_hub; strongest_contextual_source=/netherlands/work/tools/employment-type-scenario-tool/
https://www.expatcopilot.com/netherlands/work/tools/employment-type-scenario-tool/,tool_calculator,working,https://www.expatcopilot.com/netherlands/moving/working-in-the-netherlands/,20,20,20,0,63,2,1,no,no,1,2,INDEXABLE,INFO,outlinks_to_redirects=1; outlinks_to_404=2; descriptive_anchor_ratio=1.00 n=55; hub_relationship=links_to_parent_hub; strongest_contextual_source=/netherlands/money/banking/best-bank-zzp/
https://www.expatcopilot.com/netherlands/work/tools/job-offer-comparison/,tool_calculator,working,https://www.expatcopilot.com/netherlands/moving/working-in-the-netherlands/,26,26,26,0,69,2,1,no,no,3,2,INDEXABLE,INFO,outlinks_to_redirects=3; outlinks_to_404=2; descriptive_anchor_ratio=1.00 n=81; hub_relationship=links_to_parent_hub; strongest_contextual_source=/netherlands/living/weather/
https://www.expatcopilot.com/netherlands/work/tools/payslip-decoder/,tool_calculator,working,https://www.expatcopilot.com/netherlands/moving/working-in-the-netherlands/,28,28,28,0,66,2,1,no,no,1,2,INDEXABLE,INFO,outlinks_to_redirects=1; outlinks_to_404=2; descriptive_anchor_ratio=1.00 n=116; hub_relationship=links_to_parent_hub; strongest_contextual_source=/netherlands/work/tools/employment-contract-risk-scanner/
https://www.expatcopilot.com/privacy/,trust_legal,trust_legal,https://www.expatcopilot.com/about/,444,444,0,444,31,1,1,no,no,1,2,INDEXABLE,INFO,receives sitewide/explore-block or chrome links on most pages; outlinks_to_redirects=1; outlinks_to_404=2; descriptive_anchor_ratio=1.00 n=450; hub_relationship=links_to_parent_hub
https://www.expatcopilot.com/sitemap/,hub,other,,444,444,0,444,225,1,,no,no,7,3,INDEXABLE,INFO,receives sitewide/explore-block or chrome links on most pages; outlinks_to_redirects=7; outlinks_to_404=3; descriptive_anchor_ratio=1.00 n=445; hub_relationship=weak_or_missing_hub_link
https://www.expatcopilot.com/sources/,trust_legal,trust_legal,https://www.expatcopilot.com/about/,444,444,0,444,31,1,1,no,no,1,2,INDEXABLE,INFO,receives sitewide/explore-block or chrome links on most pages; outlinks_to_redirects=1; outlinks_to_404=2; descriptive_anchor_ratio=1.00 n=459; hub_relationship=links_to_parent_hub
https://www.expatcopilot.com/terms/,trust_legal,trust_legal,https://www.expatcopilot.com/about/,444,444,0,444,31,1,1,no,no,1,2,INDEXABLE,INFO,receives sitewide/explore-block or chrome links on most pages; outlinks_to_redirects=1; outlinks_to_404=2; descriptive_anchor_ratio=1.00 n=449; hub_relationship=links_to_parent_hub
