url,page_type,cluster,intent,indexability,technical_health,content_quality,internal_link_strength,gsc_clicks,gsc_impressions,gsc_ctr,gsc_position,opportunity,recommended_action,priority,confidence,notes
https://www.expatcopilot.com/dev/phase2-components/,dev,,INTENTIONALLY_NOINDEX,intentionally_noindex,n/a_not_index_target,adequate,n/a,,,,,intentional_noindex,KEEP_HIDDEN,INFO,medium,Intentional noindex/utility
https://www.expatcopilot.com/netherlands/average-rent-netherlands/,guide,,STAGED_NOT_LAUNCHED,intentionally_staged,n/a_not_index_target,adequate,n/a,,,,,staged_not_live,KEEP_HIDDEN,INFO,medium,Intentional staging — not an SEO failure
https://www.expatcopilot.com/netherlands/best-housing-websites-netherlands/,guide,,STAGED_NOT_LAUNCHED,intentionally_staged,n/a_not_index_target,adequate,n/a,,,,,staged_not_live,KEEP_HIDDEN,INFO,medium,Intentional staging — not an SEO failure
https://www.expatcopilot.com/netherlands/electricity-providers-netherlands/,guide,,STAGED_NOT_LAUNCHED,intentionally_staged,n/a_not_index_target,adequate,n/a,,,,,staged_not_live,KEEP_HIDDEN,INFO,medium,Intentional staging — not an SEO failure
https://www.expatcopilot.com/netherlands/expat-housing-agencies-netherlands/,guide,,STAGED_NOT_LAUNCHED,intentionally_staged,n/a_not_index_target,adequate,n/a,,,,,staged_not_live,KEEP_HIDDEN,INFO,medium,Intentional staging — not an SEO failure
https://www.expatcopilot.com/netherlands/family/tools/partner-work-eligibility-checker/,tool_calculator,tools_calculators,INTENTIONALLY_NOINDEX,intentionally_noindex,n/a_not_index_target,adequate,n/a,,,,,intentional_noindex,KEEP_HIDDEN,INFO,medium,Intentional noindex/utility
https://www.expatcopilot.com/netherlands/finding-apartment-netherlands/,guide,,STAGED_NOT_LAUNCHED,intentionally_staged,n/a_not_index_target,adequate,n/a,,,,,staged_not_live,KEEP_HIDDEN,INFO,medium,Intentional staging — not an SEO failure
https://www.expatcopilot.com/netherlands/furnished-vs-unfurnished-netherlands/,comparison,,STAGED_NOT_LAUNCHED,intentionally_staged,n/a_not_index_target,adequate,n/a,,,,,staged_not_live,KEEP_HIDDEN,INFO,medium,Intentional staging — not an SEO failure
https://www.expatcopilot.com/netherlands/health/tools/dutch-health-insurance-comparison-tool/,tool_calculator,tools_calculators,INTENTIONALLY_NOINDEX,intentionally_noindex,n/a_not_index_target,adequate,n/a,,,,,intentional_noindex,KEEP_HIDDEN,INFO,medium,Intentional noindex/utility
https://www.expatcopilot.com/netherlands/health/tools/insurance-comparison-tool/,tool_calculator,tools_calculators,INTENTIONALLY_NOINDEX,intentionally_noindex,n/a_not_index_target,adequate,n/a,,,,,intentional_noindex,KEEP_HIDDEN,INFO,medium,Intentional noindex/utility
https://www.expatcopilot.com/netherlands/housing-netherlands/,guide,,STAGED_NOT_LAUNCHED,intentionally_staged,n/a_not_index_target,adequate,n/a,,,,,staged_not_live,KEEP_HIDDEN,INFO,medium,Intentional staging — not an SEO failure
https://www.expatcopilot.com/netherlands/housing/neighborhoods/,guide,,STAGED_NOT_LAUNCHED,intentionally_staged,n/a_not_index_target,adequate,n/a,,,,,staged_not_live,KEEP_HIDDEN,INFO,medium,Intentional staging — not an SEO failure
https://www.expatcopilot.com/netherlands/housing/renting-in-amstelveen/,guide,,STAGED_NOT_LAUNCHED,intentionally_staged,n/a_not_index_target,adequate,n/a,,,,,staged_not_live,KEEP_HIDDEN,INFO,medium,Intentional staging — not an SEO failure
https://www.expatcopilot.com/netherlands/housing/renting-in-amsterdam/,guide,,STAGED_NOT_LAUNCHED,intentionally_staged,n/a_not_index_target,adequate,n/a,,,,,staged_not_live,KEEP_HIDDEN,INFO,medium,Intentional staging — not an SEO failure
https://www.expatcopilot.com/netherlands/housing/renting-in-delft/,guide,,STAGED_NOT_LAUNCHED,intentionally_staged,n/a_not_index_target,adequate,n/a,,,,,staged_not_live,KEEP_HIDDEN,INFO,medium,Intentional staging — not an SEO failure
https://www.expatcopilot.com/netherlands/housing/renting-in-eindhoven/,guide,,STAGED_NOT_LAUNCHED,intentionally_staged,n/a_not_index_target,adequate,n/a,,,,,staged_not_live,KEEP_HIDDEN,INFO,medium,Intentional staging — not an SEO failure
https://www.expatcopilot.com/netherlands/housing/renting-in-groningen/,guide,,STAGED_NOT_LAUNCHED,intentionally_staged,n/a_not_index_target,adequate,n/a,,,,,staged_not_live,KEEP_HIDDEN,INFO,medium,Intentional staging — not an SEO failure
https://www.expatcopilot.com/netherlands/housing/renting-in-haarlem/,guide,,STAGED_NOT_LAUNCHED,intentionally_staged,n/a_not_index_target,adequate,n/a,,,,,staged_not_live,KEEP_HIDDEN,INFO,medium,Intentional staging — not an SEO failure
https://www.expatcopilot.com/netherlands/housing/renting-in-leiden/,guide,,STAGED_NOT_LAUNCHED,intentionally_staged,n/a_not_index_target,adequate,n/a,,,,,staged_not_live,KEEP_HIDDEN,INFO,medium,Intentional staging — not an SEO failure
https://www.expatcopilot.com/netherlands/housing/renting-in-rotterdam/,guide,,STAGED_NOT_LAUNCHED,intentionally_staged,n/a_not_index_target,adequate,n/a,,,,,staged_not_live,KEEP_HIDDEN,INFO,medium,Intentional staging — not an SEO failure
https://www.expatcopilot.com/netherlands/housing/renting-in-the-hague/,guide,,STAGED_NOT_LAUNCHED,intentionally_staged,n/a_not_index_target,adequate,n/a,,,,,staged_not_live,KEEP_HIDDEN,INFO,medium,Intentional staging — not an SEO failure
https://www.expatcopilot.com/netherlands/housing/renting-in-the-netherlands/,guide,,STAGED_NOT_LAUNCHED,intentionally_staged,n/a_not_index_target,adequate,n/a,,,,,staged_not_live,KEEP_HIDDEN,INFO,medium,Intentional staging — not an SEO failure
https://www.expatcopilot.com/netherlands/housing/renting-in-utrecht/,guide,,STAGED_NOT_LAUNCHED,intentionally_staged,n/a_not_index_target,adequate,n/a,,,,,staged_not_live,KEEP_HIDDEN,INFO,medium,Intentional staging — not an SEO failure
https://www.expatcopilot.com/netherlands/housing/social-housing-netherlands/,guide,,STAGED_NOT_LAUNCHED,intentionally_staged,n/a_not_index_target,adequate,n/a,,,,,staged_not_live,KEEP_HIDDEN,INFO,medium,Intentional staging — not an SEO failure
https://www.expatcopilot.com/netherlands/housing/temporary-accommodation-netherlands/,guide,,STAGED_NOT_LAUNCHED,intentionally_staged,n/a_not_index_target,adequate,n/a,,,,,staged_not_live,KEEP_HIDDEN,INFO,medium,Intentional staging — not an SEO failure
https://www.expatcopilot.com/netherlands/housing/tools/buy-vs-rent-calculator/,tool_calculator,tools_calculators,INTENTIONALLY_NOINDEX,intentionally_noindex,n/a_not_index_target,adequate,n/a,,,,,intentional_noindex,KEEP_HIDDEN,INFO,medium,Intentional noindex/utility
https://www.expatcopilot.com/netherlands/housing/tools/deposit-return-risk-checker/,tool_calculator,tools_calculators,INTENTIONALLY_NOINDEX,intentionally_noindex,n/a_not_index_target,adequate,n/a,,,,,intentional_noindex,KEEP_HIDDEN,INFO,medium,Intentional noindex/utility
https://www.expatcopilot.com/netherlands/housing/tools/dutch-rental-budget-calculator/,tool_calculator,tools_calculators,INTENTIONALLY_NOINDEX,intentionally_noindex,n/a_not_index_target,adequate,n/a,,,,,intentional_noindex,KEEP_HIDDEN,INFO,medium,Intentional noindex/utility
https://www.expatcopilot.com/netherlands/housing/tools/mortgage-comparison-tool/,tool_calculator,tools_calculators,INTENTIONALLY_NOINDEX,intentionally_noindex,n/a_not_index_target,adequate,n/a,,,,,intentional_noindex,KEEP_HIDDEN,INFO,medium,Intentional noindex/utility
https://www.expatcopilot.com/netherlands/housing/tools/mortgage-eligibility-estimator/,tool_calculator,tools_calculators,INTENTIONALLY_NOINDEX,intentionally_noindex,n/a_not_index_target,adequate,n/a,,,,,intentional_noindex,KEEP_HIDDEN,INFO,medium,Intentional noindex/utility
https://www.expatcopilot.com/netherlands/how-to-rent-in-netherlands/,guide,,STAGED_NOT_LAUNCHED,intentionally_staged,n/a_not_index_target,adequate,n/a,,,,,staged_not_live,KEEP_HIDDEN,INFO,medium,Intentional staging — not an SEO failure
https://www.expatcopilot.com/netherlands/integration/tools/inburgering-timeline-planner/,tool_calculator,tools_calculators,INTENTIONALLY_NOINDEX,intentionally_noindex,n/a_not_index_target,adequate,n/a,,,,,intentional_noindex,KEEP_HIDDEN,INFO,medium,Intentional noindex/utility
https://www.expatcopilot.com/netherlands/integration/tools/knm-knowledge-quiz/,tool_calculator,tools_calculators,INTENTIONALLY_NOINDEX,intentionally_noindex,n/a_not_index_target,adequate,n/a,,,,,intentional_noindex,KEEP_HIDDEN,INFO,medium,Intentional noindex/utility
https://www.expatcopilot.com/netherlands/internet-providers-netherlands/,guide,,STAGED_NOT_LAUNCHED,intentionally_staged,n/a_not_index_target,adequate,n/a,,,,,staged_not_live,KEEP_HIDDEN,INFO,medium,Intentional staging — not an SEO failure
https://www.expatcopilot.com/netherlands/inventory-check-rental-netherlands/,guide,,STAGED_NOT_LAUNCHED,intentionally_staged,n/a_not_index_target,adequate,n/a,,,,,staged_not_live,KEEP_HIDDEN,INFO,medium,Intentional staging — not an SEO failure
https://www.expatcopilot.com/netherlands/jobs/cover-letter-netherlands/,guide,,STAGED_NOT_LAUNCHED,intentionally_staged,n/a_not_index_target,adequate,n/a,,,,,staged_not_live,LAUNCH_WHEN_READY,INFO,medium,Intentional staging — not an SEO failure
https://www.expatcopilot.com/netherlands/jobs/cv-netherlands/,guide,,STAGED_NOT_LAUNCHED,intentionally_staged,n/a_not_index_target,adequate,n/a,,,,,staged_not_live,LAUNCH_WHEN_READY,INFO,medium,Intentional staging — not an SEO failure
https://www.expatcopilot.com/netherlands/jobs/english-speaking-jobs-netherlands/,guide,,STAGED_NOT_LAUNCHED,intentionally_staged,n/a_not_index_target,adequate,n/a,,,,,staged_not_live,LAUNCH_WHEN_READY,INFO,medium,Intentional staging — not an SEO failure
https://www.expatcopilot.com/netherlands/jobs/interview-tips-netherlands/,guide,,STAGED_NOT_LAUNCHED,intentionally_staged,n/a_not_index_target,adequate,n/a,,,,,staged_not_live,LAUNCH_WHEN_READY,INFO,medium,Intentional staging — not an SEO failure
https://www.expatcopilot.com/netherlands/jobs/linkedin-netherlands/,guide,,STAGED_NOT_LAUNCHED,intentionally_staged,n/a_not_index_target,adequate,n/a,,,,,staged_not_live,LAUNCH_WHEN_READY,INFO,medium,Intentional staging — not an SEO failure
https://www.expatcopilot.com/netherlands/jobs/networking-netherlands/,guide,,STAGED_NOT_LAUNCHED,intentionally_staged,n/a_not_index_target,adequate,n/a,,,,,staged_not_live,LAUNCH_WHEN_READY,INFO,medium,Intentional staging — not an SEO failure
https://www.expatcopilot.com/netherlands/jobs/recruitment-agencies-netherlands/,guide,,STAGED_NOT_LAUNCHED,intentionally_staged,n/a_not_index_target,adequate,n/a,,,,,staged_not_live,LAUNCH_WHEN_READY,INFO,medium,Intentional staging — not an SEO failure
https://www.expatcopilot.com/netherlands/jobs/remote-work-netherlands/,guide,,STAGED_NOT_LAUNCHED,intentionally_staged,n/a_not_index_target,adequate,n/a,,,,,staged_not_live,LAUNCH_WHEN_READY,INFO,medium,Intentional staging — not an SEO failure
https://www.expatcopilot.com/netherlands/jobs/starting-consultancy-netherlands/,guide,,STAGED_NOT_LAUNCHED,intentionally_staged,n/a_not_index_target,adequate,n/a,,,,,staged_not_live,LAUNCH_WHEN_READY,INFO,medium,Intentional staging — not an SEO failure
https://www.expatcopilot.com/netherlands/living/asian-supermarkets-netherlands/,guide,,STAGED_NOT_LAUNCHED,intentionally_staged,n/a_not_index_target,adequate,n/a,,,,,staged_not_live,LAUNCH_WHEN_READY,INFO,medium,Intentional staging — not an SEO failure
https://www.expatcopilot.com/netherlands/living/beach-towns-netherlands/,guide,,STAGED_NOT_LAUNCHED,intentionally_staged,n/a_not_index_target,adequate,n/a,,,,,staged_not_live,LAUNCH_WHEN_READY,INFO,medium,Intentional staging — not an SEO failure
https://www.expatcopilot.com/netherlands/living/best-supermarkets-netherlands/,guide,,STAGED_NOT_LAUNCHED,intentionally_staged,n/a_not_index_target,adequate,n/a,,,,,staged_not_live,LAUNCH_WHEN_READY,INFO,medium,Intentional staging — not an SEO failure
https://www.expatcopilot.com/netherlands/living/bike-sharing-netherlands/,guide,,STAGED_NOT_LAUNCHED,intentionally_staged,n/a_not_index_target,adequate,n/a,,,,,staged_not_live,LAUNCH_WHEN_READY,INFO,medium,Intentional staging — not an SEO failure
https://www.expatcopilot.com/netherlands/living/castles-netherlands/,guide,,STAGED_NOT_LAUNCHED,intentionally_staged,n/a_not_index_target,adequate,n/a,,,,,staged_not_live,LAUNCH_WHEN_READY,INFO,medium,Intentional staging — not an SEO failure
https://www.expatcopilot.com/netherlands/living/cheap-groceries-netherlands/,guide,,STAGED_NOT_LAUNCHED,intentionally_staged,n/a_not_index_target,adequate,n/a,,,,,staged_not_live,LAUNCH_WHEN_READY,INFO,medium,Intentional staging — not an SEO failure
https://www.expatcopilot.com/netherlands/living/cycling-netherlands/,guide,,STAGED_NOT_LAUNCHED,intentionally_staged,n/a_not_index_target,adequate,n/a,,,,,staged_not_live,LAUNCH_WHEN_READY,INFO,medium,Intentional staging — not an SEO failure
https://www.expatcopilot.com/netherlands/living/day-trips-netherlands/,guide,,STAGED_NOT_LAUNCHED,intentionally_staged,n/a_not_index_target,adequate,n/a,,,,,staged_not_live,LAUNCH_WHEN_READY,INFO,medium,Intentional staging — not an SEO failure
https://www.expatcopilot.com/netherlands/living/dutch-supermarkets/,guide,,STAGED_NOT_LAUNCHED,intentionally_staged,n/a_not_index_target,adequate,n/a,,,,,staged_not_live,LAUNCH_WHEN_READY,INFO,medium,Intentional staging — not an SEO failure
https://www.expatcopilot.com/netherlands/living/food-delivery-netherlands/,guide,,STAGED_NOT_LAUNCHED,intentionally_staged,n/a_not_index_target,adequate,n/a,,,,,staged_not_live,LAUNCH_WHEN_READY,INFO,medium,Intentional staging — not an SEO failure
https://www.expatcopilot.com/netherlands/living/hidden-gems-netherlands/,guide,,STAGED_NOT_LAUNCHED,intentionally_staged,n/a_not_index_target,adequate,n/a,,,,,staged_not_live,LAUNCH_WHEN_READY,INFO,medium,Intentional staging — not an SEO failure
https://www.expatcopilot.com/netherlands/living/hiking-netherlands/,guide,,STAGED_NOT_LAUNCHED,intentionally_staged,n/a_not_index_target,adequate,n/a,,,,,staged_not_live,LAUNCH_WHEN_READY,INFO,medium,Intentional staging — not an SEO failure
https://www.expatcopilot.com/netherlands/living/indian-supermarkets-netherlands/,guide,,STAGED_NOT_LAUNCHED,intentionally_staged,n/a_not_index_target,adequate,n/a,,,,,staged_not_live,LAUNCH_WHEN_READY,INFO,medium,Intentional staging — not an SEO failure
https://www.expatcopilot.com/netherlands/living/international-supermarkets-netherlands/,guide,,STAGED_NOT_LAUNCHED,intentionally_staged,n/a_not_index_target,adequate,n/a,,,,,staged_not_live,LAUNCH_WHEN_READY,INFO,medium,Intentional staging — not an SEO failure
https://www.expatcopilot.com/netherlands/living/meal-kits-netherlands/,guide,,STAGED_NOT_LAUNCHED,intentionally_staged,n/a_not_index_target,adequate,n/a,,,,,staged_not_live,LAUNCH_WHEN_READY,INFO,medium,Intentional staging — not an SEO failure
https://www.expatcopilot.com/netherlands/living/metro-netherlands/,guide,,STAGED_NOT_LAUNCHED,intentionally_staged,n/a_not_index_target,adequate,n/a,,,,,staged_not_live,LAUNCH_WHEN_READY,INFO,medium,Intentional staging — not an SEO failure
https://www.expatcopilot.com/netherlands/living/museums-netherlands/,guide,,STAGED_NOT_LAUNCHED,intentionally_staged,n/a_not_index_target,adequate,n/a,,,,,staged_not_live,LAUNCH_WHEN_READY,INFO,medium,Intentional staging — not an SEO failure
https://www.expatcopilot.com/netherlands/living/national-parks-netherlands/,guide,,STAGED_NOT_LAUNCHED,intentionally_staged,n/a_not_index_target,adequate,n/a,,,,,staged_not_live,LAUNCH_WHEN_READY,INFO,medium,Intentional staging — not an SEO failure
https://www.expatcopilot.com/netherlands/living/ns-trains-netherlands/,guide,,STAGED_NOT_LAUNCHED,intentionally_staged,n/a_not_index_target,adequate,n/a,,,,,staged_not_live,LAUNCH_WHEN_READY,INFO,medium,Intentional staging — not an SEO failure
https://www.expatcopilot.com/netherlands/living/ov-chipkaart-netherlands/,guide,,STAGED_NOT_LAUNCHED,intentionally_staged,n/a_not_index_target,adequate,n/a,,,,,staged_not_live,LAUNCH_WHEN_READY,INFO,medium,Intentional staging — not an SEO failure
https://www.expatcopilot.com/netherlands/living/ovpay-netherlands/,guide,,STAGED_NOT_LAUNCHED,intentionally_staged,n/a_not_index_target,adequate,n/a,,,,,staged_not_live,LAUNCH_WHEN_READY,INFO,medium,Intentional staging — not an SEO failure
https://www.expatcopilot.com/netherlands/living/regional-buses-netherlands/,guide,,STAGED_NOT_LAUNCHED,intentionally_staged,n/a_not_index_target,adequate,n/a,,,,,staged_not_live,LAUNCH_WHEN_READY,INFO,medium,Intentional staging — not an SEO failure
https://www.expatcopilot.com/netherlands/living/restaurants-netherlands/,guide,,STAGED_NOT_LAUNCHED,intentionally_staged,n/a_not_index_target,adequate,n/a,,,,,staged_not_live,LAUNCH_WHEN_READY,INFO,medium,Intentional staging — not an SEO failure
https://www.expatcopilot.com/netherlands/living/road-trips-netherlands/,guide,,STAGED_NOT_LAUNCHED,intentionally_staged,n/a_not_index_target,adequate,n/a,,,,,staged_not_live,LAUNCH_WHEN_READY,INFO,medium,Intentional staging — not an SEO failure
https://www.expatcopilot.com/netherlands/living/south-african-shops-netherlands/,guide,,STAGED_NOT_LAUNCHED,intentionally_staged,n/a_not_index_target,adequate,n/a,,,,,staged_not_live,LAUNCH_WHEN_READY,INFO,medium,Intentional staging — not an SEO failure
https://www.expatcopilot.com/netherlands/living/tipping-netherlands/,guide,,STAGED_NOT_LAUNCHED,intentionally_staged,n/a_not_index_target,adequate,n/a,,,,,staged_not_live,LAUNCH_WHEN_READY,INFO,medium,Intentional staging — not an SEO failure
https://www.expatcopilot.com/netherlands/living/train-discounts-netherlands/,guide,,STAGED_NOT_LAUNCHED,intentionally_staged,n/a_not_index_target,adequate,n/a,,,,,staged_not_live,LAUNCH_WHEN_READY,INFO,medium,Intentional staging — not an SEO failure
https://www.expatcopilot.com/netherlands/living/trams-netherlands/,guide,,STAGED_NOT_LAUNCHED,intentionally_staged,n/a_not_index_target,adequate,n/a,,,,,staged_not_live,LAUNCH_WHEN_READY,INFO,medium,Intentional staging — not an SEO failure
https://www.expatcopilot.com/netherlands/living/turkish-supermarkets-netherlands/,guide,,STAGED_NOT_LAUNCHED,intentionally_staged,n/a_not_index_target,adequate,n/a,,,,,staged_not_live,LAUNCH_WHEN_READY,INFO,medium,Intentional staging — not an SEO failure
https://www.expatcopilot.com/netherlands/living/weekend-travel-netherlands/,guide,,STAGED_NOT_LAUNCHED,intentionally_staged,n/a_not_index_target,adequate,n/a,,,,,staged_not_live,LAUNCH_WHEN_READY,INFO,medium,Intentional staging — not an SEO failure
https://www.expatcopilot.com/netherlands/living/weekend-trips-netherlands/,guide,,STAGED_NOT_LAUNCHED,intentionally_staged,n/a_not_index_target,adequate,n/a,,,,,staged_not_live,LAUNCH_WHEN_READY,INFO,medium,Intentional staging — not an SEO failure
https://www.expatcopilot.com/netherlands/money/tools/employment-tax-overview-tool/,tool_calculator,tools_calculators,INTENTIONALLY_NOINDEX,intentionally_noindex,n/a_not_index_target,adequate,n/a,,,,,intentional_noindex,KEEP_HIDDEN,INFO,medium,Intentional noindex/utility
https://www.expatcopilot.com/netherlands/moving/tools/bsn-readiness-checker/,tool_calculator,tools_calculators,INTENTIONALLY_NOINDEX,intentionally_noindex,n/a_not_index_target,adequate,n/a,,,,,intentional_noindex,KEEP_HIDDEN,INFO,medium,Intentional noindex/utility
https://www.expatcopilot.com/netherlands/moving/tools/moving-cost-calculator/,tool_calculator,tools_calculators,INTENTIONALLY_NOINDEX,intentionally_noindex,n/a_not_index_target,adequate,n/a,,,,,intentional_noindex,KEEP_HIDDEN,INFO,medium,Intentional noindex/utility
https://www.expatcopilot.com/netherlands/practical-life/bsn-netherlands/,guide,,STAGED_NOT_LAUNCHED,intentionally_staged,n/a_not_index_target,adequate,n/a,,,,,staged_not_live,KEEP_HIDDEN,INFO,medium,Intentional staging — not an SEO failure
https://www.expatcopilot.com/netherlands/practical-life/local-taxes-netherlands/,guide,,STAGED_NOT_LAUNCHED,intentionally_staged,n/a_not_index_target,adequate,n/a,,,,,staged_not_live,KEEP_HIDDEN,INFO,medium,Intentional staging — not an SEO failure
https://www.expatcopilot.com/netherlands/private-rental-netherlands/,guide,,STAGED_NOT_LAUNCHED,intentionally_staged,n/a_not_index_target,adequate,n/a,,,,,staged_not_live,KEEP_HIDDEN,INFO,medium,Intentional staging — not an SEO failure
https://www.expatcopilot.com/netherlands/registering-address-rental/,guide,,STAGED_NOT_LAUNCHED,intentionally_staged,n/a_not_index_target,adequate,n/a,,,,,staged_not_live,KEEP_HIDDEN,INFO,medium,Intentional staging — not an SEO failure
https://www.expatcopilot.com/netherlands/rent-control-netherlands/,guide,,STAGED_NOT_LAUNCHED,intentionally_staged,n/a_not_index_target,adequate,n/a,,,,,staged_not_live,KEEP_HIDDEN,INFO,medium,Intentional staging — not an SEO failure
https://www.expatcopilot.com/netherlands/rent-increase-rules-netherlands/,guide,,STAGED_NOT_LAUNCHED,intentionally_staged,n/a_not_index_target,adequate,n/a,,,,,staged_not_live,KEEP_HIDDEN,INFO,medium,Intentional staging — not an SEO failure
https://www.expatcopilot.com/netherlands/rent-prices-amsterdam/,guide,,STAGED_NOT_LAUNCHED,intentionally_staged,n/a_not_index_target,adequate,n/a,,,,,staged_not_live,KEEP_HIDDEN,INFO,medium,Intentional staging — not an SEO failure
https://www.expatcopilot.com/netherlands/rent-prices-rotterdam/,guide,,STAGED_NOT_LAUNCHED,intentionally_staged,n/a_not_index_target,adequate,n/a,,,,,staged_not_live,KEEP_HIDDEN,INFO,medium,Intentional staging — not an SEO failure
https://www.expatcopilot.com/netherlands/rent-prices-utrecht/,guide,,STAGED_NOT_LAUNCHED,intentionally_staged,n/a_not_index_target,adequate,n/a,,,,,staged_not_live,KEEP_HIDDEN,INFO,medium,Intentional staging — not an SEO failure
https://www.expatcopilot.com/netherlands/rental-contract-netherlands/,guide,,STAGED_NOT_LAUNCHED,intentionally_staged,n/a_not_index_target,adequate,n/a,,,,,staged_not_live,KEEP_HIDDEN,INFO,medium,Intentional staging — not an SEO failure
https://www.expatcopilot.com/netherlands/rental-deposit-netherlands/,guide,,STAGED_NOT_LAUNCHED,intentionally_staged,n/a_not_index_target,adequate,n/a,,,,,staged_not_live,KEEP_HIDDEN,INFO,medium,Intentional staging — not an SEO failure
https://www.expatcopilot.com/netherlands/rental-insurance-netherlands/,guide,,STAGED_NOT_LAUNCHED,intentionally_staged,n/a_not_index_target,adequate,n/a,,,,,staged_not_live,KEEP_HIDDEN,INFO,medium,Intentional staging — not an SEO failure
https://www.expatcopilot.com/netherlands/renter-rights-netherlands/,guide,,STAGED_NOT_LAUNCHED,intentionally_staged,n/a_not_index_target,adequate,n/a,,,,,staged_not_live,KEEP_HIDDEN,INFO,medium,Intentional staging — not an SEO failure
https://www.expatcopilot.com/netherlands/renting-in-netherlands/,guide,,STAGED_NOT_LAUNCHED,intentionally_staged,n/a_not_index_target,adequate,n/a,,,,,staged_not_live,KEEP_HIDDEN,INFO,medium,Intentional staging — not an SEO failure
https://www.expatcopilot.com/netherlands/renting-in-the-netherlands/,guide,,STAGED_NOT_LAUNCHED,intentionally_staged,n/a_not_index_target,adequate,n/a,,,,,staged_not_live,KEEP_HIDDEN,INFO,medium,Intentional staging — not an SEO failure
https://www.expatcopilot.com/netherlands/reporting-bad-landlord-netherlands/,guide,,STAGED_NOT_LAUNCHED,intentionally_staged,n/a_not_index_target,adequate,n/a,,,,,staged_not_live,KEEP_HIDDEN,INFO,medium,Intentional staging — not an SEO failure
https://www.expatcopilot.com/netherlands/services/accountants/,service_directory,,STAGED_NOT_LAUNCHED,intentionally_staged,n/a_not_index_target,adequate,n/a,,,,,staged_not_live,LAUNCH_WHEN_READY,INFO,medium,Intentional staging — not an SEO failure
https://www.expatcopilot.com/netherlands/services/bank-comparison/,service_directory,,STAGED_NOT_LAUNCHED,intentionally_staged,n/a_not_index_target,adequate,n/a,,,,,staged_not_live,KEEP_HIDDEN,INFO,medium,Intentional staging — not an SEO failure
https://www.expatcopilot.com/netherlands/services/business-consultants/,service_directory,,STAGED_NOT_LAUNCHED,intentionally_staged,n/a_not_index_target,adequate,n/a,,,,,staged_not_live,LAUNCH_WHEN_READY,INFO,medium,Intentional staging — not an SEO failure
https://www.expatcopilot.com/netherlands/services/cleaning-companies/,service_directory,,STAGED_NOT_LAUNCHED,intentionally_staged,n/a_not_index_target,adequate,n/a,,,,,staged_not_live,LAUNCH_WHEN_READY,INFO,medium,Intentional staging — not an SEO failure
https://www.expatcopilot.com/netherlands/services/compare-health-insurance/,service_directory,,STAGED_NOT_LAUNCHED,intentionally_staged,n/a_not_index_target,adequate,n/a,,,,,staged_not_live,KEEP_HIDDEN,INFO,medium,Intentional staging — not an SEO failure
https://www.expatcopilot.com/netherlands/services/daycare-providers/,service_directory,,STAGED_NOT_LAUNCHED,intentionally_staged,n/a_not_index_target,adequate,n/a,,,,,staged_not_live,LAUNCH_WHEN_READY,INFO,medium,Intentional staging — not an SEO failure
https://www.expatcopilot.com/netherlands/services/energy-providers/,service_directory,,STAGED_NOT_LAUNCHED,intentionally_staged,n/a_not_index_target,adequate,n/a,,,,,staged_not_live,LAUNCH_WHEN_READY,INFO,medium,Intentional staging — not an SEO failure
https://www.expatcopilot.com/netherlands/services/estate-agents/,service_directory,,STAGED_NOT_LAUNCHED,intentionally_staged,n/a_not_index_target,adequate,n/a,,,,,staged_not_live,LAUNCH_WHEN_READY,INFO,medium,Intentional staging — not an SEO failure
https://www.expatcopilot.com/netherlands/services/expat-housing-agencies/,service_directory,,STAGED_NOT_LAUNCHED,intentionally_staged,n/a_not_index_target,adequate,n/a,,,,,staged_not_live,KEEP_HIDDEN,INFO,medium,Intentional staging — not an SEO failure
https://www.expatcopilot.com/netherlands/services/handymen/,service_directory,,STAGED_NOT_LAUNCHED,intentionally_staged,n/a_not_index_target,adequate,n/a,,,,,staged_not_live,LAUNCH_WHEN_READY,INFO,medium,Intentional staging — not an SEO failure
https://www.expatcopilot.com/netherlands/services/insurance-brokers/,service_directory,,STAGED_NOT_LAUNCHED,intentionally_staged,n/a_not_index_target,adequate,n/a,,,,,staged_not_live,LAUNCH_WHEN_READY,INFO,medium,Intentional staging — not an SEO failure
https://www.expatcopilot.com/netherlands/services/international-schools/,service_directory,,STAGED_NOT_LAUNCHED,intentionally_staged,n/a_not_index_target,adequate,n/a,,,,,staged_not_live,LAUNCH_WHEN_READY,INFO,medium,Intentional staging — not an SEO failure
https://www.expatcopilot.com/netherlands/services/international-shipping/,service_directory,,STAGED_NOT_LAUNCHED,intentionally_staged,n/a_not_index_target,adequate,n/a,,,,,staged_not_live,KEEP_HIDDEN,INFO,medium,Intentional staging — not an SEO failure
https://www.expatcopilot.com/netherlands/services/internet-providers/,service_directory,,STAGED_NOT_LAUNCHED,intentionally_staged,n/a_not_index_target,adequate,n/a,,,,,staged_not_live,LAUNCH_WHEN_READY,INFO,medium,Intentional staging — not an SEO failure
https://www.expatcopilot.com/netherlands/services/moving-companies/,service_directory,,STAGED_NOT_LAUNCHED,intentionally_staged,n/a_not_index_target,adequate,n/a,,,,,staged_not_live,LAUNCH_WHEN_READY,INFO,medium,Intentional staging — not an SEO failure
https://www.expatcopilot.com/netherlands/services/notaries/,service_directory,,STAGED_NOT_LAUNCHED,intentionally_staged,n/a_not_index_target,adequate,n/a,,,,,staged_not_live,LAUNCH_WHEN_READY,INFO,medium,Intentional staging — not an SEO failure
https://www.expatcopilot.com/netherlands/services/pet-relocation-companies/,service_directory,,STAGED_NOT_LAUNCHED,intentionally_staged,n/a_not_index_target,adequate,n/a,,,,,staged_not_live,LAUNCH_WHEN_READY,INFO,medium,Intentional staging — not an SEO failure
https://www.expatcopilot.com/netherlands/services/phone-providers/,service_directory,,STAGED_NOT_LAUNCHED,intentionally_staged,n/a_not_index_target,adequate,n/a,,,,,staged_not_live,LAUNCH_WHEN_READY,INFO,medium,Intentional staging — not an SEO failure
https://www.expatcopilot.com/netherlands/services/real-estate-agents/,service_directory,,STAGED_NOT_LAUNCHED,intentionally_staged,n/a_not_index_target,adequate,n/a,,,,,staged_not_live,KEEP_HIDDEN,INFO,medium,Intentional staging — not an SEO failure
https://www.expatcopilot.com/netherlands/services/removal-companies/,service_directory,,STAGED_NOT_LAUNCHED,intentionally_staged,n/a_not_index_target,adequate,n/a,,,,,staged_not_live,LAUNCH_WHEN_READY,INFO,medium,Intentional staging — not an SEO failure
https://www.expatcopilot.com/netherlands/services/storage-companies/,service_directory,,STAGED_NOT_LAUNCHED,intentionally_staged,n/a_not_index_target,adequate,n/a,,,,,staged_not_live,LAUNCH_WHEN_READY,INFO,medium,Intentional staging — not an SEO failure
https://www.expatcopilot.com/netherlands/services/temporary-accommodation/,service_directory,,STAGED_NOT_LAUNCHED,intentionally_staged,n/a_not_index_target,adequate,n/a,,,,,staged_not_live,KEEP_HIDDEN,INFO,medium,Intentional staging — not an SEO failure
https://www.expatcopilot.com/netherlands/services/work-permit-services/,service_directory,,STAGED_NOT_LAUNCHED,intentionally_staged,n/a_not_index_target,adequate,n/a,,,,,staged_not_live,KEEP_HIDDEN,INFO,medium,Intentional staging — not an SEO failure
https://www.expatcopilot.com/netherlands/social-housing-netherlands/,guide,,STAGED_NOT_LAUNCHED,intentionally_staged,n/a_not_index_target,adequate,n/a,,,,,staged_not_live,KEEP_HIDDEN,INFO,medium,Intentional staging — not an SEO failure
https://www.expatcopilot.com/netherlands/taxes/30-ruling-application/,guide,,STAGED_NOT_LAUNCHED,intentionally_staged,n/a_not_index_target,adequate,n/a,,,,,staged_not_live,KEEP_HIDDEN,INFO,medium,Intentional staging — not an SEO failure
https://www.expatcopilot.com/netherlands/taxes/30-ruling-eligibility/,guide,,STAGED_NOT_LAUNCHED,intentionally_staged,n/a_not_index_target,adequate,n/a,,,,,staged_not_live,KEEP_HIDDEN,INFO,medium,Intentional staging — not an SEO failure
https://www.expatcopilot.com/netherlands/taxes/30-ruling-expiry/,guide,,STAGED_NOT_LAUNCHED,intentionally_staged,n/a_not_index_target,adequate,n/a,,,,,staged_not_live,KEEP_HIDDEN,INFO,medium,Intentional staging — not an SEO failure
https://www.expatcopilot.com/netherlands/taxes/30-ruling-salary-requirements/,guide,,STAGED_NOT_LAUNCHED,intentionally_staged,n/a_not_index_target,adequate,n/a,,,,,staged_not_live,KEEP_HIDDEN,INFO,medium,Intentional staging — not an SEO failure
https://www.expatcopilot.com/netherlands/taxes/bsn-and-tax-system/,guide,,STAGED_NOT_LAUNCHED,intentionally_staged,n/a_not_index_target,adequate,n/a,,,,,staged_not_live,KEEP_HIDDEN,INFO,medium,Intentional staging — not an SEO failure
https://www.expatcopilot.com/netherlands/taxes/cost-of-living-amsterdam/,guide,,STAGED_NOT_LAUNCHED,intentionally_staged,n/a_not_index_target,adequate,n/a,,,,,staged_not_live,KEEP_HIDDEN,INFO,medium,Intentional staging — not an SEO failure
https://www.expatcopilot.com/netherlands/taxes/cost-of-living-eindhoven/,guide,,STAGED_NOT_LAUNCHED,intentionally_staged,n/a_not_index_target,adequate,n/a,,,,,staged_not_live,KEEP_HIDDEN,INFO,medium,Intentional staging — not an SEO failure
https://www.expatcopilot.com/netherlands/taxes/cost-of-living-rotterdam/,guide,,STAGED_NOT_LAUNCHED,intentionally_staged,n/a_not_index_target,adequate,n/a,,,,,staged_not_live,KEEP_HIDDEN,INFO,medium,Intentional staging — not an SEO failure
https://www.expatcopilot.com/netherlands/taxes/cost-of-living-the-hague/,guide,,STAGED_NOT_LAUNCHED,intentionally_staged,n/a_not_index_target,adequate,n/a,,,,,staged_not_live,KEEP_HIDDEN,INFO,medium,Intentional staging — not an SEO failure
https://www.expatcopilot.com/netherlands/taxes/cost-of-living-utrecht/,guide,,STAGED_NOT_LAUNCHED,intentionally_staged,n/a_not_index_target,adequate,n/a,,,,,staged_not_live,KEEP_HIDDEN,INFO,medium,Intentional staging — not an SEO failure
https://www.expatcopilot.com/netherlands/taxes/dutch-tax-calendar/,guide,,STAGED_NOT_LAUNCHED,intentionally_staged,n/a_not_index_target,adequate,n/a,,,,,staged_not_live,KEEP_HIDDEN,INFO,medium,Intentional staging — not an SEO failure
https://www.expatcopilot.com/netherlands/taxes/expat-tax-return/,guide,,STAGED_NOT_LAUNCHED,intentionally_staged,n/a_not_index_target,adequate,n/a,,,,,staged_not_live,KEEP_HIDDEN,INFO,medium,Intentional staging — not an SEO failure
https://www.expatcopilot.com/netherlands/taxes/self-employed-tax-netherlands/,guide,,STAGED_NOT_LAUNCHED,intentionally_staged,n/a_not_index_target,adequate,n/a,,,,,staged_not_live,KEEP_HIDDEN,INFO,medium,Intentional staging — not an SEO failure
https://www.expatcopilot.com/netherlands/taxes/tax-advisors-netherlands/,guide,,STAGED_NOT_LAUNCHED,intentionally_staged,n/a_not_index_target,adequate,n/a,,,,,staged_not_live,KEEP_HIDDEN,INFO,medium,Intentional staging — not an SEO failure
https://www.expatcopilot.com/netherlands/taxes/tax-brackets-netherlands/,guide,,STAGED_NOT_LAUNCHED,intentionally_staged,n/a_not_index_target,adequate,n/a,,,,,staged_not_live,KEEP_HIDDEN,INFO,medium,Intentional staging — not an SEO failure
https://www.expatcopilot.com/netherlands/taxes/tools/allowance-estimator/,tool_calculator,tools_calculators,STAGED_NOT_LAUNCHED,intentionally_staged,n/a_not_index_target,adequate,n/a,,,,,staged_not_live,KEEP_HIDDEN,INFO,medium,Intentional staging — not an SEO failure
https://www.expatcopilot.com/netherlands/taxes/tools/double-tax-checker/,tool_calculator,tools_calculators,STAGED_NOT_LAUNCHED,intentionally_staged,n/a_not_index_target,adequate,n/a,,,,,staged_not_live,KEEP_HIDDEN,INFO,medium,Intentional staging — not an SEO failure
https://www.expatcopilot.com/netherlands/taxes/tools/net-salary-calculator/,tool_calculator,tools_calculators,STAGED_NOT_LAUNCHED,intentionally_staged,n/a_not_index_target,adequate,n/a,,,,,staged_not_live,KEEP_HIDDEN,INFO,medium,Intentional staging — not an SEO failure
https://www.expatcopilot.com/netherlands/taxes/zzp-tax-netherlands/,guide,,STAGED_NOT_LAUNCHED,intentionally_staged,n/a_not_index_target,adequate,n/a,,,,,staged_not_live,KEEP_HIDDEN,INFO,medium,Intentional staging — not an SEO failure
https://www.expatcopilot.com/netherlands/temporary-housing-netherlands/,guide,,STAGED_NOT_LAUNCHED,intentionally_staged,n/a_not_index_target,adequate,n/a,,,,,staged_not_live,KEEP_HIDDEN,INFO,medium,Intentional staging — not an SEO failure
https://www.expatcopilot.com/netherlands/tools/advanced/ai-personal-benefits-finder/,tool_calculator,tools_calculators,INTENTIONALLY_NOINDEX,intentionally_noindex,n/a_not_index_target,adequate,n/a,,,,,intentional_noindex,KEEP_HIDDEN,INFO,medium,Intentional noindex/utility
https://www.expatcopilot.com/netherlands/tools/advanced/expat-visa-risk-tax-navigator/,tool_calculator,tools_calculators,INTENTIONALLY_NOINDEX,intentionally_noindex,n/a_not_index_target,adequate,n/a,,,,,intentional_noindex,KEEP_HIDDEN,INFO,medium,Intentional noindex/utility
https://www.expatcopilot.com/netherlands/tools/advanced/green-retrofit-planner/,tool_calculator,tools_calculators,INTENTIONALLY_NOINDEX,intentionally_noindex,n/a_not_index_target,adequate,n/a,,,,,intentional_noindex,KEEP_HIDDEN,INFO,medium,Intentional noindex/utility
https://www.expatcopilot.com/netherlands/tools/advanced/hidden-compensation-finder/,tool_calculator,tools_calculators,INTENTIONALLY_NOINDEX,intentionally_noindex,n/a_not_index_target,adequate,n/a,,,,,intentional_noindex,KEEP_HIDDEN,INFO,medium,Intentional noindex/utility
https://www.expatcopilot.com/netherlands/tools/advanced/insurance-coverage-gap-detector/,tool_calculator,tools_calculators,INTENTIONALLY_NOINDEX,intentionally_noindex,n/a_not_index_target,adequate,n/a,,,,,intentional_noindex,KEEP_HIDDEN,INFO,medium,Intentional noindex/utility
https://www.expatcopilot.com/netherlands/tools/advanced/rental-deposit-dispute-tool/,tool_calculator,tools_calculators,INTENTIONALLY_NOINDEX,intentionally_noindex,n/a_not_index_target,adequate,n/a,,,,,intentional_noindex,KEEP_HIDDEN,INFO,medium,Intentional noindex/utility
https://www.expatcopilot.com/netherlands/transport/tools/bike-vs-public-transport-cost-tool/,tool_calculator,tools_calculators,INTENTIONALLY_NOINDEX,intentionally_noindex,n/a_not_index_target,adequate,n/a,,,,,intentional_noindex,KEEP_HIDDEN,INFO,medium,Intentional noindex/utility
https://www.expatcopilot.com/netherlands/transport/tools/public-transport-cost-estimator/,tool_calculator,tools_calculators,INTENTIONALLY_NOINDEX,intentionally_noindex,n/a_not_index_target,adequate,n/a,,,,,intentional_noindex,KEEP_HIDDEN,INFO,medium,Intentional noindex/utility
https://www.expatcopilot.com/netherlands/utilities/district-heating-netherlands/,guide,,STAGED_NOT_LAUNCHED,intentionally_staged,n/a_not_index_target,adequate,n/a,,,,,staged_not_live,KEEP_HIDDEN,INFO,medium,Intentional staging — not an SEO failure
https://www.expatcopilot.com/netherlands/utilities/electricity-netherlands/,guide,,STAGED_NOT_LAUNCHED,intentionally_staged,n/a_not_index_target,adequate,n/a,,,,,staged_not_live,KEEP_HIDDEN,INFO,medium,Intentional staging — not an SEO failure
https://www.expatcopilot.com/netherlands/utilities/energy-providers-netherlands/,guide,,STAGED_NOT_LAUNCHED,intentionally_staged,n/a_not_index_target,adequate,n/a,,,,,staged_not_live,KEEP_HIDDEN,INFO,medium,Intentional staging — not an SEO failure
https://www.expatcopilot.com/netherlands/utilities/gas-netherlands/,guide,,STAGED_NOT_LAUNCHED,intentionally_staged,n/a_not_index_target,adequate,n/a,,,,,staged_not_live,KEEP_HIDDEN,INFO,medium,Intentional staging — not an SEO failure
https://www.expatcopilot.com/netherlands/utilities/internet-providers-netherlands/,guide,,STAGED_NOT_LAUNCHED,intentionally_staged,n/a_not_index_target,adequate,n/a,,,,,staged_not_live,KEEP_HIDDEN,INFO,medium,Intentional staging — not an SEO failure
https://www.expatcopilot.com/netherlands/utilities/mobile-providers-netherlands/,guide,,STAGED_NOT_LAUNCHED,intentionally_staged,n/a_not_index_target,adequate,n/a,,,,,staged_not_live,KEEP_HIDDEN,INFO,medium,Intentional staging — not an SEO failure
https://www.expatcopilot.com/netherlands/utilities/water-netherlands/,guide,,STAGED_NOT_LAUNCHED,intentionally_staged,n/a_not_index_target,adequate,n/a,,,,,staged_not_live,KEEP_HIDDEN,INFO,medium,Intentional staging — not an SEO failure
https://www.expatcopilot.com/netherlands/work/,guide,,STAGED_NOT_LAUNCHED,intentionally_staged,n/a_not_index_target,adequate,n/a,,,,,staged_not_live,KEEP_HIDDEN,INFO,medium,Intentional staging — not an SEO failure
https://www.expatcopilot.com/netherlands/work/job-websites-netherlands/,guide,,STAGED_NOT_LAUNCHED,intentionally_staged,n/a_not_index_target,adequate,n/a,,,,,staged_not_live,KEEP_HIDDEN,INFO,medium,Intentional staging — not an SEO failure
https://www.expatcopilot.com/netherlands/work/jobs-in-amsterdam/,guide,,STAGED_NOT_LAUNCHED,intentionally_staged,n/a_not_index_target,adequate,n/a,,,,,staged_not_live,KEEP_HIDDEN,INFO,medium,Intentional staging — not an SEO failure
https://www.expatcopilot.com/netherlands/work/jobs-in-eindhoven/,guide,,STAGED_NOT_LAUNCHED,intentionally_staged,n/a_not_index_target,adequate,n/a,,,,,staged_not_live,KEEP_HIDDEN,INFO,medium,Intentional staging — not an SEO failure
https://www.expatcopilot.com/netherlands/work/jobs-in-rotterdam/,guide,,STAGED_NOT_LAUNCHED,intentionally_staged,n/a_not_index_target,adequate,n/a,,,,,staged_not_live,KEEP_HIDDEN,INFO,medium,Intentional staging — not an SEO failure
https://www.expatcopilot.com/netherlands/work/jobs-in-the-hague/,guide,,STAGED_NOT_LAUNCHED,intentionally_staged,n/a_not_index_target,adequate,n/a,,,,,staged_not_live,KEEP_HIDDEN,INFO,medium,Intentional staging — not an SEO failure
https://www.expatcopilot.com/netherlands/work/jobs-in-utrecht/,guide,,STAGED_NOT_LAUNCHED,intentionally_staged,n/a_not_index_target,adequate,n/a,,,,,staged_not_live,KEEP_HIDDEN,INFO,medium,Intentional staging — not an SEO failure
https://www.expatcopilot.com/netherlands/work/linkedin-jobs-netherlands/,guide,,STAGED_NOT_LAUNCHED,intentionally_staged,n/a_not_index_target,adequate,n/a,,,,,staged_not_live,KEEP_HIDDEN,INFO,medium,Intentional staging — not an SEO failure
https://www.expatcopilot.com/netherlands/work/tools/compare-payslips-tool/,tool_calculator,tools_calculators,INTENTIONALLY_NOINDEX,intentionally_noindex,n/a_not_index_target,adequate,n/a,,,,,intentional_noindex,KEEP_HIDDEN,INFO,medium,Intentional noindex/utility
https://www.expatcopilot.com/netherlands/work/tools/compensation-comparison-tool/,tool_calculator,tools_calculators,INTENTIONALLY_NOINDEX,intentionally_noindex,n/a_not_index_target,adequate,n/a,,,,,intentional_noindex,KEEP_HIDDEN,INFO,medium,Intentional noindex/utility
https://www.expatcopilot.com/netherlands/work/tools/employee-benefits-calculator/,tool_calculator,tools_calculators,INTENTIONALLY_NOINDEX,intentionally_noindex,n/a_not_index_target,adequate,n/a,,,,,intentional_noindex,KEEP_HIDDEN,INFO,medium,Intentional noindex/utility
https://www.expatcopilot.com/netherlands/work/tools/employment-type-admin-load-tool/,tool_calculator,tools_calculators,INTENTIONALLY_NOINDEX,intentionally_noindex,n/a_not_index_target,adequate,n/a,,,,,intentional_noindex,KEEP_HIDDEN,INFO,medium,Intentional noindex/utility
https://www.expatcopilot.com/netherlands/work/tools/employment-type-visa-dependency-tool/,tool_calculator,tools_calculators,INTENTIONALLY_NOINDEX,intentionally_noindex,n/a_not_index_target,adequate,n/a,,,,,intentional_noindex,KEEP_HIDDEN,INFO,medium,Intentional noindex/utility
https://www.expatcopilot.com/netherlands/work/tools/job-change-impact-simulator/,tool_calculator,tools_calculators,INTENTIONALLY_NOINDEX,intentionally_noindex,n/a_not_index_target,adequate,n/a,,,,,intentional_noindex,KEEP_HIDDEN,INFO,medium,Intentional noindex/utility
https://www.expatcopilot.com/netherlands/work/work-hours-netherlands/,guide,,STAGED_NOT_LAUNCHED,intentionally_staged,n/a_not_index_target,adequate,n/a,,,,,staged_not_live,KEEP_HIDDEN,INFO,medium,Intentional staging — not an SEO failure
https://www.expatcopilot.com/netherlands/work/working-in-netherlands/,guide,,STAGED_NOT_LAUNCHED,intentionally_staged,n/a_not_index_target,adequate,n/a,,,,,staged_not_live,KEEP_HIDDEN,INFO,medium,Intentional staging — not an SEO failure
https://www.expatcopilot.com/search/,search_utility,,UTILITY,utility_noindex,n/a_not_index_target,adequate,n/a,,,,,intentional_noindex,KEEP_HIDDEN,INFO,medium,Intentional noindex/utility
https://www.expatcopilot.com/netherlands/money/tools/cost-of-living-calculator/,tool_calculator,cost_of_living,tool_transactional,indexable_intent_true_live,slash_canonical_churn,medium_ctr_risk,strong_contextual,,,,,authority_linkable_asset,ENRICH,P0,medium,Linkability P0: DATA_RESOURCE; GSC metrics unavailable — not invented.
https://www.expatcopilot.com/netherlands/moving/tools/arrival-planner/from/nigeria/,tool_calculator,moving,INDEXABLE,unexpected_non_indexable_404,critical_404_in_sitemap,broken,orphan,,,,,sitemap_404_noindex,TECHNICAL_FIX,P0,high,Sitemap URL returns 404+noindex (NG/PH tool-from); GSC metrics unavailable — not invented.
https://www.expatcopilot.com/netherlands/moving/tools/arrival-planner/from/philippines/,tool_calculator,moving,INDEXABLE,unexpected_non_indexable_404,critical_404_in_sitemap,broken,orphan,,,,,sitemap_404_noindex,TECHNICAL_FIX,P0,high,Sitemap URL returns 404+noindex (NG/PH tool-from); GSC metrics unavailable — not invented.
https://www.expatcopilot.com/netherlands/moving/tools/document-readiness/from/nigeria/,tool_calculator,moving,INDEXABLE,unexpected_non_indexable_404,critical_404_in_sitemap,broken,orphan,,,,,sitemap_404_noindex,TECHNICAL_FIX,P0,high,Sitemap URL returns 404+noindex (NG/PH tool-from); GSC metrics unavailable — not invented.
https://www.expatcopilot.com/netherlands/moving/tools/document-readiness/from/philippines/,tool_calculator,moving,INDEXABLE,unexpected_non_indexable_404,critical_404_in_sitemap,broken,orphan,,,,,sitemap_404_noindex,TECHNICAL_FIX,P0,high,Sitemap URL returns 404+noindex (NG/PH tool-from); GSC metrics unavailable — not invented.
https://www.expatcopilot.com/netherlands/moving/tools/first-90-days/from/nigeria/,tool_calculator,first_90_days,INDEXABLE,unexpected_non_indexable_404,critical_404_in_sitemap,broken,orphan,,,,,sitemap_404_noindex,TECHNICAL_FIX,P0,high,Sitemap URL returns 404+noindex (NG/PH tool-from); GSC metrics unavailable — not invented.
https://www.expatcopilot.com/netherlands/moving/tools/first-90-days/from/philippines/,tool_calculator,first_90_days,INDEXABLE,unexpected_non_indexable_404,critical_404_in_sitemap,broken,orphan,,,,,sitemap_404_noindex,TECHNICAL_FIX,P0,high,Sitemap URL returns 404+noindex (NG/PH tool-from); GSC metrics unavailable — not invented.
https://www.expatcopilot.com/netherlands/moving/tools/hsm-salary-checker/,tool_calculator,moving,tool_transactional,indexable_intent_true_live,slash_canonical_churn,good,moderate_contextual,,,,,authority_linkable_asset,ENRICH,P0,medium,Linkability P1: STATISTICS_RESOURCE; GSC metrics unavailable — not invented.
https://www.expatcopilot.com/netherlands/moving/tools/moving-checklist/from/nigeria/,tool_calculator,moving,INDEXABLE,unexpected_non_indexable_404,critical_404_in_sitemap,broken,orphan,,,,,sitemap_404_noindex,TECHNICAL_FIX,P0,high,Sitemap URL returns 404+noindex (NG/PH tool-from); GSC metrics unavailable — not invented.
https://www.expatcopilot.com/netherlands/moving/tools/moving-checklist/from/philippines/,tool_calculator,moving,INDEXABLE,unexpected_non_indexable_404,critical_404_in_sitemap,broken,orphan,,,,,sitemap_404_noindex,TECHNICAL_FIX,P0,high,Sitemap URL returns 404+noindex (NG/PH tool-from); GSC metrics unavailable — not invented.
https://www.expatcopilot.com/netherlands/official-figures/,guide,netherlands_other,guide,indexable_intent_true_live,slash_canonical_churn,medium_ctr_risk,sitewide_only,,,,,authority_linkable_asset,ENRICH,P0,medium,Linkability P1: DATA_RESOURCE; GSC metrics unavailable — not invented.
https://www.expatcopilot.com/netherlands/taxes/tools/30-ruling-calculator/,tool_calculator,thirty_percent_ruling,tool_transactional,indexable_intent_true_live,slash_canonical_churn,high,strong_contextual,,,,,authority_linkable_asset,ENRICH,P0,medium,Linkability P0: CALCULATOR; GSC metrics unavailable — not invented.
https://www.expatcopilot.com/netherlands/tools/city-comparison/,tool_calculator,tools_calculators,tool_transactional,indexable_intent_true_live,slash_canonical_churn,medium_ctr_risk,sitewide_only,,,,,authority_linkable_asset,ENRICH,P0,medium,Linkability P0: DATA_RESOURCE; GSC metrics unavailable — not invented.
https://www.expatcopilot.com/netherlands/work/tools/payslip-decoder/,tool_calculator,working,tool_transactional,indexable_intent_true_live,slash_canonical_churn,high,strong_contextual,,,,,authority_linkable_asset,ENRICH,P0,medium,Linkability P0: INTERACTIVE_TOOL; GSC metrics unavailable — not invented.
https://www.expatcopilot.com/netherlands/culture/communication-style/,guide,culture_life,guide,indexable_intent_true_live,slash_canonical_churn,medium_ctr_risk,orphan,,,,,orphan_indexable,IMPROVE_INTERNAL_LINKS,P1,high,Zero inlinks in IA crawl; prefer enrich linking over consolidate; GSC metrics unavailable — not invented.
https://www.expatcopilot.com/netherlands/culture/dutch-language-basics/,guide,culture_life,guide,indexable_intent_true_live,slash_canonical_churn,medium_ctr_risk,moderate,,,,,missing_h1,OPTIMIZE,P1,high,Missing H1 in production HTML; GSC metrics unavailable — not invented.
https://www.expatcopilot.com/netherlands/culture/dutch-social-calendar/,guide,culture_life,guide,indexable_intent_true_live,slash_canonical_churn,medium_ctr_risk,moderate,,,,,missing_h1,OPTIMIZE,P1,high,Missing H1 in production HTML; GSC metrics unavailable — not invented.
https://www.expatcopilot.com/netherlands/culture/dutch-traditions/,guide,culture_life,guide,indexable_intent_true_live,slash_canonical_churn,medium_ctr_risk,moderate_contextual,,,,,missing_h1,OPTIMIZE,P1,high,Missing H1 in production HTML; GSC metrics unavailable — not invented.
https://www.expatcopilot.com/netherlands/culture/family-and-school-culture/,guide,culture_life,guide,indexable_intent_true_live,slash_canonical_churn,medium_ctr_risk,moderate_contextual,,,,,missing_h1,OPTIMIZE,P1,high,Missing H1 in production HTML; GSC metrics unavailable — not invented.
https://www.expatcopilot.com/netherlands/culture/health-system-culture-basics/,guide,culture_life,guide,indexable_intent_true_live,slash_canonical_churn,medium_ctr_risk,moderate_contextual,,,,,missing_h1,OPTIMIZE,P1,high,Missing H1 in production HTML; GSC metrics unavailable — not invented.
https://www.expatcopilot.com/netherlands/culture/hierarchy-and-flatness/,guide,culture_life,guide,indexable_intent_true_live,slash_canonical_churn,medium_ctr_risk,weak_contextual,,,,,missing_h1,OPTIMIZE,P1,high,Missing H1 in production HTML; GSC metrics unavailable — not invented.
https://www.expatcopilot.com/netherlands/culture/invitations-and-planning/,guide,culture_life,guide,indexable_intent_true_live,slash_canonical_churn,medium_ctr_risk,moderate,,,,,missing_h1,OPTIMIZE,P1,high,Missing H1 in production HTML; GSC metrics unavailable — not invented.
https://www.expatcopilot.com/netherlands/culture/kings-day/,guide,culture_life,guide,indexable_intent_true_live,slash_canonical_churn,medium_ctr_risk,moderate,,,,,missing_h1,OPTIMIZE,P1,high,Missing H1 in production HTML; GSC metrics unavailable — not invented.
https://www.expatcopilot.com/netherlands/culture/learning-dutch/,guide,culture_life,guide,indexable_intent_true_live,slash_canonical_churn,medium_ctr_risk,moderate_contextual,,,,,missing_h1,OPTIMIZE,P1,high,Missing H1 in production HTML; GSC metrics unavailable — not invented.
https://www.expatcopilot.com/netherlands/culture/meetings-and-consensus/,guide,culture_life,guide,indexable_intent_true_live,slash_canonical_churn,medium_ctr_risk,moderate_contextual,,,,,missing_h1,OPTIMIZE,P1,high,Missing H1 in production HTML; GSC metrics unavailable — not invented.
https://www.expatcopilot.com/netherlands/culture/national-holidays/,guide,culture_life,guide,indexable_intent_true_live,slash_canonical_churn,medium_ctr_risk,moderate_contextual,,,,,missing_h1,OPTIMIZE,P1,high,Missing H1 in production HTML; GSC metrics unavailable — not invented.
https://www.expatcopilot.com/netherlands/culture/practice-scenarios/,guide,culture_life,guide,indexable_intent_true_live,slash_canonical_churn,medium_ctr_risk,moderate_contextual,,,,,missing_h1,OPTIMIZE,P1,high,Missing H1 in production HTML; GSC metrics unavailable — not invented.
https://www.expatcopilot.com/netherlands/culture/sinterklaas/,guide,culture_life,guide,indexable_intent_true_live,slash_canonical_churn,medium_ctr_risk,orphan,,,,,orphan_indexable,IMPROVE_INTERNAL_LINKS,P1,high,Zero inlinks in IA crawl; prefer enrich linking over consolidate; GSC metrics unavailable — not invented.
https://www.expatcopilot.com/netherlands/culture/time-and-boundaries/,guide,culture_life,guide,indexable_intent_true_live,slash_canonical_churn,medium_ctr_risk,weak_contextual,,,,,missing_h1,OPTIMIZE,P1,high,Missing H1 in production HTML; GSC metrics unavailable — not invented.
https://www.expatcopilot.com/netherlands/culture/what-feels-normal-in-dutch-daily-life/,guide,culture_life,guide,indexable_intent_true_live,slash_canonical_churn,medium_ctr_risk,orphan,,,,,orphan_indexable,IMPROVE_INTERNAL_LINKS,P1,high,Zero inlinks in IA crawl; prefer enrich linking over consolidate; GSC metrics unavailable — not invented.
https://www.expatcopilot.com/netherlands/culture/written-follow-ups/,guide,culture_life,guide,indexable_intent_true_live,slash_canonical_churn,medium_ctr_risk,moderate,,,,,missing_h1,OPTIMIZE,P1,high,Missing H1 in production HTML; GSC metrics unavailable — not invented.
https://www.expatcopilot.com/netherlands/document-readiness-checker/,tool_calculator,visas_immigration,tool_transactional,indexable_intent_true_live,slash_canonical_churn,medium_ctr_risk,strong_contextual,,,,,authority_linkable_asset,ENRICH,P1,medium,Linkability P1: DATA_RESOURCE; GSC metrics unavailable — not invented.
https://www.expatcopilot.com/netherlands/leaving/tools/repatriation-cost-calculator/,tool_calculator,leaving,tool_transactional,indexable_intent_true_live,slash_canonical_churn,adequate,moderate_contextual,,,,,authority_linkable_asset,ENRICH,P1,medium,Linkability P1: CALCULATOR; GSC metrics unavailable — not invented.
https://www.expatcopilot.com/netherlands/living/government-portals-overview/,guide,netherlands_other,guide,indexable_intent_true_live,slash_canonical_churn,medium_ctr_risk,orphan,,,,,orphan_indexable,IMPROVE_INTERNAL_LINKS,P1,high,Zero inlinks in IA crawl; prefer enrich linking over consolidate; GSC metrics unavailable — not invented.
https://www.expatcopilot.com/netherlands/living/rental-market/,guide,netherlands_other,guide,indexable_intent_true_live,slash_canonical_churn,medium_ctr_risk,moderate_contextual,,,,,missing_h1,OPTIMIZE,P1,high,Missing H1 in production HTML; GSC metrics unavailable — not invented.
https://www.expatcopilot.com/netherlands/moving-checklist-netherlands/,moving_guide,netherlands_other,moving_guide,indexable_intent_true_live,slash_canonical_churn,high,strong_contextual,,,,,authority_linkable_asset,ENRICH,P1,medium,Linkability P1: CHECKLIST; GSC metrics unavailable — not invented.
https://www.expatcopilot.com/netherlands/moving/tools/arrival-planner/from/argentina/,tool_calculator,moving,tool_transactional,indexable_intent_true_live,slash_canonical_churn,template_thin_risk,orphan,,,,,orphan_indexable,IMPROVE_INTERNAL_LINKS,P1,high,Zero inlinks in IA crawl; prefer enrich linking over consolidate; Country×tool template; improve parent hub links / unique deltas; GSC metrics unavailable — not invented.
https://www.expatcopilot.com/netherlands/moving/tools/arrival-planner/from/australia/,tool_calculator,moving,tool_transactional,indexable_intent_true_live,slash_canonical_churn,template_thin_risk,orphan,,,,,orphan_indexable,IMPROVE_INTERNAL_LINKS,P1,high,Zero inlinks in IA crawl; prefer enrich linking over consolidate; Country×tool template; improve parent hub links / unique deltas; GSC metrics unavailable — not invented.
https://www.expatcopilot.com/netherlands/moving/tools/arrival-planner/from/brazil/,tool_calculator,moving,tool_transactional,indexable_intent_true_live,slash_canonical_churn,template_thin_risk,orphan,,,,,orphan_indexable,IMPROVE_INTERNAL_LINKS,P1,high,Zero inlinks in IA crawl; prefer enrich linking over consolidate; Country×tool template; improve parent hub links / unique deltas; GSC metrics unavailable — not invented.
https://www.expatcopilot.com/netherlands/moving/tools/arrival-planner/from/canada/,tool_calculator,moving,tool_transactional,indexable_intent_true_live,slash_canonical_churn,template_thin_risk,orphan,,,,,orphan_indexable,IMPROVE_INTERNAL_LINKS,P1,high,Zero inlinks in IA crawl; prefer enrich linking over consolidate; Country×tool template; improve parent hub links / unique deltas; GSC metrics unavailable — not invented.
https://www.expatcopilot.com/netherlands/moving/tools/arrival-planner/from/chile/,tool_calculator,moving,tool_transactional,indexable_intent_true_live,slash_canonical_churn,template_thin_risk,orphan,,,,,orphan_indexable,IMPROVE_INTERNAL_LINKS,P1,high,Zero inlinks in IA crawl; prefer enrich linking over consolidate; Country×tool template; improve parent hub links / unique deltas; GSC metrics unavailable — not invented.
https://www.expatcopilot.com/netherlands/moving/tools/arrival-planner/from/denmark/,tool_calculator,moving,tool_transactional,indexable_intent_true_live,slash_canonical_churn,template_thin_risk,orphan,,,,,orphan_indexable,IMPROVE_INTERNAL_LINKS,P1,high,Zero inlinks in IA crawl; prefer enrich linking over consolidate; Country×tool template; improve parent hub links / unique deltas; GSC metrics unavailable — not invented.
https://www.expatcopilot.com/netherlands/moving/tools/arrival-planner/from/france/,tool_calculator,moving,tool_transactional,indexable_intent_true_live,slash_canonical_churn,template_thin_risk,orphan,,,,,orphan_indexable,IMPROVE_INTERNAL_LINKS,P1,high,Zero inlinks in IA crawl; prefer enrich linking over consolidate; Country×tool template; improve parent hub links / unique deltas; GSC metrics unavailable — not invented.
https://www.expatcopilot.com/netherlands/moving/tools/arrival-planner/from/germany/,tool_calculator,moving,tool_transactional,indexable_intent_true_live,slash_canonical_churn,template_thin_risk,orphan,,,,,orphan_indexable,IMPROVE_INTERNAL_LINKS,P1,high,Zero inlinks in IA crawl; prefer enrich linking over consolidate; Country×tool template; improve parent hub links / unique deltas; GSC metrics unavailable — not invented.
https://www.expatcopilot.com/netherlands/moving/tools/arrival-planner/from/india/,tool_calculator,moving,tool_transactional,indexable_intent_true_live,slash_canonical_churn,template_thin_risk,orphan,,,,,orphan_indexable,IMPROVE_INTERNAL_LINKS,P1,high,Zero inlinks in IA crawl; prefer enrich linking over consolidate; Country×tool template; improve parent hub links / unique deltas; GSC metrics unavailable — not invented.
https://www.expatcopilot.com/netherlands/moving/tools/arrival-planner/from/indonesia/,tool_calculator,moving,tool_transactional,indexable_intent_true_live,slash_canonical_churn,template_thin_risk,orphan,,,,,orphan_indexable,IMPROVE_INTERNAL_LINKS,P1,high,Zero inlinks in IA crawl; prefer enrich linking over consolidate; Country×tool template; improve parent hub links / unique deltas; GSC metrics unavailable — not invented.
https://www.expatcopilot.com/netherlands/moving/tools/arrival-planner/from/ireland/,tool_calculator,moving,tool_transactional,indexable_intent_true_live,slash_canonical_churn,template_thin_risk,orphan,,,,,orphan_indexable,IMPROVE_INTERNAL_LINKS,P1,high,Zero inlinks in IA crawl; prefer enrich linking over consolidate; Country×tool template; improve parent hub links / unique deltas; GSC metrics unavailable — not invented.
https://www.expatcopilot.com/netherlands/moving/tools/arrival-planner/from/italy/,tool_calculator,moving,tool_transactional,indexable_intent_true_live,slash_canonical_churn,template_thin_risk,orphan,,,,,orphan_indexable,IMPROVE_INTERNAL_LINKS,P1,high,Zero inlinks in IA crawl; prefer enrich linking over consolidate; Country×tool template; improve parent hub links / unique deltas; GSC metrics unavailable — not invented.
https://www.expatcopilot.com/netherlands/moving/tools/arrival-planner/from/japan/,tool_calculator,moving,tool_transactional,indexable_intent_true_live,slash_canonical_churn,template_thin_risk,orphan,,,,,orphan_indexable,IMPROVE_INTERNAL_LINKS,P1,high,Zero inlinks in IA crawl; prefer enrich linking over consolidate; Country×tool template; improve parent hub links / unique deltas; GSC metrics unavailable — not invented.
https://www.expatcopilot.com/netherlands/moving/tools/arrival-planner/from/kenya/,tool_calculator,moving,tool_transactional,indexable_intent_true_live,slash_canonical_churn,template_thin_risk,orphan,,,,,orphan_indexable,IMPROVE_INTERNAL_LINKS,P1,high,Zero inlinks in IA crawl; prefer enrich linking over consolidate; Country×tool template; improve parent hub links / unique deltas; GSC metrics unavailable — not invented.
https://www.expatcopilot.com/netherlands/moving/tools/arrival-planner/from/mexico/,tool_calculator,moving,tool_transactional,indexable_intent_true_live,slash_canonical_churn,template_thin_risk,orphan,,,,,orphan_indexable,IMPROVE_INTERNAL_LINKS,P1,high,Zero inlinks in IA crawl; prefer enrich linking over consolidate; Country×tool template; improve parent hub links / unique deltas; GSC metrics unavailable — not invented.
https://www.expatcopilot.com/netherlands/moving/tools/arrival-planner/from/new-zealand/,tool_calculator,moving,tool_transactional,indexable_intent_true_live,slash_canonical_churn,medium_ctr_risk,orphan,,,,,orphan_indexable,IMPROVE_INTERNAL_LINKS,P1,high,Zero inlinks in IA crawl; prefer enrich linking over consolidate; Country×tool template; improve parent hub links / unique deltas; GSC metrics unavailable — not invented.
https://www.expatcopilot.com/netherlands/moving/tools/arrival-planner/from/norway/,tool_calculator,moving,tool_transactional,indexable_intent_true_live,slash_canonical_churn,template_thin_risk,orphan,,,,,orphan_indexable,IMPROVE_INTERNAL_LINKS,P1,high,Zero inlinks in IA crawl; prefer enrich linking over consolidate; Country×tool template; improve parent hub links / unique deltas; GSC metrics unavailable — not invented.
https://www.expatcopilot.com/netherlands/moving/tools/arrival-planner/from/pakistan/,tool_calculator,moving,tool_transactional,indexable_intent_true_live,slash_canonical_churn,template_thin_risk,orphan,,,,,orphan_indexable,IMPROVE_INTERNAL_LINKS,P1,high,Zero inlinks in IA crawl; prefer enrich linking over consolidate; Country×tool template; improve parent hub links / unique deltas; GSC metrics unavailable — not invented.
https://www.expatcopilot.com/netherlands/moving/tools/arrival-planner/from/singapore/,tool_calculator,moving,tool_transactional,indexable_intent_true_live,slash_canonical_churn,template_thin_risk,orphan,,,,,orphan_indexable,IMPROVE_INTERNAL_LINKS,P1,high,Zero inlinks in IA crawl; prefer enrich linking over consolidate; Country×tool template; improve parent hub links / unique deltas; GSC metrics unavailable — not invented.
https://www.expatcopilot.com/netherlands/moving/tools/arrival-planner/from/south-africa/,tool_calculator,moving,tool_transactional,indexable_intent_true_live,slash_canonical_churn,medium_ctr_risk,orphan,,,,,orphan_indexable,IMPROVE_INTERNAL_LINKS,P1,high,Zero inlinks in IA crawl; prefer enrich linking over consolidate; Country×tool template; improve parent hub links / unique deltas; GSC metrics unavailable — not invented.
https://www.expatcopilot.com/netherlands/moving/tools/arrival-planner/from/south-korea/,tool_calculator,moving,tool_transactional,indexable_intent_true_live,slash_canonical_churn,medium_ctr_risk,orphan,,,,,orphan_indexable,IMPROVE_INTERNAL_LINKS,P1,high,Zero inlinks in IA crawl; prefer enrich linking over consolidate; Country×tool template; improve parent hub links / unique deltas; GSC metrics unavailable — not invented.
https://www.expatcopilot.com/netherlands/moving/tools/arrival-planner/from/spain/,tool_calculator,moving,tool_transactional,indexable_intent_true_live,slash_canonical_churn,template_thin_risk,orphan,,,,,orphan_indexable,IMPROVE_INTERNAL_LINKS,P1,high,Zero inlinks in IA crawl; prefer enrich linking over consolidate; Country×tool template; improve parent hub links / unique deltas; GSC metrics unavailable — not invented.
https://www.expatcopilot.com/netherlands/moving/tools/arrival-planner/from/sweden/,tool_calculator,moving,tool_transactional,indexable_intent_true_live,slash_canonical_churn,template_thin_risk,orphan,,,,,orphan_indexable,IMPROVE_INTERNAL_LINKS,P1,high,Zero inlinks in IA crawl; prefer enrich linking over consolidate; Country×tool template; improve parent hub links / unique deltas; GSC metrics unavailable — not invented.
https://www.expatcopilot.com/netherlands/moving/tools/arrival-planner/from/switzerland/,tool_calculator,moving,tool_transactional,indexable_intent_true_live,slash_canonical_churn,medium_ctr_risk,orphan,,,,,orphan_indexable,IMPROVE_INTERNAL_LINKS,P1,high,Zero inlinks in IA crawl; prefer enrich linking over consolidate; Country×tool template; improve parent hub links / unique deltas; GSC metrics unavailable — not invented.
https://www.expatcopilot.com/netherlands/moving/tools/arrival-planner/from/turkey/,tool_calculator,moving,tool_transactional,indexable_intent_true_live,slash_canonical_churn,template_thin_risk,orphan,,,,,orphan_indexable,IMPROVE_INTERNAL_LINKS,P1,high,Zero inlinks in IA crawl; prefer enrich linking over consolidate; Country×tool template; improve parent hub links / unique deltas; GSC metrics unavailable — not invented.
https://www.expatcopilot.com/netherlands/moving/tools/arrival-planner/from/uae/,tool_calculator,moving,tool_transactional,indexable_intent_true_live,slash_canonical_churn,medium_ctr_risk,orphan,,,,,orphan_indexable,IMPROVE_INTERNAL_LINKS,P1,high,Zero inlinks in IA crawl; prefer enrich linking over consolidate; Country×tool template; improve parent hub links / unique deltas; GSC metrics unavailable — not invented.
https://www.expatcopilot.com/netherlands/moving/tools/arrival-planner/from/united-kingdom/,tool_calculator,moving,tool_transactional,indexable_intent_true_live,slash_canonical_churn,medium_ctr_risk,orphan,,,,,orphan_indexable,IMPROVE_INTERNAL_LINKS,P1,high,Zero inlinks in IA crawl; prefer enrich linking over consolidate; Country×tool template; improve parent hub links / unique deltas; GSC metrics unavailable — not invented.
https://www.expatcopilot.com/netherlands/moving/tools/arrival-planner/from/united-states/,tool_calculator,moving,tool_transactional,indexable_intent_true_live,slash_canonical_churn,medium_ctr_risk,orphan,,,,,orphan_indexable,IMPROVE_INTERNAL_LINKS,P1,high,Zero inlinks in IA crawl; prefer enrich linking over consolidate; Country×tool template; improve parent hub links / unique deltas; GSC metrics unavailable — not invented.
https://www.expatcopilot.com/netherlands/moving/tools/document-readiness/from/argentina/,tool_calculator,moving,tool_transactional,indexable_intent_true_live,slash_canonical_churn,template_thin_risk,orphan,,,,,orphan_indexable,IMPROVE_INTERNAL_LINKS,P1,high,Zero inlinks in IA crawl; prefer enrich linking over consolidate; Country×tool template; improve parent hub links / unique deltas; GSC metrics unavailable — not invented.
https://www.expatcopilot.com/netherlands/moving/tools/document-readiness/from/australia/,tool_calculator,moving,tool_transactional,indexable_intent_true_live,slash_canonical_churn,template_thin_risk,orphan,,,,,orphan_indexable,IMPROVE_INTERNAL_LINKS,P1,high,Zero inlinks in IA crawl; prefer enrich linking over consolidate; Country×tool template; improve parent hub links / unique deltas; GSC metrics unavailable — not invented.
https://www.expatcopilot.com/netherlands/moving/tools/document-readiness/from/brazil/,tool_calculator,moving,tool_transactional,indexable_intent_true_live,slash_canonical_churn,template_thin_risk,orphan,,,,,orphan_indexable,IMPROVE_INTERNAL_LINKS,P1,high,Zero inlinks in IA crawl; prefer enrich linking over consolidate; Country×tool template; improve parent hub links / unique deltas; GSC metrics unavailable — not invented.
https://www.expatcopilot.com/netherlands/moving/tools/document-readiness/from/canada/,tool_calculator,moving,tool_transactional,indexable_intent_true_live,slash_canonical_churn,template_thin_risk,orphan,,,,,orphan_indexable,IMPROVE_INTERNAL_LINKS,P1,high,Zero inlinks in IA crawl; prefer enrich linking over consolidate; Country×tool template; improve parent hub links / unique deltas; GSC metrics unavailable — not invented.
https://www.expatcopilot.com/netherlands/moving/tools/document-readiness/from/chile/,tool_calculator,moving,tool_transactional,indexable_intent_true_live,slash_canonical_churn,template_thin_risk,orphan,,,,,orphan_indexable,IMPROVE_INTERNAL_LINKS,P1,high,Zero inlinks in IA crawl; prefer enrich linking over consolidate; Country×tool template; improve parent hub links / unique deltas; GSC metrics unavailable — not invented.
https://www.expatcopilot.com/netherlands/moving/tools/document-readiness/from/denmark/,tool_calculator,moving,tool_transactional,indexable_intent_true_live,slash_canonical_churn,template_thin_risk,orphan,,,,,orphan_indexable,IMPROVE_INTERNAL_LINKS,P1,high,Zero inlinks in IA crawl; prefer enrich linking over consolidate; Country×tool template; improve parent hub links / unique deltas; GSC metrics unavailable — not invented.
https://www.expatcopilot.com/netherlands/moving/tools/document-readiness/from/france/,tool_calculator,moving,tool_transactional,indexable_intent_true_live,slash_canonical_churn,template_thin_risk,orphan,,,,,orphan_indexable,IMPROVE_INTERNAL_LINKS,P1,high,Zero inlinks in IA crawl; prefer enrich linking over consolidate; Country×tool template; improve parent hub links / unique deltas; GSC metrics unavailable — not invented.
https://www.expatcopilot.com/netherlands/moving/tools/document-readiness/from/germany/,tool_calculator,moving,tool_transactional,indexable_intent_true_live,slash_canonical_churn,template_thin_risk,orphan,,,,,orphan_indexable,IMPROVE_INTERNAL_LINKS,P1,high,Zero inlinks in IA crawl; prefer enrich linking over consolidate; Country×tool template; improve parent hub links / unique deltas; GSC metrics unavailable — not invented.
https://www.expatcopilot.com/netherlands/moving/tools/document-readiness/from/india/,tool_calculator,moving,tool_transactional,indexable_intent_true_live,slash_canonical_churn,template_thin_risk,orphan,,,,,orphan_indexable,IMPROVE_INTERNAL_LINKS,P1,high,Zero inlinks in IA crawl; prefer enrich linking over consolidate; Country×tool template; improve parent hub links / unique deltas; GSC metrics unavailable — not invented.
https://www.expatcopilot.com/netherlands/moving/tools/document-readiness/from/indonesia/,tool_calculator,moving,tool_transactional,indexable_intent_true_live,slash_canonical_churn,template_thin_risk,orphan,,,,,orphan_indexable,IMPROVE_INTERNAL_LINKS,P1,high,Zero inlinks in IA crawl; prefer enrich linking over consolidate; Country×tool template; improve parent hub links / unique deltas; GSC metrics unavailable — not invented.
https://www.expatcopilot.com/netherlands/moving/tools/document-readiness/from/ireland/,tool_calculator,moving,tool_transactional,indexable_intent_true_live,slash_canonical_churn,template_thin_risk,orphan,,,,,orphan_indexable,IMPROVE_INTERNAL_LINKS,P1,high,Zero inlinks in IA crawl; prefer enrich linking over consolidate; Country×tool template; improve parent hub links / unique deltas; GSC metrics unavailable — not invented.
https://www.expatcopilot.com/netherlands/moving/tools/document-readiness/from/italy/,tool_calculator,moving,tool_transactional,indexable_intent_true_live,slash_canonical_churn,template_thin_risk,orphan,,,,,orphan_indexable,IMPROVE_INTERNAL_LINKS,P1,high,Zero inlinks in IA crawl; prefer enrich linking over consolidate; Country×tool template; improve parent hub links / unique deltas; GSC metrics unavailable — not invented.
https://www.expatcopilot.com/netherlands/moving/tools/document-readiness/from/japan/,tool_calculator,moving,tool_transactional,indexable_intent_true_live,slash_canonical_churn,template_thin_risk,orphan,,,,,orphan_indexable,IMPROVE_INTERNAL_LINKS,P1,high,Zero inlinks in IA crawl; prefer enrich linking over consolidate; Country×tool template; improve parent hub links / unique deltas; GSC metrics unavailable — not invented.
https://www.expatcopilot.com/netherlands/moving/tools/document-readiness/from/kenya/,tool_calculator,moving,tool_transactional,indexable_intent_true_live,slash_canonical_churn,template_thin_risk,orphan,,,,,orphan_indexable,IMPROVE_INTERNAL_LINKS,P1,high,Zero inlinks in IA crawl; prefer enrich linking over consolidate; Country×tool template; improve parent hub links / unique deltas; GSC metrics unavailable — not invented.
https://www.expatcopilot.com/netherlands/moving/tools/document-readiness/from/mexico/,tool_calculator,moving,tool_transactional,indexable_intent_true_live,slash_canonical_churn,template_thin_risk,orphan,,,,,orphan_indexable,IMPROVE_INTERNAL_LINKS,P1,high,Zero inlinks in IA crawl; prefer enrich linking over consolidate; Country×tool template; improve parent hub links / unique deltas; GSC metrics unavailable — not invented.
https://www.expatcopilot.com/netherlands/moving/tools/document-readiness/from/new-zealand/,tool_calculator,moving,tool_transactional,indexable_intent_true_live,slash_canonical_churn,template_thin_risk,orphan,,,,,orphan_indexable,IMPROVE_INTERNAL_LINKS,P1,high,Zero inlinks in IA crawl; prefer enrich linking over consolidate; Country×tool template; improve parent hub links / unique deltas; GSC metrics unavailable — not invented.
https://www.expatcopilot.com/netherlands/moving/tools/document-readiness/from/norway/,tool_calculator,moving,tool_transactional,indexable_intent_true_live,slash_canonical_churn,template_thin_risk,orphan,,,,,orphan_indexable,IMPROVE_INTERNAL_LINKS,P1,high,Zero inlinks in IA crawl; prefer enrich linking over consolidate; Country×tool template; improve parent hub links / unique deltas; GSC metrics unavailable — not invented.
https://www.expatcopilot.com/netherlands/moving/tools/document-readiness/from/pakistan/,tool_calculator,moving,tool_transactional,indexable_intent_true_live,slash_canonical_churn,template_thin_risk,orphan,,,,,orphan_indexable,IMPROVE_INTERNAL_LINKS,P1,high,Zero inlinks in IA crawl; prefer enrich linking over consolidate; Country×tool template; improve parent hub links / unique deltas; GSC metrics unavailable — not invented.
https://www.expatcopilot.com/netherlands/moving/tools/document-readiness/from/singapore/,tool_calculator,moving,tool_transactional,indexable_intent_true_live,slash_canonical_churn,template_thin_risk,orphan,,,,,orphan_indexable,IMPROVE_INTERNAL_LINKS,P1,high,Zero inlinks in IA crawl; prefer enrich linking over consolidate; Country×tool template; improve parent hub links / unique deltas; GSC metrics unavailable — not invented.
https://www.expatcopilot.com/netherlands/moving/tools/document-readiness/from/south-africa/,tool_calculator,moving,tool_transactional,indexable_intent_true_live,slash_canonical_churn,template_thin_risk,orphan,,,,,orphan_indexable,IMPROVE_INTERNAL_LINKS,P1,high,Zero inlinks in IA crawl; prefer enrich linking over consolidate; Country×tool template; improve parent hub links / unique deltas; GSC metrics unavailable — not invented.
https://www.expatcopilot.com/netherlands/moving/tools/document-readiness/from/south-korea/,tool_calculator,moving,tool_transactional,indexable_intent_true_live,slash_canonical_churn,template_thin_risk,orphan,,,,,orphan_indexable,IMPROVE_INTERNAL_LINKS,P1,high,Zero inlinks in IA crawl; prefer enrich linking over consolidate; Country×tool template; improve parent hub links / unique deltas; GSC metrics unavailable — not invented.
https://www.expatcopilot.com/netherlands/moving/tools/document-readiness/from/spain/,tool_calculator,moving,tool_transactional,indexable_intent_true_live,slash_canonical_churn,template_thin_risk,orphan,,,,,orphan_indexable,IMPROVE_INTERNAL_LINKS,P1,high,Zero inlinks in IA crawl; prefer enrich linking over consolidate; Country×tool template; improve parent hub links / unique deltas; GSC metrics unavailable — not invented.
https://www.expatcopilot.com/netherlands/moving/tools/document-readiness/from/sweden/,tool_calculator,moving,tool_transactional,indexable_intent_true_live,slash_canonical_churn,template_thin_risk,orphan,,,,,orphan_indexable,IMPROVE_INTERNAL_LINKS,P1,high,Zero inlinks in IA crawl; prefer enrich linking over consolidate; Country×tool template; improve parent hub links / unique deltas; GSC metrics unavailable — not invented.
https://www.expatcopilot.com/netherlands/moving/tools/document-readiness/from/switzerland/,tool_calculator,moving,tool_transactional,indexable_intent_true_live,slash_canonical_churn,template_thin_risk,orphan,,,,,orphan_indexable,IMPROVE_INTERNAL_LINKS,P1,high,Zero inlinks in IA crawl; prefer enrich linking over consolidate; Country×tool template; improve parent hub links / unique deltas; GSC metrics unavailable — not invented.
https://www.expatcopilot.com/netherlands/moving/tools/document-readiness/from/turkey/,tool_calculator,moving,tool_transactional,indexable_intent_true_live,slash_canonical_churn,template_thin_risk,orphan,,,,,orphan_indexable,IMPROVE_INTERNAL_LINKS,P1,high,Zero inlinks in IA crawl; prefer enrich linking over consolidate; Country×tool template; improve parent hub links / unique deltas; GSC metrics unavailable — not invented.
https://www.expatcopilot.com/netherlands/moving/tools/document-readiness/from/uae/,tool_calculator,moving,tool_transactional,indexable_intent_true_live,slash_canonical_churn,template_thin_risk,orphan,,,,,orphan_indexable,IMPROVE_INTERNAL_LINKS,P1,high,Zero inlinks in IA crawl; prefer enrich linking over consolidate; Country×tool template; improve parent hub links / unique deltas; GSC metrics unavailable — not invented.
https://www.expatcopilot.com/netherlands/moving/tools/document-readiness/from/united-kingdom/,tool_calculator,moving,tool_transactional,indexable_intent_true_live,slash_canonical_churn,template_thin_risk,orphan,,,,,orphan_indexable,IMPROVE_INTERNAL_LINKS,P1,high,Zero inlinks in IA crawl; prefer enrich linking over consolidate; Country×tool template; improve parent hub links / unique deltas; GSC metrics unavailable — not invented.
https://www.expatcopilot.com/netherlands/moving/tools/document-readiness/from/united-states/,tool_calculator,moving,tool_transactional,indexable_intent_true_live,slash_canonical_churn,template_thin_risk,orphan,,,,,orphan_indexable,IMPROVE_INTERNAL_LINKS,P1,high,Zero inlinks in IA crawl; prefer enrich linking over consolidate; Country×tool template; improve parent hub links / unique deltas; GSC metrics unavailable — not invented.
https://www.expatcopilot.com/netherlands/moving/tools/first-90-days/from/argentina/,tool_calculator,first_90_days,tool_transactional,indexable_intent_true_live,slash_canonical_churn,template_thin_risk,orphan,,,,,orphan_indexable,IMPROVE_INTERNAL_LINKS,P1,high,Zero inlinks in IA crawl; prefer enrich linking over consolidate; Country×tool template; improve parent hub links / unique deltas; GSC metrics unavailable — not invented.
https://www.expatcopilot.com/netherlands/moving/tools/first-90-days/from/australia/,tool_calculator,first_90_days,tool_transactional,indexable_intent_true_live,slash_canonical_churn,template_thin_risk,orphan,,,,,orphan_indexable,IMPROVE_INTERNAL_LINKS,P1,high,Zero inlinks in IA crawl; prefer enrich linking over consolidate; Country×tool template; improve parent hub links / unique deltas; GSC metrics unavailable — not invented.
https://www.expatcopilot.com/netherlands/moving/tools/first-90-days/from/brazil/,tool_calculator,first_90_days,tool_transactional,indexable_intent_true_live,slash_canonical_churn,template_thin_risk,orphan,,,,,orphan_indexable,IMPROVE_INTERNAL_LINKS,P1,high,Zero inlinks in IA crawl; prefer enrich linking over consolidate; Country×tool template; improve parent hub links / unique deltas; GSC metrics unavailable — not invented.
https://www.expatcopilot.com/netherlands/moving/tools/first-90-days/from/canada/,tool_calculator,first_90_days,tool_transactional,indexable_intent_true_live,slash_canonical_churn,template_thin_risk,orphan,,,,,orphan_indexable,IMPROVE_INTERNAL_LINKS,P1,high,Zero inlinks in IA crawl; prefer enrich linking over consolidate; Country×tool template; improve parent hub links / unique deltas; GSC metrics unavailable — not invented.
https://www.expatcopilot.com/netherlands/moving/tools/first-90-days/from/chile/,tool_calculator,first_90_days,tool_transactional,indexable_intent_true_live,slash_canonical_churn,template_thin_risk,orphan,,,,,orphan_indexable,IMPROVE_INTERNAL_LINKS,P1,high,Zero inlinks in IA crawl; prefer enrich linking over consolidate; Country×tool template; improve parent hub links / unique deltas; GSC metrics unavailable — not invented.
https://www.expatcopilot.com/netherlands/moving/tools/first-90-days/from/denmark/,tool_calculator,first_90_days,tool_transactional,indexable_intent_true_live,slash_canonical_churn,template_thin_risk,orphan,,,,,orphan_indexable,IMPROVE_INTERNAL_LINKS,P1,high,Zero inlinks in IA crawl; prefer enrich linking over consolidate; Country×tool template; improve parent hub links / unique deltas; GSC metrics unavailable — not invented.
https://www.expatcopilot.com/netherlands/moving/tools/first-90-days/from/france/,tool_calculator,first_90_days,tool_transactional,indexable_intent_true_live,slash_canonical_churn,template_thin_risk,orphan,,,,,orphan_indexable,IMPROVE_INTERNAL_LINKS,P1,high,Zero inlinks in IA crawl; prefer enrich linking over consolidate; Country×tool template; improve parent hub links / unique deltas; GSC metrics unavailable — not invented.
https://www.expatcopilot.com/netherlands/moving/tools/first-90-days/from/germany/,tool_calculator,first_90_days,tool_transactional,indexable_intent_true_live,slash_canonical_churn,template_thin_risk,orphan,,,,,orphan_indexable,IMPROVE_INTERNAL_LINKS,P1,high,Zero inlinks in IA crawl; prefer enrich linking over consolidate; Country×tool template; improve parent hub links / unique deltas; GSC metrics unavailable — not invented.
https://www.expatcopilot.com/netherlands/moving/tools/first-90-days/from/india/,tool_calculator,first_90_days,tool_transactional,indexable_intent_true_live,slash_canonical_churn,template_thin_risk,orphan,,,,,orphan_indexable,IMPROVE_INTERNAL_LINKS,P1,high,Zero inlinks in IA crawl; prefer enrich linking over consolidate; Country×tool template; improve parent hub links / unique deltas; GSC metrics unavailable — not invented.
https://www.expatcopilot.com/netherlands/moving/tools/first-90-days/from/indonesia/,tool_calculator,first_90_days,tool_transactional,indexable_intent_true_live,slash_canonical_churn,template_thin_risk,orphan,,,,,orphan_indexable,IMPROVE_INTERNAL_LINKS,P1,high,Zero inlinks in IA crawl; prefer enrich linking over consolidate; Country×tool template; improve parent hub links / unique deltas; GSC metrics unavailable — not invented.
https://www.expatcopilot.com/netherlands/moving/tools/first-90-days/from/ireland/,tool_calculator,first_90_days,tool_transactional,indexable_intent_true_live,slash_canonical_churn,template_thin_risk,orphan,,,,,orphan_indexable,IMPROVE_INTERNAL_LINKS,P1,high,Zero inlinks in IA crawl; prefer enrich linking over consolidate; Country×tool template; improve parent hub links / unique deltas; GSC metrics unavailable — not invented.
https://www.expatcopilot.com/netherlands/moving/tools/first-90-days/from/italy/,tool_calculator,first_90_days,tool_transactional,indexable_intent_true_live,slash_canonical_churn,template_thin_risk,orphan,,,,,orphan_indexable,IMPROVE_INTERNAL_LINKS,P1,high,Zero inlinks in IA crawl; prefer enrich linking over consolidate; Country×tool template; improve parent hub links / unique deltas; GSC metrics unavailable — not invented.
https://www.expatcopilot.com/netherlands/moving/tools/first-90-days/from/japan/,tool_calculator,first_90_days,tool_transactional,indexable_intent_true_live,slash_canonical_churn,template_thin_risk,orphan,,,,,orphan_indexable,IMPROVE_INTERNAL_LINKS,P1,high,Zero inlinks in IA crawl; prefer enrich linking over consolidate; Country×tool template; improve parent hub links / unique deltas; GSC metrics unavailable — not invented.
https://www.expatcopilot.com/netherlands/moving/tools/first-90-days/from/kenya/,tool_calculator,first_90_days,tool_transactional,indexable_intent_true_live,slash_canonical_churn,template_thin_risk,orphan,,,,,orphan_indexable,IMPROVE_INTERNAL_LINKS,P1,high,Zero inlinks in IA crawl; prefer enrich linking over consolidate; Country×tool template; improve parent hub links / unique deltas; GSC metrics unavailable — not invented.
https://www.expatcopilot.com/netherlands/moving/tools/first-90-days/from/mexico/,tool_calculator,first_90_days,tool_transactional,indexable_intent_true_live,slash_canonical_churn,template_thin_risk,orphan,,,,,orphan_indexable,IMPROVE_INTERNAL_LINKS,P1,high,Zero inlinks in IA crawl; prefer enrich linking over consolidate; Country×tool template; improve parent hub links / unique deltas; GSC metrics unavailable — not invented.
https://www.expatcopilot.com/netherlands/moving/tools/first-90-days/from/new-zealand/,tool_calculator,first_90_days,tool_transactional,indexable_intent_true_live,slash_canonical_churn,template_thin_risk,orphan,,,,,orphan_indexable,IMPROVE_INTERNAL_LINKS,P1,high,Zero inlinks in IA crawl; prefer enrich linking over consolidate; Country×tool template; improve parent hub links / unique deltas; GSC metrics unavailable — not invented.
https://www.expatcopilot.com/netherlands/moving/tools/first-90-days/from/norway/,tool_calculator,first_90_days,tool_transactional,indexable_intent_true_live,slash_canonical_churn,template_thin_risk,orphan,,,,,orphan_indexable,IMPROVE_INTERNAL_LINKS,P1,high,Zero inlinks in IA crawl; prefer enrich linking over consolidate; Country×tool template; improve parent hub links / unique deltas; GSC metrics unavailable — not invented.
https://www.expatcopilot.com/netherlands/moving/tools/first-90-days/from/pakistan/,tool_calculator,first_90_days,tool_transactional,indexable_intent_true_live,slash_canonical_churn,template_thin_risk,orphan,,,,,orphan_indexable,IMPROVE_INTERNAL_LINKS,P1,high,Zero inlinks in IA crawl; prefer enrich linking over consolidate; Country×tool template; improve parent hub links / unique deltas; GSC metrics unavailable — not invented.
https://www.expatcopilot.com/netherlands/moving/tools/first-90-days/from/singapore/,tool_calculator,first_90_days,tool_transactional,indexable_intent_true_live,slash_canonical_churn,template_thin_risk,orphan,,,,,orphan_indexable,IMPROVE_INTERNAL_LINKS,P1,high,Zero inlinks in IA crawl; prefer enrich linking over consolidate; Country×tool template; improve parent hub links / unique deltas; GSC metrics unavailable — not invented.
https://www.expatcopilot.com/netherlands/moving/tools/first-90-days/from/south-africa/,tool_calculator,first_90_days,tool_transactional,indexable_intent_true_live,slash_canonical_churn,template_thin_risk,orphan,,,,,orphan_indexable,IMPROVE_INTERNAL_LINKS,P1,high,Zero inlinks in IA crawl; prefer enrich linking over consolidate; Country×tool template; improve parent hub links / unique deltas; GSC metrics unavailable — not invented.
https://www.expatcopilot.com/netherlands/moving/tools/first-90-days/from/south-korea/,tool_calculator,first_90_days,tool_transactional,indexable_intent_true_live,slash_canonical_churn,template_thin_risk,orphan,,,,,orphan_indexable,IMPROVE_INTERNAL_LINKS,P1,high,Zero inlinks in IA crawl; prefer enrich linking over consolidate; Country×tool template; improve parent hub links / unique deltas; GSC metrics unavailable — not invented.
https://www.expatcopilot.com/netherlands/moving/tools/first-90-days/from/spain/,tool_calculator,first_90_days,tool_transactional,indexable_intent_true_live,slash_canonical_churn,template_thin_risk,orphan,,,,,orphan_indexable,IMPROVE_INTERNAL_LINKS,P1,high,Zero inlinks in IA crawl; prefer enrich linking over consolidate; Country×tool template; improve parent hub links / unique deltas; GSC metrics unavailable — not invented.
https://www.expatcopilot.com/netherlands/moving/tools/first-90-days/from/sweden/,tool_calculator,first_90_days,tool_transactional,indexable_intent_true_live,slash_canonical_churn,template_thin_risk,orphan,,,,,orphan_indexable,IMPROVE_INTERNAL_LINKS,P1,high,Zero inlinks in IA crawl; prefer enrich linking over consolidate; Country×tool template; improve parent hub links / unique deltas; GSC metrics unavailable — not invented.
https://www.expatcopilot.com/netherlands/moving/tools/first-90-days/from/switzerland/,tool_calculator,first_90_days,tool_transactional,indexable_intent_true_live,slash_canonical_churn,template_thin_risk,orphan,,,,,orphan_indexable,IMPROVE_INTERNAL_LINKS,P1,high,Zero inlinks in IA crawl; prefer enrich linking over consolidate; Country×tool template; improve parent hub links / unique deltas; GSC metrics unavailable — not invented.
https://www.expatcopilot.com/netherlands/moving/tools/first-90-days/from/turkey/,tool_calculator,first_90_days,tool_transactional,indexable_intent_true_live,slash_canonical_churn,template_thin_risk,orphan,,,,,orphan_indexable,IMPROVE_INTERNAL_LINKS,P1,high,Zero inlinks in IA crawl; prefer enrich linking over consolidate; Country×tool template; improve parent hub links / unique deltas; GSC metrics unavailable — not invented.
https://www.expatcopilot.com/netherlands/moving/tools/first-90-days/from/uae/,tool_calculator,first_90_days,tool_transactional,indexable_intent_true_live,slash_canonical_churn,template_thin_risk,orphan,,,,,orphan_indexable,IMPROVE_INTERNAL_LINKS,P1,high,Zero inlinks in IA crawl; prefer enrich linking over consolidate; Country×tool template; improve parent hub links / unique deltas; GSC metrics unavailable — not invented.
https://www.expatcopilot.com/netherlands/moving/tools/first-90-days/from/united-kingdom/,tool_calculator,first_90_days,tool_transactional,indexable_intent_true_live,slash_canonical_churn,template_thin_risk,orphan,,,,,orphan_indexable,IMPROVE_INTERNAL_LINKS,P1,high,Zero inlinks in IA crawl; prefer enrich linking over consolidate; Country×tool template; improve parent hub links / unique deltas; GSC metrics unavailable — not invented.
https://www.expatcopilot.com/netherlands/moving/tools/first-90-days/from/united-states/,tool_calculator,first_90_days,tool_transactional,indexable_intent_true_live,slash_canonical_churn,template_thin_risk,orphan,,,,,orphan_indexable,IMPROVE_INTERNAL_LINKS,P1,high,Zero inlinks in IA crawl; prefer enrich linking over consolidate; Country×tool template; improve parent hub links / unique deltas; GSC metrics unavailable — not invented.
https://www.expatcopilot.com/netherlands/moving/tools/moving-checklist/,tool_calculator,moving,tool_transactional,indexable_intent_true_live,slash_canonical_churn,high,sitewide_only,,,,,authority_linkable_asset,ENRICH,P1,medium,Linkability P1: CHECKLIST; GSC metrics unavailable — not invented.
https://www.expatcopilot.com/netherlands/moving/tools/moving-checklist/from/argentina/,tool_calculator,moving,tool_transactional,indexable_intent_true_live,slash_canonical_churn,good,orphan,,,,,orphan_indexable,IMPROVE_INTERNAL_LINKS,P1,high,Zero inlinks in IA crawl; prefer enrich linking over consolidate; Country×tool template; improve parent hub links / unique deltas; GSC metrics unavailable — not invented.
https://www.expatcopilot.com/netherlands/moving/tools/moving-checklist/from/australia/,tool_calculator,moving,tool_transactional,indexable_intent_true_live,slash_canonical_churn,good,orphan,,,,,orphan_indexable,IMPROVE_INTERNAL_LINKS,P1,high,Zero inlinks in IA crawl; prefer enrich linking over consolidate; Country×tool template; improve parent hub links / unique deltas; GSC metrics unavailable — not invented.
https://www.expatcopilot.com/netherlands/moving/tools/moving-checklist/from/brazil/,tool_calculator,moving,tool_transactional,indexable_intent_true_live,slash_canonical_churn,good,orphan,,,,,orphan_indexable,IMPROVE_INTERNAL_LINKS,P1,high,Zero inlinks in IA crawl; prefer enrich linking over consolidate; Country×tool template; improve parent hub links / unique deltas; GSC metrics unavailable — not invented.
https://www.expatcopilot.com/netherlands/moving/tools/moving-checklist/from/canada/,tool_calculator,moving,tool_transactional,indexable_intent_true_live,slash_canonical_churn,good,orphan,,,,,orphan_indexable,IMPROVE_INTERNAL_LINKS,P1,high,Zero inlinks in IA crawl; prefer enrich linking over consolidate; Country×tool template; improve parent hub links / unique deltas; GSC metrics unavailable — not invented.
https://www.expatcopilot.com/netherlands/moving/tools/moving-checklist/from/chile/,tool_calculator,moving,tool_transactional,indexable_intent_true_live,slash_canonical_churn,good,orphan,,,,,orphan_indexable,IMPROVE_INTERNAL_LINKS,P1,high,Zero inlinks in IA crawl; prefer enrich linking over consolidate; Country×tool template; improve parent hub links / unique deltas; GSC metrics unavailable — not invented.
https://www.expatcopilot.com/netherlands/moving/tools/moving-checklist/from/denmark/,tool_calculator,moving,tool_transactional,indexable_intent_true_live,slash_canonical_churn,good,orphan,,,,,orphan_indexable,IMPROVE_INTERNAL_LINKS,P1,high,Zero inlinks in IA crawl; prefer enrich linking over consolidate; Country×tool template; improve parent hub links / unique deltas; GSC metrics unavailable — not invented.
https://www.expatcopilot.com/netherlands/moving/tools/moving-checklist/from/france/,tool_calculator,moving,tool_transactional,indexable_intent_true_live,slash_canonical_churn,good,orphan,,,,,orphan_indexable,IMPROVE_INTERNAL_LINKS,P1,high,Zero inlinks in IA crawl; prefer enrich linking over consolidate; Country×tool template; improve parent hub links / unique deltas; GSC metrics unavailable — not invented.
https://www.expatcopilot.com/netherlands/moving/tools/moving-checklist/from/germany/,tool_calculator,moving,tool_transactional,indexable_intent_true_live,slash_canonical_churn,good,orphan,,,,,orphan_indexable,IMPROVE_INTERNAL_LINKS,P1,high,Zero inlinks in IA crawl; prefer enrich linking over consolidate; Country×tool template; improve parent hub links / unique deltas; GSC metrics unavailable — not invented.
https://www.expatcopilot.com/netherlands/moving/tools/moving-checklist/from/india/,tool_calculator,moving,tool_transactional,indexable_intent_true_live,slash_canonical_churn,good,orphan,,,,,orphan_indexable,IMPROVE_INTERNAL_LINKS,P1,high,Zero inlinks in IA crawl; prefer enrich linking over consolidate; Country×tool template; improve parent hub links / unique deltas; GSC metrics unavailable — not invented.
https://www.expatcopilot.com/netherlands/moving/tools/moving-checklist/from/indonesia/,tool_calculator,moving,tool_transactional,indexable_intent_true_live,slash_canonical_churn,good,orphan,,,,,orphan_indexable,IMPROVE_INTERNAL_LINKS,P1,high,Zero inlinks in IA crawl; prefer enrich linking over consolidate; Country×tool template; improve parent hub links / unique deltas; GSC metrics unavailable — not invented.
https://www.expatcopilot.com/netherlands/moving/tools/moving-checklist/from/ireland/,tool_calculator,moving,tool_transactional,indexable_intent_true_live,slash_canonical_churn,good,orphan,,,,,orphan_indexable,IMPROVE_INTERNAL_LINKS,P1,high,Zero inlinks in IA crawl; prefer enrich linking over consolidate; Country×tool template; improve parent hub links / unique deltas; GSC metrics unavailable — not invented.
https://www.expatcopilot.com/netherlands/moving/tools/moving-checklist/from/italy/,tool_calculator,moving,tool_transactional,indexable_intent_true_live,slash_canonical_churn,good,orphan,,,,,orphan_indexable,IMPROVE_INTERNAL_LINKS,P1,high,Zero inlinks in IA crawl; prefer enrich linking over consolidate; Country×tool template; improve parent hub links / unique deltas; GSC metrics unavailable — not invented.
https://www.expatcopilot.com/netherlands/moving/tools/moving-checklist/from/japan/,tool_calculator,moving,tool_transactional,indexable_intent_true_live,slash_canonical_churn,good,orphan,,,,,orphan_indexable,IMPROVE_INTERNAL_LINKS,P1,high,Zero inlinks in IA crawl; prefer enrich linking over consolidate; Country×tool template; improve parent hub links / unique deltas; GSC metrics unavailable — not invented.
https://www.expatcopilot.com/netherlands/moving/tools/moving-checklist/from/kenya/,tool_calculator,moving,tool_transactional,indexable_intent_true_live,slash_canonical_churn,good,orphan,,,,,orphan_indexable,IMPROVE_INTERNAL_LINKS,P1,high,Zero inlinks in IA crawl; prefer enrich linking over consolidate; Country×tool template; improve parent hub links / unique deltas; GSC metrics unavailable — not invented.
https://www.expatcopilot.com/netherlands/moving/tools/moving-checklist/from/mexico/,tool_calculator,moving,tool_transactional,indexable_intent_true_live,slash_canonical_churn,good,orphan,,,,,orphan_indexable,IMPROVE_INTERNAL_LINKS,P1,high,Zero inlinks in IA crawl; prefer enrich linking over consolidate; Country×tool template; improve parent hub links / unique deltas; GSC metrics unavailable — not invented.
https://www.expatcopilot.com/netherlands/moving/tools/moving-checklist/from/new-zealand/,tool_calculator,moving,tool_transactional,indexable_intent_true_live,slash_canonical_churn,template_thin_risk,orphan,,,,,orphan_indexable,IMPROVE_INTERNAL_LINKS,P1,high,Zero inlinks in IA crawl; prefer enrich linking over consolidate; Country×tool template; improve parent hub links / unique deltas; GSC metrics unavailable — not invented.
https://www.expatcopilot.com/netherlands/moving/tools/moving-checklist/from/norway/,tool_calculator,moving,tool_transactional,indexable_intent_true_live,slash_canonical_churn,good,orphan,,,,,orphan_indexable,IMPROVE_INTERNAL_LINKS,P1,high,Zero inlinks in IA crawl; prefer enrich linking over consolidate; Country×tool template; improve parent hub links / unique deltas; GSC metrics unavailable — not invented.
https://www.expatcopilot.com/netherlands/moving/tools/moving-checklist/from/pakistan/,tool_calculator,moving,tool_transactional,indexable_intent_true_live,slash_canonical_churn,good,orphan,,,,,orphan_indexable,IMPROVE_INTERNAL_LINKS,P1,high,Zero inlinks in IA crawl; prefer enrich linking over consolidate; Country×tool template; improve parent hub links / unique deltas; GSC metrics unavailable — not invented.
https://www.expatcopilot.com/netherlands/moving/tools/moving-checklist/from/singapore/,tool_calculator,moving,tool_transactional,indexable_intent_true_live,slash_canonical_churn,good,orphan,,,,,orphan_indexable,IMPROVE_INTERNAL_LINKS,P1,high,Zero inlinks in IA crawl; prefer enrich linking over consolidate; Country×tool template; improve parent hub links / unique deltas; GSC metrics unavailable — not invented.
https://www.expatcopilot.com/netherlands/moving/tools/moving-checklist/from/south-africa/,tool_calculator,moving,tool_transactional,indexable_intent_true_live,slash_canonical_churn,template_thin_risk,orphan,,,,,orphan_indexable,IMPROVE_INTERNAL_LINKS,P1,high,Zero inlinks in IA crawl; prefer enrich linking over consolidate; Country×tool template; improve parent hub links / unique deltas; GSC metrics unavailable — not invented.
https://www.expatcopilot.com/netherlands/moving/tools/moving-checklist/from/south-korea/,tool_calculator,moving,tool_transactional,indexable_intent_true_live,slash_canonical_churn,template_thin_risk,orphan,,,,,orphan_indexable,IMPROVE_INTERNAL_LINKS,P1,high,Zero inlinks in IA crawl; prefer enrich linking over consolidate; Country×tool template; improve parent hub links / unique deltas; GSC metrics unavailable — not invented.
https://www.expatcopilot.com/netherlands/moving/tools/moving-checklist/from/spain/,tool_calculator,moving,tool_transactional,indexable_intent_true_live,slash_canonical_churn,good,orphan,,,,,orphan_indexable,IMPROVE_INTERNAL_LINKS,P1,high,Zero inlinks in IA crawl; prefer enrich linking over consolidate; Country×tool template; improve parent hub links / unique deltas; GSC metrics unavailable — not invented.
https://www.expatcopilot.com/netherlands/moving/tools/moving-checklist/from/sweden/,tool_calculator,moving,tool_transactional,indexable_intent_true_live,slash_canonical_churn,good,orphan,,,,,orphan_indexable,IMPROVE_INTERNAL_LINKS,P1,high,Zero inlinks in IA crawl; prefer enrich linking over consolidate; Country×tool template; improve parent hub links / unique deltas; GSC metrics unavailable — not invented.
https://www.expatcopilot.com/netherlands/moving/tools/moving-checklist/from/switzerland/,tool_calculator,moving,tool_transactional,indexable_intent_true_live,slash_canonical_churn,template_thin_risk,orphan,,,,,orphan_indexable,IMPROVE_INTERNAL_LINKS,P1,high,Zero inlinks in IA crawl; prefer enrich linking over consolidate; Country×tool template; improve parent hub links / unique deltas; GSC metrics unavailable — not invented.
https://www.expatcopilot.com/netherlands/moving/tools/moving-checklist/from/turkey/,tool_calculator,moving,tool_transactional,indexable_intent_true_live,slash_canonical_churn,good,orphan,,,,,orphan_indexable,IMPROVE_INTERNAL_LINKS,P1,high,Zero inlinks in IA crawl; prefer enrich linking over consolidate; Country×tool template; improve parent hub links / unique deltas; GSC metrics unavailable — not invented.
https://www.expatcopilot.com/netherlands/moving/tools/moving-checklist/from/uae/,tool_calculator,moving,tool_transactional,indexable_intent_true_live,slash_canonical_churn,template_thin_risk,orphan,,,,,orphan_indexable,IMPROVE_INTERNAL_LINKS,P1,high,Zero inlinks in IA crawl; prefer enrich linking over consolidate; Country×tool template; improve parent hub links / unique deltas; GSC metrics unavailable — not invented.
https://www.expatcopilot.com/netherlands/moving/tools/moving-checklist/from/united-kingdom/,tool_calculator,moving,tool_transactional,indexable_intent_true_live,slash_canonical_churn,template_thin_risk,orphan,,,,,orphan_indexable,IMPROVE_INTERNAL_LINKS,P1,high,Zero inlinks in IA crawl; prefer enrich linking over consolidate; Country×tool template; improve parent hub links / unique deltas; GSC metrics unavailable — not invented.
https://www.expatcopilot.com/netherlands/moving/tools/moving-checklist/from/united-states/,tool_calculator,moving,tool_transactional,indexable_intent_true_live,slash_canonical_churn,template_thin_risk,orphan,,,,,orphan_indexable,IMPROVE_INTERNAL_LINKS,P1,high,Zero inlinks in IA crawl; prefer enrich linking over consolidate; Country×tool template; improve parent hub links / unique deltas; GSC metrics unavailable — not invented.
https://www.expatcopilot.com/netherlands/moving/tools/relocation-cost-estimator/,tool_calculator,moving,tool_transactional,indexable_intent_true_live,slash_canonical_churn,medium_ctr_risk,strong_contextual,,,,,authority_linkable_asset,ENRICH,P1,medium,Linkability P1: CALCULATOR; GSC metrics unavailable — not invented.
https://www.expatcopilot.com/netherlands/taxes/30-percent-ruling/,guide,thirty_percent_ruling,research_comparison,indexable_intent_true_live,slash_canonical_churn,high,weak_contextual,,,,,authority_linkable_asset,ENRICH,P1,medium,Linkability P1: GUIDE; GSC metrics unavailable — not invented.
https://www.expatcopilot.com/netherlands/taxes/tools/dutch-salary-net-calculator/,tool_calculator,tax,tool_transactional,indexable_intent_true_live,slash_canonical_churn,adequate,strong_contextual,,,,,authority_linkable_asset,ENRICH,P1,medium,Linkability P1: CALCULATOR; GSC metrics unavailable — not invented.
https://www.expatcopilot.com/netherlands/taxes/tools/healthcare-allowance-estimator/,tool_calculator,tax,tool_transactional,indexable_intent_true_live,slash_canonical_churn,medium_ctr_risk,strong_contextual,,,,,authority_linkable_asset,ENRICH,P1,medium,Linkability P1: CALCULATOR; GSC metrics unavailable — not invented.
https://www.expatcopilot.com/netherlands/visa-checker/,tool_calculator,visas_immigration,tool_transactional,indexable_intent_true_live,slash_canonical_churn,medium_ctr_risk,strong_contextual,,,,,authority_linkable_asset,ENRICH,P1,medium,Linkability P1: INTERACTIVE_TOOL; GSC metrics unavailable — not invented.
https://www.expatcopilot.com/netherlands/visa-cost-calculator/,tool_calculator,visas_immigration,tool_transactional,indexable_intent_true_live,slash_canonical_churn,medium_ctr_risk,strong_contextual,,,,,authority_linkable_asset,ENRICH,P1,medium,Linkability P1: CALCULATOR; GSC metrics unavailable — not invented.
https://www.expatcopilot.com/netherlands/visa/highly-skilled-migrant/,visa_guide,visas_immigration,visa_informational,indexable_intent_true_live,slash_canonical_churn,high,strong_contextual,,,,,authority_linkable_asset,ENRICH,P1,medium,Linkability P1: GUIDE; GSC metrics unavailable — not invented.
https://www.expatcopilot.com/netherlands/work/tools/employment-contract-risk-scanner/,tool_calculator,working,tool_transactional,indexable_intent_true_live,slash_canonical_churn,adequate,strong_contextual,,,,,authority_linkable_asset,ENRICH,P1,medium,Linkability P1: INTERACTIVE_TOOL; GSC metrics unavailable — not invented.
https://www.expatcopilot.com/netherlands/work/tools/job-offer-comparison/,tool_calculator,working,tool_transactional,indexable_intent_true_live,slash_canonical_churn,medium_ctr_risk,strong_contextual,,,,,authority_linkable_asset,ENRICH,P1,medium,Linkability P1: INTERACTIVE_TOOL; GSC metrics unavailable — not invented.
https://www.expatcopilot.com/,homepage,other,homepage,indexable_intent_true_live,slash_canonical_churn,medium_ctr_risk,sitewide_only,,,,,homepage_redirect_in_sitemap,REVIEW_INDEXABILITY,P2,medium,SERP heuristic: duplicate_title_x2|duplicate_description_x2|h1_title_differ_soft|likely_poor_ctr; Homepage vs NL hub title overlap; Homepage redirects to /netherlands; sitemap membership + title overlap; GSC metrics unavailable — not invented.
https://www.expatcopilot.com/about/,trust_legal,trust_legal,trust_legal,indexable_intent_true_live,slash_canonical_churn,medium_ctr_risk,sitewide_only,,,,,metadata_ctr_risk,IMPROVE_CTR,P2,medium,SERP heuristic: overly_long_title_core|overly_long_title_with_brand|problematic_h1_title_mismatc; GSC metrics unavailable — not invented.
https://www.expatcopilot.com/about/affiliate-disclosure/,trust_legal,,UNKNOWN,unknown,n/a_not_index_target,good,n/a,,,,,unknown_intent,INVESTIGATE,P2,low,
https://www.expatcopilot.com/contact/,trust_legal,trust_legal,trust_legal,indexable_intent_true_live,slash_canonical_churn,medium_ctr_risk,sitewide_only,,,,,metadata_ctr_risk,IMPROVE_CTR,P2,medium,SERP heuristic: problematic_h1_title_mismatch|og_title_differs_from_title; GSC metrics unavailable — not invented.
https://www.expatcopilot.com/cookies/,trust_legal,trust_legal,trust_legal,indexable_intent_true_live,slash_canonical_churn,medium_ctr_risk,sitewide_only,,,,,metadata_ctr_risk,IMPROVE_CTR,P2,medium,SERP heuristic: very_short_title|og_title_differs_from_title; GSC metrics unavailable — not invented.
https://www.expatcopilot.com/disclaimer/,trust_legal,trust_legal,trust_legal,indexable_intent_true_live,slash_canonical_churn,medium_ctr_risk,sitewide_only,,,,,metadata_ctr_risk,IMPROVE_CTR,P2,medium,SERP heuristic: very_short_title|og_title_differs_from_title; GSC metrics unavailable — not invented.
https://www.expatcopilot.com/editorial-policy/,trust_legal,trust_legal,trust_legal,indexable_intent_true_live,slash_canonical_churn,medium_ctr_risk,sitewide_only,,,,,metadata_ctr_risk,IMPROVE_CTR,P2,medium,SERP heuristic: very_short_title|og_title_differs_from_title|templated_description_opening; GSC metrics unavailable — not invented.
https://www.expatcopilot.com/how-this-site-works/,trust_legal,trust_legal,trust_legal,indexable_intent_true_live,slash_canonical_churn,medium_ctr_risk,sitewide_only,,,,,metadata_ctr_risk,IMPROVE_CTR,P2,medium,SERP heuristic: overly_long_title_core|overly_long_title_with_brand|problematic_h1_title_mismatc; GSC metrics unavailable — not invented.
https://www.expatcopilot.com/methodology/,trust_legal,trust_legal,trust_legal,indexable_intent_true_live,slash_canonical_churn,medium_ctr_risk,sitewide_only,,,,,metadata_ctr_risk,IMPROVE_CTR,P2,medium,SERP heuristic: very_short_title|og_title_differs_from_title|templated_description_opening; GSC metrics unavailable — not invented.
https://www.expatcopilot.com/netherlands/,country_hub,netherlands_hub,country_hub,indexable_intent_true_live,slash_canonical_churn,medium_ctr_risk,sitewide_only,,,,,metadata_ctr_risk,REVIEW_INDEXABILITY,P2,medium,SERP heuristic: duplicate_title_x2|duplicate_description_x2|h1_title_differ_soft|likely_poor_ctr; GSC metrics unavailable — not invented.
https://www.expatcopilot.com/netherlands/after-arriving-netherlands/,moving_guide,first_90_days,moving_guide,indexable_intent_true_live,slash_canonical_churn,medium_ctr_risk,strong_contextual,,,,,metadata_ctr_risk,IMPROVE_CTR,P2,medium,SERP heuristic: overly_long_title_core|overly_long_title_with_brand|overly_long_description|prob; GSC metrics unavailable — not invented.
https://www.expatcopilot.com/netherlands/amsterdam/,city_page,cities,city_research,indexable_intent_true_live,ok_with_sitewide_slash_debt,medium_ctr_risk,strong_contextual,,,,,metadata_ctr_risk,IMPROVE_CTR,P2,medium,SERP heuristic: overly_long_title_core|overly_long_title_with_brand|h1_title_differ_soft|year_ab; GSC metrics unavailable — not invented.
https://www.expatcopilot.com/netherlands/apostille-documents-netherlands/,moving_guide,netherlands_other,moving_guide,indexable_intent_true_live,slash_canonical_churn,medium_ctr_risk,strong_contextual,,,,,metadata_ctr_risk,IMPROVE_CTR,P2,medium,SERP heuristic: overly_long_description|problematic_h1_title_mismatch|templated_description_open; GSC metrics unavailable — not invented.
https://www.expatcopilot.com/netherlands/best/,best_of_monetization,,UNKNOWN,unknown,n/a_not_index_target,adequate,n/a,,,,,unknown_intent,INVESTIGATE,P2,low,
https://www.expatcopilot.com/netherlands/business/starting-a-business-netherlands/,guide,netherlands_other,guide,indexable_intent_true_live,slash_canonical_churn,adequate,weak_contextual,,,,,year_freshness_candidate,IMPROVE_CTR,P2,low,no year in title; topic often year-sensitive (2026); GSC metrics unavailable — not invented.
https://www.expatcopilot.com/netherlands/business/zzp-netherlands/,guide,netherlands_other,guide,indexable_intent_true_live,slash_canonical_churn,adequate,weak_contextual,,,,,year_freshness_candidate,IMPROVE_CTR,P2,low,no year in title; topic often year-sensitive (2026); GSC metrics unavailable — not invented.
https://www.expatcopilot.com/netherlands/cities/,city_page,cities,city_research,indexable_intent_true_live,slash_canonical_churn,medium_ctr_risk,sitewide_only,,,,,metadata_ctr_risk,IMPROVE_CTR,P2,medium,SERP heuristic: overly_long_description|problematic_h1_title_mismatch; GSC metrics unavailable — not invented.
https://www.expatcopilot.com/netherlands/cities/amsterdam-vs-rotterdam/,city_page,cities,city_research,indexable_intent_true_live,slash_canonical_churn,high,weak_contextual,,,,,metadata_ctr_risk,IMPROVE_CTR,P2,medium,SERP heuristic: overly_long_title_with_brand|problematic_h1_title_mismatch|year_absent_but_may_h; GSC metrics unavailable — not invented.
https://www.expatcopilot.com/netherlands/cities/best-cities-for-international-professionals/,city_page,cities,city_research,indexable_intent_true_live,slash_canonical_churn,adequate,weak_contextual,,,,,year_freshness_candidate,IMPROVE_CTR,P2,low,no year in title; topic often year-sensitive (2026); GSC metrics unavailable — not invented.
https://www.expatcopilot.com/netherlands/cities/compare/,city_page,cities,city_research,indexable_intent_true_live,slash_canonical_churn,medium_ctr_risk,weak_contextual,,,,,metadata_ctr_risk,IMPROVE_CTR,P2,medium,SERP heuristic: problematic_h1_title_mismatch; GSC metrics unavailable — not invented.
https://www.expatcopilot.com/netherlands/digid-awareness/,moving_guide,first_90_days,moving_guide,indexable_intent_true_live,slash_canonical_churn,medium_ctr_risk,strong_contextual,,,,,metadata_ctr_risk,IMPROVE_CTR,P2,medium,SERP heuristic: overly_long_title_core|overly_long_title_with_brand|problematic_h1_title_mismatc; GSC metrics unavailable — not invented.
https://www.expatcopilot.com/netherlands/document-legalization-netherlands/,moving_guide,netherlands_other,moving_guide,indexable_intent_true_live,slash_canonical_churn,medium_ctr_risk,strong_contextual,,,,,metadata_ctr_risk,IMPROVE_CTR,P2,medium,SERP heuristic: overly_long_title_core|overly_long_title_with_brand|overly_long_description|h1_t; GSC metrics unavailable — not invented.
https://www.expatcopilot.com/netherlands/documents-needed-to-move-netherlands/,moving_guide,,UNKNOWN,unknown,n/a_not_index_target,high,n/a,,,,,unknown_intent,INVESTIGATE,P2,low,
https://www.expatcopilot.com/netherlands/education/after-school-care-netherlands/,guide,education,guide,indexable_intent_true_live,slash_canonical_churn,medium_ctr_risk,moderate_contextual,,,,,metadata_ctr_risk,IMPROVE_CTR,P2,medium,SERP heuristic: overly_long_title_core|overly_long_title_with_brand|h1_title_differ_soft|templat; GSC metrics unavailable — not invented.
https://www.expatcopilot.com/netherlands/education/before-school-care-netherlands/,guide,education,guide,indexable_intent_true_live,slash_canonical_churn,medium_ctr_risk,moderate_contextual,,,,,metadata_ctr_risk,IMPROVE_CTR,P2,medium,SERP heuristic: overly_long_title_core|overly_long_title_with_brand|h1_title_differ_soft|templat; GSC metrics unavailable — not invented.
https://www.expatcopilot.com/netherlands/education/daycare-netherlands/,guide,education,guide,indexable_intent_true_live,slash_canonical_churn,adequate,moderate_contextual,,,,,year_freshness_candidate,IMPROVE_CTR,P2,low,no year in title; topic often year-sensitive (2026); GSC metrics unavailable — not invented.
https://www.expatcopilot.com/netherlands/eindhoven/,city_page,cities,city_research,indexable_intent_true_live,slash_canonical_churn,medium_ctr_risk,strong_contextual,,,,,metadata_ctr_risk,IMPROVE_CTR,P2,medium,SERP heuristic: overly_long_title_core|overly_long_title_with_brand|h1_title_differ_soft|year_ab; GSC metrics unavailable — not invented.
https://www.expatcopilot.com/netherlands/family/child-benefits-netherlands/,guide,families,guide,indexable_intent_true_live,slash_canonical_churn,medium_ctr_risk,moderate_contextual,,,,,metadata_ctr_risk,IMPROVE_CTR,P2,medium,SERP heuristic: overly_long_title_core|overly_long_title_with_brand|overly_long_description|h1_t; GSC metrics unavailable — not invented.
https://www.expatcopilot.com/netherlands/family/pets-netherlands/,guide,families,guide,indexable_intent_true_live,slash_canonical_churn,adequate,moderate_contextual,,,,,year_freshness_candidate,IMPROVE_CTR,P2,low,no year in title; topic often year-sensitive (2026); GSC metrics unavailable — not invented.
https://www.expatcopilot.com/netherlands/family/pregnancy-netherlands/,guide,families,guide,indexable_intent_true_live,slash_canonical_churn,adequate,moderate_contextual,,,,,year_freshness_candidate,IMPROVE_CTR,P2,low,no year in title; topic often year-sensitive (2026); GSC metrics unavailable — not invented.
https://www.expatcopilot.com/netherlands/family/tools/,tool_calculator,families,tool_transactional,indexable_intent_true_live,slash_canonical_churn,medium_ctr_risk,moderate_contextual,,,,,metadata_ctr_risk,IMPROVE_CTR,P2,medium,SERP heuristic: problematic_h1_title_mismatch; GSC metrics unavailable — not invented.
https://www.expatcopilot.com/netherlands/family/tools/childcare-cost-estimator/,tool_calculator,families,tool_transactional,indexable_intent_true_live,slash_canonical_churn,medium_ctr_risk,strong_contextual,,,,,metadata_ctr_risk,IMPROVE_CTR,P2,medium,SERP heuristic: overly_long_title_core|overly_long_title_with_brand|overly_long_description|gene; GSC metrics unavailable — not invented.
https://www.expatcopilot.com/netherlands/first-30-days-netherlands/,moving_guide,netherlands_other,moving_guide,indexable_intent_true_live,slash_canonical_churn,adequate,strong_contextual,,,,,year_freshness_candidate,IMPROVE_CTR,P2,low,no year in title; topic often year-sensitive (2026); GSC metrics unavailable — not invented.
https://www.expatcopilot.com/netherlands/first-60-days-netherlands/,moving_guide,netherlands_other,moving_guide,indexable_intent_true_live,slash_canonical_churn,adequate,strong_contextual,,,,,year_freshness_candidate,IMPROVE_CTR,P2,low,no year in title; topic often year-sensitive (2026); GSC metrics unavailable — not invented.
https://www.expatcopilot.com/netherlands/first-90-days-netherlands/,moving_guide,netherlands_other,moving_guide,indexable_intent_true_live,slash_canonical_churn,adequate,strong_contextual,,,,,year_freshness_candidate,IMPROVE_CTR,P2,low,no year in title; topic often year-sensitive (2026); GSC metrics unavailable — not invented.
https://www.expatcopilot.com/netherlands/government-services/,guide,netherlands_other,guide,indexable_intent_true_live,slash_canonical_churn,adequate,sitewide_only,,,,,year_freshness_candidate,IMPROVE_CTR,P2,low,no year in title; topic often year-sensitive (2026); GSC metrics unavailable — not invented.
https://www.expatcopilot.com/netherlands/health-insurance-netherlands/,moving_guide,healthcare,moving_guide,indexable_intent_true_live,slash_canonical_churn,medium_ctr_risk,strong_contextual,,,,,metadata_ctr_risk,IMPROVE_CTR,P2,medium,SERP heuristic: overly_long_title_core|overly_long_title_with_brand|overly_long_description|h1_t; GSC metrics unavailable — not invented.
https://www.expatcopilot.com/netherlands/health/dentists-netherlands/,guide,healthcare,guide,indexable_intent_true_live,slash_canonical_churn,adequate,moderate_contextual,,,,,year_freshness_candidate,IMPROVE_CTR,P2,low,no year in title; topic often year-sensitive (2026); GSC metrics unavailable — not invented.
https://www.expatcopilot.com/netherlands/health/health-insurance-comparison-netherlands/,guide,healthcare,guide,indexable_intent_true_live,slash_canonical_churn,medium_ctr_risk,strong_contextual,,,,,metadata_ctr_risk,IMPROVE_CTR,P2,medium,SERP heuristic: overly_long_title_core|overly_long_title_with_brand|overly_long_description|h1_t; GSC metrics unavailable — not invented.
https://www.expatcopilot.com/netherlands/health/hospitals-netherlands/,guide,healthcare,guide,indexable_intent_true_live,slash_canonical_churn,adequate,strong_contextual,,,,,year_freshness_candidate,IMPROVE_CTR,P2,low,no year in title; topic often year-sensitive (2026); GSC metrics unavailable — not invented.
https://www.expatcopilot.com/netherlands/health/maternity-care-netherlands/,guide,healthcare,guide,indexable_intent_true_live,slash_canonical_churn,adequate,strong_contextual,,,,,year_freshness_candidate,IMPROVE_CTR,P2,low,no year in title; topic often year-sensitive (2026); GSC metrics unavailable — not invented.
https://www.expatcopilot.com/netherlands/health/mental-healthcare-netherlands/,guide,healthcare,guide,indexable_intent_true_live,slash_canonical_churn,adequate,strong_contextual,,,,,year_freshness_candidate,IMPROVE_CTR,P2,low,no year in title; topic often year-sensitive (2026); GSC metrics unavailable — not invented.
https://www.expatcopilot.com/netherlands/health/physiotherapy-netherlands/,guide,healthcare,guide,indexable_intent_true_live,slash_canonical_churn,adequate,moderate_contextual,,,,,year_freshness_candidate,IMPROVE_CTR,P2,low,no year in title; topic often year-sensitive (2026); GSC metrics unavailable — not invented.
https://www.expatcopilot.com/netherlands/health/prescriptions-netherlands/,guide,healthcare,guide,indexable_intent_true_live,slash_canonical_churn,adequate,moderate_contextual,,,,,year_freshness_candidate,IMPROVE_CTR,P2,low,no year in title; topic often year-sensitive (2026); GSC metrics unavailable — not invented.
https://www.expatcopilot.com/netherlands/health/tools/,tool_calculator,healthcare,tool_transactional,indexable_intent_true_live,slash_canonical_churn,medium_ctr_risk,moderate,,,,,metadata_ctr_risk,IMPROVE_CTR,P2,medium,SERP heuristic: problematic_h1_title_mismatch|year_absent_but_may_help_ctr|likely_poor_ctr_risk:; GSC metrics unavailable — not invented.
https://www.expatcopilot.com/netherlands/housing/,guide,housing,guide,indexable_intent_true_live,slash_canonical_churn,good,sitewide_only,,,,,weak_cluster_linking,IMPROVE_INTERNAL_LINKS,P2,medium,; GSC metrics unavailable — not invented.
https://www.expatcopilot.com/netherlands/housing/buying-a-house-netherlands/,guide,housing,guide,indexable_intent_true_live,slash_canonical_churn,medium_ctr_risk,weak_contextual,,,,,metadata_ctr_risk,IMPROVE_CTR,P2,medium,SERP heuristic: overly_long_title_core|overly_long_title_with_brand|h1_title_differ_soft|templat; GSC metrics unavailable — not invented.
https://www.expatcopilot.com/netherlands/housing/mortgages-netherlands-expats/,guide,housing,guide,indexable_intent_true_live,slash_canonical_churn,adequate,weak_contextual,,,,,weak_cluster_linking,IMPROVE_INTERNAL_LINKS,P2,medium,; GSC metrics unavailable — not invented.
https://www.expatcopilot.com/netherlands/housing/rental-scams-netherlands/,guide,housing,guide,indexable_intent_true_live,slash_canonical_churn,medium_ctr_risk,moderate_contextual,,,,,metadata_ctr_risk,IMPROVE_CTR,P2,medium,SERP heuristic: overly_long_title_core|overly_long_title_with_brand|h1_title_differ_soft|templat; GSC metrics unavailable — not invented.
https://www.expatcopilot.com/netherlands/housing/tools/,tool_calculator,housing,tool_transactional,indexable_intent_true_live,slash_canonical_churn,medium_ctr_risk,strong_contextual,,,,,metadata_ctr_risk,IMPROVE_CTR,P2,medium,SERP heuristic: problematic_h1_title_mismatch; GSC metrics unavailable — not invented.
https://www.expatcopilot.com/netherlands/housing/tools/rent-affordability-calculator/,tool_calculator,housing,tool_transactional,indexable_intent_true_live,slash_canonical_churn,medium_ctr_risk,strong_contextual,,,,,metadata_ctr_risk,IMPROVE_CTR,P2,medium,SERP heuristic: overly_long_description|generic_title|h1_title_differ_soft|year_absent_but_may_h; GSC metrics unavailable — not invented.
https://www.expatcopilot.com/netherlands/integration/tools/,tool_calculator,integration,tool_transactional,indexable_intent_true_live,slash_canonical_churn,medium_ctr_risk,moderate_contextual,,,,,metadata_ctr_risk,IMPROVE_CTR,P2,medium,SERP heuristic: overly_long_title_with_brand|problematic_h1_title_mismatch; GSC metrics unavailable — not invented.
https://www.expatcopilot.com/netherlands/jobs/contractor-vs-employee-netherlands/,comparison,working,comparison,indexable_intent_true_live,slash_canonical_churn,medium_ctr_risk,weak_contextual,,,,,metadata_ctr_risk,IMPROVE_CTR,P2,medium,SERP heuristic: overly_long_title_core|overly_long_title_with_brand|h1_title_differ_soft|year_ab; GSC metrics unavailable — not invented.
https://www.expatcopilot.com/netherlands/jobs/dutch-directness-at-work/,guide,working,guide,indexable_intent_true_live,slash_canonical_churn,adequate,weak_contextual,,,,,weak_cluster_linking,IMPROVE_INTERNAL_LINKS,P2,medium,; GSC metrics unavailable — not invented.
https://www.expatcopilot.com/netherlands/jobs/dutch-workplace-culture/,guide,working,guide,indexable_intent_true_live,slash_canonical_churn,adequate,weak_contextual,,,,,weak_cluster_linking,IMPROVE_INTERNAL_LINKS,P2,medium,; GSC metrics unavailable — not invented.
https://www.expatcopilot.com/netherlands/jobs/employee-benefits-netherlands/,guide,working,guide,indexable_intent_true_live,slash_canonical_churn,medium_ctr_risk,weak_contextual,,,,,metadata_ctr_risk,IMPROVE_CTR,P2,medium,SERP heuristic: overly_long_title_core|overly_long_title_with_brand|overly_long_description|h1_t; GSC metrics unavailable — not invented.
https://www.expatcopilot.com/netherlands/jobs/employee-rights-netherlands/,guide,working,guide,indexable_intent_true_live,slash_canonical_churn,good,weak_contextual,,,,,weak_cluster_linking,IMPROVE_INTERNAL_LINKS,P2,medium,; GSC metrics unavailable — not invented.
https://www.expatcopilot.com/netherlands/jobs/employment-contract-netherlands/,guide,working,guide,indexable_intent_true_live,slash_canonical_churn,adequate,weak_contextual,,,,,weak_cluster_linking,IMPROVE_INTERNAL_LINKS,P2,medium,; GSC metrics unavailable — not invented.
https://www.expatcopilot.com/netherlands/jobs/expat-salary-netherlands/,guide,salaries,research_comparison,indexable_intent_true_live,slash_canonical_churn,medium_ctr_risk,weak_contextual,,,,,metadata_ctr_risk,IMPROVE_CTR,P2,medium,SERP heuristic: overly_long_title_core|overly_long_title_with_brand|overly_long_description|h1_t; GSC metrics unavailable — not invented.
https://www.expatcopilot.com/netherlands/jobs/finding-jobs-netherlands/,guide,working,guide,indexable_intent_true_live,slash_canonical_churn,adequate,sitewide_only,,,,,year_freshness_candidate,IMPROVE_CTR,P2,low,no year in title; topic often year-sensitive (2026); GSC metrics unavailable — not invented.
https://www.expatcopilot.com/netherlands/jobs/freelancing-netherlands/,guide,working,guide,indexable_intent_true_live,slash_canonical_churn,adequate,weak_contextual,,,,,year_freshness_candidate,IMPROVE_CTR,P2,low,no year in title; topic often year-sensitive (2026); GSC metrics unavailable — not invented.
https://www.expatcopilot.com/netherlands/jobs/holiday-allowance-netherlands/,guide,working,guide,indexable_intent_true_live,slash_canonical_churn,medium_ctr_risk,weak_contextual,,,,,metadata_ctr_risk,IMPROVE_CTR,P2,medium,SERP heuristic: overly_long_title_core|overly_long_title_with_brand|h1_title_differ_soft|templat; GSC metrics unavailable — not invented.
https://www.expatcopilot.com/netherlands/jobs/minimum-wage-netherlands/,guide,salaries,guide,indexable_intent_true_live,slash_canonical_churn,adequate,weak_contextual,,,,,weak_cluster_linking,IMPROVE_INTERNAL_LINKS,P2,medium,; GSC metrics unavailable — not invented.
https://www.expatcopilot.com/netherlands/jobs/notice-period-netherlands/,guide,working,guide,indexable_intent_true_live,slash_canonical_churn,adequate,weak_contextual,,,,,weak_cluster_linking,IMPROVE_INTERNAL_LINKS,P2,medium,; GSC metrics unavailable — not invented.
https://www.expatcopilot.com/netherlands/jobs/pension-netherlands-expats/,guide,working,guide,indexable_intent_true_live,slash_canonical_churn,medium_ctr_risk,weak_contextual,,,,,metadata_ctr_risk,IMPROVE_CTR,P2,medium,SERP heuristic: overly_long_title_core|overly_long_title_with_brand|overly_long_description|h1_t; GSC metrics unavailable — not invented.
https://www.expatcopilot.com/netherlands/jobs/probation-period-netherlands/,guide,working,guide,indexable_intent_true_live,slash_canonical_churn,adequate,weak_contextual,,,,,weak_cluster_linking,IMPROVE_INTERNAL_LINKS,P2,medium,; GSC metrics unavailable — not invented.
https://www.expatcopilot.com/netherlands/jobs/salary-negotiation-netherlands/,guide,salaries,research_comparison,indexable_intent_true_live,slash_canonical_churn,medium_ctr_risk,weak_contextual,,,,,metadata_ctr_risk,IMPROVE_CTR,P2,medium,SERP heuristic: overly_long_title_core|overly_long_title_with_brand|overly_long_description|h1_t; GSC metrics unavailable — not invented.
https://www.expatcopilot.com/netherlands/leaving/,guide,leaving,guide,indexable_intent_true_live,slash_canonical_churn,adequate,weak_contextual,,,,,year_freshness_candidate,IMPROVE_CTR,P2,low,no year in title; topic often year-sensitive (2026); GSC metrics unavailable — not invented.
https://www.expatcopilot.com/netherlands/leaving/tools/exit-readiness-checker/,tool_calculator,leaving,tool_transactional,indexable_intent_true_live,slash_canonical_churn,adequate,moderate_contextual,,,,,year_freshness_candidate,IMPROVE_CTR,P2,low,no year in title; topic often year-sensitive (2026); GSC metrics unavailable — not invented.
https://www.expatcopilot.com/netherlands/life/,guide,culture_life,guide,indexable_intent_true_live,slash_canonical_churn,good,sitewide_only,,,,,weak_cluster_linking,IMPROVE_INTERNAL_LINKS,P2,medium,; GSC metrics unavailable — not invented.
https://www.expatcopilot.com/netherlands/life/community-basics-netherlands/,guide,culture_life,guide,indexable_intent_true_live,slash_canonical_churn,adequate,weak_contextual,,,,,weak_cluster_linking,IMPROVE_INTERNAL_LINKS,P2,medium,; GSC metrics unavailable — not invented.
https://www.expatcopilot.com/netherlands/life/dating-in-the-netherlands/,guide,dating_social,guide,indexable_intent_true_live,slash_canonical_churn,adequate,weak_contextual,,,,,weak_cluster_linking,IMPROVE_INTERNAL_LINKS,P2,medium,; GSC metrics unavailable — not invented.
https://www.expatcopilot.com/netherlands/life/dutch-birthday-traditions/,guide,culture_life,guide,indexable_intent_true_live,slash_canonical_churn,adequate,weak_contextual,,,,,weak_cluster_linking,IMPROVE_INTERNAL_LINKS,P2,medium,; GSC metrics unavailable — not invented.
https://www.expatcopilot.com/netherlands/life/dutch-culture/,guide,culture_life,guide,indexable_intent_true_live,slash_canonical_churn,medium_ctr_risk,weak_contextual,,,,,metadata_ctr_risk,IMPROVE_CTR,P2,medium,SERP heuristic: overly_long_title_core|overly_long_title_with_brand|problematic_h1_title_mismatc; GSC metrics unavailable — not invented.
https://www.expatcopilot.com/netherlands/life/dutch-etiquette/,guide,culture_life,guide,indexable_intent_true_live,slash_canonical_churn,medium_ctr_risk,weak_contextual,,,,,metadata_ctr_risk,IMPROVE_CTR,P2,medium,SERP heuristic: overly_long_title_core|overly_long_title_with_brand|problematic_h1_title_mismatc; GSC metrics unavailable — not invented.
https://www.expatcopilot.com/netherlands/life/dutch-holidays-and-traditions/,guide,culture_life,guide,indexable_intent_true_live,slash_canonical_churn,good,weak_contextual,,,,,weak_cluster_linking,IMPROVE_INTERNAL_LINKS,P2,medium,; GSC metrics unavailable — not invented.
https://www.expatcopilot.com/netherlands/life/dutch-humour/,guide,culture_life,guide,indexable_intent_true_live,slash_canonical_churn,medium_ctr_risk,weak_contextual,,,,,metadata_ctr_risk,IMPROVE_CTR,P2,medium,SERP heuristic: overly_long_title_core|overly_long_title_with_brand|h1_title_differ_soft|templat; GSC metrics unavailable — not invented.
https://www.expatcopilot.com/netherlands/life/dutch-social-norms/,guide,culture_life,guide,indexable_intent_true_live,slash_canonical_churn,good,weak_contextual,,,,,weak_cluster_linking,IMPROVE_INTERNAL_LINKS,P2,medium,; GSC metrics unavailable — not invented.
https://www.expatcopilot.com/netherlands/life/making-dutch-friends/,guide,dating_social,guide,indexable_intent_true_live,slash_canonical_churn,adequate,weak_contextual,,,,,weak_cluster_linking,IMPROVE_INTERNAL_LINKS,P2,medium,; GSC metrics unavailable — not invented.
https://www.expatcopilot.com/netherlands/living/,guide,netherlands_other,guide,indexable_intent_true_live,slash_canonical_churn,medium_ctr_risk,strong_contextual,,,,,title_cannibalization,OPTIMIZE,P2,medium,SERP heuristic: duplicate_title_x2|duplicate_description_x2|generic_title|taxonomy_dominated_tit; Duplicate title with living hub/survival-guide pair; GSC metrics unavailable — not invented.
https://www.expatcopilot.com/netherlands/living/apps/,guide,culture_life,guide,indexable_intent_true_live,slash_canonical_churn,good,sitewide_only,,,,,weak_cluster_linking,IMPROVE_INTERNAL_LINKS,P2,medium,; GSC metrics unavailable — not invented.
https://www.expatcopilot.com/netherlands/living/buying-a-car-netherlands/,guide,netherlands_other,guide,indexable_intent_true_live,slash_canonical_churn,adequate,strong_contextual,,,,,year_freshness_candidate,IMPROVE_CTR,P2,low,no year in title; topic often year-sensitive (2026); GSC metrics unavailable — not invented.
https://www.expatcopilot.com/netherlands/living/car-insurance-netherlands/,guide,transport,guide,indexable_intent_true_live,slash_canonical_churn,adequate,strong_contextual,,,,,year_freshness_candidate,IMPROVE_CTR,P2,low,no year in title; topic often year-sensitive (2026); GSC metrics unavailable — not invented.
https://www.expatcopilot.com/netherlands/living/car-sharing-netherlands/,guide,transport,guide,indexable_intent_true_live,slash_canonical_churn,adequate,strong_contextual,,,,,year_freshness_candidate,IMPROVE_CTR,P2,low,no year in title; topic often year-sensitive (2026); GSC metrics unavailable — not invented.
https://www.expatcopilot.com/netherlands/living/daily-life/,guide,culture_life,guide,indexable_intent_true_live,slash_canonical_churn,good,sitewide_only,,,,,weak_cluster_linking,IMPROVE_INTERNAL_LINKS,P2,medium,; GSC metrics unavailable — not invented.
https://www.expatcopilot.com/netherlands/living/electric-vehicles-netherlands/,guide,netherlands_other,guide,indexable_intent_true_live,slash_canonical_churn,adequate,strong_contextual,,,,,year_freshness_candidate,IMPROVE_CTR,P2,low,no year in title; topic often year-sensitive (2026); GSC metrics unavailable — not invented.
https://www.expatcopilot.com/netherlands/living/emergencies/,guide,,UNKNOWN,unknown,n/a_not_index_target,adequate,n/a,,,,,unknown_intent,INVESTIGATE,P2,low,
https://www.expatcopilot.com/netherlands/living/getting-around/,guide,transport,guide,indexable_intent_true_live,slash_canonical_churn,good,sitewide_only,,,,,weak_cluster_linking,IMPROVE_INTERNAL_LINKS,P2,medium,; GSC metrics unavailable — not invented.
https://www.expatcopilot.com/netherlands/living/healthcare-basics/,guide,netherlands_other,guide,indexable_intent_true_live,slash_canonical_churn,adequate,sitewide_only,,,,,year_freshness_candidate,IMPROVE_CTR,P2,low,no year in title; topic often year-sensitive (2026); GSC metrics unavailable — not invented.
https://www.expatcopilot.com/netherlands/living/language/,guide,culture_life,guide,indexable_intent_true_live,slash_canonical_churn,good,sitewide_only,,,,,weak_cluster_linking,IMPROVE_INTERNAL_LINKS,P2,medium,; GSC metrics unavailable — not invented.
https://www.expatcopilot.com/netherlands/living/lease-cars-netherlands/,guide,netherlands_other,guide,indexable_intent_true_live,slash_canonical_churn,adequate,strong_contextual,,,,,year_freshness_candidate,IMPROVE_CTR,P2,low,no year in title; topic often year-sensitive (2026); GSC metrics unavailable — not invented.
https://www.expatcopilot.com/netherlands/living/road-tax-netherlands/,guide,transport,research_comparison,indexable_intent_true_live,slash_canonical_churn,adequate,strong_contextual,,,,,year_freshness_candidate,IMPROVE_CTR,P2,low,no year in title; topic often year-sensitive (2026); GSC metrics unavailable — not invented.
https://www.expatcopilot.com/netherlands/living/survival-guide/,guide,culture_life,guide,indexable_intent_true_live,slash_canonical_churn,medium_ctr_risk,sitewide_only,,,,,title_cannibalization,OPTIMIZE,P2,medium,SERP heuristic: duplicate_title_x2|duplicate_description_x2|generic_title|taxonomy_dominated_tit; Duplicate title with living hub/survival-guide pair; GSC metrics unavailable — not invented.
https://www.expatcopilot.com/netherlands/living/tools/utilities-services-comparison/,tool_calculator,tools_calculators,tool_transactional,indexable_intent_true_live,slash_canonical_churn,medium_ctr_risk,strong_contextual,,,,,metadata_ctr_risk,IMPROVE_CTR,P2,medium,SERP heuristic: overly_long_description|generic_title|h1_title_differ_soft|year_absent_but_may_h; GSC metrics unavailable — not invented.
https://www.expatcopilot.com/netherlands/living/weather/,guide,culture_life,guide,indexable_intent_true_live,slash_canonical_churn,good,sitewide_only,,,,,weak_cluster_linking,IMPROVE_INTERNAL_LINKS,P2,medium,; GSC metrics unavailable — not invented.
https://www.expatcopilot.com/netherlands/money/,guide,netherlands_other,guide,indexable_intent_true_live,slash_canonical_churn,adequate,strong_contextual,,,,,year_freshness_candidate,IMPROVE_CTR,P2,low,no year in title; topic often year-sensitive (2026); GSC metrics unavailable — not invented.
https://www.expatcopilot.com/netherlands/money/banking/,guide,banking,guide,indexable_intent_true_live,slash_canonical_churn,adequate,strong_contextual,,,,,year_freshness_candidate,IMPROVE_CTR,P2,low,no year in title; topic often year-sensitive (2026); GSC metrics unavailable — not invented.
https://www.expatcopilot.com/netherlands/money/banking/how-payments-work/,guide,banking,guide,indexable_intent_true_live,slash_canonical_churn,adequate,strong_contextual,,,,,year_freshness_candidate,IMPROVE_CTR,P2,low,no year in title; topic often year-sensitive (2026); GSC metrics unavailable — not invented.
https://www.expatcopilot.com/netherlands/money/banking/traditional-vs-digital/,comparison,banking,comparison,indexable_intent_true_live,slash_canonical_churn,adequate,strong_contextual,,,,,year_freshness_candidate,IMPROVE_CTR,P2,low,no year in title; topic often year-sensitive (2026); GSC metrics unavailable — not invented.
https://www.expatcopilot.com/netherlands/money/expat-taxes-netherlands/,guide,tax,research_comparison,indexable_intent_true_live,slash_canonical_churn,adequate,weak_contextual,,,,,year_freshness_candidate,IMPROVE_CTR,P2,low,no year in title; topic often year-sensitive (2026); GSC metrics unavailable — not invented.
https://www.expatcopilot.com/netherlands/money/financial-checklist-netherlands/,guide,netherlands_other,guide,indexable_intent_true_live,slash_canonical_churn,medium_ctr_risk,moderate,,,,,metadata_ctr_risk,IMPROVE_CTR,P2,medium,SERP heuristic: overly_long_title_core|overly_long_title_with_brand|overly_long_description|h1_t; GSC metrics unavailable — not invented.
https://www.expatcopilot.com/netherlands/money/how-taxes-work-in-the-netherlands/,guide,tax,research_comparison,indexable_intent_true_live,slash_canonical_churn,adequate,weak_contextual,,,,,year_freshness_candidate,IMPROVE_CTR,P2,low,no year in title; topic often year-sensitive (2026); GSC metrics unavailable — not invented.
https://www.expatcopilot.com/netherlands/money/tax-guide-for-expats/,guide,tax,research_comparison,indexable_intent_true_live,slash_canonical_churn,medium_ctr_risk,weak_contextual,,,,,metadata_ctr_risk,IMPROVE_CTR,P2,medium,SERP heuristic: generic_title|taxonomy_dominated_title|year_absent_but_may_help_ctr|likely_poor_; GSC metrics unavailable — not invented.
https://www.expatcopilot.com/netherlands/money/tax-residency-netherlands/,guide,tax,research_comparison,indexable_intent_true_live,slash_canonical_churn,adequate,weak_contextual,,,,,year_freshness_candidate,IMPROVE_CTR,P2,low,no year in title; topic often year-sensitive (2026); GSC metrics unavailable — not invented.
https://www.expatcopilot.com/netherlands/money/tax-return-netherlands/,guide,tax,research_comparison,indexable_intent_true_live,slash_canonical_churn,adequate,strong_contextual,,,,,year_freshness_candidate,IMPROVE_CTR,P2,low,no year in title; topic often year-sensitive (2026); GSC metrics unavailable — not invented.
https://www.expatcopilot.com/netherlands/money/taxes/tax-advisors/,guide,netherlands_other,research_comparison,indexable_intent_true_live,slash_canonical_churn,medium_ctr_risk,strong_contextual,,,,,metadata_ctr_risk,IMPROVE_CTR,P2,medium,SERP heuristic: overly_long_title_core|overly_long_title_with_brand|overly_long_description|gene; GSC metrics unavailable — not invented.
https://www.expatcopilot.com/netherlands/money/tools/,tool_calculator,tools_calculators,tool_transactional,indexable_intent_true_live,slash_canonical_churn,medium_ctr_risk,weak_contextual,,,,,metadata_ctr_risk,IMPROVE_CTR,P2,medium,SERP heuristic: problematic_h1_title_mismatch|year_absent_but_may_help_ctr|likely_poor_ctr_risk:; GSC metrics unavailable — not invented.
https://www.expatcopilot.com/netherlands/moving-documents-checklist/,moving_guide,,UNKNOWN,unknown,n/a_not_index_target,adequate,n/a,,,,,unknown_intent,INVESTIGATE,P2,low,
https://www.expatcopilot.com/netherlands/moving-to-netherlands-cost/,moving_guide,netherlands_other,moving_guide,indexable_intent_true_live,slash_canonical_churn,medium_ctr_risk,strong_contextual,,,,,metadata_ctr_risk,IMPROVE_CTR,P2,medium,SERP heuristic: overly_long_title_core|overly_long_title_with_brand|h1_title_differ_soft|year_ab; GSC metrics unavailable — not invented.
https://www.expatcopilot.com/netherlands/moving-to-the-netherlands/,guide,moving,guide,indexable_intent_true_live,slash_canonical_churn,high,sitewide_only,,,,,metadata_ctr_risk,IMPROVE_CTR,P2,medium,SERP heuristic: overly_long_title_core|overly_long_title_with_brand|overly_long_description|prob; GSC metrics unavailable — not invented.
https://www.expatcopilot.com/netherlands/moving/changing-jobs-netherlands/,guide,working,guide,indexable_intent_true_live,slash_canonical_churn,good,sitewide_only,,,,,weak_cluster_linking,IMPROVE_INTERNAL_LINKS,P2,medium,; GSC metrics unavailable — not invented.
https://www.expatcopilot.com/netherlands/moving/extensions-changes/,guide,visas_immigration,guide,indexable_intent_true_live,slash_canonical_churn,good,sitewide_only,,,,,weak_cluster_linking,IMPROVE_INTERNAL_LINKS,P2,medium,; GSC metrics unavailable — not invented.
https://www.expatcopilot.com/netherlands/moving/layoffs-netherlands/,guide,working,guide,indexable_intent_true_live,slash_canonical_churn,good,sitewide_only,,,,,weak_cluster_linking,IMPROVE_INTERNAL_LINKS,P2,medium,; GSC metrics unavailable — not invented.
https://www.expatcopilot.com/netherlands/moving/moving-to-netherlands-from/ireland/,origin_country_guide,country_origin,country_specific_moving,indexable_intent_true_live,slash_canonical_churn,medium_ctr_risk,moderate_contextual,,,,,metadata_ctr_risk,IMPROVE_CTR,P2,medium,SERP heuristic: overly_long_title_core|overly_long_title_with_brand|overly_long_description|h1_t; GSC metrics unavailable — not invented.
https://www.expatcopilot.com/netherlands/moving/moving-to-netherlands-from/united-kingdom/,origin_country_guide,country_origin,country_specific_moving,indexable_intent_true_live,slash_canonical_churn,medium_ctr_risk,strong_contextual,,,,,metadata_ctr_risk,IMPROVE_CTR,P2,medium,SERP heuristic: overly_long_title_core|overly_long_title_with_brand|title_weak_slug_entity_align; GSC metrics unavailable — not invented.
https://www.expatcopilot.com/netherlands/moving/residence-permits/,guide,visas_immigration,guide,indexable_intent_true_live,slash_canonical_churn,good,sitewide_only,,,,,weak_cluster_linking,IMPROVE_INTERNAL_LINKS,P2,medium,; GSC metrics unavailable — not invented.
https://www.expatcopilot.com/netherlands/moving/resigning-job-netherlands/,guide,working,guide,indexable_intent_true_live,slash_canonical_churn,good,sitewide_only,,,,,weak_cluster_linking,IMPROVE_INTERNAL_LINKS,P2,medium,; GSC metrics unavailable — not invented.
https://www.expatcopilot.com/netherlands/moving/status-changes/,guide,visas_immigration,guide,indexable_intent_true_live,slash_canonical_churn,good,sitewide_only,,,,,weak_cluster_linking,IMPROVE_INTERNAL_LINKS,P2,medium,; GSC metrics unavailable — not invented.
https://www.expatcopilot.com/netherlands/moving/tools/,tool_calculator,moving,tool_transactional,indexable_intent_true_live,slash_canonical_churn,medium_ctr_risk,strong_contextual,,,,,metadata_ctr_risk,IMPROVE_CTR,P2,medium,SERP heuristic: problematic_h1_title_mismatch; GSC metrics unavailable — not invented.
https://www.expatcopilot.com/netherlands/moving/twv-work-permit/,guide,working,guide,indexable_intent_true_live,slash_canonical_churn,good,sitewide_only,,,,,weak_cluster_linking,IMPROVE_INTERNAL_LINKS,P2,medium,; GSC metrics unavailable — not invented.
https://www.expatcopilot.com/netherlands/moving/visas-residency/,visa_guide,visas_immigration,visa_informational,indexable_intent_true_live,slash_canonical_churn,good,sitewide_only,,,,,weak_cluster_linking,IMPROVE_INTERNAL_LINKS,P2,medium,; GSC metrics unavailable — not invented.
https://www.expatcopilot.com/netherlands/moving/working-in-the-netherlands/,guide,working,guide,indexable_intent_true_live,slash_canonical_churn,adequate,sitewide_only,,,,,year_freshness_candidate,IMPROVE_CTR,P2,low,no year in title; topic often year-sensitive (2026); GSC metrics unavailable — not invented.
https://www.expatcopilot.com/netherlands/municipality-registration-netherlands/,moving_guide,netherlands_other,moving_guide,indexable_intent_true_live,slash_canonical_churn,medium_ctr_risk,strong_contextual,,,,,metadata_ctr_risk,IMPROVE_CTR,P2,medium,SERP heuristic: overly_long_title_core|overly_long_title_with_brand|problematic_h1_title_mismatc; GSC metrics unavailable — not invented.
https://www.expatcopilot.com/netherlands/practical-life/digid-netherlands/,guide,practical_life,guide,indexable_intent_true_live,slash_canonical_churn,adequate,weak_contextual,,,,,year_freshness_candidate,IMPROVE_CTR,P2,low,no year in title; topic often year-sensitive (2026); GSC metrics unavailable — not invented.
https://www.expatcopilot.com/netherlands/practical-life/government-portals-netherlands/,guide,practical_life,guide,indexable_intent_true_live,slash_canonical_churn,good,weak_contextual,,,,,weak_cluster_linking,IMPROVE_INTERNAL_LINKS,P2,medium,; GSC metrics unavailable — not invented.
https://www.expatcopilot.com/netherlands/practical-life/municipality-services-netherlands/,guide,practical_life,guide,indexable_intent_true_live,slash_canonical_churn,adequate,weak_contextual,,,,,year_freshness_candidate,IMPROVE_CTR,P2,low,no year in title; topic often year-sensitive (2026); GSC metrics unavailable — not invented.
https://www.expatcopilot.com/netherlands/practical-life/parking-and-local-permits-netherlands/,guide,practical_life,guide,indexable_intent_true_live,slash_canonical_churn,medium_ctr_risk,weak_contextual,,,,,metadata_ctr_risk,IMPROVE_CTR,P2,medium,SERP heuristic: overly_long_title_core|overly_long_title_with_brand|h1_title_differ_soft|templat; GSC metrics unavailable — not invented.
https://www.expatcopilot.com/netherlands/practical-life/privacy-and-safety-basics-netherlands/,guide,practical_life,guide,indexable_intent_true_live,slash_canonical_churn,good,weak_contextual,,,,,weak_cluster_linking,IMPROVE_INTERNAL_LINKS,P2,medium,; GSC metrics unavailable — not invented.
https://www.expatcopilot.com/netherlands/practical-life/registering-your-address-netherlands/,guide,practical_life,guide,indexable_intent_true_live,slash_canonical_churn,medium_ctr_risk,weak_contextual,,,,,metadata_ctr_risk,IMPROVE_CTR,P2,medium,SERP heuristic: overly_long_title_core|overly_long_title_with_brand|h1_title_differ_soft|templat; GSC metrics unavailable — not invented.
https://www.expatcopilot.com/netherlands/practical-life/subscriptions-and-cancellations-netherlands/,guide,practical_life,guide,indexable_intent_true_live,slash_canonical_churn,adequate,weak_contextual,,,,,weak_cluster_linking,IMPROVE_INTERNAL_LINKS,P2,medium,; GSC metrics unavailable — not invented.
https://www.expatcopilot.com/netherlands/practical-life/waste-and-recycling-netherlands/,guide,practical_life,guide,indexable_intent_true_live,slash_canonical_churn,adequate,weak_contextual,,,,,weak_cluster_linking,IMPROVE_INTERNAL_LINKS,P2,medium,; GSC metrics unavailable — not invented.
https://www.expatcopilot.com/netherlands/randstad/,guide,netherlands_other,guide,indexable_intent_true_live,slash_canonical_churn,adequate,weak_contextual,,,,,weak_cluster_linking,IMPROVE_INTERNAL_LINKS,P2,medium,; GSC metrics unavailable — not invented.
https://www.expatcopilot.com/netherlands/register-address-netherlands/,moving_guide,,UNKNOWN,unknown,n/a_not_index_target,adequate,n/a,,,,,unknown_intent,INVESTIGATE,P2,low,
https://www.expatcopilot.com/netherlands/rotterdam/,city_page,cities,city_research,indexable_intent_true_live,slash_canonical_churn,medium_ctr_risk,strong_contextual,,,,,metadata_ctr_risk,IMPROVE_CTR,P2,medium,SERP heuristic: overly_long_title_core|overly_long_title_with_brand|h1_title_differ_soft|year_ab; GSC metrics unavailable — not invented.
https://www.expatcopilot.com/netherlands/services/,service_directory,services,service_directory,indexable_intent_true_live,slash_canonical_churn,medium_ctr_risk,sitewide_only,,,,,metadata_ctr_risk,IMPROVE_CTR,P2,medium,SERP heuristic: overly_long_title_core|overly_long_title_with_brand|h1_title_differ_soft|year_ab; GSC metrics unavailable — not invented.
https://www.expatcopilot.com/netherlands/services/health-insurance/,service_directory,services,service_directory,indexable_intent_true_live,slash_canonical_churn,medium_ctr_risk,strong_contextual,,,,,metadata_ctr_risk,IMPROVE_CTR,P2,medium,SERP heuristic: overly_long_title_core|overly_long_title_with_brand|h1_title_differ_soft|templat; GSC metrics unavailable — not invented.
https://www.expatcopilot.com/netherlands/services/immigration-lawyers/,service_directory,services,service_directory,indexable_intent_true_live,slash_canonical_churn,medium_ctr_risk,strong_contextual,,,,,metadata_ctr_risk,IMPROVE_CTR,P2,medium,SERP heuristic: overly_long_title_core|overly_long_title_with_brand|h1_title_differ_soft|templat; GSC metrics unavailable — not invented.
https://www.expatcopilot.com/netherlands/services/insurance-providers/,service_directory,services,service_directory,indexable_intent_true_live,slash_canonical_churn,adequate,weak_contextual,,,,,year_freshness_candidate,IMPROVE_CTR,P2,low,no year in title; topic often year-sensitive (2026); GSC metrics unavailable — not invented.
https://www.expatcopilot.com/netherlands/services/recruitment-agencies/,service_directory,,UNKNOWN,unknown,n/a_not_index_target,adequate,n/a,,,,,unknown_intent,INVESTIGATE,P2,low,
https://www.expatcopilot.com/netherlands/services/tax-advisors/,service_directory,services,research_comparison,indexable_intent_true_live,slash_canonical_churn,medium_ctr_risk,weak_contextual,,,,,metadata_ctr_risk,IMPROVE_CTR,P2,medium,SERP heuristic: overly_long_title_core|overly_long_title_with_brand|overly_long_description|h1_t; GSC metrics unavailable — not invented.
https://www.expatcopilot.com/netherlands/services/visa-consultants/,service_directory,services,visa_informational,indexable_intent_true_live,slash_canonical_churn,medium_ctr_risk,strong_contextual,,,,,metadata_ctr_risk,IMPROVE_CTR,P2,medium,SERP heuristic: overly_long_title_core|overly_long_title_with_brand|h1_title_differ_soft|templat; GSC metrics unavailable — not invented.
https://www.expatcopilot.com/netherlands/shipping-household-goods-netherlands/,moving_guide,netherlands_other,moving_guide,indexable_intent_true_live,slash_canonical_churn,medium_ctr_risk,strong_contextual,,,,,metadata_ctr_risk,IMPROVE_CTR,P2,medium,SERP heuristic: overly_long_title_core|overly_long_title_with_brand|h1_title_differ_soft|templat; GSC metrics unavailable — not invented.
https://www.expatcopilot.com/netherlands/taxes/,guide,tax,research_comparison,indexable_intent_true_live,slash_canonical_churn,medium_ctr_risk,sitewide_only,,,,,metadata_ctr_risk,IMPROVE_CTR,P2,medium,SERP heuristic: overly_long_title_core|overly_long_title_with_brand|generic_title|h1_title_diffe; GSC metrics unavailable — not invented.
https://www.expatcopilot.com/netherlands/taxes/average-salary-netherlands/,guide,salaries,research_comparison,indexable_intent_true_live,slash_canonical_churn,medium_ctr_risk,weak_contextual,,,,,metadata_ctr_risk,IMPROVE_CTR,P2,medium,SERP heuristic: overly_long_title_core|overly_long_title_with_brand|h1_title_differ_soft|year_ab; GSC metrics unavailable — not invented.
https://www.expatcopilot.com/netherlands/taxes/bonus-tax-netherlands/,guide,tax,research_comparison,indexable_intent_true_live,slash_canonical_churn,adequate,weak_contextual,,,,,year_freshness_candidate,IMPROVE_CTR,P2,low,no year in title; topic often year-sensitive (2026); GSC metrics unavailable — not invented.
https://www.expatcopilot.com/netherlands/taxes/childcare-allowance-netherlands/,guide,tax,research_comparison,indexable_intent_true_live,slash_canonical_churn,medium_ctr_risk,weak_contextual,,,,,metadata_ctr_risk,IMPROVE_CTR,P2,medium,SERP heuristic: overly_long_title_core|overly_long_title_with_brand|h1_title_differ_soft|templat; GSC metrics unavailable — not invented.
https://www.expatcopilot.com/netherlands/taxes/double-taxation-netherlands/,guide,tax,research_comparison,indexable_intent_true_live,slash_canonical_churn,adequate,weak_contextual,,,,,year_freshness_candidate,IMPROVE_CTR,P2,low,no year in title; topic often year-sensitive (2026); GSC metrics unavailable — not invented.
https://www.expatcopilot.com/netherlands/taxes/foreign-income-netherlands/,guide,tax,research_comparison,indexable_intent_true_live,slash_canonical_churn,adequate,weak_contextual,,,,,year_freshness_candidate,IMPROVE_CTR,P2,low,no year in title; topic often year-sensitive (2026); GSC metrics unavailable — not invented.
https://www.expatcopilot.com/netherlands/taxes/gross-vs-net-salary/,comparison,tax,research_comparison,indexable_intent_true_live,slash_canonical_churn,adequate,weak_contextual,,,,,year_freshness_candidate,IMPROVE_CTR,P2,low,no year in title; topic often year-sensitive (2026); GSC metrics unavailable — not invented.
https://www.expatcopilot.com/netherlands/taxes/healthcare-allowance-netherlands/,guide,tax,research_comparison,indexable_intent_true_live,slash_canonical_churn,medium_ctr_risk,weak_contextual,,,,,metadata_ctr_risk,IMPROVE_CTR,P2,medium,SERP heuristic: overly_long_title_core|overly_long_title_with_brand|h1_title_differ_soft|templat; GSC metrics unavailable — not invented.
https://www.expatcopilot.com/netherlands/taxes/leaving-netherlands-tax/,guide,tax,research_comparison,indexable_intent_true_live,slash_canonical_churn,adequate,weak_contextual,,,,,year_freshness_candidate,IMPROVE_CTR,P2,low,no year in title; topic often year-sensitive (2026); GSC metrics unavailable — not invented.
https://www.expatcopilot.com/netherlands/taxes/net-salary-netherlands/,guide,tax,research_comparison,indexable_intent_true_live,slash_canonical_churn,medium_ctr_risk,weak_contextual,,,,,metadata_ctr_risk,IMPROVE_CTR,P2,medium,SERP heuristic: overly_long_title_core|overly_long_title_with_brand|h1_title_differ_soft|templat; GSC metrics unavailable — not invented.
https://www.expatcopilot.com/netherlands/taxes/payroll-tax-netherlands/,guide,tax,research_comparison,indexable_intent_true_live,slash_canonical_churn,medium_ctr_risk,weak_contextual,,,,,metadata_ctr_risk,IMPROVE_CTR,P2,medium,SERP heuristic: overly_long_title_core|overly_long_title_with_brand|h1_title_differ_soft|templat; GSC metrics unavailable — not invented.
https://www.expatcopilot.com/netherlands/taxes/property-tax-netherlands/,guide,tax,research_comparison,indexable_intent_true_live,slash_canonical_churn,medium_ctr_risk,weak_contextual,,,,,metadata_ctr_risk,IMPROVE_CTR,P2,medium,SERP heuristic: overly_long_title_core|overly_long_title_with_brand|h1_title_differ_soft|templat; GSC metrics unavailable — not invented.
https://www.expatcopilot.com/netherlands/taxes/rent-allowance-netherlands/,guide,tax,research_comparison,indexable_intent_true_live,slash_canonical_churn,adequate,weak_contextual,,,,,year_freshness_candidate,IMPROVE_CTR,P2,low,no year in title; topic often year-sensitive (2026); GSC metrics unavailable — not invented.
https://www.expatcopilot.com/netherlands/taxes/taxes-after-moving-netherlands/,guide,tax,research_comparison,indexable_intent_true_live,slash_canonical_churn,adequate,weak_contextual,,,,,year_freshness_candidate,IMPROVE_CTR,P2,low,no year in title; topic often year-sensitive (2026); GSC metrics unavailable — not invented.
https://www.expatcopilot.com/netherlands/taxes/tools/,tool_calculator,tax,tool_transactional,indexable_intent_true_live,slash_canonical_churn,medium_ctr_risk,weak_contextual,,,,,metadata_ctr_risk,IMPROVE_CTR,P2,medium,SERP heuristic: problematic_h1_title_mismatch|year_absent_but_may_help_ctr|likely_poor_ctr_risk:; GSC metrics unavailable — not invented.
https://www.expatcopilot.com/netherlands/taxes/tools/double-tax-awareness-tool/,tool_calculator,tax,tool_transactional,indexable_intent_true_live,slash_canonical_churn,adequate,strong_contextual,,,,,year_freshness_candidate,IMPROVE_CTR,P2,low,no year in title; topic often year-sensitive (2026); GSC metrics unavailable — not invented.
https://www.expatcopilot.com/netherlands/taxes/tools/dutch-payslip-decoder/,tool_calculator,tools_calculators,UNKNOWN,unknown,n/a_not_index_target,adequate,n/a,,,,,unknown_intent,INVESTIGATE,P2,low,
https://www.expatcopilot.com/netherlands/the-hague/,city_page,cities,city_research,indexable_intent_true_live,slash_canonical_churn,medium_ctr_risk,strong_contextual,,,,,metadata_ctr_risk,IMPROVE_CTR,P2,medium,SERP heuristic: overly_long_title_core|overly_long_title_with_brand|h1_title_differ_soft|year_ab; GSC metrics unavailable — not invented.
https://www.expatcopilot.com/netherlands/tools/,tool_calculator,tools_calculators,tool_transactional,indexable_intent_true_live,slash_canonical_churn,medium_ctr_risk,sitewide_only,,,,,metadata_ctr_risk,IMPROVE_CTR,P2,medium,SERP heuristic: generic_title|taxonomy_dominated_title|h1_title_differ_soft|likely_poor_ctr_risk; GSC metrics unavailable — not invented.
https://www.expatcopilot.com/netherlands/tools/advanced/,tool_calculator,tools_calculators,tool_transactional,indexable_intent_true_live,slash_canonical_churn,medium_ctr_risk,weak_contextual,,,,,metadata_ctr_risk,IMPROVE_CTR,P2,medium,SERP heuristic: problematic_h1_title_mismatch; GSC metrics unavailable — not invented.
https://www.expatcopilot.com/netherlands/tools/bank-comparison/,tool_calculator,banking,tool_transactional,indexable_intent_true_live,slash_canonical_churn,adequate,strong_contextual,,,,,year_freshness_candidate,IMPROVE_CTR,P2,low,no year in title; topic often year-sensitive (2026); GSC metrics unavailable — not invented.
https://www.expatcopilot.com/netherlands/transport/tools/,tool_calculator,transport,tool_transactional,indexable_intent_true_live,slash_canonical_churn,medium_ctr_risk,moderate_contextual,,,,,metadata_ctr_risk,IMPROVE_CTR,P2,medium,SERP heuristic: problematic_h1_title_mismatch; GSC metrics unavailable — not invented.
https://www.expatcopilot.com/netherlands/utilities/energy-and-water-netherlands/,guide,utilities,guide,indexable_intent_true_live,slash_canonical_churn,medium_ctr_risk,weak_contextual,,,,,metadata_ctr_risk,IMPROVE_CTR,P2,medium,SERP heuristic: overly_long_title_core|overly_long_title_with_brand|h1_title_differ_soft|templat; GSC metrics unavailable — not invented.
https://www.expatcopilot.com/netherlands/utilities/internet-and-mobile-netherlands/,guide,utilities,guide,indexable_intent_true_live,slash_canonical_churn,good,weak_contextual,,,,,weak_cluster_linking,IMPROVE_INTERNAL_LINKS,P2,medium,; GSC metrics unavailable — not invented.
https://www.expatcopilot.com/netherlands/utilities/utilities-netherlands/,guide,utilities,guide,indexable_intent_true_live,slash_canonical_churn,adequate,sitewide_only,,,,,weak_cluster_linking,IMPROVE_INTERNAL_LINKS,P2,medium,; GSC metrics unavailable — not invented.
https://www.expatcopilot.com/netherlands/utrecht/,city_page,cities,city_research,indexable_intent_true_live,slash_canonical_churn,medium_ctr_risk,strong_contextual,,,,,metadata_ctr_risk,IMPROVE_CTR,P2,medium,SERP heuristic: overly_long_title_core|overly_long_title_with_brand|h1_title_differ_soft|year_ab; GSC metrics unavailable — not invented.
https://www.expatcopilot.com/netherlands/visa-application-plan/,tool_calculator,visas_immigration,tool_transactional,indexable_intent_true_live,slash_canonical_churn,medium_ctr_risk,strong_contextual,,,,,metadata_ctr_risk,IMPROVE_CTR,P2,medium,SERP heuristic: overly_long_title_core|overly_long_title_with_brand|overly_long_description|gene; GSC metrics unavailable — not invented.
https://www.expatcopilot.com/netherlands/visa-documents-netherlands/,moving_guide,visas_immigration,UNKNOWN,unknown,n/a_not_index_target,adequate,n/a,,,,,unknown_intent,INVESTIGATE,P2,low,
https://www.expatcopilot.com/netherlands/visa-timeline-estimator/,tool_calculator,visas_immigration,tool_transactional,indexable_intent_true_live,slash_canonical_churn,medium_ctr_risk,strong_contextual,,,,,metadata_ctr_risk,IMPROVE_CTR,P2,medium,SERP heuristic: overly_long_title_core|overly_long_title_with_brand|generic_title|h1_title_diffe; GSC metrics unavailable — not invented.
https://www.expatcopilot.com/netherlands/visa/compare-visas/,visa_guide,visas_immigration,visa_informational,indexable_intent_true_live,slash_canonical_churn,medium_ctr_risk,strong_contextual,,,,,metadata_ctr_risk,IMPROVE_CTR,P2,medium,SERP heuristic: overly_long_title_core|overly_long_title_with_brand|overly_long_description|prob; GSC metrics unavailable — not invented.
https://www.expatcopilot.com/netherlands/visa/eu-blue-card/,visa_guide,visas_immigration,visa_informational,indexable_intent_true_live,slash_canonical_churn,good,strong_contextual,,,,,year_freshness_candidate,IMPROVE_CTR,P2,low,no year in title; topic often year-sensitive (2026); GSC metrics unavailable — not invented.
https://www.expatcopilot.com/netherlands/work/tools/,tool_calculator,working,tool_transactional,indexable_intent_true_live,slash_canonical_churn,medium_ctr_risk,strong_contextual,,,,,metadata_ctr_risk,IMPROVE_CTR,P2,medium,SERP heuristic: problematic_h1_title_mismatch; GSC metrics unavailable — not invented.
https://www.expatcopilot.com/netherlands/work/tools/employment-type-scenario-tool/,tool_calculator,working,tool_transactional,indexable_intent_true_live,slash_canonical_churn,medium_ctr_risk,strong_contextual,,,,,metadata_ctr_risk,IMPROVE_CTR,P2,medium,SERP heuristic: overly_long_title_core|overly_long_title_with_brand|overly_long_description|h1_t; GSC metrics unavailable — not invented.
https://www.expatcopilot.com/privacy/,trust_legal,trust_legal,trust_legal,indexable_intent_true_live,slash_canonical_churn,medium_ctr_risk,sitewide_only,,,,,metadata_ctr_risk,IMPROVE_CTR,P2,medium,SERP heuristic: very_short_title|og_title_differs_from_title; GSC metrics unavailable — not invented.
https://www.expatcopilot.com/sitemap/,hub,other,hub,indexable_intent_true_live,slash_canonical_churn,medium_ctr_risk,sitewide_only,,,,,metadata_ctr_risk,IMPROVE_CTR,P2,medium,SERP heuristic: very_short_title; GSC metrics unavailable — not invented.
https://www.expatcopilot.com/sources/,trust_legal,trust_legal,trust_legal,indexable_intent_true_live,slash_canonical_churn,medium_ctr_risk,sitewide_only,,,,,metadata_ctr_risk,IMPROVE_CTR,P2,medium,SERP heuristic: very_short_title|og_title_differs_from_title; GSC metrics unavailable — not invented.
https://www.expatcopilot.com/terms/,trust_legal,trust_legal,trust_legal,indexable_intent_true_live,slash_canonical_churn,medium_ctr_risk,sitewide_only,,,,,metadata_ctr_risk,IMPROVE_CTR,P2,medium,SERP heuristic: very_short_title|og_title_differs_from_title; GSC metrics unavailable — not invented.
https://www.expatcopilot.com/tools/,hub,tools_calculators,UNKNOWN,unknown,n/a_not_index_target,adequate,n/a,,,,,unknown_intent,INVESTIGATE,P2,low,
https://www.expatcopilot.com/affiliate-disclosure/,trust_legal,trust_legal,trust_legal,indexable_intent_true_live,slash_canonical_churn,good,sitewide_only,,,,,affected_by_sitewide_slash_canonical,KEEP,P3,medium,Subject to sitewide trailing-slash/canonical/sitemap 308 pattern (template-level fix); GSC metrics unavailable — not invented. Page-level KEEP; sitewide slash fix tracked in issue register TECH-P1-SLASH-CANONICAL-SITEMAP.
https://www.expatcopilot.com/how-we-rank-services/,trust_legal,trust_legal,trust_legal,indexable_intent_true_live,slash_canonical_churn,good,sitewide_only,,,,,affected_by_sitewide_slash_canonical,KEEP,P3,medium,Subject to sitewide trailing-slash/canonical/sitemap 308 pattern (template-level fix); GSC metrics unavailable — not invented. Page-level KEEP; sitewide slash fix tracked in issue register TECH-P1-SLASH-CANONICAL-SITEMAP.
https://www.expatcopilot.com/netherlands/amstelveen/,city_page,cities,city_research,indexable_intent_true_live,slash_canonical_churn,adequate,strong_contextual,,,,,affected_by_sitewide_slash_canonical,KEEP,P3,medium,Subject to sitewide trailing-slash/canonical/sitemap 308 pattern (template-level fix); GSC metrics unavailable — not invented. Page-level KEEP; sitewide slash fix tracked in issue register TECH-P1-SLASH-CANONICAL-SITEMAP.
https://www.expatcopilot.com/netherlands/arnhem/,city_page,cities,city_research,indexable_intent_true_live,slash_canonical_churn,adequate,strong_contextual,,,,,affected_by_sitewide_slash_canonical,KEEP,P3,medium,Subject to sitewide trailing-slash/canonical/sitemap 308 pattern (template-level fix); GSC metrics unavailable — not invented. Page-level KEEP; sitewide slash fix tracked in issue register TECH-P1-SLASH-CANONICAL-SITEMAP.
https://www.expatcopilot.com/netherlands/breda/,city_page,cities,city_research,indexable_intent_true_live,slash_canonical_churn,adequate,strong_contextual,,,,,affected_by_sitewide_slash_canonical,KEEP,P3,medium,Subject to sitewide trailing-slash/canonical/sitemap 308 pattern (template-level fix); GSC metrics unavailable — not invented. Page-level KEEP; sitewide slash fix tracked in issue register TECH-P1-SLASH-CANONICAL-SITEMAP.
https://www.expatcopilot.com/netherlands/bringing-pets-to-netherlands/,moving_guide,netherlands_other,moving_guide,indexable_intent_true_live,slash_canonical_churn,good,strong_contextual,,,,,affected_by_sitewide_slash_canonical,KEEP,P3,medium,Subject to sitewide trailing-slash/canonical/sitemap 308 pattern (template-level fix); GSC metrics unavailable — not invented. Page-level KEEP; sitewide slash fix tracked in issue register TECH-P1-SLASH-CANONICAL-SITEMAP.
https://www.expatcopilot.com/netherlands/bsn-registration/,moving_guide,first_90_days,moving_guide,indexable_intent_true_live,slash_canonical_churn,adequate,strong_contextual,,,,,affected_by_sitewide_slash_canonical,KEEP,P3,medium,Subject to sitewide trailing-slash/canonical/sitemap 308 pattern (template-level fix); GSC metrics unavailable — not invented. Page-level KEEP; sitewide slash fix tracked in issue register TECH-P1-SLASH-CANONICAL-SITEMAP.
https://www.expatcopilot.com/netherlands/cities/best-cities-for-expats/,city_page,cities,city_research,indexable_intent_true_live,slash_canonical_churn,good,sitewide_only,,,,,affected_by_sitewide_slash_canonical,KEEP,P3,medium,Subject to sitewide trailing-slash/canonical/sitemap 308 pattern (template-level fix); GSC metrics unavailable — not invented. Page-level KEEP; sitewide slash fix tracked in issue register TECH-P1-SLASH-CANONICAL-SITEMAP.
https://www.expatcopilot.com/netherlands/cities/best-cities-for-families/,city_page,cities,city_research,indexable_intent_true_live,slash_canonical_churn,adequate,sitewide_only,,,,,affected_by_sitewide_slash_canonical,KEEP,P3,medium,Subject to sitewide trailing-slash/canonical/sitemap 308 pattern (template-level fix); GSC metrics unavailable — not invented. Page-level KEEP; sitewide slash fix tracked in issue register TECH-P1-SLASH-CANONICAL-SITEMAP.
https://www.expatcopilot.com/netherlands/cities/cheapest-cities-for-expats/,city_page,cities,city_research,indexable_intent_true_live,slash_canonical_churn,good,sitewide_only,,,,,affected_by_sitewide_slash_canonical,KEEP,P3,medium,Subject to sitewide trailing-slash/canonical/sitemap 308 pattern (template-level fix); GSC metrics unavailable — not invented. Page-level KEEP; sitewide slash fix tracked in issue register TECH-P1-SLASH-CANONICAL-SITEMAP.
https://www.expatcopilot.com/netherlands/citizenship/dutch-citizenship/,moving_guide,citizenship_pr,moving_guide,indexable_intent_true_live,slash_canonical_churn,adequate,strong_contextual,,,,,affected_by_sitewide_slash_canonical,KEEP,P3,medium,Subject to sitewide trailing-slash/canonical/sitemap 308 pattern (template-level fix); GSC metrics unavailable — not invented. Page-level KEEP; sitewide slash fix tracked in issue register TECH-P1-SLASH-CANONICAL-SITEMAP.
https://www.expatcopilot.com/netherlands/citizenship/permanent-residence/,moving_guide,citizenship_pr,moving_guide,indexable_intent_true_live,slash_canonical_churn,adequate,strong_contextual,,,,,affected_by_sitewide_slash_canonical,KEEP,P3,medium,Subject to sitewide trailing-slash/canonical/sitemap 308 pattern (template-level fix); GSC metrics unavailable — not invented. Page-level KEEP; sitewide slash fix tracked in issue register TECH-P1-SLASH-CANONICAL-SITEMAP.
https://www.expatcopilot.com/netherlands/citizenship/tools/,tool_calculator,citizenship_pr,tool_transactional,indexable_intent_true_live,slash_canonical_churn,good,moderate_contextual,,,,,affected_by_sitewide_slash_canonical,KEEP,P3,medium,Subject to sitewide trailing-slash/canonical/sitemap 308 pattern (template-level fix); GSC metrics unavailable — not invented. Page-level KEEP; sitewide slash fix tracked in issue register TECH-P1-SLASH-CANONICAL-SITEMAP.
https://www.expatcopilot.com/netherlands/citizenship/tools/dual-citizenship-awareness-tool/,tool_calculator,citizenship_pr,tool_transactional,indexable_intent_true_live,slash_canonical_churn,good,moderate_contextual,,,,,affected_by_sitewide_slash_canonical,KEEP,P3,medium,Subject to sitewide trailing-slash/canonical/sitemap 308 pattern (template-level fix); GSC metrics unavailable — not invented. Page-level KEEP; sitewide slash fix tracked in issue register TECH-P1-SLASH-CANONICAL-SITEMAP.
https://www.expatcopilot.com/netherlands/citizenship/tools/dutch-citizenship-timeline-calculator/,tool_calculator,citizenship_pr,tool_transactional,indexable_intent_true_live,slash_canonical_churn,good,moderate_contextual,,,,,affected_by_sitewide_slash_canonical,KEEP,P3,medium,Subject to sitewide trailing-slash/canonical/sitemap 308 pattern (template-level fix); GSC metrics unavailable — not invented. Page-level KEEP; sitewide slash fix tracked in issue register TECH-P1-SLASH-CANONICAL-SITEMAP.
https://www.expatcopilot.com/netherlands/citizenship/tools/permanent-residence-eligibility-calculator/,tool_calculator,citizenship_pr,tool_transactional,indexable_intent_true_live,slash_canonical_churn,good,moderate_contextual,,,,,affected_by_sitewide_slash_canonical,KEEP,P3,medium,Subject to sitewide trailing-slash/canonical/sitemap 308 pattern (template-level fix); GSC metrics unavailable — not invented. Page-level KEEP; sitewide slash fix tracked in issue register TECH-P1-SLASH-CANONICAL-SITEMAP.
https://www.expatcopilot.com/netherlands/culture/,guide,culture_life,guide,indexable_intent_true_live,slash_canonical_churn,good,strong_contextual,,,,,affected_by_sitewide_slash_canonical,KEEP,P3,medium,Subject to sitewide trailing-slash/canonical/sitemap 308 pattern (template-level fix); GSC metrics unavailable — not invented. Page-level KEEP; sitewide slash fix tracked in issue register TECH-P1-SLASH-CANONICAL-SITEMAP.
https://www.expatcopilot.com/netherlands/delft/,city_page,cities,city_research,indexable_intent_true_live,slash_canonical_churn,adequate,strong_contextual,,,,,affected_by_sitewide_slash_canonical,KEEP,P3,medium,Subject to sitewide trailing-slash/canonical/sitemap 308 pattern (template-level fix); GSC metrics unavailable — not invented. Page-level KEEP; sitewide slash fix tracked in issue register TECH-P1-SLASH-CANONICAL-SITEMAP.
https://www.expatcopilot.com/netherlands/document-translation-netherlands/,moving_guide,netherlands_other,moving_guide,indexable_intent_true_live,slash_canonical_churn,adequate,strong_contextual,,,,,affected_by_sitewide_slash_canonical,KEEP,P3,medium,Subject to sitewide trailing-slash/canonical/sitemap 308 pattern (template-level fix); GSC metrics unavailable — not invented. Page-level KEEP; sitewide slash fix tracked in issue register TECH-P1-SLASH-CANONICAL-SITEMAP.
https://www.expatcopilot.com/netherlands/education/dutch-schools-netherlands/,guide,education,guide,indexable_intent_true_live,slash_canonical_churn,good,strong_contextual,,,,,affected_by_sitewide_slash_canonical,KEEP,P3,medium,Subject to sitewide trailing-slash/canonical/sitemap 308 pattern (template-level fix); GSC metrics unavailable — not invented. Page-level KEEP; sitewide slash fix tracked in issue register TECH-P1-SLASH-CANONICAL-SITEMAP.
https://www.expatcopilot.com/netherlands/education/international-schools-netherlands/,guide,education,guide,indexable_intent_true_live,slash_canonical_churn,good,strong_contextual,,,,,affected_by_sitewide_slash_canonical,KEEP,P3,medium,Subject to sitewide trailing-slash/canonical/sitemap 308 pattern (template-level fix); GSC metrics unavailable — not invented. Page-level KEEP; sitewide slash fix tracked in issue register TECH-P1-SLASH-CANONICAL-SITEMAP.
https://www.expatcopilot.com/netherlands/eu-vs-non-eu-moving-to-netherlands/,moving_guide,comparisons,moving_guide,indexable_intent_true_live,slash_canonical_churn,adequate,strong_contextual,,,,,affected_by_sitewide_slash_canonical,KEEP,P3,medium,Subject to sitewide trailing-slash/canonical/sitemap 308 pattern (template-level fix); GSC metrics unavailable — not invented. Page-level KEEP; sitewide slash fix tracked in issue register TECH-P1-SLASH-CANONICAL-SITEMAP.
https://www.expatcopilot.com/netherlands/family/family-activities-netherlands/,guide,families,guide,indexable_intent_true_live,slash_canonical_churn,good,moderate_contextual,,,,,affected_by_sitewide_slash_canonical,KEEP,P3,medium,Subject to sitewide trailing-slash/canonical/sitemap 308 pattern (template-level fix); GSC metrics unavailable — not invented. Page-level KEEP; sitewide slash fix tracked in issue register TECH-P1-SLASH-CANONICAL-SITEMAP.
https://www.expatcopilot.com/netherlands/family/giving-birth-netherlands/,guide,families,guide,indexable_intent_true_live,slash_canonical_churn,good,moderate_contextual,,,,,affected_by_sitewide_slash_canonical,KEEP,P3,medium,Subject to sitewide trailing-slash/canonical/sitemap 308 pattern (template-level fix); GSC metrics unavailable — not invented. Page-level KEEP; sitewide slash fix tracked in issue register TECH-P1-SLASH-CANONICAL-SITEMAP.
https://www.expatcopilot.com/netherlands/family/healthcare-for-children-netherlands/,guide,families,guide,indexable_intent_true_live,slash_canonical_churn,adequate,strong_contextual,,,,,affected_by_sitewide_slash_canonical,KEEP,P3,medium,Subject to sitewide trailing-slash/canonical/sitemap 308 pattern (template-level fix); GSC metrics unavailable — not invented. Page-level KEEP; sitewide slash fix tracked in issue register TECH-P1-SLASH-CANONICAL-SITEMAP.
https://www.expatcopilot.com/netherlands/family/parenting-netherlands/,guide,families,guide,indexable_intent_true_live,slash_canonical_churn,good,moderate_contextual,,,,,affected_by_sitewide_slash_canonical,KEEP,P3,medium,Subject to sitewide trailing-slash/canonical/sitemap 308 pattern (template-level fix); GSC metrics unavailable — not invented. Page-level KEEP; sitewide slash fix tracked in issue register TECH-P1-SLASH-CANONICAL-SITEMAP.
https://www.expatcopilot.com/netherlands/groningen/,city_page,cities,city_research,indexable_intent_true_live,slash_canonical_churn,adequate,strong_contextual,,,,,affected_by_sitewide_slash_canonical,KEEP,P3,medium,Subject to sitewide trailing-slash/canonical/sitemap 308 pattern (template-level fix); GSC metrics unavailable — not invented. Page-level KEEP; sitewide slash fix tracked in issue register TECH-P1-SLASH-CANONICAL-SITEMAP.
https://www.expatcopilot.com/netherlands/haarlem/,city_page,cities,city_research,indexable_intent_true_live,slash_canonical_churn,adequate,strong_contextual,,,,,affected_by_sitewide_slash_canonical,KEEP,P3,medium,Subject to sitewide trailing-slash/canonical/sitemap 308 pattern (template-level fix); GSC metrics unavailable — not invented. Page-level KEEP; sitewide slash fix tracked in issue register TECH-P1-SLASH-CANONICAL-SITEMAP.
https://www.expatcopilot.com/netherlands/health/emergency-healthcare-netherlands/,guide,healthcare,guide,indexable_intent_true_live,slash_canonical_churn,adequate,strong_contextual,,,,,affected_by_sitewide_slash_canonical,KEEP,P3,medium,Subject to sitewide trailing-slash/canonical/sitemap 308 pattern (template-level fix); GSC metrics unavailable — not invented. Page-level KEEP; sitewide slash fix tracked in issue register TECH-P1-SLASH-CANONICAL-SITEMAP.
https://www.expatcopilot.com/netherlands/health/gp-netherlands/,guide,healthcare,guide,indexable_intent_true_live,slash_canonical_churn,adequate,strong_contextual,,,,,affected_by_sitewide_slash_canonical,KEEP,P3,medium,Subject to sitewide trailing-slash/canonical/sitemap 308 pattern (template-level fix); GSC metrics unavailable — not invented. Page-level KEEP; sitewide slash fix tracked in issue register TECH-P1-SLASH-CANONICAL-SITEMAP.
https://www.expatcopilot.com/netherlands/health/pharmacies-netherlands/,guide,healthcare,guide,indexable_intent_true_live,slash_canonical_churn,adequate,strong_contextual,,,,,affected_by_sitewide_slash_canonical,KEEP,P3,medium,Subject to sitewide trailing-slash/canonical/sitemap 308 pattern (template-level fix); GSC metrics unavailable — not invented. Page-level KEEP; sitewide slash fix tracked in issue register TECH-P1-SLASH-CANONICAL-SITEMAP.
https://www.expatcopilot.com/netherlands/housing/buy-vs-rent-netherlands/,comparison,housing,comparison,indexable_intent_true_live,slash_canonical_churn,good,weak_contextual,,,,,affected_by_sitewide_slash_canonical,KEEP,P3,medium,Subject to sitewide trailing-slash/canonical/sitemap 308 pattern (template-level fix); GSC metrics unavailable — not invented. Page-level KEEP; sitewide slash fix tracked in issue register TECH-P1-SLASH-CANONICAL-SITEMAP.
https://www.expatcopilot.com/netherlands/housing/housing-costs-netherlands/,guide,housing,guide,indexable_intent_true_live,slash_canonical_churn,adequate,strong_contextual,,,,,affected_by_sitewide_slash_canonical,KEEP,P3,medium,Subject to sitewide trailing-slash/canonical/sitemap 308 pattern (template-level fix); GSC metrics unavailable — not invented. Page-level KEEP; sitewide slash fix tracked in issue register TECH-P1-SLASH-CANONICAL-SITEMAP.
https://www.expatcopilot.com/netherlands/housing/rental-contracts-and-deposits-netherlands/,guide,housing,guide,indexable_intent_true_live,slash_canonical_churn,adequate,moderate_contextual,,,,,affected_by_sitewide_slash_canonical,KEEP,P3,medium,Subject to sitewide trailing-slash/canonical/sitemap 308 pattern (template-level fix); GSC metrics unavailable — not invented. Page-level KEEP; sitewide slash fix tracked in issue register TECH-P1-SLASH-CANONICAL-SITEMAP.
https://www.expatcopilot.com/netherlands/integration/inburgering/,moving_guide,integration,moving_guide,indexable_intent_true_live,slash_canonical_churn,good,strong_contextual,,,,,affected_by_sitewide_slash_canonical,KEEP,P3,medium,Subject to sitewide trailing-slash/canonical/sitemap 308 pattern (template-level fix); GSC metrics unavailable — not invented. Page-level KEEP; sitewide slash fix tracked in issue register TECH-P1-SLASH-CANONICAL-SITEMAP.
https://www.expatcopilot.com/netherlands/integration/tools/inburgering-exam-readiness-checker/,tool_calculator,integration,tool_transactional,indexable_intent_true_live,slash_canonical_churn,good,moderate_contextual,,,,,affected_by_sitewide_slash_canonical,KEEP,P3,medium,Subject to sitewide trailing-slash/canonical/sitemap 308 pattern (template-level fix); GSC metrics unavailable — not invented. Page-level KEEP; sitewide slash fix tracked in issue register TECH-P1-SLASH-CANONICAL-SITEMAP.
https://www.expatcopilot.com/netherlands/integration/tools/integration-requirement-checker/,tool_calculator,integration,tool_transactional,indexable_intent_true_live,slash_canonical_churn,good,moderate_contextual,,,,,affected_by_sitewide_slash_canonical,KEEP,P3,medium,Subject to sitewide trailing-slash/canonical/sitemap 308 pattern (template-level fix); GSC metrics unavailable — not invented. Page-level KEEP; sitewide slash fix tracked in issue register TECH-P1-SLASH-CANONICAL-SITEMAP.
https://www.expatcopilot.com/netherlands/leaving/tools/,tool_calculator,leaving,tool_transactional,indexable_intent_true_live,slash_canonical_churn,good,moderate_contextual,,,,,affected_by_sitewide_slash_canonical,KEEP,P3,medium,Subject to sitewide trailing-slash/canonical/sitemap 308 pattern (template-level fix); GSC metrics unavailable — not invented. Page-level KEEP; sitewide slash fix tracked in issue register TECH-P1-SLASH-CANONICAL-SITEMAP.
https://www.expatcopilot.com/netherlands/leiden/,city_page,cities,city_research,indexable_intent_true_live,slash_canonical_churn,adequate,strong_contextual,,,,,affected_by_sitewide_slash_canonical,KEEP,P3,medium,Subject to sitewide trailing-slash/canonical/sitemap 308 pattern (template-level fix); GSC metrics unavailable — not invented. Page-level KEEP; sitewide slash fix tracked in issue register TECH-P1-SLASH-CANONICAL-SITEMAP.
https://www.expatcopilot.com/netherlands/life/expat-loneliness-netherlands/,guide,culture_life,guide,indexable_intent_true_live,slash_canonical_churn,good,moderate_contextual,,,,,affected_by_sitewide_slash_canonical,KEEP,P3,medium,Subject to sitewide trailing-slash/canonical/sitemap 308 pattern (template-level fix); GSC metrics unavailable — not invented. Page-level KEEP; sitewide slash fix tracked in issue register TECH-P1-SLASH-CANONICAL-SITEMAP.
https://www.expatcopilot.com/netherlands/living/driving-licence-exchange-netherlands/,guide,transport,guide,indexable_intent_true_live,slash_canonical_churn,adequate,strong_contextual,,,,,affected_by_sitewide_slash_canonical,KEEP,P3,medium,Subject to sitewide trailing-slash/canonical/sitemap 308 pattern (template-level fix); GSC metrics unavailable — not invented. Page-level KEEP; sitewide slash fix tracked in issue register TECH-P1-SLASH-CANONICAL-SITEMAP.
https://www.expatcopilot.com/netherlands/living/emergencies-safety/,guide,netherlands_other,guide,indexable_intent_true_live,slash_canonical_churn,good,strong_contextual,,,,,affected_by_sitewide_slash_canonical,KEEP,P3,medium,Subject to sitewide trailing-slash/canonical/sitemap 308 pattern (template-level fix); GSC metrics unavailable — not invented. Page-level KEEP; sitewide slash fix tracked in issue register TECH-P1-SLASH-CANONICAL-SITEMAP.
https://www.expatcopilot.com/netherlands/living/mot-apk-netherlands/,guide,netherlands_other,guide,indexable_intent_true_live,slash_canonical_churn,adequate,strong_contextual,,,,,affected_by_sitewide_slash_canonical,KEEP,P3,medium,Subject to sitewide trailing-slash/canonical/sitemap 308 pattern (template-level fix); GSC metrics unavailable — not invented. Page-level KEEP; sitewide slash fix tracked in issue register TECH-P1-SLASH-CANONICAL-SITEMAP.
https://www.expatcopilot.com/netherlands/living/payments/,guide,netherlands_other,guide,indexable_intent_true_live,slash_canonical_churn,good,strong_contextual,,,,,affected_by_sitewide_slash_canonical,KEEP,P3,medium,Subject to sitewide trailing-slash/canonical/sitemap 308 pattern (template-level fix); GSC metrics unavailable — not invented. Page-level KEEP; sitewide slash fix tracked in issue register TECH-P1-SLASH-CANONICAL-SITEMAP.
https://www.expatcopilot.com/netherlands/living/shopping-groceries/,guide,netherlands_other,guide,indexable_intent_true_live,slash_canonical_churn,good,strong_contextual,,,,,affected_by_sitewide_slash_canonical,KEEP,P3,medium,Subject to sitewide trailing-slash/canonical/sitemap 308 pattern (template-level fix); GSC metrics unavailable — not invented. Page-level KEEP; sitewide slash fix tracked in issue register TECH-P1-SLASH-CANONICAL-SITEMAP.
https://www.expatcopilot.com/netherlands/living/speed-cameras-netherlands/,guide,transport,guide,indexable_intent_true_live,slash_canonical_churn,good,strong_contextual,,,,,affected_by_sitewide_slash_canonical,KEEP,P3,medium,Subject to sitewide trailing-slash/canonical/sitemap 308 pattern (template-level fix); GSC metrics unavailable — not invented. Page-level KEEP; sitewide slash fix tracked in issue register TECH-P1-SLASH-CANONICAL-SITEMAP.
https://www.expatcopilot.com/netherlands/maastricht/,city_page,cities,city_research,indexable_intent_true_live,slash_canonical_churn,adequate,strong_contextual,,,,,affected_by_sitewide_slash_canonical,KEEP,P3,medium,Subject to sitewide trailing-slash/canonical/sitemap 308 pattern (template-level fix); GSC metrics unavailable — not invented. Page-level KEEP; sitewide slash fix tracked in issue register TECH-P1-SLASH-CANONICAL-SITEMAP.
https://www.expatcopilot.com/netherlands/money/banking/account-rejection/,guide,banking,guide,indexable_intent_true_live,slash_canonical_churn,good,strong_contextual,,,,,affected_by_sitewide_slash_canonical,KEEP,P3,medium,Subject to sitewide trailing-slash/canonical/sitemap 308 pattern (template-level fix); GSC metrics unavailable — not invented. Page-level KEEP; sitewide slash fix tracked in issue register TECH-P1-SLASH-CANONICAL-SITEMAP.
https://www.expatcopilot.com/netherlands/money/banking/best-bank-zzp/,guide,banking,guide,indexable_intent_true_live,slash_canonical_churn,good,moderate_contextual,,,,,affected_by_sitewide_slash_canonical,KEEP,P3,medium,Subject to sitewide trailing-slash/canonical/sitemap 308 pattern (template-level fix); GSC metrics unavailable — not invented. Page-level KEEP; sitewide slash fix tracked in issue register TECH-P1-SLASH-CANONICAL-SITEMAP.
https://www.expatcopilot.com/netherlands/money/banking/best-banks-expats/,guide,banking,guide,indexable_intent_true_live,slash_canonical_churn,good,strong_contextual,,,,,affected_by_sitewide_slash_canonical,KEEP,P3,medium,Subject to sitewide trailing-slash/canonical/sitemap 308 pattern (template-level fix); GSC metrics unavailable — not invented. Page-level KEEP; sitewide slash fix tracked in issue register TECH-P1-SLASH-CANONICAL-SITEMAP.
https://www.expatcopilot.com/netherlands/money/banking/cash-vs-card/,comparison,banking,comparison,indexable_intent_true_live,slash_canonical_churn,good,strong_contextual,,,,,affected_by_sitewide_slash_canonical,KEEP,P3,medium,Subject to sitewide trailing-slash/canonical/sitemap 308 pattern (template-level fix); GSC metrics unavailable — not invented. Page-level KEEP; sitewide slash fix tracked in issue register TECH-P1-SLASH-CANONICAL-SITEMAP.
https://www.expatcopilot.com/netherlands/money/banking/cheapest-accounts/,guide,banking,guide,indexable_intent_true_live,slash_canonical_churn,good,strong_contextual,,,,,affected_by_sitewide_slash_canonical,KEEP,P3,medium,Subject to sitewide trailing-slash/canonical/sitemap 308 pattern (template-level fix); GSC metrics unavailable — not invented. Page-level KEEP; sitewide slash fix tracked in issue register TECH-P1-SLASH-CANONICAL-SITEMAP.
https://www.expatcopilot.com/netherlands/money/banking/credit-cards/,guide,banking,guide,indexable_intent_true_live,slash_canonical_churn,good,strong_contextual,,,,,affected_by_sitewide_slash_canonical,KEEP,P3,medium,Subject to sitewide trailing-slash/canonical/sitemap 308 pattern (template-level fix); GSC metrics unavailable — not invented. Page-level KEEP; sitewide slash fix tracked in issue register TECH-P1-SLASH-CANONICAL-SITEMAP.
https://www.expatcopilot.com/netherlands/money/banking/debit-cards/,guide,banking,guide,indexable_intent_true_live,slash_canonical_churn,good,strong_contextual,,,,,affected_by_sitewide_slash_canonical,KEEP,P3,medium,Subject to sitewide trailing-slash/canonical/sitemap 308 pattern (template-level fix); GSC metrics unavailable — not invented. Page-level KEEP; sitewide slash fix tracked in issue register TECH-P1-SLASH-CANONICAL-SITEMAP.
https://www.expatcopilot.com/netherlands/money/banking/fees/,guide,banking,guide,indexable_intent_true_live,slash_canonical_churn,good,strong_contextual,,,,,affected_by_sitewide_slash_canonical,KEEP,P3,medium,Subject to sitewide trailing-slash/canonical/sitemap 308 pattern (template-level fix); GSC metrics unavailable — not invented. Page-level KEEP; sitewide slash fix tracked in issue register TECH-P1-SLASH-CANONICAL-SITEMAP.
https://www.expatcopilot.com/netherlands/money/banking/international-transfers/,guide,banking,guide,indexable_intent_true_live,slash_canonical_churn,adequate,strong_contextual,,,,,affected_by_sitewide_slash_canonical,KEEP,P3,medium,Subject to sitewide trailing-slash/canonical/sitemap 308 pattern (template-level fix); GSC metrics unavailable — not invented. Page-level KEEP; sitewide slash fix tracked in issue register TECH-P1-SLASH-CANONICAL-SITEMAP.
https://www.expatcopilot.com/netherlands/money/banking/joint-accounts/,guide,banking,guide,indexable_intent_true_live,slash_canonical_churn,adequate,moderate_contextual,,,,,affected_by_sitewide_slash_canonical,KEEP,P3,medium,Subject to sitewide trailing-slash/canonical/sitemap 308 pattern (template-level fix); GSC metrics unavailable — not invented. Page-level KEEP; sitewide slash fix tracked in issue register TECH-P1-SLASH-CANONICAL-SITEMAP.
https://www.expatcopilot.com/netherlands/money/banking/security/,guide,banking,guide,indexable_intent_true_live,slash_canonical_churn,good,strong_contextual,,,,,affected_by_sitewide_slash_canonical,KEEP,P3,medium,Subject to sitewide trailing-slash/canonical/sitemap 308 pattern (template-level fix); GSC metrics unavailable — not invented. Page-level KEEP; sitewide slash fix tracked in issue register TECH-P1-SLASH-CANONICAL-SITEMAP.
https://www.expatcopilot.com/netherlands/money/banking/student-accounts/,guide,banking,guide,indexable_intent_true_live,slash_canonical_churn,adequate,moderate_contextual,,,,,affected_by_sitewide_slash_canonical,KEEP,P3,medium,Subject to sitewide trailing-slash/canonical/sitemap 308 pattern (template-level fix); GSC metrics unavailable — not invented. Page-level KEEP; sitewide slash fix tracked in issue register TECH-P1-SLASH-CANONICAL-SITEMAP.
https://www.expatcopilot.com/netherlands/money/banking/types-of-accounts/,guide,banking,guide,indexable_intent_true_live,slash_canonical_churn,good,strong_contextual,,,,,affected_by_sitewide_slash_canonical,KEEP,P3,medium,Subject to sitewide trailing-slash/canonical/sitemap 308 pattern (template-level fix); GSC metrics unavailable — not invented. Page-level KEEP; sitewide slash fix tracked in issue register TECH-P1-SLASH-CANONICAL-SITEMAP.
https://www.expatcopilot.com/netherlands/money/banking/wise-vs-revolut/,comparison,banking,comparison,indexable_intent_true_live,slash_canonical_churn,good,strong_contextual,,,,,affected_by_sitewide_slash_canonical,KEEP,P3,medium,Subject to sitewide trailing-slash/canonical/sitemap 308 pattern (template-level fix); GSC metrics unavailable — not invented. Page-level KEEP; sitewide slash fix tracked in issue register TECH-P1-SLASH-CANONICAL-SITEMAP.
https://www.expatcopilot.com/netherlands/money/cost-of-living-netherlands/,guide,cost_of_living,research_comparison,indexable_intent_true_live,slash_canonical_churn,good,moderate_contextual,,,,,affected_by_sitewide_slash_canonical,KEEP,P3,medium,Subject to sitewide trailing-slash/canonical/sitemap 308 pattern (template-level fix); GSC metrics unavailable — not invented. Page-level KEEP; sitewide slash fix tracked in issue register TECH-P1-SLASH-CANONICAL-SITEMAP.
https://www.expatcopilot.com/netherlands/money/hidden-costs-netherlands/,guide,cost_of_living,guide,indexable_intent_true_live,slash_canonical_churn,good,moderate_contextual,,,,,affected_by_sitewide_slash_canonical,KEEP,P3,medium,Subject to sitewide trailing-slash/canonical/sitemap 308 pattern (template-level fix); GSC metrics unavailable — not invented. Page-level KEEP; sitewide slash fix tracked in issue register TECH-P1-SLASH-CANONICAL-SITEMAP.
https://www.expatcopilot.com/netherlands/money/monthly-budget-netherlands/,guide,cost_of_living,guide,indexable_intent_true_live,slash_canonical_churn,good,moderate_contextual,,,,,affected_by_sitewide_slash_canonical,KEEP,P3,medium,Subject to sitewide trailing-slash/canonical/sitemap 308 pattern (template-level fix); GSC metrics unavailable — not invented. Page-level KEEP; sitewide slash fix tracked in issue register TECH-P1-SLASH-CANONICAL-SITEMAP.
https://www.expatcopilot.com/netherlands/money/saving-money-netherlands/,guide,netherlands_other,guide,indexable_intent_true_live,slash_canonical_churn,good,moderate_contextual,,,,,affected_by_sitewide_slash_canonical,KEEP,P3,medium,Subject to sitewide trailing-slash/canonical/sitemap 308 pattern (template-level fix); GSC metrics unavailable — not invented. Page-level KEEP; sitewide slash fix tracked in issue register TECH-P1-SLASH-CANONICAL-SITEMAP.
https://www.expatcopilot.com/netherlands/move-to-netherlands-without-job/,moving_guide,netherlands_other,moving_guide,indexable_intent_true_live,slash_canonical_churn,adequate,strong_contextual,,,,,affected_by_sitewide_slash_canonical,KEEP,P3,medium,Subject to sitewide trailing-slash/canonical/sitemap 308 pattern (template-level fix); GSC metrics unavailable — not invented. Page-level KEEP; sitewide slash fix tracked in issue register TECH-P1-SLASH-CANONICAL-SITEMAP.
https://www.expatcopilot.com/netherlands/moving-mistakes-netherlands/,moving_guide,netherlands_other,moving_guide,indexable_intent_true_live,slash_canonical_churn,good,moderate,,,,,affected_by_sitewide_slash_canonical,KEEP,P3,medium,Subject to sitewide trailing-slash/canonical/sitemap 308 pattern (template-level fix); GSC metrics unavailable — not invented. Page-level KEEP; sitewide slash fix tracked in issue register TECH-P1-SLASH-CANONICAL-SITEMAP.
https://www.expatcopilot.com/netherlands/moving-requirements-netherlands/,moving_guide,netherlands_other,moving_guide,indexable_intent_true_live,slash_canonical_churn,good,moderate_contextual,,,,,affected_by_sitewide_slash_canonical,KEEP,P3,medium,Subject to sitewide trailing-slash/canonical/sitemap 308 pattern (template-level fix); GSC metrics unavailable — not invented. Page-level KEEP; sitewide slash fix tracked in issue register TECH-P1-SLASH-CANONICAL-SITEMAP.
https://www.expatcopilot.com/netherlands/moving-to-netherlands-from/,origin_country_guide,country_origin,country_specific_moving,indexable_intent_true_live,slash_canonical_churn,good,strong_contextual,,,,,affected_by_sitewide_slash_canonical,KEEP,P3,medium,Subject to sitewide trailing-slash/canonical/sitemap 308 pattern (template-level fix); GSC metrics unavailable — not invented. Page-level KEEP; sitewide slash fix tracked in issue register TECH-P1-SLASH-CANONICAL-SITEMAP.
https://www.expatcopilot.com/netherlands/moving-to-netherlands-steps/,moving_guide,netherlands_other,moving_guide,indexable_intent_true_live,slash_canonical_churn,good,moderate_contextual,,,,,affected_by_sitewide_slash_canonical,KEEP,P3,medium,Subject to sitewide trailing-slash/canonical/sitemap 308 pattern (template-level fix); GSC metrics unavailable — not invented. Page-level KEEP; sitewide slash fix tracked in issue register TECH-P1-SLASH-CANONICAL-SITEMAP.
https://www.expatcopilot.com/netherlands/moving-to-netherlands-timeline/,moving_guide,netherlands_other,moving_guide,indexable_intent_true_live,slash_canonical_churn,adequate,strong_contextual,,,,,affected_by_sitewide_slash_canonical,KEEP,P3,medium,Subject to sitewide trailing-slash/canonical/sitemap 308 pattern (template-level fix); GSC metrics unavailable — not invented. Page-level KEEP; sitewide slash fix tracked in issue register TECH-P1-SLASH-CANONICAL-SITEMAP.
https://www.expatcopilot.com/netherlands/moving-to-netherlands-with-family/,moving_guide,netherlands_other,moving_guide,indexable_intent_true_live,slash_canonical_churn,adequate,strong_contextual,,,,,affected_by_sitewide_slash_canonical,KEEP,P3,medium,Subject to sitewide trailing-slash/canonical/sitemap 308 pattern (template-level fix); GSC metrics unavailable — not invented. Page-level KEEP; sitewide slash fix tracked in issue register TECH-P1-SLASH-CANONICAL-SITEMAP.
https://www.expatcopilot.com/netherlands/moving-to-netherlands-with-kids/,moving_guide,netherlands_other,moving_guide,indexable_intent_true_live,slash_canonical_churn,adequate,strong_contextual,,,,,affected_by_sitewide_slash_canonical,KEEP,P3,medium,Subject to sitewide trailing-slash/canonical/sitemap 308 pattern (template-level fix); GSC metrics unavailable — not invented. Page-level KEEP; sitewide slash fix tracked in issue register TECH-P1-SLASH-CANONICAL-SITEMAP.
https://www.expatcopilot.com/netherlands/moving-to-netherlands-with-partner/,moving_guide,netherlands_other,moving_guide,indexable_intent_true_live,slash_canonical_churn,adequate,moderate_contextual,,,,,affected_by_sitewide_slash_canonical,KEEP,P3,medium,Subject to sitewide trailing-slash/canonical/sitemap 308 pattern (template-level fix); GSC metrics unavailable — not invented. Page-level KEEP; sitewide slash fix tracked in issue register TECH-P1-SLASH-CANONICAL-SITEMAP.
https://www.expatcopilot.com/netherlands/moving/moving-to-netherlands-from/argentina/,origin_country_guide,country_origin,country_specific_moving,indexable_intent_true_live,slash_canonical_churn,adequate,moderate_contextual,,,,,affected_by_sitewide_slash_canonical,KEEP,P3,medium,Subject to sitewide trailing-slash/canonical/sitemap 308 pattern (template-level fix); GSC metrics unavailable — not invented. Page-level KEEP; sitewide slash fix tracked in issue register TECH-P1-SLASH-CANONICAL-SITEMAP.
https://www.expatcopilot.com/netherlands/moving/moving-to-netherlands-from/australia/,origin_country_guide,country_origin,country_specific_moving,indexable_intent_true_live,slash_canonical_churn,adequate,moderate_contextual,,,,,affected_by_sitewide_slash_canonical,KEEP,P3,medium,Subject to sitewide trailing-slash/canonical/sitemap 308 pattern (template-level fix); GSC metrics unavailable — not invented. Page-level KEEP; sitewide slash fix tracked in issue register TECH-P1-SLASH-CANONICAL-SITEMAP.
https://www.expatcopilot.com/netherlands/moving/moving-to-netherlands-from/brazil/,origin_country_guide,country_origin,country_specific_moving,indexable_intent_true_live,slash_canonical_churn,adequate,moderate_contextual,,,,,affected_by_sitewide_slash_canonical,KEEP,P3,medium,Subject to sitewide trailing-slash/canonical/sitemap 308 pattern (template-level fix); GSC metrics unavailable — not invented. Page-level KEEP; sitewide slash fix tracked in issue register TECH-P1-SLASH-CANONICAL-SITEMAP.
https://www.expatcopilot.com/netherlands/moving/moving-to-netherlands-from/canada/,origin_country_guide,country_origin,country_specific_moving,indexable_intent_true_live,slash_canonical_churn,adequate,moderate_contextual,,,,,affected_by_sitewide_slash_canonical,KEEP,P3,medium,Subject to sitewide trailing-slash/canonical/sitemap 308 pattern (template-level fix); GSC metrics unavailable — not invented. Page-level KEEP; sitewide slash fix tracked in issue register TECH-P1-SLASH-CANONICAL-SITEMAP.
https://www.expatcopilot.com/netherlands/moving/moving-to-netherlands-from/chile/,origin_country_guide,country_origin,country_specific_moving,indexable_intent_true_live,slash_canonical_churn,adequate,moderate_contextual,,,,,affected_by_sitewide_slash_canonical,KEEP,P3,medium,Subject to sitewide trailing-slash/canonical/sitemap 308 pattern (template-level fix); GSC metrics unavailable — not invented. Page-level KEEP; sitewide slash fix tracked in issue register TECH-P1-SLASH-CANONICAL-SITEMAP.
https://www.expatcopilot.com/netherlands/moving/moving-to-netherlands-from/denmark/,origin_country_guide,country_origin,country_specific_moving,indexable_intent_true_live,slash_canonical_churn,adequate,moderate_contextual,,,,,affected_by_sitewide_slash_canonical,KEEP,P3,medium,Subject to sitewide trailing-slash/canonical/sitemap 308 pattern (template-level fix); GSC metrics unavailable — not invented. Page-level KEEP; sitewide slash fix tracked in issue register TECH-P1-SLASH-CANONICAL-SITEMAP.
https://www.expatcopilot.com/netherlands/moving/moving-to-netherlands-from/france/,origin_country_guide,country_origin,country_specific_moving,indexable_intent_true_live,slash_canonical_churn,adequate,moderate_contextual,,,,,affected_by_sitewide_slash_canonical,KEEP,P3,medium,Subject to sitewide trailing-slash/canonical/sitemap 308 pattern (template-level fix); GSC metrics unavailable — not invented. Page-level KEEP; sitewide slash fix tracked in issue register TECH-P1-SLASH-CANONICAL-SITEMAP.
https://www.expatcopilot.com/netherlands/moving/moving-to-netherlands-from/germany/,origin_country_guide,country_origin,country_specific_moving,indexable_intent_true_live,slash_canonical_churn,adequate,moderate_contextual,,,,,affected_by_sitewide_slash_canonical,KEEP,P3,medium,Subject to sitewide trailing-slash/canonical/sitemap 308 pattern (template-level fix); GSC metrics unavailable — not invented. Page-level KEEP; sitewide slash fix tracked in issue register TECH-P1-SLASH-CANONICAL-SITEMAP.
https://www.expatcopilot.com/netherlands/moving/moving-to-netherlands-from/india/,origin_country_guide,country_origin,country_specific_moving,indexable_intent_true_live,slash_canonical_churn,adequate,strong_contextual,,,,,affected_by_sitewide_slash_canonical,KEEP,P3,medium,Subject to sitewide trailing-slash/canonical/sitemap 308 pattern (template-level fix); GSC metrics unavailable — not invented. Page-level KEEP; sitewide slash fix tracked in issue register TECH-P1-SLASH-CANONICAL-SITEMAP.
https://www.expatcopilot.com/netherlands/moving/moving-to-netherlands-from/indonesia/,origin_country_guide,country_origin,country_specific_moving,indexable_intent_true_live,slash_canonical_churn,adequate,moderate_contextual,,,,,affected_by_sitewide_slash_canonical,KEEP,P3,medium,Subject to sitewide trailing-slash/canonical/sitemap 308 pattern (template-level fix); GSC metrics unavailable — not invented. Page-level KEEP; sitewide slash fix tracked in issue register TECH-P1-SLASH-CANONICAL-SITEMAP.
https://www.expatcopilot.com/netherlands/moving/moving-to-netherlands-from/italy/,origin_country_guide,country_origin,country_specific_moving,indexable_intent_true_live,slash_canonical_churn,adequate,moderate_contextual,,,,,affected_by_sitewide_slash_canonical,KEEP,P3,medium,Subject to sitewide trailing-slash/canonical/sitemap 308 pattern (template-level fix); GSC metrics unavailable — not invented. Page-level KEEP; sitewide slash fix tracked in issue register TECH-P1-SLASH-CANONICAL-SITEMAP.
https://www.expatcopilot.com/netherlands/moving/moving-to-netherlands-from/japan/,origin_country_guide,country_origin,country_specific_moving,indexable_intent_true_live,slash_canonical_churn,adequate,moderate_contextual,,,,,affected_by_sitewide_slash_canonical,KEEP,P3,medium,Subject to sitewide trailing-slash/canonical/sitemap 308 pattern (template-level fix); GSC metrics unavailable — not invented. Page-level KEEP; sitewide slash fix tracked in issue register TECH-P1-SLASH-CANONICAL-SITEMAP.
https://www.expatcopilot.com/netherlands/moving/moving-to-netherlands-from/kenya/,origin_country_guide,country_origin,country_specific_moving,indexable_intent_true_live,slash_canonical_churn,adequate,moderate_contextual,,,,,affected_by_sitewide_slash_canonical,KEEP,P3,medium,Subject to sitewide trailing-slash/canonical/sitemap 308 pattern (template-level fix); GSC metrics unavailable — not invented. Page-level KEEP; sitewide slash fix tracked in issue register TECH-P1-SLASH-CANONICAL-SITEMAP.
https://www.expatcopilot.com/netherlands/moving/moving-to-netherlands-from/mexico/,origin_country_guide,country_origin,country_specific_moving,indexable_intent_true_live,slash_canonical_churn,adequate,moderate_contextual,,,,,affected_by_sitewide_slash_canonical,KEEP,P3,medium,Subject to sitewide trailing-slash/canonical/sitemap 308 pattern (template-level fix); GSC metrics unavailable — not invented. Page-level KEEP; sitewide slash fix tracked in issue register TECH-P1-SLASH-CANONICAL-SITEMAP.
https://www.expatcopilot.com/netherlands/moving/moving-to-netherlands-from/new-zealand/,origin_country_guide,country_origin,country_specific_moving,indexable_intent_true_live,slash_canonical_churn,adequate,moderate_contextual,,,,,affected_by_sitewide_slash_canonical,KEEP,P3,medium,Subject to sitewide trailing-slash/canonical/sitemap 308 pattern (template-level fix); GSC metrics unavailable — not invented. Page-level KEEP; sitewide slash fix tracked in issue register TECH-P1-SLASH-CANONICAL-SITEMAP.
https://www.expatcopilot.com/netherlands/moving/moving-to-netherlands-from/nigeria/,origin_country_guide,country_origin,country_specific_moving,indexable_intent_true_live,slash_canonical_churn,adequate,moderate,,,,,affected_by_sitewide_slash_canonical,KEEP,P3,medium,Subject to sitewide trailing-slash/canonical/sitemap 308 pattern (template-level fix); GSC metrics unavailable — not invented. Page-level KEEP; sitewide slash fix tracked in issue register TECH-P1-SLASH-CANONICAL-SITEMAP.
https://www.expatcopilot.com/netherlands/moving/moving-to-netherlands-from/norway/,origin_country_guide,country_origin,country_specific_moving,indexable_intent_true_live,slash_canonical_churn,adequate,moderate_contextual,,,,,affected_by_sitewide_slash_canonical,KEEP,P3,medium,Subject to sitewide trailing-slash/canonical/sitemap 308 pattern (template-level fix); GSC metrics unavailable — not invented. Page-level KEEP; sitewide slash fix tracked in issue register TECH-P1-SLASH-CANONICAL-SITEMAP.
https://www.expatcopilot.com/netherlands/moving/moving-to-netherlands-from/pakistan/,origin_country_guide,country_origin,country_specific_moving,indexable_intent_true_live,slash_canonical_churn,adequate,moderate_contextual,,,,,affected_by_sitewide_slash_canonical,KEEP,P3,medium,Subject to sitewide trailing-slash/canonical/sitemap 308 pattern (template-level fix); GSC metrics unavailable — not invented. Page-level KEEP; sitewide slash fix tracked in issue register TECH-P1-SLASH-CANONICAL-SITEMAP.
https://www.expatcopilot.com/netherlands/moving/moving-to-netherlands-from/philippines/,origin_country_guide,country_origin,country_specific_moving,indexable_intent_true_live,slash_canonical_churn,adequate,moderate,,,,,affected_by_sitewide_slash_canonical,KEEP,P3,medium,Subject to sitewide trailing-slash/canonical/sitemap 308 pattern (template-level fix); GSC metrics unavailable — not invented. Page-level KEEP; sitewide slash fix tracked in issue register TECH-P1-SLASH-CANONICAL-SITEMAP.
https://www.expatcopilot.com/netherlands/moving/moving-to-netherlands-from/singapore/,origin_country_guide,country_origin,country_specific_moving,indexable_intent_true_live,slash_canonical_churn,adequate,moderate_contextual,,,,,affected_by_sitewide_slash_canonical,KEEP,P3,medium,Subject to sitewide trailing-slash/canonical/sitemap 308 pattern (template-level fix); GSC metrics unavailable — not invented. Page-level KEEP; sitewide slash fix tracked in issue register TECH-P1-SLASH-CANONICAL-SITEMAP.
https://www.expatcopilot.com/netherlands/moving/moving-to-netherlands-from/south-africa/,origin_country_guide,country_origin,country_specific_moving,indexable_intent_true_live,slash_canonical_churn,adequate,strong_contextual,,,,,affected_by_sitewide_slash_canonical,KEEP,P3,medium,Subject to sitewide trailing-slash/canonical/sitemap 308 pattern (template-level fix); GSC metrics unavailable — not invented. Page-level KEEP; sitewide slash fix tracked in issue register TECH-P1-SLASH-CANONICAL-SITEMAP.
https://www.expatcopilot.com/netherlands/moving/moving-to-netherlands-from/south-korea/,origin_country_guide,country_origin,country_specific_moving,indexable_intent_true_live,slash_canonical_churn,adequate,moderate_contextual,,,,,affected_by_sitewide_slash_canonical,KEEP,P3,medium,Subject to sitewide trailing-slash/canonical/sitemap 308 pattern (template-level fix); GSC metrics unavailable — not invented. Page-level KEEP; sitewide slash fix tracked in issue register TECH-P1-SLASH-CANONICAL-SITEMAP.
https://www.expatcopilot.com/netherlands/moving/moving-to-netherlands-from/spain/,origin_country_guide,country_origin,country_specific_moving,indexable_intent_true_live,slash_canonical_churn,adequate,moderate_contextual,,,,,affected_by_sitewide_slash_canonical,KEEP,P3,medium,Subject to sitewide trailing-slash/canonical/sitemap 308 pattern (template-level fix); GSC metrics unavailable — not invented. Page-level KEEP; sitewide slash fix tracked in issue register TECH-P1-SLASH-CANONICAL-SITEMAP.
https://www.expatcopilot.com/netherlands/moving/moving-to-netherlands-from/sweden/,origin_country_guide,country_origin,country_specific_moving,indexable_intent_true_live,slash_canonical_churn,adequate,moderate_contextual,,,,,affected_by_sitewide_slash_canonical,KEEP,P3,medium,Subject to sitewide trailing-slash/canonical/sitemap 308 pattern (template-level fix); GSC metrics unavailable — not invented. Page-level KEEP; sitewide slash fix tracked in issue register TECH-P1-SLASH-CANONICAL-SITEMAP.
https://www.expatcopilot.com/netherlands/moving/moving-to-netherlands-from/switzerland/,origin_country_guide,country_origin,country_specific_moving,indexable_intent_true_live,slash_canonical_churn,adequate,moderate_contextual,,,,,affected_by_sitewide_slash_canonical,KEEP,P3,medium,Subject to sitewide trailing-slash/canonical/sitemap 308 pattern (template-level fix); GSC metrics unavailable — not invented. Page-level KEEP; sitewide slash fix tracked in issue register TECH-P1-SLASH-CANONICAL-SITEMAP.
https://www.expatcopilot.com/netherlands/moving/moving-to-netherlands-from/turkey/,origin_country_guide,country_origin,country_specific_moving,indexable_intent_true_live,slash_canonical_churn,adequate,moderate_contextual,,,,,affected_by_sitewide_slash_canonical,KEEP,P3,medium,Subject to sitewide trailing-slash/canonical/sitemap 308 pattern (template-level fix); GSC metrics unavailable — not invented. Page-level KEEP; sitewide slash fix tracked in issue register TECH-P1-SLASH-CANONICAL-SITEMAP.
https://www.expatcopilot.com/netherlands/moving/moving-to-netherlands-from/uae/,origin_country_guide,country_origin,country_specific_moving,indexable_intent_true_live,slash_canonical_churn,good,moderate_contextual,,,,,affected_by_sitewide_slash_canonical,KEEP,P3,medium,Subject to sitewide trailing-slash/canonical/sitemap 308 pattern (template-level fix); GSC metrics unavailable — not invented. Page-level KEEP; sitewide slash fix tracked in issue register TECH-P1-SLASH-CANONICAL-SITEMAP.
https://www.expatcopilot.com/netherlands/moving/moving-to-netherlands-from/united-states/,origin_country_guide,country_origin,country_specific_moving,indexable_intent_true_live,slash_canonical_churn,adequate,strong_contextual,,,,,affected_by_sitewide_slash_canonical,KEEP,P3,medium,Subject to sitewide trailing-slash/canonical/sitemap 308 pattern (template-level fix); GSC metrics unavailable — not invented. Page-level KEEP; sitewide slash fix tracked in issue register TECH-P1-SLASH-CANONICAL-SITEMAP.
https://www.expatcopilot.com/netherlands/moving/tools/arrival-planner/,tool_calculator,moving,tool_transactional,indexable_intent_true_live,slash_canonical_churn,good,strong_contextual,,,,,affected_by_sitewide_slash_canonical,KEEP,P3,medium,Subject to sitewide trailing-slash/canonical/sitemap 308 pattern (template-level fix); GSC metrics unavailable — not invented. Page-level KEEP; sitewide slash fix tracked in issue register TECH-P1-SLASH-CANONICAL-SITEMAP.
https://www.expatcopilot.com/netherlands/moving/tools/first-90-days/,tool_calculator,first_90_days,tool_transactional,indexable_intent_true_live,slash_canonical_churn,good,strong_contextual,,,,,affected_by_sitewide_slash_canonical,KEEP,P3,medium,Subject to sitewide trailing-slash/canonical/sitemap 308 pattern (template-level fix); GSC metrics unavailable — not invented. Page-level KEEP; sitewide slash fix tracked in issue register TECH-P1-SLASH-CANONICAL-SITEMAP.
https://www.expatcopilot.com/netherlands/nijmegen/,city_page,cities,city_research,indexable_intent_true_live,slash_canonical_churn,adequate,strong_contextual,,,,,affected_by_sitewide_slash_canonical,KEEP,P3,medium,Subject to sitewide trailing-slash/canonical/sitemap 308 pattern (template-level fix); GSC metrics unavailable — not invented. Page-level KEEP; sitewide slash fix tracked in issue register TECH-P1-SLASH-CANONICAL-SITEMAP.
https://www.expatcopilot.com/netherlands/open-bank-account-netherlands/,moving_guide,banking,moving_guide,indexable_intent_true_live,slash_canonical_churn,adequate,strong_contextual,,,,,affected_by_sitewide_slash_canonical,KEEP,P3,medium,Subject to sitewide trailing-slash/canonical/sitemap 308 pattern (template-level fix); GSC metrics unavailable — not invented. Page-level KEEP; sitewide slash fix tracked in issue register TECH-P1-SLASH-CANONICAL-SITEMAP.
https://www.expatcopilot.com/netherlands/services/banks/,service_directory,services,service_directory,indexable_intent_true_live,slash_canonical_churn,adequate,strong_contextual,,,,,affected_by_sitewide_slash_canonical,KEEP,P3,medium,Subject to sitewide trailing-slash/canonical/sitemap 308 pattern (template-level fix); GSC metrics unavailable — not invented. Page-level KEEP; sitewide slash fix tracked in issue register TECH-P1-SLASH-CANONICAL-SITEMAP.
https://www.expatcopilot.com/netherlands/services/financial-advisors/,service_directory,services,service_directory,indexable_intent_true_live,slash_canonical_churn,adequate,weak_contextual,,,,,affected_by_sitewide_slash_canonical,KEEP,P3,medium,Subject to sitewide trailing-slash/canonical/sitemap 308 pattern (template-level fix); GSC metrics unavailable — not invented. Page-level KEEP; sitewide slash fix tracked in issue register TECH-P1-SLASH-CANONICAL-SITEMAP.
https://www.expatcopilot.com/netherlands/services/highly-skilled-migrant-sponsors/,service_directory,services,service_directory,indexable_intent_true_live,slash_canonical_churn,adequate,strong_contextual,,,,,affected_by_sitewide_slash_canonical,KEEP,P3,medium,Subject to sitewide trailing-slash/canonical/sitemap 308 pattern (template-level fix); GSC metrics unavailable — not invented. Page-level KEEP; sitewide slash fix tracked in issue register TECH-P1-SLASH-CANONICAL-SITEMAP.
https://www.expatcopilot.com/netherlands/services/housing-platforms/,service_directory,services,service_directory,indexable_intent_true_live,slash_canonical_churn,adequate,strong_contextual,,,,,affected_by_sitewide_slash_canonical,KEEP,P3,medium,Subject to sitewide trailing-slash/canonical/sitemap 308 pattern (template-level fix); GSC metrics unavailable — not invented. Page-level KEEP; sitewide slash fix tracked in issue register TECH-P1-SLASH-CANONICAL-SITEMAP.
https://www.expatcopilot.com/netherlands/services/mobile-connectivity/,service_directory,services,service_directory,indexable_intent_true_live,slash_canonical_churn,adequate,strong_contextual,,,,,affected_by_sitewide_slash_canonical,KEEP,P3,medium,Subject to sitewide trailing-slash/canonical/sitemap 308 pattern (template-level fix); GSC metrics unavailable — not invented. Page-level KEEP; sitewide slash fix tracked in issue register TECH-P1-SLASH-CANONICAL-SITEMAP.
https://www.expatcopilot.com/netherlands/services/mortgage-advisors/,service_directory,services,service_directory,indexable_intent_true_live,slash_canonical_churn,adequate,weak_contextual,,,,,affected_by_sitewide_slash_canonical,KEEP,P3,medium,Subject to sitewide trailing-slash/canonical/sitemap 308 pattern (template-level fix); GSC metrics unavailable — not invented. Page-level KEEP; sitewide slash fix tracked in issue register TECH-P1-SLASH-CANONICAL-SITEMAP.
https://www.expatcopilot.com/netherlands/services/relocation-agencies/,service_directory,services,service_directory,indexable_intent_true_live,slash_canonical_churn,adequate,strong_contextual,,,,,affected_by_sitewide_slash_canonical,KEEP,P3,medium,Subject to sitewide trailing-slash/canonical/sitemap 308 pattern (template-level fix); GSC metrics unavailable — not invented. Page-level KEEP; sitewide slash fix tracked in issue register TECH-P1-SLASH-CANONICAL-SITEMAP.
https://www.expatcopilot.com/netherlands/services/relocation-services/,service_directory,services,service_directory,indexable_intent_true_live,slash_canonical_churn,adequate,strong_contextual,,,,,affected_by_sitewide_slash_canonical,KEEP,P3,medium,Subject to sitewide trailing-slash/canonical/sitemap 308 pattern (template-level fix); GSC metrics unavailable — not invented. Page-level KEEP; sitewide slash fix tracked in issue register TECH-P1-SLASH-CANONICAL-SITEMAP.
https://www.expatcopilot.com/netherlands/services/rental-agencies/,service_directory,services,service_directory,indexable_intent_true_live,slash_canonical_churn,adequate,strong_contextual,,,,,affected_by_sitewide_slash_canonical,KEEP,P3,medium,Subject to sitewide trailing-slash/canonical/sitemap 308 pattern (template-level fix); GSC metrics unavailable — not invented. Page-level KEEP; sitewide slash fix tracked in issue register TECH-P1-SLASH-CANONICAL-SITEMAP.
https://www.expatcopilot.com/netherlands/services/startup-visa-advisors/,service_directory,services,visa_informational,indexable_intent_true_live,slash_canonical_churn,adequate,strong_contextual,,,,,affected_by_sitewide_slash_canonical,KEEP,P3,medium,Subject to sitewide trailing-slash/canonical/sitemap 308 pattern (template-level fix); GSC metrics unavailable — not invented. Page-level KEEP; sitewide slash fix tracked in issue register TECH-P1-SLASH-CANONICAL-SITEMAP.
https://www.expatcopilot.com/netherlands/tilburg/,city_page,cities,city_research,indexable_intent_true_live,slash_canonical_churn,adequate,strong_contextual,,,,,affected_by_sitewide_slash_canonical,KEEP,P3,medium,Subject to sitewide trailing-slash/canonical/sitemap 308 pattern (template-level fix); GSC metrics unavailable — not invented. Page-level KEEP; sitewide slash fix tracked in issue register TECH-P1-SLASH-CANONICAL-SITEMAP.
https://www.expatcopilot.com/netherlands/tools/banking-cost-estimator/,tool_calculator,banking,tool_transactional,indexable_intent_true_live,slash_canonical_churn,good,strong_contextual,,,,,affected_by_sitewide_slash_canonical,KEEP,P3,medium,Subject to sitewide trailing-slash/canonical/sitemap 308 pattern (template-level fix); GSC metrics unavailable — not invented. Page-level KEEP; sitewide slash fix tracked in issue register TECH-P1-SLASH-CANONICAL-SITEMAP.
https://www.expatcopilot.com/netherlands/tools/transfer-cost-calculator/,tool_calculator,tools_calculators,tool_transactional,indexable_intent_true_live,slash_canonical_churn,good,strong_contextual,,,,,affected_by_sitewide_slash_canonical,KEEP,P3,medium,Subject to sitewide trailing-slash/canonical/sitemap 308 pattern (template-level fix); GSC metrics unavailable — not invented. Page-level KEEP; sitewide slash fix tracked in issue register TECH-P1-SLASH-CANONICAL-SITEMAP.
https://www.expatcopilot.com/netherlands/utilities/,guide,utilities,guide,indexable_intent_true_live,slash_canonical_churn,good,moderate_contextual,,,,,affected_by_sitewide_slash_canonical,KEEP,P3,medium,Subject to sitewide trailing-slash/canonical/sitemap 308 pattern (template-level fix); GSC metrics unavailable — not invented. Page-level KEEP; sitewide slash fix tracked in issue register TECH-P1-SLASH-CANONICAL-SITEMAP.
https://www.expatcopilot.com/netherlands/visa/dutch-american-friendship-treaty/,visa_guide,visas_immigration,visa_informational,indexable_intent_true_live,slash_canonical_churn,good,strong_contextual,,,,,affected_by_sitewide_slash_canonical,KEEP,P3,medium,Subject to sitewide trailing-slash/canonical/sitemap 308 pattern (template-level fix); GSC metrics unavailable — not invented. Page-level KEEP; sitewide slash fix tracked in issue register TECH-P1-SLASH-CANONICAL-SITEMAP.
https://www.expatcopilot.com/netherlands/visa/partner-family-visa/,visa_guide,visas_immigration,visa_informational,indexable_intent_true_live,slash_canonical_churn,good,strong_contextual,,,,,affected_by_sitewide_slash_canonical,KEEP,P3,medium,Subject to sitewide trailing-slash/canonical/sitemap 308 pattern (template-level fix); GSC metrics unavailable — not invented. Page-level KEEP; sitewide slash fix tracked in issue register TECH-P1-SLASH-CANONICAL-SITEMAP.
https://www.expatcopilot.com/netherlands/visa/self-employed-visa/,visa_guide,visas_immigration,visa_informational,indexable_intent_true_live,slash_canonical_churn,good,strong_contextual,,,,,affected_by_sitewide_slash_canonical,KEEP,P3,medium,Subject to sitewide trailing-slash/canonical/sitemap 308 pattern (template-level fix); GSC metrics unavailable — not invented. Page-level KEEP; sitewide slash fix tracked in issue register TECH-P1-SLASH-CANONICAL-SITEMAP.
https://www.expatcopilot.com/netherlands/visa/student-visa/,visa_guide,visas_immigration,visa_informational,indexable_intent_true_live,slash_canonical_churn,good,strong_contextual,,,,,affected_by_sitewide_slash_canonical,KEEP,P3,medium,Subject to sitewide trailing-slash/canonical/sitemap 308 pattern (template-level fix); GSC metrics unavailable — not invented. Page-level KEEP; sitewide slash fix tracked in issue register TECH-P1-SLASH-CANONICAL-SITEMAP.
