url,path,page_type,intent,slug,title,title_core,title_length,h1,meta_description,description_length,breadcrumb_label,og_title,og_description,sd_name,sd_headline,date_published,date_modified,slug_title_overlap,h1_title_overlap,likely_intent,year_note,issues,ctr_risk_refined,material_signals,severity,notes
https://www.expatcopilot.com/netherlands/,/netherlands/,country_hub,INDEXABLE,netherlands,Move to the Netherlands | ExpatCopilot,Move to the Netherlands,38,Move to the Netherlands with a clear plan,"Practical relocation platform with guides, tools, and country-specific routes for moving to the Netherlands. Step-by-step clarity for expats.",141,Netherlands,Move to the Netherlands | ExpatCopilot,"Practical relocation platform with guides, tools, and country-specific routes for moving to the Netherlands. Step-by-step clarity for expats.",ExpatCopilot,,,,,0.5,country_hub,,duplicate_title_x2|duplicate_description_x2|h1_title_differ_soft|likely_poor_ctr_risk:duplicate_title,yes,duplicate,P2,
https://www.expatcopilot.com/,/,homepage,INDEXABLE,,Move to the Netherlands | ExpatCopilot,Move to the Netherlands,38,Move to the Netherlands with a clear plan,"Practical relocation platform with guides, tools, and country-specific routes for moving to the Netherlands. Step-by-step clarity for expats.",141,Netherlands,Move to the Netherlands | ExpatCopilot,"Practical relocation platform with guides, tools, and country-specific routes for moving to the Netherlands. Step-by-step clarity for expats.",ExpatCopilot,,,,,0.5,homepage,,duplicate_title_x2|duplicate_description_x2|h1_title_differ_soft|likely_poor_ctr_risk:duplicate_title,yes,duplicate,P2,
https://www.expatcopilot.com/disclaimer/,/disclaimer/,trust_legal,INDEXABLE,disclaimer,Disclaimer | ExpatCopilot,Disclaimer,25,Disclaimer,"Read the ExpatCopilot disclaimer for important information about informational content, provider listings, and third-party links.",129,,ExpatCopilot,"Practical relocation guides, tools, and service discovery for expats moving to the Netherlands — visas, housing, banking, and settling in.",ExpatCopilot,,,,1.0,1.0,trust_legal,,very_short_title|og_title_differs_from_title,yes,short,P2,
https://www.expatcopilot.com/how-we-rank-services/,/how-we-rank-services/,trust_legal,INDEXABLE,how-we-rank-services,How We Rank and Review Services | ExpatCopilot,How We Rank and Review Services,46,How We Rank and Review Services,"Learn how ExpatCopilot structures service directories, compares providers, and approaches featured placements and future reviews.",129,,ExpatCopilot,"Practical relocation guides, tools, and service discovery for expats moving to the Netherlands — visas, housing, banking, and settling in.",ExpatCopilot,,,,1.0,1.0,trust_legal,,og_title_differs_from_title|templated_description_opening,soft,templated_desc,P3,
https://www.expatcopilot.com/affiliate-disclosure/,/affiliate-disclosure/,trust_legal,INDEXABLE,affiliate-disclosure,Affiliate Disclosure | ExpatCopilot,Affiliate Disclosure,35,Affiliate Disclosure,Read how ExpatCopilot may use affiliate or referral links and how commercial relationships are handled transparently.,117,,ExpatCopilot,"Practical relocation guides, tools, and service discovery for expats moving to the Netherlands — visas, housing, banking, and settling in.",ExpatCopilot,,,,1.0,1.0,trust_legal,,og_title_differs_from_title,no,,INFO,
https://www.expatcopilot.com/contact/,/contact/,trust_legal,INDEXABLE,contact,Contact ExpatCopilot | ExpatCopilot,Contact ExpatCopilot,35,Contact Us,"Contact ExpatCopilot for feedback, corrections, service listing questions, or general inquiries about the site.",111,,ExpatCopilot,"Practical relocation guides, tools, and service discovery for expats moving to the Netherlands — visas, housing, banking, and settling in.",ExpatCopilot,,,,1.0,0.33,trust_legal,,problematic_h1_title_mismatch|og_title_differs_from_title,yes,mismatch,P2,
https://www.expatcopilot.com/methodology/,/methodology/,trust_legal,INDEXABLE,methodology,Methodology | ExpatCopilot,Methodology,26,Methodology,"Learn how ExpatCopilot researches, structures, and maintains relocation guides, service directories, and decision-support content for expats moving to the Netherlands.",167,,ExpatCopilot,"Practical relocation guides, tools, and service discovery for expats moving to the Netherlands — visas, housing, banking, and settling in.",ExpatCopilot,,,,1.0,1.0,trust_legal,,very_short_title|og_title_differs_from_title|templated_description_opening,yes,short+templated_desc,P2,
https://www.expatcopilot.com/cookies/,/cookies/,trust_legal,INDEXABLE,cookies,Cookie Policy | ExpatCopilot,Cookie Policy,28,Cookie Policy,"Read how ExpatCopilot uses cookies and similar technologies, including analytics and site functionality.",104,,ExpatCopilot,"Practical relocation guides, tools, and service discovery for expats moving to the Netherlands — visas, housing, banking, and settling in.",ExpatCopilot,,,,0.0,1.0,trust_legal,,very_short_title|og_title_differs_from_title,yes,short,P2,
https://www.expatcopilot.com/how-this-site-works/,/how-this-site-works/,trust_legal,INDEXABLE,how-this-site-works,"How ExpatCopilot Works | Guides, Tools, Cities and Services for Expats | ExpatCopilot","How ExpatCopilot Works | Guides, Tools, Cities and Services for Expats",85,How This Site Works,"Learn how ExpatCopilot works, including how to use relocation guides, city pages, tools, concepts, and services to plan a move to the Netherlands.",146,,ExpatCopilot,"Practical relocation guides, tools, and service discovery for expats moving to the Netherlands — visas, housing, banking, and settling in.",ExpatCopilot,,,,0.5,0.17,trust_legal,,overly_long_title_core|overly_long_title_with_brand|problematic_h1_title_mismatch|og_title_differs_from_title|templated_description_opening|likely_poor_ctr_risk:truncated_risk,yes,long_title+mismatch+templated_desc,P2,
https://www.expatcopilot.com/netherlands/after-arriving-netherlands/,/netherlands/after-arriving-netherlands/,moving_guide,INDEXABLE,after-arriving-netherlands,"After Arriving in the Netherlands | BSN, Registration, DigiD, Insurance, Banking | ExpatCopilot","After Arriving in the Netherlands | BSN, Registration, DigiD, Insurance, Banking",95,After Arriving in the Netherlands: What to Do First,"A practical guide to what to do after arriving in the Netherlands, including municipality registration, BSN, residence permit collection, DigiD, health insurance, banking, and first-week setup.",193,After Arriving,"After Arriving in the Netherlands | BSN, Registration, DigiD, Insurance, Banking | ExpatCopilot","A practical guide to what to do after arriving in the Netherlands, including municipality registration, BSN, residence permit collection, DigiD, health insurance, banking, and first-week setup.",ExpatCopilot,After Arriving in the Netherlands: What to Do First,,2026-09-06,1.0,0.36,moving_guide,no year in title; topic often year-sensitive (2026),overly_long_title_core|overly_long_title_with_brand|overly_long_description|problematic_h1_title_mismatch|year_absent_but_may_help_ctr|likely_poor_ctr_risk:truncated_risk+freshness_signal_missing,yes,long_title+mismatch+year_opp,P2,no year in title; topic often year-sensitive (2026)
https://www.expatcopilot.com/netherlands/apostille-documents-netherlands/,/netherlands/apostille-documents-netherlands/,moving_guide,INDEXABLE,apostille-documents-netherlands,Apostille Documents Netherlands | How to Get an Apostille | ExpatCopilot,Apostille Documents Netherlands | How to Get an Apostille,72,Apostille Documents in the Netherlands,"Learn how apostille documents work in the Netherlands, when you need an apostille, how to obtain one, typical costs, timelines, and how apostilles are used for visas, municipality registration, and official administration.",222,Apostille Documents,Apostille Documents Netherlands | How to Get an Apostille | ExpatCopilot,"Learn how apostille documents work in the Netherlands, when you need an apostille, how to obtain one, typical costs, timelines, and how apostilles are used for visas, municipality registration, and official administration.",ExpatCopilot,Apostille Documents in the Netherlands,,2026-09-06,1.0,0.33,moving_guide,,overly_long_description|problematic_h1_title_mismatch|templated_description_opening,yes,mismatch+templated_desc,P2,
https://www.expatcopilot.com/netherlands/amstelveen/,/netherlands/amstelveen/,city_page,INDEXABLE,amstelveen,"Moving to Amstelveen as an Expat | Living in Amstelveen, Housing, Schools & Practical Setup | ExpatCopilot","Moving to Amstelveen as an Expat | Living in Amstelveen, Housing, Schools & Practical Setup",106,Moving to Amstelveen as an Expat,"Thinking about moving to Amstelveen? Explore why expats choose Amstelveen, what life is like, how registration and housing work, and which services can help you settle in.",171,Amstelveen,"Moving to Amstelveen as an Expat | Living in Amstelveen, Housing, Schools & Practical Setup | ExpatCopilot","Thinking about moving to Amstelveen? Explore why expats choose Amstelveen, what life is like, how registration and housing work, and which services can help you settle in.",ExpatCopilot,Moving to Amstelveen as an Expat,,2026-03-30,1.0,0.5,city_research,,overly_long_title_core|overly_long_title_with_brand|overly_long_description|h1_title_differ_soft|likely_poor_ctr_risk:truncated_risk,soft,long_title,P3,
https://www.expatcopilot.com/netherlands/breda/,/netherlands/breda/,city_page,INDEXABLE,breda,"Moving to Breda as an Expat | Living in Breda, Housing, Lifestyle & Practical Setup | ExpatCopilot","Moving to Breda as an Expat | Living in Breda, Housing, Lifestyle & Practical Setup",98,Moving to Breda as an Expat,"Thinking about moving to Breda? Explore why expats choose Breda, what life is like, how registration and housing work, and which services can help you settle in.",161,Breda,"Moving to Breda as an Expat | Living in Breda, Housing, Lifestyle & Practical Setup | ExpatCopilot","Thinking about moving to Breda? Explore why expats choose Breda, what life is like, how registration and housing work, and which services can help you settle in.",ExpatCopilot,Moving to Breda as an Expat,,2026-03-30,1.0,0.5,city_research,,overly_long_title_core|overly_long_title_with_brand|h1_title_differ_soft|likely_poor_ctr_risk:truncated_risk,soft,long_title,P3,
https://www.expatcopilot.com/netherlands/arnhem/,/netherlands/arnhem/,city_page,INDEXABLE,arnhem,"Moving to Arnhem as an Expat | Living in Arnhem, Housing, Lifestyle & Practical Setup | ExpatCopilot","Moving to Arnhem as an Expat | Living in Arnhem, Housing, Lifestyle & Practical Setup",100,Moving to Arnhem as an Expat,"Thinking about moving to Arnhem? Explore why expats choose Arnhem, what life is like, how registration and housing work, and which services can help you settle in.",163,Arnhem,"Moving to Arnhem as an Expat | Living in Arnhem, Housing, Lifestyle & Practical Setup | ExpatCopilot","Thinking about moving to Arnhem? Explore why expats choose Arnhem, what life is like, how registration and housing work, and which services can help you settle in.",ExpatCopilot,Moving to Arnhem as an Expat,,2026-04-03,1.0,0.5,city_research,,overly_long_title_core|overly_long_title_with_brand|h1_title_differ_soft|likely_poor_ctr_risk:truncated_risk,soft,long_title,P3,
https://www.expatcopilot.com/editorial-policy/,/editorial-policy/,trust_legal,INDEXABLE,editorial-policy,Editorial Policy | ExpatCopilot,Editorial Policy,31,Editorial Policy,"Learn how ExpatCopilot creates and updates guides, service listings, and relocation content for expats moving to the Netherlands.",129,,ExpatCopilot,"Practical relocation guides, tools, and service discovery for expats moving to the Netherlands — visas, housing, banking, and settling in.",ExpatCopilot,,,,1.0,1.0,trust_legal,,very_short_title|og_title_differs_from_title|templated_description_opening,yes,short+templated_desc,P2,
https://www.expatcopilot.com/about/,/about/,trust_legal,INDEXABLE,about,About ExpatCopilot | Practical Relocation Help for Expats Moving to the Netherlands | ExpatCopilot,About ExpatCopilot | Practical Relocation Help for Expats Moving to the Netherlands,98,About ExpatCopilot,"Learn about ExpatCopilot, a practical relocation platform built to help expats move to the Netherlands with guides, tools, city insights, and trusted service discovery.",168,About,About ExpatCopilot | Practical Relocation Help for Expats Moving to the Netherlands,"Learn about ExpatCopilot, a practical relocation platform built to help expats move to the Netherlands with guides, tools, city insights, and trusted service discovery.",ExpatCopilot,,,,1.0,0.18,trust_legal,,overly_long_title_core|overly_long_title_with_brand|problematic_h1_title_mismatch|likely_poor_ctr_risk:truncated_risk,yes,long_title+mismatch,P2,
https://www.expatcopilot.com/netherlands/business/zzp-netherlands/,/netherlands/business/zzp-netherlands/,guide,INDEXABLE,zzp-netherlands,ZZP in the Netherlands | Complete Expat & Freelancer Guide | ExpatCopilot,ZZP in the Netherlands | Complete Expat & Freelancer Guide,73,ZZP in the Netherlands,"Learn how ZZP works in the Netherlands, including registration, taxes, invoicing, clients and practical considerations for expats and freelancers.",146,ZZP,ZZP in the Netherlands | Complete Expat & Freelancer Guide,"Learn how ZZP works in the Netherlands, including registration, taxes, invoicing, clients and practical considerations for expats and freelancers.",ExpatCopilot,ZZP in the Netherlands,2026-09-06,2026-09-06,1.0,0.5,guide,no year in title; topic often year-sensitive (2026),h1_title_differ_soft|templated_description_opening|year_absent_but_may_help_ctr|likely_poor_ctr_risk:freshness_signal_missing,soft,templated_desc+year_opp,P3,no year in title; topic often year-sensitive (2026)
https://www.expatcopilot.com/netherlands/business/starting-a-business-netherlands/,/netherlands/business/starting-a-business-netherlands/,guide,INDEXABLE,starting-a-business-netherlands,Starting a Business in the Netherlands | Complete Expat Guide | ExpatCopilot,Starting a Business in the Netherlands | Complete Expat Guide,76,Starting a Business in the Netherlands,"Learn how to start a business in the Netherlands, including KVK registration, business structures, taxes, banking, visas and practical considerations for expats.",161,Starting a business,Starting a Business in the Netherlands | Complete Expat Guide,"Learn how to start a business in the Netherlands, including KVK registration, business structures, taxes, banking, visas and practical considerations for expats.",ExpatCopilot,Starting a Business in the Netherlands,2026-09-13,2026-09-13,1.0,0.67,guide,no year in title; topic often year-sensitive (2026),overly_long_title_with_brand|h1_title_differ_soft|templated_description_opening|year_absent_but_may_help_ctr|likely_poor_ctr_risk:freshness_signal_missing,soft,templated_desc+year_opp,P3,no year in title; topic often year-sensitive (2026)
https://www.expatcopilot.com/netherlands/cities/,/netherlands/cities/,city_page,INDEXABLE,cities,Dutch Cities for Expats | Compare City Guides & Hubs | ExpatCopilot,Dutch Cities for Expats | Compare City Guides & Hubs,67,Dutch cities hub — compare guides and explore,"Explore the best cities in the Netherlands for expats, including Amsterdam, Amstelveen, Haarlem, Rotterdam, Utrecht, The Hague, Delft, Leiden, Maastricht, Breda, Tilburg, Arnhem, Nijmegen, Eindhoven, and Groningen, with practical guidance and city comparisons.",260,Cities,Dutch Cities for Expats | Compare City Guides & Hubs | ExpatCopilot,"Explore the best cities in the Netherlands for expats, including Amsterdam, Amstelveen, Haarlem, Rotterdam, Utrecht, The Hague, Delft, Leiden, Maastricht, Breda, Tilburg, Arnhem, Nijmegen, Eindhoven, and Groningen, with practical guidance and city comparisons.",ExpatCopilot,Dutch cities hub — compare guides and explore,2026-03-24,2026-03-24,1.0,0.36,city_research,,overly_long_description|problematic_h1_title_mismatch,yes,mismatch,P2,
https://www.expatcopilot.com/netherlands/bringing-pets-to-netherlands/,/netherlands/bringing-pets-to-netherlands/,moving_guide,INDEXABLE,bringing-pets-to-netherlands,"Bringing Pets to the Netherlands: Rules, Documents & Travel Tips | ExpatCopilot","Bringing Pets to the Netherlands: Rules, Documents & Travel Tips",79,Bringing Pets to the Netherlands,"Moving to the Netherlands with a dog or cat? Learn about pet import rules, documents, vaccinations, airline travel, housing, costs, and arrival planning.",153,Bringing Pets,"Bringing Pets to the Netherlands: Rules, Documents & Travel Tips | ExpatCopilot","Moving to the Netherlands with a dog or cat? Learn about pet import rules, documents, vaccinations, airline travel, housing, costs, and arrival planning.",ExpatCopilot,Bringing Pets to the Netherlands,,2026-09-06,1.0,0.56,moving_guide,,overly_long_title_with_brand|h1_title_differ_soft,no,,INFO,
https://www.expatcopilot.com/netherlands/cities/amsterdam-vs-rotterdam/,/netherlands/cities/amsterdam-vs-rotterdam/,city_page,INDEXABLE,amsterdam-vs-rotterdam,Amsterdam vs Rotterdam: Which Dutch City Is Better for Expats? | ExpatCopilot,Amsterdam vs Rotterdam: Which Dutch City Is Better for Expats?,77,Amsterdam vs Rotterdam,"Compare Amsterdam and Rotterdam across housing, jobs, salaries, lifestyle, transport, cost of living and expat life to decide which city fits you best.",151,Amsterdam vs Rotterdam,Amsterdam vs Rotterdam: Which Dutch City Is Better for Expats?,"Compare Amsterdam and Rotterdam across housing, jobs, salaries, lifestyle, transport, cost of living and expat life to decide which city fits you best.",ExpatCopilot,Amsterdam vs Rotterdam,2026-09-16,2026-09-16,1.0,0.3,city_research,no year in title; topic often year-sensitive (2026),overly_long_title_with_brand|problematic_h1_title_mismatch|year_absent_but_may_help_ctr|likely_poor_ctr_risk:freshness_signal_missing,yes,mismatch+year_opp,P2,no year in title; topic often year-sensitive (2026)
https://www.expatcopilot.com/netherlands/cities/compare/,/netherlands/cities/compare/,city_page,INDEXABLE,compare,Compare Dutch Cities for Expats | City Comparison Hub | ExpatCopilot,Compare Dutch Cities for Expats | City Comparison Hub,68,Compare Dutch Cities,Head-to-head city comparisons for expats — Amsterdam vs Rotterdam and more guides to help you choose where to live in the Netherlands.,134,Compare cities,Compare Dutch Cities for Expats | City Comparison Hub,Head-to-head city comparisons for expats — Amsterdam vs Rotterdam and more guides to help you choose where to live in the Netherlands.,ExpatCopilot,,2026-09-16,,1.0,0.38,city_research,,problematic_h1_title_mismatch,yes,mismatch,P2,
https://www.expatcopilot.com/netherlands/citizenship/tools/,/netherlands/citizenship/tools/,tool_calculator,INDEXABLE,tools,Citizenship & Long-Term Stay tools for expats in the Netherlands | ExpatCopilot,Citizenship & Long-Term Stay tools for expats in the Netherlands,79,Citizenship & Long-Term Stay,Eligibility and timeline tools for permanent residence and citizenship. 3 live tools and 0 more coming soon.,108,Citizenship & Long-Term Stay,Citizenship & Long-Term Stay tools for expats in the Netherlands | ExpatCopilot,Eligibility and timeline tools for permanent residence and citizenship. 3 live tools and 0 more coming soon.,ExpatCopilot,,,,1.0,0.4,tool_transactional,,overly_long_title_with_brand|h1_title_differ_soft,no,,INFO,
https://www.expatcopilot.com/netherlands/amsterdam/,/netherlands/amsterdam/,city_page,INDEXABLE,amsterdam,"Moving to Amsterdam as an Expat: Registration, BSN, Banking & Insurance | ExpatCopilot","Moving to Amsterdam as an Expat: Registration, BSN, Banking & Insurance",86,Moving to Amsterdam as an Expat,"A practical expat guide to moving to Amsterdam, including registration, BSN, DigiD, banking, health insurance, housing, costs, and local services.",146,Amsterdam,"Moving to Amsterdam as an Expat: Registration, BSN, Banking & Insurance | ExpatCopilot","A practical expat guide to moving to Amsterdam, including registration, BSN, DigiD, banking, health insurance, housing, costs, and local services.",ExpatCopilot,Moving to Amsterdam as an Expat,,2026-09-06,1.0,0.6,city_research,no year in title; topic often year-sensitive (2026),overly_long_title_core|overly_long_title_with_brand|h1_title_differ_soft|year_absent_but_may_help_ctr|likely_poor_ctr_risk:truncated_risk+freshness_signal_missing,yes,long_title+year_opp,P2,no year in title; topic often year-sensitive (2026)
https://www.expatcopilot.com/netherlands/cities/best-cities-for-expats/,/netherlands/cities/best-cities-for-expats/,city_page,INDEXABLE,best-cities-for-expats,Best Cities in the Netherlands for Expats | ExpatCopilot,Best Cities in the Netherlands for Expats,56,Best Cities in the Netherlands for Expats,"Shortlist Dutch cities for expat life: trade-offs, scenarios, and links to comparison tools and city guides — practical, not a generic ranking.",143,Best Cities for Expats,Best Cities in the Netherlands for Expats | ExpatCopilot,"Shortlist Dutch cities for expat life: trade-offs, scenarios, and links to comparison tools and city guides — practical, not a generic ranking.",ExpatCopilot,Best Cities in the Netherlands for Expats,2026-04-10,2026-04-10,1.0,1.0,city_research,,ok,no,,INFO,
https://www.expatcopilot.com/netherlands/culture/,/netherlands/culture/,guide,INDEXABLE,culture,Understanding Dutch Culture | ExpatCopilot,Understanding Dutch Culture,42,Understanding Dutch Culture,"Workplace norms, social expectations, traditions, and language basics—so daily interactions feel less mysterious.",113,Culture in the Netherlands,Understanding Dutch Culture | ExpatCopilot,"Workplace norms, social expectations, traditions, and language basics—so daily interactions feel less mysterious.",ExpatCopilot,Understanding Dutch Culture,,2026-09-06,1.0,1.0,guide,,ok,no,,INFO,
https://www.expatcopilot.com/netherlands/citizenship/permanent-residence/,/netherlands/citizenship/permanent-residence/,moving_guide,INDEXABLE,permanent-residence,"Permanent Residence in the Netherlands: HSM, 5 Years & IND Next Steps | ExpatCopilot","Permanent Residence in the Netherlands: HSM, 5 Years & IND Next Steps",84,Permanent Residence in the Netherlands,"Permanent residence after HSM or other lawful stay: five-year path, inburgering vs exemption, job changes near year five, and what PR is not (citizenship). Orientation only — confirm on IND.",190,Permanent residence,"Permanent Residence in the Netherlands: HSM, 5 Years & IND Next Steps | ExpatCopilot","Permanent residence after HSM or other lawful stay: five-year path, inburgering vs exemption, job changes near year five, and what PR is not (citizenship). Orientation only — confirm on IND.",ExpatCopilot,Permanent Residence in the Netherlands,,2026-09-06,1.0,0.45,moving_guide,,overly_long_title_core|overly_long_title_with_brand|overly_long_description|h1_title_differ_soft|likely_poor_ctr_risk:truncated_risk,soft,long_title,P3,
https://www.expatcopilot.com/netherlands/culture/communication-style/,/netherlands/culture/communication-style/,guide,INDEXABLE,communication-style,Communication style in the Netherlands | ExpatCopilot,Communication style in the Netherlands,53,,"How people communicate in Dutch social settings: clarity, humor, and what silence can mean.",91,Communication style,Communication style in the Netherlands | ExpatCopilot,"How people communicate in Dutch social settings: clarity, humor, and what silence can mean.",ExpatCopilot,,,,1.0,,guide,,missing_h1,yes,missing,P1,
https://www.expatcopilot.com/netherlands/citizenship/tools/dutch-citizenship-timeline-calculator/,/netherlands/citizenship/tools/dutch-citizenship-timeline-calculator/,tool_calculator,INDEXABLE,dutch-citizenship-timeline-calculator,Dutch Citizenship Timeline Calculator Netherlands | ExpatCopilot,Dutch Citizenship Timeline Calculator Netherlands,64,Dutch Citizenship Timeline Calculator,"Orientation timeline for Dutch naturalisation: five-year horizon, integration prep, renunciation checks, gemeente application, IND decision period, and ceremony. Not an IND decision.",182,Dutch citizenship timeline calculator,Dutch Citizenship Timeline Calculator Netherlands | ExpatCopilot,"Orientation timeline for Dutch naturalisation: five-year horizon, integration prep, renunciation checks, gemeente application, IND decision period, and ceremony. Not an IND decision.",ExpatCopilot,,,,1.0,0.8,tool_transactional,,overly_long_description|h1_title_differ_soft,no,,INFO,
https://www.expatcopilot.com/netherlands/culture/dutch-language-basics/,/netherlands/culture/dutch-language-basics/,guide,INDEXABLE,dutch-language-basics,Dutch language basics | ExpatCopilot,Dutch language basics,36,,"Starter Dutch for expats: pronunciation habits, polite phrases, and when English is enough.",91,Dutch language basics,Dutch language basics | ExpatCopilot,"Starter Dutch for expats: pronunciation habits, polite phrases, and when English is enough.",ExpatCopilot,,,,1.0,,guide,,missing_h1|taxonomy_dominated_title|likely_poor_ctr_risk:generic_or_taxonomy,yes,generic+missing,P1,
https://www.expatcopilot.com/netherlands/citizenship/tools/dual-citizenship-awareness-tool/,/netherlands/citizenship/tools/dual-citizenship-awareness-tool/,tool_calculator,INDEXABLE,dual-citizenship-awareness-tool,Dual Citizenship Awareness Tool Netherlands | ExpatCopilot,Dual Citizenship Awareness Tool Netherlands,58,Dual Citizenship Awareness Tool,"Orientation checklist for Dutch dual nationality trade-offs: renunciation, exceptions, option vs naturalisation, home-country rules, and long stay abroad. Not a dual-passport verdict.",183,Dual citizenship awareness tool,Dual Citizenship Awareness Tool Netherlands | ExpatCopilot,"Orientation checklist for Dutch dual nationality trade-offs: renunciation, exceptions, option vs naturalisation, home-country rules, and long stay abroad. Not a dual-passport verdict.",ExpatCopilot,,,,1.0,0.8,tool_transactional,,overly_long_description|h1_title_differ_soft,no,,INFO,
https://www.expatcopilot.com/netherlands/culture/dutch-social-calendar/,/netherlands/culture/dutch-social-calendar/,guide,INDEXABLE,dutch-social-calendar,Dutch social calendar | ExpatCopilot,Dutch social calendar,36,,Seasonal events and social rhythms in the Netherlands beyond official public holidays.,86,Dutch social calendar,Dutch social calendar | ExpatCopilot,Seasonal events and social rhythms in the Netherlands beyond official public holidays.,ExpatCopilot,,,,1.0,,guide,,missing_h1,yes,missing,P1,
https://www.expatcopilot.com/netherlands/culture/health-system-culture-basics/,/netherlands/culture/health-system-culture-basics/,guide,INDEXABLE,health-system-culture-basics,Health system culture basics (Netherlands) | ExpatCopilot,Health system culture basics (Netherlands),57,,"How Dutch healthcare interactions often feel for expats: GPs, referrals, and direct communication—not insurance rules.",118,Health system culture basics,Health system culture basics (Netherlands) | ExpatCopilot,"How Dutch healthcare interactions often feel for expats: GPs, referrals, and direct communication—not insurance rules.",ExpatCopilot,,,,1.0,,guide,no year in title; topic often year-sensitive (2026),missing_h1|year_absent_but_may_help_ctr|likely_poor_ctr_risk:freshness_signal_missing,yes,missing+year_opp,P1,no year in title; topic often year-sensitive (2026)
https://www.expatcopilot.com/netherlands/cities/cheapest-cities-for-expats/,/netherlands/cities/cheapest-cities-for-expats/,city_page,INDEXABLE,cheapest-cities-for-expats,Cheapest Cities in the Netherlands for Expats | ExpatCopilot,Cheapest Cities in the Netherlands for Expats,60,Cheapest Cities in the Netherlands for Expats,"Plain-language guide to affordable Dutch cities: what “cheaper” really means next to Amsterdam, the trade-offs (travel, jobs, pace), simple city snapshots, and calculators to check your own numbers — not a ranked list or live rent site.",236,Cheapest Cities for Expats,Cheapest Cities in the Netherlands for Expats | ExpatCopilot,"Plain-language guide to affordable Dutch cities: what “cheaper” really means next to Amsterdam, the trade-offs (travel, jobs, pace), simple city snapshots, and calculators to check your own numbers — not a ranked list or live rent site.",ExpatCopilot,Cheapest Cities in the Netherlands for Expats,2026-04-28,2026-04-28,1.0,1.0,city_research,,overly_long_description,no,,INFO,
https://www.expatcopilot.com/netherlands/bsn-registration/,/netherlands/bsn-registration/,moving_guide,INDEXABLE,bsn-registration,BSN Registration in the Netherlands: How Expats Get a BSN | ExpatCopilot,BSN Registration in the Netherlands: How Expats Get a BSN,72,BSN Registration in the Netherlands,"Learn how BSN registration works in the Netherlands. Understand when expats receive a citizen service number, which documents may be requested, and what to arrange next.",169,BSN registration,BSN Registration in the Netherlands: How Expats Get a BSN | ExpatCopilot,"Learn how BSN registration works in the Netherlands. Understand when expats receive a citizen service number, which documents may be requested, and what to arrange next.",ExpatCopilot,BSN Registration in the Netherlands,,2026-09-06,1.0,0.56,moving_guide,,h1_title_differ_soft|templated_description_opening,soft,templated_desc,P3,
https://www.expatcopilot.com/netherlands/citizenship/tools/permanent-residence-eligibility-calculator/,/netherlands/citizenship/tools/permanent-residence-eligibility-calculator/,tool_calculator,INDEXABLE,permanent-residence-eligibility-calculator,Permanent Residence Eligibility Calculator Netherlands | ExpatCopilot,Permanent Residence Eligibility Calculator Netherlands,69,Permanent Residence Eligibility Calculator,"Orientation checklist for Dutch permanent residence after HSM or other lawful stay: five-year signals, continuity, BRP, integration evidence, and IND next steps. Not an IND decision.",182,Permanent residence eligibility calculator,Permanent Residence Eligibility Calculator Netherlands | ExpatCopilot,"Orientation checklist for Dutch permanent residence after HSM or other lawful stay: five-year signals, continuity, BRP, integration evidence, and IND next steps. Not an IND decision.",ExpatCopilot,,,,1.0,0.8,tool_transactional,,overly_long_description|h1_title_differ_soft,no,,INFO,
https://www.expatcopilot.com/netherlands/culture/dutch-traditions/,/netherlands/culture/dutch-traditions/,guide,INDEXABLE,dutch-traditions,Dutch traditions | ExpatCopilot,Dutch traditions,31,,Traditions and seasonal moments in the Netherlands that shape social life for expats.,85,Dutch traditions,Dutch traditions | ExpatCopilot,Traditions and seasonal moments in the Netherlands that shape social life for expats.,ExpatCopilot,,,,1.0,,guide,,missing_h1|very_short_title|taxonomy_dominated_title|likely_poor_ctr_risk:generic_or_taxonomy,yes,generic+missing+short,P1,
https://www.expatcopilot.com/netherlands/culture/family-and-school-culture/,/netherlands/culture/family-and-school-culture/,guide,INDEXABLE,family-and-school-culture,Family and school culture in the Netherlands | ExpatCopilot,Family and school culture in the Netherlands,59,,"School rhythms, parent communication, and family life norms for expats in the Netherlands.",90,Family and school culture,Family and school culture in the Netherlands | ExpatCopilot,"School rhythms, parent communication, and family life norms for expats in the Netherlands.",ExpatCopilot,,,,1.0,,guide,,missing_h1,yes,missing,P1,
https://www.expatcopilot.com/netherlands/culture/kings-day/,/netherlands/culture/kings-day/,guide,INDEXABLE,kings-day,King's Day in the Netherlands | ExpatCopilot,King's Day in the Netherlands,44,,"King's Day (Koningsdag) for expats: markets, transport, and city tips.",70,King's Day,King's Day in the Netherlands | ExpatCopilot,"King's Day (Koningsdag) for expats: markets, transport, and city tips.",ExpatCopilot,,,,0.5,,guide,,missing_h1,yes,missing,P1,
https://www.expatcopilot.com/netherlands/citizenship/dutch-citizenship/,/netherlands/citizenship/dutch-citizenship/,moving_guide,INDEXABLE,dutch-citizenship,Dutch Citizenship for Expats: Naturalisation vs Option & Dual Nationality | ExpatCopilot,Dutch Citizenship for Expats: Naturalisation vs Option & Dual Nationality,88,Dutch Citizenship for Expats,"Naturalisation vs option, dual nationality caveats, and what inburgering unlocks for Dutch citizenship. Orientation only — confirm on IND and government.nl.",156,Dutch citizenship,Dutch Citizenship for Expats: Naturalisation vs Option & Dual Nationality | ExpatCopilot,"Naturalisation vs option, dual nationality caveats, and what inburgering unlocks for Dutch citizenship. Orientation only — confirm on IND and government.nl.",ExpatCopilot,Dutch Citizenship for Expats,,2026-09-06,1.0,0.44,moving_guide,,overly_long_title_core|overly_long_title_with_brand|h1_title_differ_soft|likely_poor_ctr_risk:truncated_risk,soft,long_title,P3,
https://www.expatcopilot.com/netherlands/culture/learning-dutch/,/netherlands/culture/learning-dutch/,guide,INDEXABLE,learning-dutch,Learning Dutch in the Netherlands | ExpatCopilot,Learning Dutch in the Netherlands,48,,"How expats learn Dutch: courses, apps, practice groups, and realistic timelines.",80,Learning Dutch,Learning Dutch in the Netherlands | ExpatCopilot,"How expats learn Dutch: courses, apps, practice groups, and realistic timelines.",ExpatCopilot,,,,1.0,,guide,,missing_h1,yes,missing,P1,
https://www.expatcopilot.com/netherlands/cities/best-cities-for-families/,/netherlands/cities/best-cities-for-families/,city_page,INDEXABLE,best-cities-for-families,Best Dutch Cities for Families | ExpatCopilot,Best Dutch Cities for Families,45,Best Dutch Cities for Families,"Practical guide to choosing a Dutch city with kids: housing, childcare, schools, commute, cost, and everyday routines — shortlists, honest trade-offs, and tools to validate your finalists.",188,Best Dutch Cities for Families,Best Dutch Cities for Families | ExpatCopilot,"Practical guide to choosing a Dutch city with kids: housing, childcare, schools, commute, cost, and everyday routines — shortlists, honest trade-offs, and tools to validate your finalists.",ExpatCopilot,Best Dutch Cities for Families,2026-04-28,2026-04-28,1.0,1.0,city_research,,overly_long_description|templated_description_opening,soft,templated_desc,P3,
https://www.expatcopilot.com/netherlands/culture/national-holidays/,/netherlands/culture/national-holidays/,guide,INDEXABLE,national-holidays,National holidays in the Netherlands | ExpatCopilot,National holidays in the Netherlands,51,,"Public holidays in the Netherlands: what closes, what stays open, and planning tips for expats.",95,National holidays,National holidays in the Netherlands | ExpatCopilot,"Public holidays in the Netherlands: what closes, what stays open, and planning tips for expats.",ExpatCopilot,,,,1.0,,guide,,missing_h1,yes,missing,P1,
https://www.expatcopilot.com/netherlands/culture/practice-scenarios/,/netherlands/culture/practice-scenarios/,guide,INDEXABLE,practice-scenarios,Dutch practice scenarios | ExpatCopilot,Dutch practice scenarios,39,,"Real-life speaking scenarios for learning Dutch: doctor visits, bike shops, and gemeente desks.",95,Practice scenarios,Dutch practice scenarios | ExpatCopilot,"Real-life speaking scenarios for learning Dutch: doctor visits, bike shops, and gemeente desks.",ExpatCopilot,,,,1.0,,guide,,missing_h1,yes,missing,P1,
https://www.expatcopilot.com/netherlands/cities/best-cities-for-international-professionals/,/netherlands/cities/best-cities-for-international-professionals/,city_page,INDEXABLE,best-cities-for-international-professionals,Best Dutch Cities for International Professionals | ExpatCopilot,Best Dutch Cities for International Professionals,64,Best Dutch Cities for International Professionals,"Plain-language, work-first guide to choosing a Dutch city: where jobs cluster, pay after tax vs rent and travel, lifestyle trade-offs, simple shortlists by field, and calculators to check take-home pay across finalists.",219,Best Dutch Cities for International Professionals,Best Dutch Cities for International Professionals | ExpatCopilot,"Plain-language, work-first guide to choosing a Dutch city: where jobs cluster, pay after tax vs rent and travel, lifestyle trade-offs, simple shortlists by field, and calculators to check take-home pay across finalists.",ExpatCopilot,Best Dutch Cities for International Professionals,2026-04-28,2026-04-28,1.0,1.0,city_research,no year in title; topic often year-sensitive (2026),overly_long_description|year_absent_but_may_help_ctr|likely_poor_ctr_risk:freshness_signal_missing,soft,year_opp,P3,no year in title; topic often year-sensitive (2026)
https://www.expatcopilot.com/netherlands/culture/hierarchy-and-flatness/,/netherlands/culture/hierarchy-and-flatness/,guide,INDEXABLE,hierarchy-and-flatness,Hierarchy and flatness in Dutch organizations | ExpatCopilot,Hierarchy and flatness in Dutch organizations,60,,"Flat hierarchies in the Netherlands: when to escalate, when to challenge ideas, and titles that matter less than you expect.",124,Hierarchy and flatness,Hierarchy and flatness in Dutch organizations | ExpatCopilot,"Flat hierarchies in the Netherlands: when to escalate, when to challenge ideas, and titles that matter less than you expect.",ExpatCopilot,,,,1.0,,guide,,missing_h1,yes,missing,P1,
https://www.expatcopilot.com/netherlands/culture/time-and-boundaries/,/netherlands/culture/time-and-boundaries/,guide,INDEXABLE,time-and-boundaries,Time and boundaries in the Netherlands | ExpatCopilot,Time and boundaries in the Netherlands,53,,"Punctuality, planning windows, and personal boundaries in Dutch daily life.",75,Time and boundaries,Time and boundaries in the Netherlands | ExpatCopilot,"Punctuality, planning windows, and personal boundaries in Dutch daily life.",ExpatCopilot,,,,1.0,,guide,,missing_h1,yes,missing,P1,
https://www.expatcopilot.com/netherlands/culture/sinterklaas/,/netherlands/culture/sinterklaas/,guide,INDEXABLE,sinterklaas,Sinterklaas in the Netherlands | ExpatCopilot,Sinterklaas in the Netherlands,45,,"Sinterklaas season for expats: what to expect in schools, shops, and social invites.",84,Sinterklaas,Sinterklaas in the Netherlands | ExpatCopilot,"Sinterklaas season for expats: what to expect in schools, shops, and social invites.",ExpatCopilot,,,,1.0,,guide,,missing_h1,yes,missing,P1,
https://www.expatcopilot.com/netherlands/culture/invitations-and-planning/,/netherlands/culture/invitations-and-planning/,guide,INDEXABLE,invitations-and-planning,Invitations and planning in Dutch social life | ExpatCopilot,Invitations and planning in Dutch social life,60,,"How invitations, RSVPs, and calendars work in the Netherlands—why dates fill early.",83,Invitations and planning,Invitations and planning in Dutch social life | ExpatCopilot,"How invitations, RSVPs, and calendars work in the Netherlands—why dates fill early.",ExpatCopilot,,,,1.0,,guide,,missing_h1,yes,missing,P1,
https://www.expatcopilot.com/netherlands/culture/what-feels-normal-in-dutch-daily-life/,/netherlands/culture/what-feels-normal-in-dutch-daily-life/,guide,INDEXABLE,what-feels-normal-in-dutch-daily-life,What feels normal in Dutch daily life | ExpatCopilot,What feels normal in Dutch daily life,52,,"Small moments that surprise expats in the Netherlands: cashless habits, direct questions, and quiet Sundays.",108,What feels normal in Dutch daily life,What feels normal in Dutch daily life | ExpatCopilot,"Small moments that surprise expats in the Netherlands: cashless habits, direct questions, and quiet Sundays.",ExpatCopilot,,,,1.0,,guide,,missing_h1,yes,missing,P1,
https://www.expatcopilot.com/netherlands/culture/meetings-and-consensus/,/netherlands/culture/meetings-and-consensus/,guide,INDEXABLE,meetings-and-consensus,Meetings and consensus in Dutch workplaces | ExpatCopilot,Meetings and consensus in Dutch workplaces,57,,"Meetings, alignment, and consensus-building in the Netherlands—what expats often misunderstand.",95,Meetings and consensus,Meetings and consensus in Dutch workplaces | ExpatCopilot,"Meetings, alignment, and consensus-building in the Netherlands—what expats often misunderstand.",ExpatCopilot,,,,1.0,,guide,,missing_h1,yes,missing,P1,
https://www.expatcopilot.com/netherlands/digid-awareness/,/netherlands/digid-awareness/,moving_guide,INDEXABLE,digid-awareness,DigiD Netherlands Guide for Expats | What It Is and How to Activate It | ExpatCopilot,DigiD Netherlands Guide for Expats | What It Is and How to Activate It,85,DigiD for Expats in the Netherlands,"Learn how DigiD works in the Netherlands. This guide explains what DigiD is, how expats activate it after receiving a BSN, and which government services use DigiD.",163,DigiD,DigiD Netherlands Guide for Expats | What It Is and How to Activate It,"Learn how DigiD works in the Netherlands. This guide explains what DigiD is, how expats activate it after receiving a BSN, and which government services use DigiD.",ExpatCopilot,DigiD for Expats in the Netherlands,,2026-09-06,0.5,0.29,moving_guide,,overly_long_title_core|overly_long_title_with_brand|problematic_h1_title_mismatch|templated_description_opening|likely_poor_ctr_risk:truncated_risk,yes,long_title+mismatch+templated_desc,P2,
https://www.expatcopilot.com/netherlands/document-translation-netherlands/,/netherlands/document-translation-netherlands/,moving_guide,INDEXABLE,document-translation-netherlands,"Document Translation in the Netherlands | Sworn Translation, Legalisation, Costs | ExpatCopilot","Document Translation in the Netherlands | Sworn Translation, Legalisation, Costs",95,Document Translation in the Netherlands,"A practical guide to translating foreign documents for use in the Netherlands, including when translation is required, which languages are accepted, sworn translators, legalisation order, costs, and common mistakes.",215,Document Translation,"Document Translation in the Netherlands | Sworn Translation, Legalisation, Costs","A practical guide to translating foreign documents for use in the Netherlands, including when translation is required, which languages are accepted, sworn translators, legalisation order, costs, and common mistakes.",ExpatCopilot,Document Translation in the Netherlands,,2026-09-06,1.0,0.62,moving_guide,,overly_long_title_core|overly_long_title_with_brand|overly_long_description|h1_title_differ_soft|likely_poor_ctr_risk:truncated_risk,soft,long_title,P3,
https://www.expatcopilot.com/netherlands/education/before-school-care-netherlands/,/netherlands/education/before-school-care-netherlands/,guide,INDEXABLE,before-school-care-netherlands,Before-School Care (VSO) in the Netherlands | Complete Guide for Parents | ExpatCopilot,Before-School Care (VSO) in the Netherlands | Complete Guide for Parents,87,Before-School Care (VSO) in the Netherlands,"Learn how before-school care (VSO) works in the Netherlands, including costs, childcare allowance, registration, school partnerships and choosing the right provider.",165,Before-School Care,Before-School Care (VSO) in the Netherlands | Complete Guide for Parents,"Learn how before-school care (VSO) works in the Netherlands, including costs, childcare allowance, registration, school partnerships and choosing the right provider.",ExpatCopilot,Before-School Care (VSO) in the Netherlands,2027-01-27,2027-01-27,1.0,0.64,guide,no year in title; topic often year-sensitive (2026),overly_long_title_core|overly_long_title_with_brand|h1_title_differ_soft|templated_description_opening|year_absent_but_may_help_ctr|likely_poor_ctr_risk:truncated_risk+freshness_signal_missing,yes,long_title+templated_desc+year_opp,P2,no year in title; topic often year-sensitive (2026)
https://www.expatcopilot.com/netherlands/education/dutch-schools-netherlands/,/netherlands/education/dutch-schools-netherlands/,guide,INDEXABLE,dutch-schools-netherlands,Dutch Schools in the Netherlands | Expat Family Guide | ExpatCopilot,Dutch Schools in the Netherlands | Expat Family Guide,68,Dutch Schools in the Netherlands,"How Dutch public and special schools work for expat families — basisschool, VMBO/HAVO/VWO pathways, enrolment, language support, costs and choosing between Dutch and international education.",190,Dutch schools,Dutch Schools in the Netherlands | Expat Family Guide,"How Dutch public and special schools work for expat families — basisschool, VMBO/HAVO/VWO pathways, enrolment, language support, costs and choosing between Dutch and international education.",ExpatCopilot,Dutch Schools in the Netherlands,2026-06-26,2026-06-26,1.0,0.62,guide,,overly_long_description|h1_title_differ_soft,no,,INFO,
https://www.expatcopilot.com/netherlands/education/daycare-netherlands/,/netherlands/education/daycare-netherlands/,guide,INDEXABLE,daycare-netherlands,Daycare in the Netherlands | Complete Guide for Expat Families | ExpatCopilot,Daycare in the Netherlands | Complete Guide for Expat Families,77,Daycare in the Netherlands,"Learn how daycare works in the Netherlands, including childcare options, costs, childcare allowance, waiting lists, registration, after-school care and choosing the right provider.",180,Daycare,Daycare in the Netherlands | Complete Guide for Expat Families,"Learn how daycare works in the Netherlands, including childcare options, costs, childcare allowance, waiting lists, registration, after-school care and choosing the right provider.",ExpatCopilot,Daycare in the Netherlands,2026-12-30,2026-12-30,1.0,0.44,guide,no year in title; topic often year-sensitive (2026),overly_long_title_with_brand|overly_long_description|h1_title_differ_soft|templated_description_opening|year_absent_but_may_help_ctr|likely_poor_ctr_risk:freshness_signal_missing,soft,templated_desc+year_opp,P3,no year in title; topic often year-sensitive (2026)
https://www.expatcopilot.com/netherlands/education/after-school-care-netherlands/,/netherlands/education/after-school-care-netherlands/,guide,INDEXABLE,after-school-care-netherlands,After-School Care (BSO) in the Netherlands | Complete Guide for Expat Families | ExpatCopilot,After-School Care (BSO) in the Netherlands | Complete Guide for Expat Families,93,After-School Care (BSO) in the Netherlands,"Learn how after-school care (BSO) works in the Netherlands, including costs, childcare allowance, holiday care, activities, waiting lists and choosing the right provider.",170,After-School Care,After-School Care (BSO) in the Netherlands | Complete Guide for Expat Families,"Learn how after-school care (BSO) works in the Netherlands, including costs, childcare allowance, holiday care, activities, waiting lists and choosing the right provider.",ExpatCopilot,After-School Care (BSO) in the Netherlands,2027-01-13,2027-01-13,1.0,0.58,guide,no year in title; topic often year-sensitive (2026),overly_long_title_core|overly_long_title_with_brand|h1_title_differ_soft|templated_description_opening|year_absent_but_may_help_ctr|likely_poor_ctr_risk:truncated_risk+freshness_signal_missing,yes,long_title+templated_desc+year_opp,P2,no year in title; topic often year-sensitive (2026)
https://www.expatcopilot.com/netherlands/culture/written-follow-ups/,/netherlands/culture/written-follow-ups/,guide,INDEXABLE,written-follow-ups,Written follow-ups in Dutch work culture | ExpatCopilot,Written follow-ups in Dutch work culture,55,,Why Dutch colleagues email summaries after meetings and how to keep alignment without endless threads.,102,Written follow-ups,Written follow-ups in Dutch work culture | ExpatCopilot,Why Dutch colleagues email summaries after meetings and how to keep alignment without endless threads.,ExpatCopilot,,,,1.0,,guide,,missing_h1,yes,missing,P1,
https://www.expatcopilot.com/netherlands/family/child-benefits-netherlands/,/netherlands/family/child-benefits-netherlands/,guide,INDEXABLE,child-benefits-netherlands,Child Benefits in the Netherlands | Complete Guide for Expat Families | ExpatCopilot,Child Benefits in the Netherlands | Complete Guide for Expat Families,84,Child Benefits in the Netherlands,"Understand Dutch child benefits for expat families — Kinderbijslag (SVB), Kindgebonden Budget, childcare allowance and other family support. Who may qualify, how to apply and what to update when life changes.",208,Child Benefits,Child Benefits in the Netherlands | Complete Guide for Expat Families,"Understand Dutch child benefits for expat families — Kinderbijslag (SVB), Kindgebonden Budget, childcare allowance and other family support. Who may qualify, how to apply and what to update when life changes.",ExpatCopilot,Child Benefits in the Netherlands,2027-01-06,2027-01-06,1.0,0.5,guide,no year in title; topic often year-sensitive (2026),overly_long_title_core|overly_long_title_with_brand|overly_long_description|h1_title_differ_soft|year_absent_but_may_help_ctr|likely_poor_ctr_risk:truncated_risk+freshness_signal_missing,yes,long_title+year_opp,P2,no year in title; topic often year-sensitive (2026)
https://www.expatcopilot.com/netherlands/delft/,/netherlands/delft/,city_page,INDEXABLE,delft,"Moving to Delft as an Expat | Living in Delft, Housing, Student Life & Practical Setup | ExpatCopilot","Moving to Delft as an Expat | Living in Delft, Housing, Student Life & Practical Setup",101,Moving to Delft as an Expat,"Thinking about moving to Delft? Explore why expats choose Delft, what life is like, how housing and registration work, and which services can help you settle in.",161,Delft,"Moving to Delft as an Expat | Living in Delft, Housing, Student Life & Practical Setup | ExpatCopilot","Thinking about moving to Delft? Explore why expats choose Delft, what life is like, how housing and registration work, and which services can help you settle in.",ExpatCopilot,Moving to Delft as an Expat,,2026-03-27,1.0,0.46,city_research,,overly_long_title_core|overly_long_title_with_brand|h1_title_differ_soft|likely_poor_ctr_risk:truncated_risk,soft,long_title,P3,
https://www.expatcopilot.com/netherlands/family/parenting-netherlands/,/netherlands/family/parenting-netherlands/,guide,INDEXABLE,parenting-netherlands,Parenting in the Netherlands | Complete Guide for Expat Families | ExpatCopilot,Parenting in the Netherlands | Complete Guide for Expat Families,79,Parenting in the Netherlands,"Learn what it's like to raise children in the Netherlands, including Dutch parenting culture, childcare, schools, healthcare, family life and practical advice for expat families.",178,Parenting,Parenting in the Netherlands | Complete Guide for Expat Families,"Learn what it's like to raise children in the Netherlands, including Dutch parenting culture, childcare, schools, healthcare, family life and practical advice for expat families.",ExpatCopilot,Parenting in the Netherlands,2027-01-10,2027-01-10,1.0,0.44,guide,,overly_long_title_with_brand|overly_long_description|h1_title_differ_soft,no,,INFO,
https://www.expatcopilot.com/netherlands/family/healthcare-for-children-netherlands/,/netherlands/family/healthcare-for-children-netherlands/,guide,INDEXABLE,healthcare-for-children-netherlands,Healthcare for Children in the Netherlands | Complete Guide for Expat Families | ExpatCopilot,Healthcare for Children in the Netherlands | Complete Guide for Expat Families,93,Healthcare for Children in the Netherlands,"Everything parents need to know about children's healthcare in the Netherlands, including GPs, Youth Healthcare (JGZ), vaccinations, specialists, hospitals, dental care and emergencies.",185,Healthcare for Children,Healthcare for Children in the Netherlands | Complete Guide for Expat Families,"Everything parents need to know about children's healthcare in the Netherlands, including GPs, Youth Healthcare (JGZ), vaccinations, specialists, hospitals, dental care and emergencies.",ExpatCopilot,Healthcare for Children in the Netherlands,2027-01-24,2027-01-24,1.0,0.6,guide,,overly_long_title_core|overly_long_title_with_brand|overly_long_description|h1_title_differ_soft|likely_poor_ctr_risk:truncated_risk,soft,long_title,P3,
https://www.expatcopilot.com/netherlands/education/international-schools-netherlands/,/netherlands/education/international-schools-netherlands/,guide,INDEXABLE,international-schools-netherlands,International Schools in the Netherlands | Complete Expat Guide | ExpatCopilot,International Schools in the Netherlands | Complete Expat Guide,78,International Schools in the Netherlands,"Compare international schools across the Netherlands, including IB, British, American and bilingual schools, admissions, tuition fees, waiting lists and city comparisons.",170,International schools,International Schools in the Netherlands | Complete Expat Guide,"Compare international schools across the Netherlands, including IB, British, American and bilingual schools, admissions, tuition fees, waiting lists and city comparisons.",ExpatCopilot,International Schools in the Netherlands,2026-12-19,2026-12-19,1.0,0.62,guide,,overly_long_title_with_brand|h1_title_differ_soft,no,,INFO,
https://www.expatcopilot.com/netherlands/document-readiness-checker/,/netherlands/document-readiness-checker/,tool_calculator,INDEXABLE,document-readiness-checker,Netherlands Document Readiness Checker: See What Documents You Still Need | ExpatCopilot,Netherlands Document Readiness Checker: See What Documents You Still Need,88,Netherlands Visa Document Readiness Checker,"Check which document categories may matter for your move to the Netherlands, see what is missing, and get a personalized readiness summary with next steps.",155,Document Readiness Checker,Netherlands Document Readiness Checker: See What Documents You Still Need,"Check which document categories may matter for your move to the Netherlands, see what is missing, and get a personalized readiness summary with next steps.",ExpatCopilot,,,,1.0,0.36,tool_transactional,,overly_long_title_core|overly_long_title_with_brand|generic_title|problematic_h1_title_mismatch|likely_poor_ctr_risk:generic_or_taxonomy+truncated_risk,yes,generic+long_title+mismatch,P2,
https://www.expatcopilot.com/netherlands/family/tools/,/netherlands/family/tools/,tool_calculator,INDEXABLE,tools,Partner & Family tools for expats in the Netherlands | ExpatCopilot,Partner & Family tools for expats in the Netherlands,67,Partner & Family,"Partner rights, childcare and family relocation tools. 1 live tools and 1 more coming soon.",91,Partner & Family,Partner & Family tools for expats in the Netherlands | ExpatCopilot,"Partner rights, childcare and family relocation tools. 1 live tools and 1 more coming soon.",ExpatCopilot,,,,1.0,0.25,tool_transactional,,problematic_h1_title_mismatch,yes,mismatch,P2,
https://www.expatcopilot.com/netherlands/government-services/,/netherlands/government-services/,guide,INDEXABLE,government-services,Government Services in the Netherlands | Expat Hub | ExpatCopilot,Government Services in the Netherlands | Expat Hub,65,Government Services in the Netherlands,"Hub for Dutch government portals, DigiD, BSN, municipality services, local taxes and digital public services for expats in the Netherlands.",139,Government Services,Government Services in the Netherlands | Expat Hub,"Hub for Dutch government portals, DigiD, BSN, municipality services, local taxes and digital public services for expats in the Netherlands.",ExpatCopilot,Government Services in the Netherlands,2026-10-29,2026-10-29,1.0,0.71,guide,no year in title; topic often year-sensitive (2026),h1_title_differ_soft|year_absent_but_may_help_ctr|likely_poor_ctr_risk:freshness_signal_missing,soft,year_opp,P3,no year in title; topic often year-sensitive (2026)
https://www.expatcopilot.com/netherlands/family/giving-birth-netherlands/,/netherlands/family/giving-birth-netherlands/,guide,INDEXABLE,giving-birth-netherlands,Giving Birth in the Netherlands | Complete Guide for Expats | ExpatCopilot,Giving Birth in the Netherlands | Complete Guide for Expats,74,Giving Birth in the Netherlands,"Birth-day orientation for expats in the Netherlands: home vs hospital vs birth centre, when to call the midwife, what to pack, partner role and the first hours after birth — not medical advice.",193,Giving birth,Giving Birth in the Netherlands | Complete Guide for Expats | ExpatCopilot,"Birth-day orientation for expats in the Netherlands: home vs hospital vs birth centre, when to call the midwife, what to pack, partner role and the first hours after birth — not medical advice.",ExpatCopilot,Giving Birth in the Netherlands,2026-08-24,2026-08-24,1.0,0.56,guide,,overly_long_description|h1_title_differ_soft,no,,INFO,
https://www.expatcopilot.com/netherlands/eindhoven/,/netherlands/eindhoven/,city_page,INDEXABLE,eindhoven,"Moving to Eindhoven as an Expat: Registration, BSN, Banking & Insurance | ExpatCopilot","Moving to Eindhoven as an Expat: Registration, BSN, Banking & Insurance",86,Moving to Eindhoven as an Expat,"A practical expat guide to moving to Eindhoven, including registration, BSN, DigiD, banking, health insurance, housing, costs, transport, and expat support.",156,Eindhoven,"Moving to Eindhoven as an Expat: Registration, BSN, Banking & Insurance | ExpatCopilot","A practical expat guide to moving to Eindhoven, including registration, BSN, DigiD, banking, health insurance, housing, costs, transport, and expat support.",ExpatCopilot,Moving to Eindhoven as an Expat,,2026-09-06,1.0,0.6,city_research,no year in title; topic often year-sensitive (2026),overly_long_title_core|overly_long_title_with_brand|h1_title_differ_soft|year_absent_but_may_help_ctr|likely_poor_ctr_risk:truncated_risk+freshness_signal_missing,yes,long_title+year_opp,P2,no year in title; topic often year-sensitive (2026)
https://www.expatcopilot.com/netherlands/document-legalization-netherlands/,/netherlands/document-legalization-netherlands/,moving_guide,INDEXABLE,document-legalization-netherlands,Document Legalization in the Netherlands | Apostille & Legalisation Guide | ExpatCopilot,Document Legalization in the Netherlands | Apostille & Legalisation Guide,88,Document Legalization in the Netherlands,"Learn how to legalise foreign documents for use in the Netherlands. Understand apostille vs legalisation, costs, timelines, and requirements for visas, municipality registration, and official administration.",207,Document Legalization,Document Legalization in the Netherlands | Apostille & Legalisation Guide | ExpatCopilot,"Learn how to legalise foreign documents for use in the Netherlands. Understand apostille vs legalisation, costs, timelines, and requirements for visas, municipality registration, and official administration.",ExpatCopilot,Document Legalization in the Netherlands,,2026-09-06,1.0,0.62,moving_guide,,overly_long_title_core|overly_long_title_with_brand|overly_long_description|h1_title_differ_soft|templated_description_opening|likely_poor_ctr_risk:truncated_risk,yes,long_title+templated_desc,P2,
https://www.expatcopilot.com/netherlands/first-30-days-netherlands/,/netherlands/first-30-days-netherlands/,moving_guide,INDEXABLE,first-30-days-netherlands,First 30 Days in the Netherlands: What Expats Usually Do | ExpatCopilot,First 30 Days in the Netherlands: What Expats Usually Do,71,First 30 Days in the Netherlands: What Expats Usually Do,"A practical guide to your first 30 days in the Netherlands. Learn the key admin, banking, insurance, and daily-life steps expats typically complete after arrival.",162,First 30 Days,First 30 Days in the Netherlands: What Expats Usually Do | ExpatCopilot,"A practical guide to your first 30 days in the Netherlands. Learn the key admin, banking, insurance, and daily-life steps expats typically complete after arrival.",ExpatCopilot,First 30 Days in the Netherlands: What Expats Usually Do,,2026-09-06,1.0,1.0,moving_guide,no year in title; topic often year-sensitive (2026),year_absent_but_may_help_ctr|likely_poor_ctr_risk:freshness_signal_missing,soft,year_opp,P3,no year in title; topic often year-sensitive (2026)
https://www.expatcopilot.com/netherlands/first-60-days-netherlands/,/netherlands/first-60-days-netherlands/,moving_guide,INDEXABLE,first-60-days-netherlands,First 60 Days in the Netherlands: What Expats Usually Set Up | ExpatCopilot,First 60 Days in the Netherlands: What Expats Usually Set Up,75,First 60 Days in the Netherlands: What Expats Usually Set Up,"A practical guide to the first 60 days after moving to the Netherlands. Learn what expats usually set up after arrival, from banking and health insurance to DigiD, housing, and daily-life routines.",197,First 60 Days,First 60 Days in the Netherlands: What Expats Usually Set Up | ExpatCopilot,"A practical guide to the first 60 days after moving to the Netherlands. Learn what expats usually set up after arrival, from banking and health insurance to DigiD, housing, and daily-life routines.",ExpatCopilot,First 60 Days in the Netherlands: What Expats Usually Set Up,,2026-09-06,1.0,1.0,moving_guide,no year in title; topic often year-sensitive (2026),overly_long_description|year_absent_but_may_help_ctr|likely_poor_ctr_risk:freshness_signal_missing,soft,year_opp,P3,no year in title; topic often year-sensitive (2026)
https://www.expatcopilot.com/netherlands/eu-vs-non-eu-moving-to-netherlands/,/netherlands/eu-vs-non-eu-moving-to-netherlands/,moving_guide,INDEXABLE,eu-vs-non-eu-moving-to-netherlands,"EU vs Non-EU Moving to the Netherlands: Visas, Documents & Timelines | ExpatCopilot","EU vs Non-EU Moving to the Netherlands: Visas, Documents & Timelines",83,EU vs Non-EU Moving to the Netherlands,"Compare the main differences between EU/EEA and non-EU relocation to the Netherlands, including permits, documents, timelines, costs, and first-step planning.",158,EU vs non-EU,"EU vs Non-EU Moving to the Netherlands: Visas, Documents & Timelines | ExpatCopilot","Compare the main differences between EU/EEA and non-EU relocation to the Netherlands, including permits, documents, timelines, costs, and first-step planning.",ExpatCopilot,EU vs Non-EU Moving to the Netherlands,,2026-09-06,1.0,0.7,moving_guide,,overly_long_title_core|overly_long_title_with_brand|h1_title_differ_soft|likely_poor_ctr_risk:truncated_risk,soft,long_title,P3,
https://www.expatcopilot.com/netherlands/family/tools/childcare-cost-estimator/,/netherlands/family/tools/childcare-cost-estimator/,tool_calculator,INDEXABLE,childcare-cost-estimator,"Netherlands Childcare Cost Estimator 2026 | Daycare, BSO & Gastouder Planning for Expats | ExpatCopilot","Netherlands Childcare Cost Estimator 2026 | Daycare, BSO & Gastouder Planning for Expats",103,Netherlands childcare cost estimator for expats,"Estimate Dutch childcare costs for expats: gross provider bills, estimated childcare benefit (not Belastingdienst), net out-of-pocket, first-month cash, and budget context for daycare, BSO, and gastouder. City model rates, cap logic, scenario comparison — planning only.",270,Childcare cost estimator,"Netherlands Childcare Cost Estimator 2026 | Daycare, BSO & Gastouder Planning for Expats","Estimate Dutch childcare costs for expats: gross provider bills, estimated childcare benefit (not Belastingdienst), net out-of-pocket, first-month cash, and budget context for daycare, BSO, and gastouder. City model rates, cap logic, scenario comparison — planning only.",ExpatCopilot,,,,1.0,0.55,tool_transactional,contains 2026; topic may benefit from year freshness,overly_long_title_core|overly_long_title_with_brand|overly_long_description|generic_title|h1_title_differ_soft|likely_poor_ctr_risk:generic_or_taxonomy+truncated_risk,yes,generic+long_title,P2,contains 2026; topic may benefit from year freshness
https://www.expatcopilot.com/netherlands/health/dentists-netherlands/,/netherlands/health/dentists-netherlands/,guide,INDEXABLE,dentists-netherlands,Dentists in the Netherlands | Complete Guide for Expats | ExpatCopilot,Dentists in the Netherlands | Complete Guide for Expats,70,Dentists in the Netherlands,"Learn how dental care works in the Netherlands, including finding a dentist, insurance, costs, emergency dentists, children's dentistry and orthodontics.",153,Dentists,Dentists in the Netherlands | Complete Guide for Expats,"Learn how dental care works in the Netherlands, including finding a dentist, insurance, costs, emergency dentists, children's dentistry and orthodontics.",ExpatCopilot,Dentists in the Netherlands,2027-02-03,2027-02-03,1.0,0.5,guide,no year in title; topic often year-sensitive (2026),h1_title_differ_soft|templated_description_opening|year_absent_but_may_help_ctr|likely_poor_ctr_risk:freshness_signal_missing,soft,templated_desc+year_opp,P3,no year in title; topic often year-sensitive (2026)
https://www.expatcopilot.com/netherlands/family/pets-netherlands/,/netherlands/family/pets-netherlands/,guide,INDEXABLE,pets-netherlands,Pets in the Netherlands | Complete Guide for Expats | ExpatCopilot,Pets in the Netherlands | Complete Guide for Expats,66,Pets in the Netherlands,"Living with pets in the Netherlands after arrival: housing and landlord pet rules, chip and registration norms, finding a vet, pet insurance orientation, parks and leash etiquette, and everyday costs for expats.",211,Pets,Pets in the Netherlands | Complete Guide for Expats | ExpatCopilot,"Living with pets in the Netherlands after arrival: housing and landlord pet rules, chip and registration norms, finding a vet, pet insurance orientation, parks and leash etiquette, and everyday costs for expats.",ExpatCopilot,Pets in the Netherlands,2026-08-24,2026-08-24,1.0,0.5,guide,no year in title; topic often year-sensitive (2026),overly_long_description|h1_title_differ_soft|year_absent_but_may_help_ctr|likely_poor_ctr_risk:freshness_signal_missing,soft,year_opp,P3,no year in title; topic often year-sensitive (2026)
https://www.expatcopilot.com/netherlands/family/family-activities-netherlands/,/netherlands/family/family-activities-netherlands/,guide,INDEXABLE,family-activities-netherlands,Family Activities in the Netherlands | Complete Guide for Expats | ExpatCopilot,Family Activities in the Netherlands | Complete Guide for Expats,79,Family Activities in the Netherlands,"Discover everyday family activities in the Netherlands: parks, museums, libraries, sports clubs, seasonal outings, rainy-day plans and English-friendly options for expat families.",179,Family activities,Family Activities in the Netherlands | Complete Guide for Expats | ExpatCopilot,"Discover everyday family activities in the Netherlands: parks, museums, libraries, sports clubs, seasonal outings, rainy-day plans and English-friendly options for expat families.",ExpatCopilot,Family Activities in the Netherlands,2026-08-20,2026-08-20,1.0,0.56,guide,,overly_long_title_with_brand|overly_long_description|h1_title_differ_soft,no,,INFO,
https://www.expatcopilot.com/netherlands/family/pregnancy-netherlands/,/netherlands/family/pregnancy-netherlands/,guide,INDEXABLE,pregnancy-netherlands,Pregnancy in the Netherlands | Complete Guide for Expats | ExpatCopilot,Pregnancy in the Netherlands | Complete Guide for Expats,71,Pregnancy in the Netherlands,"Expat pregnancy orientation in the Netherlands: finding a midwife, trimester checkpoints, BSN and registration timing, insurance basics and what to prepare — calm practical guidance, not medical advice.",202,Pregnancy,Pregnancy in the Netherlands | Complete Guide for Expats | ExpatCopilot,"Expat pregnancy orientation in the Netherlands: finding a midwife, trimester checkpoints, BSN and registration timing, insurance basics and what to prepare — calm practical guidance, not medical advice.",ExpatCopilot,Pregnancy in the Netherlands,2026-08-20,2026-08-20,1.0,0.5,guide,no year in title; topic often year-sensitive (2026),overly_long_description|h1_title_differ_soft|year_absent_but_may_help_ctr|likely_poor_ctr_risk:freshness_signal_missing,soft,year_opp,P3,no year in title; topic often year-sensitive (2026)
https://www.expatcopilot.com/netherlands/health/health-insurance-comparison-netherlands/,/netherlands/health/health-insurance-comparison-netherlands/,guide,INDEXABLE,health-insurance-comparison-netherlands,Health Insurance Comparison in the Netherlands | Complete Guide for Expats | ExpatCopilot,Health Insurance Comparison in the Netherlands | Complete Guide for Expats,89,Health Insurance Comparison in the Netherlands,"Compare Dutch health insurance as an expat — basic vs supplementary decision factors, natura vs restitutie, eigen risico tradeoffs, English support, claims and what to check on comparison sites. Not an insurer ranking.",218,Health insurance comparison,Health Insurance Comparison in the Netherlands | Complete Guide for Expats,"Compare Dutch health insurance as an expat — basic vs supplementary decision factors, natura vs restitutie, eigen risico tradeoffs, English support, claims and what to check on comparison sites. Not an insurer ranking.",ExpatCopilot,Health Insurance Comparison in the Netherlands,2027-02-19,2027-02-19,1.0,0.6,guide,no year in title; topic often year-sensitive (2026),overly_long_title_core|overly_long_title_with_brand|overly_long_description|h1_title_differ_soft|year_absent_but_may_help_ctr|likely_poor_ctr_risk:truncated_risk+freshness_signal_missing,yes,long_title+year_opp,P2,no year in title; topic often year-sensitive (2026)
https://www.expatcopilot.com/netherlands/first-90-days-netherlands/,/netherlands/first-90-days-netherlands/,moving_guide,INDEXABLE,first-90-days-netherlands,First 90 Days in the Netherlands: Complete Expat Setup Guide | ExpatCopilot,First 90 Days in the Netherlands: Complete Expat Setup Guide,75,First 90 Days in the Netherlands,"Learn what expats typically complete in their first 90 days in the Netherlands, including address registration, BSN, banking, DigiD, insurance, and settling into daily life.",173,First 90 Days,First 90 Days in the Netherlands: Complete Expat Setup Guide | ExpatCopilot,"Learn what expats typically complete in their first 90 days in the Netherlands, including address registration, BSN, banking, DigiD, insurance, and settling into daily life.",ExpatCopilot,First 90 Days in the Netherlands,,2026-09-06,1.0,0.6,moving_guide,no year in title; topic often year-sensitive (2026),overly_long_description|h1_title_differ_soft|year_absent_but_may_help_ctr|likely_poor_ctr_risk:freshness_signal_missing,soft,year_opp,P3,no year in title; topic often year-sensitive (2026)
https://www.expatcopilot.com/netherlands/health/emergency-healthcare-netherlands/,/netherlands/health/emergency-healthcare-netherlands/,guide,INDEXABLE,emergency-healthcare-netherlands,Emergency Healthcare in the Netherlands | Complete Guide for Expats | ExpatCopilot,Emergency Healthcare in the Netherlands | Complete Guide for Expats,82,Emergency Healthcare in the Netherlands,"Learn what to do in a medical emergency in the Netherlands, including when to call 112, visit a GP, use a GP cooperative (Huisartsenpost) or go to an emergency department.",171,Emergency Healthcare,Emergency Healthcare in the Netherlands | Complete Guide for Expats,"Learn what to do in a medical emergency in the Netherlands, including when to call 112, visit a GP, use a GP cooperative (Huisartsenpost) or go to an emergency department.",ExpatCopilot,Emergency Healthcare in the Netherlands,2027-02-07,2027-02-07,1.0,0.56,guide,,overly_long_title_core|overly_long_title_with_brand|overly_long_description|h1_title_differ_soft|likely_poor_ctr_risk:truncated_risk,soft,long_title,P3,
https://www.expatcopilot.com/netherlands/health/maternity-care-netherlands/,/netherlands/health/maternity-care-netherlands/,guide,INDEXABLE,maternity-care-netherlands,Maternity Care in the Netherlands | Complete Guide for Expats | ExpatCopilot,Maternity Care in the Netherlands | Complete Guide for Expats,76,Maternity Care in the Netherlands,"Learn how maternity care works in the Netherlands for expats — verloskundige (midwife) first line, hospital and obstetric pathways, registration timing, insurance orientation and kraamzorg awareness.",199,Maternity care,Maternity Care in the Netherlands | Complete Guide for Expats,"Learn how maternity care works in the Netherlands for expats — verloskundige (midwife) first line, hospital and obstetric pathways, registration timing, insurance orientation and kraamzorg awareness.",ExpatCopilot,Maternity Care in the Netherlands,2027-02-18,2027-02-18,1.0,0.56,guide,no year in title; topic often year-sensitive (2026),overly_long_title_with_brand|overly_long_description|h1_title_differ_soft|templated_description_opening|year_absent_but_may_help_ctr|likely_poor_ctr_risk:freshness_signal_missing,soft,templated_desc+year_opp,P3,no year in title; topic often year-sensitive (2026)
https://www.expatcopilot.com/netherlands/health/gp-netherlands/,/netherlands/health/gp-netherlands/,guide,INDEXABLE,gp-netherlands,GP (Huisarts) in the Netherlands | Complete Guide for Expats | ExpatCopilot,GP (Huisarts) in the Netherlands | Complete Guide for Expats,75,General Practitioner (GP / Huisarts) in the Netherlands,"Learn how GPs (huisartsen) work in the Netherlands, including registration, appointments, referrals, prescriptions, emergencies and what expats should expect.",158,General Practitioner (GP),GP (Huisarts) in the Netherlands | Complete Guide for Expats,"Learn how GPs (huisartsen) work in the Netherlands, including registration, appointments, referrals, prescriptions, emergencies and what expats should expect.",ExpatCopilot,General Practitioner (GP / Huisarts) in the Netherlands,2027-01-31,2027-01-31,1.0,0.45,guide,,h1_title_differ_soft|templated_description_opening,soft,templated_desc,P3,
https://www.expatcopilot.com/netherlands/health/mental-healthcare-netherlands/,/netherlands/health/mental-healthcare-netherlands/,guide,INDEXABLE,mental-healthcare-netherlands,Mental Healthcare in the Netherlands | Complete Guide for Expats | ExpatCopilot,Mental Healthcare in the Netherlands | Complete Guide for Expats,79,Mental Healthcare in the Netherlands,"Learn how mental healthcare works in the Netherlands for expats — GP first contact, POH-GGZ, GGZ specialist care, stepped care, waiting times, crisis routes (112 / 113), insurance and English-language realities.",211,Mental Healthcare,Mental Healthcare in the Netherlands | Complete Guide for Expats,"Learn how mental healthcare works in the Netherlands for expats — GP first contact, POH-GGZ, GGZ specialist care, stepped care, waiting times, crisis routes (112 / 113), insurance and English-language realities.",ExpatCopilot,Mental Healthcare in the Netherlands,2027-02-14,2027-02-14,1.0,0.56,guide,no year in title; topic often year-sensitive (2026),overly_long_title_with_brand|overly_long_description|h1_title_differ_soft|templated_description_opening|year_absent_but_may_help_ctr|likely_poor_ctr_risk:freshness_signal_missing,soft,templated_desc+year_opp,P3,no year in title; topic often year-sensitive (2026)
https://www.expatcopilot.com/netherlands/health/tools/,/netherlands/health/tools/,tool_calculator,INDEXABLE,tools,Healthcare tools for expats in the Netherlands | ExpatCopilot,Healthcare tools for expats in the Netherlands,61,Healthcare,Insurance and healthcare allowance tools. 0 live tools and 2 more coming soon.,78,Healthcare,Healthcare tools for expats in the Netherlands | ExpatCopilot,Insurance and healthcare allowance tools. 0 live tools and 2 more coming soon.,ExpatCopilot,,,,1.0,0.14,tool_transactional,no year in title; topic often year-sensitive (2026),problematic_h1_title_mismatch|year_absent_but_may_help_ctr|likely_poor_ctr_risk:freshness_signal_missing,yes,mismatch+year_opp,P2,no year in title; topic often year-sensitive (2026)
https://www.expatcopilot.com/netherlands/health/prescriptions-netherlands/,/netherlands/health/prescriptions-netherlands/,guide,INDEXABLE,prescriptions-netherlands,Prescriptions in the Netherlands | Complete Guide for Expats | ExpatCopilot,Prescriptions in the Netherlands | Complete Guide for Expats,75,Prescriptions in the Netherlands,"Learn how prescriptions (recepten) work in the Netherlands for expats — who issues them, electronic prescriptions, pharmacy pickup, herhaalrecept, medication lists, insurance orientation and foreign prescriptions.",213,Prescriptions,Prescriptions in the Netherlands | Complete Guide for Expats,"Learn how prescriptions (recepten) work in the Netherlands for expats — who issues them, electronic prescriptions, pharmacy pickup, herhaalrecept, medication lists, insurance orientation and foreign prescriptions.",ExpatCopilot,Prescriptions in the Netherlands,2027-02-16,2027-02-16,1.0,0.5,guide,no year in title; topic often year-sensitive (2026),overly_long_description|h1_title_differ_soft|templated_description_opening|year_absent_but_may_help_ctr|likely_poor_ctr_risk:freshness_signal_missing,soft,templated_desc+year_opp,P3,no year in title; topic often year-sensitive (2026)
https://www.expatcopilot.com/netherlands/health/hospitals-netherlands/,/netherlands/health/hospitals-netherlands/,guide,INDEXABLE,hospitals-netherlands,Hospitals in the Netherlands | Complete Guide for Expats | ExpatCopilot,Hospitals in the Netherlands | Complete Guide for Expats,71,Hospitals in the Netherlands,"Learn how hospitals work in the Netherlands, including referrals, admissions, specialists, emergency departments, insurance, university medical centres and what expats should expect.",182,Hospitals,Hospitals in the Netherlands | Complete Guide for Expats,"Learn how hospitals work in the Netherlands, including referrals, admissions, specialists, emergency departments, insurance, university medical centres and what expats should expect.",ExpatCopilot,Hospitals in the Netherlands,2027-02-10,2027-02-10,1.0,0.5,guide,no year in title; topic often year-sensitive (2026),overly_long_description|h1_title_differ_soft|templated_description_opening|year_absent_but_may_help_ctr|likely_poor_ctr_risk:freshness_signal_missing,soft,templated_desc+year_opp,P3,no year in title; topic often year-sensitive (2026)
https://www.expatcopilot.com/netherlands/health/pharmacies-netherlands/,/netherlands/health/pharmacies-netherlands/,guide,INDEXABLE,pharmacies-netherlands,Pharmacies in the Netherlands | Complete Guide for Expats | ExpatCopilot,Pharmacies in the Netherlands | Complete Guide for Expats,72,Pharmacies in the Netherlands,"Learn how Dutch pharmacies (apotheken) work for expats — finding one, opening hours, OTC vs prescription pickup, service desk, medication counseling and emergency pharmacy orientation.",184,Pharmacies,Pharmacies in the Netherlands | Complete Guide for Expats,"Learn how Dutch pharmacies (apotheken) work for expats — finding one, opening hours, OTC vs prescription pickup, service desk, medication counseling and emergency pharmacy orientation.",ExpatCopilot,Pharmacies in the Netherlands,2027-02-15,2027-02-15,1.0,0.5,guide,,overly_long_description|h1_title_differ_soft|templated_description_opening,soft,templated_desc,P3,
https://www.expatcopilot.com/netherlands/housing/,/netherlands/housing/,guide,INDEXABLE,housing,Housing in the Netherlands | Complete Expat Guide | ExpatCopilot,Housing in the Netherlands | Complete Expat Guide,64,Housing in the Netherlands,"Everything expats need to know about housing in the Netherlands, including renting, buying, costs, mortgages, neighborhoods, utilities and finding accommodation.",161,Housing in the Netherlands,Housing in the Netherlands | Complete Expat Guide,"Everything expats need to know about housing in the Netherlands, including renting, buying, costs, mortgages, neighborhoods, utilities and finding accommodation.",ExpatCopilot,Housing in the Netherlands,2026-10-08,2026-09-06,1.0,0.57,guide,,h1_title_differ_soft,no,,INFO,
https://www.expatcopilot.com/netherlands/haarlem/,/netherlands/haarlem/,city_page,INDEXABLE,haarlem,"Moving to Haarlem as an Expat | Living in Haarlem, Costs, Housing & Lifestyle | ExpatCopilot","Moving to Haarlem as an Expat | Living in Haarlem, Costs, Housing & Lifestyle",92,Moving to Haarlem as an Expat,"Thinking about moving to Haarlem? Explore why expats choose Haarlem, what life is like, how housing and commuting compare, and which services can help you settle in.",165,Haarlem,"Moving to Haarlem as an Expat | Living in Haarlem, Costs, Housing & Lifestyle | ExpatCopilot","Thinking about moving to Haarlem? Explore why expats choose Haarlem, what life is like, how housing and commuting compare, and which services can help you settle in.",ExpatCopilot,Moving to Haarlem as an Expat,,2026-03-24,1.0,0.55,city_research,,overly_long_title_core|overly_long_title_with_brand|h1_title_differ_soft|likely_poor_ctr_risk:truncated_risk,soft,long_title,P3,
https://www.expatcopilot.com/netherlands/health/physiotherapy-netherlands/,/netherlands/health/physiotherapy-netherlands/,guide,INDEXABLE,physiotherapy-netherlands,Physiotherapy in the Netherlands | Complete Guide for Expats | ExpatCopilot,Physiotherapy in the Netherlands | Complete Guide for Expats,75,Physiotherapy in the Netherlands,"Learn how physiotherapy (fysiotherapie) works in the Netherlands for expats — what it covers, direct access vs GP referral, finding a therapist, insurance limits, typical pathways and English-language realities.",211,Physiotherapy,Physiotherapy in the Netherlands | Complete Guide for Expats,"Learn how physiotherapy (fysiotherapie) works in the Netherlands for expats — what it covers, direct access vs GP referral, finding a therapist, insurance limits, typical pathways and English-language realities.",ExpatCopilot,Physiotherapy in the Netherlands,2027-02-17,2027-02-17,1.0,0.5,guide,no year in title; topic often year-sensitive (2026),overly_long_description|h1_title_differ_soft|templated_description_opening|year_absent_but_may_help_ctr|likely_poor_ctr_risk:freshness_signal_missing,soft,templated_desc+year_opp,P3,no year in title; topic often year-sensitive (2026)
https://www.expatcopilot.com/netherlands/housing/buy-vs-rent-netherlands/,/netherlands/housing/buy-vs-rent-netherlands/,comparison,INDEXABLE,buy-vs-rent-netherlands,Buy vs Rent in the Netherlands | Expat Housing Guide | ExpatCopilot,Buy vs Rent in the Netherlands | Expat Housing Guide,67,Buy vs Rent in the Netherlands,"Trying to decide whether to buy or rent in the Netherlands? Learn the pros, cons, costs and lifestyle considerations for expats and international professionals.",160,Buy vs Rent in the Netherlands,Buy vs Rent in the Netherlands | Expat Housing Guide,"Trying to decide whether to buy or rent in the Netherlands? Learn the pros, cons, costs and lifestyle considerations for expats and international professionals.",ExpatCopilot,Buy vs Rent in the Netherlands,2026-07-22,2026-07-22,1.0,0.67,comparison,,h1_title_differ_soft,no,,INFO,
https://www.expatcopilot.com/netherlands/housing/housing-costs-netherlands/,/netherlands/housing/housing-costs-netherlands/,guide,INDEXABLE,housing-costs-netherlands,"Housing Costs in the Netherlands | Rent, Buying & City Comparison Guide | ExpatCopilot","Housing Costs in the Netherlands | Rent, Buying & City Comparison Guide",86,Housing Costs in the Netherlands,"Discover housing costs in the Netherlands, including rent, property prices, utilities, hidden costs and city-by-city comparisons for expats.",140,Housing Costs,"Housing Costs in the Netherlands | Rent, Buying & City Comparison Guide","Discover housing costs in the Netherlands, including rent, property prices, utilities, hidden costs and city-by-city comparisons for expats.",ExpatCopilot,Housing Costs in the Netherlands,2026-11-09,2026-11-09,1.0,0.5,guide,,overly_long_title_core|overly_long_title_with_brand|h1_title_differ_soft|likely_poor_ctr_risk:truncated_risk,soft,long_title,P3,
https://www.expatcopilot.com/netherlands/housing/buying-a-house-netherlands/,/netherlands/housing/buying-a-house-netherlands/,guide,INDEXABLE,buying-a-house-netherlands,"Buying a House in the Netherlands | Expat Guide to Mortgages, Costs & Process | ExpatCopilot","Buying a House in the Netherlands | Expat Guide to Mortgages, Costs & Process",92,Buying a House in the Netherlands,"Learn how buying a house works in the Netherlands for expats, including mortgages, taxes, overbidding, legal steps, costs and city-by-city housing insights.",156,Buying a house,"Buying a House in the Netherlands | Expat Guide to Mortgages, Costs & Process","Learn how buying a house works in the Netherlands for expats, including mortgages, taxes, overbidding, legal steps, costs and city-by-city housing insights.",ExpatCopilot,Buying a House in the Netherlands,2026-07-12,2026-07-12,1.0,0.5,guide,no year in title; topic often year-sensitive (2026),overly_long_title_core|overly_long_title_with_brand|h1_title_differ_soft|templated_description_opening|year_absent_but_may_help_ctr|likely_poor_ctr_risk:truncated_risk+freshness_signal_missing,yes,long_title+templated_desc+year_opp,P2,no year in title; topic often year-sensitive (2026)
https://www.expatcopilot.com/netherlands/housing/rental-contracts-and-deposits-netherlands/,/netherlands/housing/rental-contracts-and-deposits-netherlands/,guide,INDEXABLE,rental-contracts-and-deposits-netherlands,Rental Contracts and Deposits in the Netherlands | Expat Guide | ExpatCopilot,Rental Contracts and Deposits in the Netherlands | Expat Guide,77,Rental Contracts and Deposits in the Netherlands,"Learn how rental contracts, deposits, inspections and tenant responsibilities work in the Netherlands before signing a lease.",125,Rental Contracts and Deposits,Rental Contracts and Deposits in the Netherlands | Expat Guide,"Learn how rental contracts, deposits, inspections and tenant responsibilities work in the Netherlands before signing a lease.",ExpatCopilot,Rental Contracts and Deposits in the Netherlands,2026-11-12,2026-11-12,1.0,0.78,guide,,overly_long_title_with_brand|h1_title_differ_soft|templated_description_opening,soft,templated_desc,P3,
https://www.expatcopilot.com/netherlands/integration/tools/,/netherlands/integration/tools/,tool_calculator,INDEXABLE,tools,Inburgering & Integration tools for expats in the Netherlands | ExpatCopilot,Inburgering & Integration tools for expats in the Netherlands,76,Inburgering & Integration,"Tools for integration planning, exams and requirements. 2 live tools and 2 more coming soon.",92,Inburgering & Integration,Inburgering & Integration tools for expats in the Netherlands | ExpatCopilot,"Tools for integration planning, exams and requirements. 2 live tools and 2 more coming soon.",ExpatCopilot,,,,1.0,0.25,tool_transactional,,overly_long_title_with_brand|problematic_h1_title_mismatch,yes,mismatch,P2,
https://www.expatcopilot.com/netherlands/housing/mortgages-netherlands-expats/,/netherlands/housing/mortgages-netherlands-expats/,guide,INDEXABLE,mortgages-netherlands-expats,Mortgages in the Netherlands for Expats | Dutch Mortgage Guide | ExpatCopilot,Mortgages in the Netherlands for Expats | Dutch Mortgage Guide,77,Mortgages in the Netherlands for Expats,"Learn how mortgages work in the Netherlands for expats, including eligibility, borrowing limits, mortgage types, costs and the Dutch home-buying process.",153,Mortgages in the Netherlands for Expats,Mortgages in the Netherlands for Expats | Dutch Mortgage Guide,"Learn how mortgages work in the Netherlands for expats, including eligibility, borrowing limits, mortgage types, costs and the Dutch home-buying process.",ExpatCopilot,Mortgages in the Netherlands for Expats,2026-07-15,2026-07-15,1.0,0.67,guide,,overly_long_title_with_brand|h1_title_differ_soft|templated_description_opening,soft,templated_desc,P3,
https://www.expatcopilot.com/netherlands/housing/rental-scams-netherlands/,/netherlands/housing/rental-scams-netherlands/,guide,INDEXABLE,rental-scams-netherlands,Rental Scams in the Netherlands | Complete Safety Guide for Expats | ExpatCopilot,Rental Scams in the Netherlands | Complete Safety Guide for Expats,81,Rental Scams in the Netherlands,"Learn how to avoid rental scams in the Netherlands. Discover warning signs, verify landlords, protect your deposit and rent safely as an expat or international student.",168,Rental Scams,Rental Scams in the Netherlands | Complete Safety Guide for Expats,"Learn how to avoid rental scams in the Netherlands. Discover warning signs, verify landlords, protect your deposit and rent safely as an expat or international student.",ExpatCopilot,Rental Scams in the Netherlands,2027-01-20,2027-01-20,1.0,0.5,guide,,overly_long_title_core|overly_long_title_with_brand|h1_title_differ_soft|templated_description_opening|likely_poor_ctr_risk:truncated_risk,yes,long_title+templated_desc,P2,
https://www.expatcopilot.com/netherlands/housing/tools/,/netherlands/housing/tools/,tool_calculator,INDEXABLE,tools,Housing tools for expats in the Netherlands | ExpatCopilot,Housing tools for expats in the Netherlands,58,Housing,"Rental, deposit, mortgage and home-cost tools. 3 live tools and 5 more coming soon.",83,Housing,Housing tools for expats in the Netherlands | ExpatCopilot,"Rental, deposit, mortgage and home-cost tools. 3 live tools and 5 more coming soon.",ExpatCopilot,,,,1.0,0.14,tool_transactional,,problematic_h1_title_mismatch,yes,mismatch,P2,
https://www.expatcopilot.com/netherlands/jobs/contractor-vs-employee-netherlands/,/netherlands/jobs/contractor-vs-employee-netherlands/,comparison,INDEXABLE,contractor-vs-employee-netherlands,Contractor vs Employee in the Netherlands | Expat Comparison Guide | ExpatCopilot,Contractor vs Employee in the Netherlands | Expat Comparison Guide,81,Contractor vs Employee in the Netherlands,"Compare working as a contractor or employee in the Netherlands, including taxes, benefits, flexibility, pensions, income stability and expat considerations.",156,Contractor vs employee,Contractor vs Employee in the Netherlands | Expat Comparison Guide,"Compare working as a contractor or employee in the Netherlands, including taxes, benefits, flexibility, pensions, income stability and expat considerations.",ExpatCopilot,Contractor vs Employee in the Netherlands,2026-09-09,2026-09-09,1.0,0.67,comparison,no year in title; topic often year-sensitive (2026),overly_long_title_core|overly_long_title_with_brand|h1_title_differ_soft|year_absent_but_may_help_ctr|likely_poor_ctr_risk:truncated_risk+freshness_signal_missing,yes,long_title+year_opp,P2,no year in title; topic often year-sensitive (2026)
https://www.expatcopilot.com/netherlands/jobs/dutch-directness-at-work/,/netherlands/jobs/dutch-directness-at-work/,guide,INDEXABLE,dutch-directness-at-work,Dutch Directness at Work | Understanding Dutch Workplace Communication | ExpatCopilot,Dutch Directness at Work | Understanding Dutch Workplace Communication,85,Dutch Directness at Work,"Learn why Dutch workplace communication is often described as direct, how feedback works and how expats can successfully adapt to Dutch professional culture.",157,Dutch directness at work,Dutch Directness at Work | Understanding Dutch Workplace Communication,"Learn why Dutch workplace communication is often described as direct, how feedback works and how expats can successfully adapt to Dutch professional culture.",ExpatCopilot,Dutch Directness at Work,2026-11-18,2026-11-18,1.0,0.57,guide,,overly_long_title_core|overly_long_title_with_brand|h1_title_differ_soft|likely_poor_ctr_risk:truncated_risk,soft,long_title,P3,
https://www.expatcopilot.com/netherlands/jobs/dutch-workplace-culture/,/netherlands/jobs/dutch-workplace-culture/,guide,INDEXABLE,dutch-workplace-culture,Dutch Workplace Culture | Complete Expat Career Guide | ExpatCopilot,Dutch Workplace Culture | Complete Expat Career Guide,68,Dutch Workplace Culture,"Learn how Dutch workplace culture works, including communication styles, feedback, hierarchy, work-life balance, meetings and professional expectations.",152,Dutch workplace culture,Dutch Workplace Culture | Complete Expat Career Guide,"Learn how Dutch workplace culture works, including communication styles, feedback, hierarchy, work-life balance, meetings and professional expectations.",ExpatCopilot,Dutch Workplace Culture,2026-11-16,2026-11-16,1.0,0.43,guide,,h1_title_differ_soft|templated_description_opening,soft,templated_desc,P3,
https://www.expatcopilot.com/netherlands/jobs/employee-benefits-netherlands/,/netherlands/jobs/employee-benefits-netherlands/,guide,INDEXABLE,employee-benefits-netherlands,Employee Benefits in the Netherlands | Expat Guide to Dutch Work Benefits | ExpatCopilot,Employee Benefits in the Netherlands | Expat Guide to Dutch Work Benefits,88,Employee Benefits in the Netherlands,"Learn about employee benefits in the Netherlands, including pension, holiday allowance, vacation days, sick leave, parental leave, remote work and expat compensation packages.",175,Employee Benefits,Employee Benefits in the Netherlands | Expat Guide to Dutch Work Benefits,"Learn about employee benefits in the Netherlands, including pension, holiday allowance, vacation days, sick leave, parental leave, remote work and expat compensation packages.",ExpatCopilot,Employee Benefits in the Netherlands,2026-06-17,2026-06-17,1.0,0.5,guide,no year in title; topic often year-sensitive (2026),overly_long_title_core|overly_long_title_with_brand|overly_long_description|h1_title_differ_soft|year_absent_but_may_help_ctr|likely_poor_ctr_risk:truncated_risk+freshness_signal_missing,yes,long_title+year_opp,P2,no year in title; topic often year-sensitive (2026)
https://www.expatcopilot.com/netherlands/jobs/employee-rights-netherlands/,/netherlands/jobs/employee-rights-netherlands/,guide,INDEXABLE,employee-rights-netherlands,Employee Rights in the Netherlands | Expat Work Guide | ExpatCopilot,Employee Rights in the Netherlands | Expat Work Guide,68,Employee Rights in the Netherlands,"Learn about employee rights in the Netherlands, including contracts, holidays, sick leave, parental leave, workplace protections and what expats should know.",157,Employee rights,Employee Rights in the Netherlands | Expat Work Guide,"Learn about employee rights in the Netherlands, including contracts, holidays, sick leave, parental leave, workplace protections and what expats should know.",ExpatCopilot,Employee Rights in the Netherlands,2026-08-30,2026-08-30,1.0,0.62,guide,,h1_title_differ_soft,no,,INFO,
https://www.expatcopilot.com/netherlands/jobs/employment-contract-netherlands/,/netherlands/jobs/employment-contract-netherlands/,guide,INDEXABLE,employment-contract-netherlands,Employment Contracts in the Netherlands | Expat Guide | ExpatCopilot,Employment Contracts in the Netherlands | Expat Guide,68,Employment Contracts in the Netherlands,"Learn how employment contracts work in the Netherlands, including permanent and temporary contracts, probation periods, notice periods, benefits and key clauses expats should understand.",186,Employment Contracts,Employment Contracts in the Netherlands | Expat Guide,"Learn how employment contracts work in the Netherlands, including permanent and temporary contracts, probation periods, notice periods, benefits and key clauses expats should understand.",ExpatCopilot,Employment Contracts in the Netherlands,2026-08-19,2026-08-19,0.5,0.71,guide,,overly_long_description|h1_title_differ_soft|templated_description_opening,soft,templated_desc,P3,
https://www.expatcopilot.com/netherlands/integration/tools/inburgering-exam-readiness-checker/,/netherlands/integration/tools/inburgering-exam-readiness-checker/,tool_calculator,INDEXABLE,inburgering-exam-readiness-checker,Inburgering Exam Readiness Checker Netherlands | ExpatCopilot,Inburgering Exam Readiness Checker Netherlands,61,Inburgering Exam Readiness Checker,"Module self-check for language + KNM prep, post-July 2025 materials reminder — not a pass prediction.",101,Inburgering exam readiness checker,Inburgering Exam Readiness Checker Netherlands | ExpatCopilot,"Module self-check for language + KNM prep, post-July 2025 materials reminder — not a pass prediction.",ExpatCopilot,,,,1.0,0.8,tool_transactional,,h1_title_differ_soft,no,,INFO,
https://www.expatcopilot.com/netherlands/groningen/,/netherlands/groningen/,city_page,INDEXABLE,groningen,"Moving to Groningen as an Expat | Living in Groningen, Housing, Lifestyle & Practical Setup | ExpatCopilot","Moving to Groningen as an Expat | Living in Groningen, Housing, Lifestyle & Practical Setup",106,Moving to Groningen as an Expat,"Thinking about moving to Groningen? Explore why expats choose Groningen, what life is like, how housing and registration work, and which services can help you settle in.",169,Groningen,"Moving to Groningen as an Expat | Living in Groningen, Housing, Lifestyle & Practical Setup | ExpatCopilot","Thinking about moving to Groningen? Explore why expats choose Groningen, what life is like, how housing and registration work, and which services can help you settle in.",ExpatCopilot,Moving to Groningen as an Expat,,2026-03-27,1.0,0.5,city_research,,overly_long_title_core|overly_long_title_with_brand|h1_title_differ_soft|likely_poor_ctr_risk:truncated_risk,soft,long_title,P3,
https://www.expatcopilot.com/netherlands/jobs/expat-salary-netherlands/,/netherlands/jobs/expat-salary-netherlands/,guide,INDEXABLE,expat-salary-netherlands,"Expat Salary in the Netherlands | Salary Expectations, Taxes & Cost of Living | ExpatCopilot","Expat Salary in the Netherlands | Salary Expectations, Taxes & Cost of Living",92,Expat Salary in the Netherlands,"Learn what expats typically earn in the Netherlands, including salary expectations by city, industry and experience level, plus taxes, the 30% ruling and cost of living considerations.",184,Expat Salary,"Expat Salary in the Netherlands | Salary Expectations, Taxes & Cost of Living","Learn what expats typically earn in the Netherlands, including salary expectations by city, industry and experience level, plus taxes, the 30% ruling and cost of living considerations.",ExpatCopilot,Expat Salary in the Netherlands,2026-06-14,2026-06-14,1.0,0.5,research_comparison,no year in title; topic often year-sensitive (2026),overly_long_title_core|overly_long_title_with_brand|overly_long_description|h1_title_differ_soft|year_absent_but_may_help_ctr|likely_poor_ctr_risk:truncated_risk+freshness_signal_missing,yes,long_title+year_opp,P2,no year in title; topic often year-sensitive (2026)
https://www.expatcopilot.com/netherlands/jobs/holiday-allowance-netherlands/,/netherlands/jobs/holiday-allowance-netherlands/,guide,INDEXABLE,holiday-allowance-netherlands,Holiday Allowance in the Netherlands | Vakantiegeld Explained for Expats | ExpatCopilot,Holiday Allowance in the Netherlands | Vakantiegeld Explained for Expats,87,Holiday Allowance in the Netherlands,"Learn how holiday allowance (vakantiegeld) works in the Netherlands, including how it is paid, taxed and included in salary packages for expats and employees.",158,Holiday allowance,Holiday Allowance in the Netherlands | Vakantiegeld Explained for Expats,"Learn how holiday allowance (vakantiegeld) works in the Netherlands, including how it is paid, taxed and included in salary packages for expats and employees.",ExpatCopilot,Holiday Allowance in the Netherlands,2026-06-24,2026-06-24,1.0,0.56,guide,no year in title; topic often year-sensitive (2026),overly_long_title_core|overly_long_title_with_brand|h1_title_differ_soft|templated_description_opening|year_absent_but_may_help_ctr|likely_poor_ctr_risk:truncated_risk+freshness_signal_missing,yes,long_title+templated_desc+year_opp,P2,no year in title; topic often year-sensitive (2026)
https://www.expatcopilot.com/netherlands/jobs/freelancing-netherlands/,/netherlands/jobs/freelancing-netherlands/,guide,INDEXABLE,freelancing-netherlands,Freelancing in the Netherlands | ZZP & Self-Employment Guide | ExpatCopilot,Freelancing in the Netherlands | ZZP & Self-Employment Guide,75,Freelancing in the Netherlands,"Learn how freelancing works in the Netherlands, including ZZP registration, taxes, VAT, clients, visas and practical tips for expats and international professionals.",165,Freelancing,Freelancing in the Netherlands | ZZP & Self-Employment Guide,"Learn how freelancing works in the Netherlands, including ZZP registration, taxes, VAT, clients, visas and practical tips for expats and international professionals.",ExpatCopilot,Freelancing in the Netherlands,2026-09-02,2026-09-02,1.0,0.5,guide,no year in title; topic often year-sensitive (2026),h1_title_differ_soft|templated_description_opening|year_absent_but_may_help_ctr|likely_poor_ctr_risk:freshness_signal_missing,soft,templated_desc+year_opp,P3,no year in title; topic often year-sensitive (2026)
https://www.expatcopilot.com/netherlands/jobs/minimum-wage-netherlands/,/netherlands/jobs/minimum-wage-netherlands/,guide,INDEXABLE,minimum-wage-netherlands,"Minimum Wage in the Netherlands | Salary, Taxes & Cost of Living Guide | ExpatCopilot","Minimum Wage in the Netherlands | Salary, Taxes & Cost of Living Guide",85,Minimum Wage in the Netherlands,"Dutch minimum wage from 1 July 2026: €14.99/hr for 21+, age-based youth tiers, gross vs net pay, and whether minimum wage is enough to live on as an expat.",155,Minimum Wage,"Minimum Wage in the Netherlands | Salary, Taxes & Cost of Living Guide","Dutch minimum wage from 1 July 2026: €14.99/hr for 21+, age-based youth tiers, gross vs net pay, and whether minimum wage is enough to live on as an expat.",ExpatCopilot,Minimum Wage in the Netherlands,2026-08-26,2026-08-26,1.0,0.45,guide,contains 2026; topic may benefit from year freshness,overly_long_title_core|overly_long_title_with_brand|h1_title_differ_soft|likely_poor_ctr_risk:truncated_risk,soft,long_title,P3,contains 2026; topic may benefit from year freshness
https://www.expatcopilot.com/netherlands/jobs/notice-period-netherlands/,/netherlands/jobs/notice-period-netherlands/,guide,INDEXABLE,notice-period-netherlands,Notice Periods in the Netherlands | Expat Employment Guide | ExpatCopilot,Notice Periods in the Netherlands | Expat Employment Guide,73,Notice Periods in the Netherlands,"Learn how notice periods work in the Netherlands, including employee notice periods, job changes, resignations, employment contracts and what expats should understand.",167,Notice period,Notice Periods in the Netherlands | Expat Employment Guide,"Learn how notice periods work in the Netherlands, including employee notice periods, job changes, resignations, employment contracts and what expats should understand.",ExpatCopilot,Notice Periods in the Netherlands,2026-08-26,2026-08-26,0.5,0.62,guide,,h1_title_differ_soft|templated_description_opening,soft,templated_desc,P3,
https://www.expatcopilot.com/netherlands/jobs/pension-netherlands-expats/,/netherlands/jobs/pension-netherlands-expats/,guide,INDEXABLE,pension-netherlands-expats,Pension in the Netherlands for Expats | Dutch Retirement System Explained | ExpatCopilot,Pension in the Netherlands for Expats | Dutch Retirement System Explained,88,Pension in the Netherlands for Expats,"Learn how pensions work in the Netherlands for expats, including AOW, employer pensions, pension deductions, portability and retirement planning considerations for international professionals.",192,Pension Guide,Pension in the Netherlands for Expats | Dutch Retirement System Explained,"Learn how pensions work in the Netherlands for expats, including AOW, employer pensions, pension deductions, portability and retirement planning considerations for international professionals.",ExpatCopilot,Pension in the Netherlands for Expats,2026-06-21,2026-06-21,1.0,0.6,guide,,overly_long_title_core|overly_long_title_with_brand|overly_long_description|h1_title_differ_soft|templated_description_opening|likely_poor_ctr_risk:truncated_risk,yes,long_title+templated_desc,P2,
https://www.expatcopilot.com/netherlands/integration/tools/integration-requirement-checker/,/netherlands/integration/tools/integration-requirement-checker/,tool_calculator,INDEXABLE,integration-requirement-checker,Integration Requirement Checker Netherlands | ExpatCopilot,Integration Requirement Checker Netherlands,58,Integration Requirement Checker,"Orientation about civic integration obligation vs secure-residence proof for HSM, family, and Wi 2021 cohorts in the Netherlands. Not a legal determination.",156,Integration requirement checker,Integration Requirement Checker Netherlands | ExpatCopilot,"Orientation about civic integration obligation vs secure-residence proof for HSM, family, and Wi 2021 cohorts in the Netherlands. Not a legal determination.",ExpatCopilot,,,,1.0,0.75,tool_transactional,,h1_title_differ_soft,no,,INFO,
https://www.expatcopilot.com/netherlands/health-insurance-netherlands/,/netherlands/health-insurance-netherlands/,moving_guide,INDEXABLE,health-insurance-netherlands,"Health Insurance in the Netherlands | Costs, Basic Cover, Providers, Expats | ExpatCopilot","Health Insurance in the Netherlands | Costs, Basic Cover, Providers, Expats",90,Health Insurance in the Netherlands,"A practical guide to Dutch health insurance for expats, including who needs it, when to arrange it, what the basic package covers, typical monthly costs, provider comparisons, and useful next steps.",198,Health Insurance,"Health Insurance in the Netherlands | Costs, Basic Cover, Providers, Expats | ExpatCopilot","A practical guide to Dutch health insurance for expats, including who needs it, when to arrange it, what the basic package covers, typical monthly costs, provider comparisons, and useful next steps.",ExpatCopilot,Health Insurance in the Netherlands,,2026-09-06,1.0,0.5,moving_guide,no year in title; topic often year-sensitive (2026),overly_long_title_core|overly_long_title_with_brand|overly_long_description|h1_title_differ_soft|year_absent_but_may_help_ctr|likely_poor_ctr_risk:truncated_risk+freshness_signal_missing,yes,long_title+year_opp,P2,no year in title; topic often year-sensitive (2026)
https://www.expatcopilot.com/netherlands/jobs/probation-period-netherlands/,/netherlands/jobs/probation-period-netherlands/,guide,INDEXABLE,probation-period-netherlands,Probation Period in the Netherlands (Proeftijd) | Expat Guide | ExpatCopilot,Probation Period in the Netherlands (Proeftijd) | Expat Guide,76,Probation Period in the Netherlands,"Learn how probation periods (proeftijd) work in the Netherlands, what expats should expect and how probation relates to employment contracts, visas and job stability.",166,Probation period,Probation Period in the Netherlands (Proeftijd) | Expat Guide,"Learn how probation periods (proeftijd) work in the Netherlands, what expats should expect and how probation relates to employment contracts, visas and job stability.",ExpatCopilot,Probation Period in the Netherlands,2026-08-23,2026-08-23,1.0,0.62,guide,,overly_long_title_with_brand|h1_title_differ_soft|templated_description_opening,soft,templated_desc,P3,
https://www.expatcopilot.com/netherlands/housing/tools/rent-affordability-calculator/,/netherlands/housing/tools/rent-affordability-calculator/,tool_calculator,INDEXABLE,rent-affordability-calculator,Netherlands Rent Affordability Calculator & Planning Guide | ExpatCopilot,Netherlands Rent Affordability Calculator & Planning Guide,73,Netherlands Rent Affordability Calculator,"Free Dutch rent affordability calculator plus a practical guide: affordable rent norms, landlord screening vs net budgeting, Amsterdam vs Rotterdam vs The Hague vs Utrecht, move-in cash, 30% ruling planning, and first-month rental costs. Indicative planning only — not legal or financial advice.",295,Rent affordability calculator,Netherlands Rent Affordability Calculator & Planning Guide | ExpatCopilot,"Free Dutch rent affordability calculator plus a practical guide: affordable rent norms, landlord screening vs net budgeting, Amsterdam vs Rotterdam vs The Hague vs Utrecht, move-in cash, 30% ruling planning, and first-month rental costs. Indicative planning only — not legal or financial advice.",ExpatCopilot,,,,1.0,0.67,tool_transactional,no year in title; topic often year-sensitive (2026),overly_long_description|generic_title|h1_title_differ_soft|year_absent_but_may_help_ctr|likely_poor_ctr_risk:generic_or_taxonomy+freshness_signal_missing,yes,generic+year_opp,P2,no year in title; topic often year-sensitive (2026)
https://www.expatcopilot.com/netherlands/jobs/finding-jobs-netherlands/,/netherlands/jobs/finding-jobs-netherlands/,guide,INDEXABLE,finding-jobs-netherlands,Finding Jobs in the Netherlands | Expat Job Guide | ExpatCopilot,Finding Jobs in the Netherlands | Expat Job Guide,64,Finding Jobs in the Netherlands,"Learn how to find jobs in the Netherlands as an expat, including visa sponsorship, salaries, recruiters, English-speaking roles and job market insights.",152,Finding Jobs,Finding Jobs in the Netherlands | Expat Job Guide,"Learn how to find jobs in the Netherlands as an expat, including visa sponsorship, salaries, recruiters, English-speaking roles and job market insights.",ExpatCopilot,Finding Jobs in the Netherlands,2026-08-16,2026-08-16,1.0,0.62,guide,no year in title; topic often year-sensitive (2026),h1_title_differ_soft|templated_description_opening|year_absent_but_may_help_ctr|likely_poor_ctr_risk:freshness_signal_missing,soft,templated_desc+year_opp,P3,no year in title; topic often year-sensitive (2026)
https://www.expatcopilot.com/netherlands/leaving/tools/,/netherlands/leaving/tools/,tool_calculator,INDEXABLE,tools,Leaving the Netherlands tools for expats in the Netherlands | ExpatCopilot,Leaving the Netherlands tools for expats in the Netherlands,74,Leaving the Netherlands,Exit and repatriation planning tools. 2 live tools and 0 more coming soon.,74,Leaving the Netherlands,Leaving the Netherlands tools for expats in the Netherlands | ExpatCopilot,Exit and repatriation planning tools. 2 live tools and 0 more coming soon.,ExpatCopilot,,,,1.0,0.43,tool_transactional,,h1_title_differ_soft,no,,INFO,
https://www.expatcopilot.com/netherlands/jobs/salary-negotiation-netherlands/,/netherlands/jobs/salary-negotiation-netherlands/,guide,INDEXABLE,salary-negotiation-netherlands,Salary Negotiation in the Netherlands | Expat Guide to Dutch Job Offers | ExpatCopilot,Salary Negotiation in the Netherlands | Expat Guide to Dutch Job Offers,86,Salary Negotiation in the Netherlands,"Learn how salary negotiation works in the Netherlands for expats, including Dutch work culture, gross vs net salary, benefits, the 30% ruling and common negotiation mistakes.",174,Salary Negotiation,Salary Negotiation in the Netherlands | Expat Guide to Dutch Job Offers,"Learn how salary negotiation works in the Netherlands for expats, including Dutch work culture, gross vs net salary, benefits, the 30% ruling and common negotiation mistakes.",ExpatCopilot,Salary Negotiation in the Netherlands,2026-06-07,2026-06-07,1.0,0.45,research_comparison,no year in title; topic often year-sensitive (2026),overly_long_title_core|overly_long_title_with_brand|overly_long_description|h1_title_differ_soft|templated_description_opening|year_absent_but_may_help_ctr|likely_poor_ctr_risk:truncated_risk+freshness_signal_missing,yes,long_title+templated_desc+year_opp,P2,no year in title; topic often year-sensitive (2026)
https://www.expatcopilot.com/netherlands/leaving/,/netherlands/leaving/,guide,INDEXABLE,leaving,Leaving the Netherlands | Expat Exit Journey Guide | ExpatCopilot,Leaving the Netherlands | Expat Exit Journey Guide,65,Leaving the Netherlands,"Plan an end-to-end exit from the Netherlands: timeline, job and permit implications, housing close-out, BRP deregistration, health insurance, toeslagen, 30% ruling end, PR consequences, and tax orientation.",206,Leaving the Netherlands,Leaving the Netherlands | Expat Exit Journey Guide,"Plan an end-to-end exit from the Netherlands: timeline, job and permit implications, housing close-out, BRP deregistration, health insurance, toeslagen, 30% ruling end, PR consequences, and tax orientation.",ExpatCopilot,Leaving the Netherlands,2026-08-30,2026-08-30,1.0,0.43,guide,no year in title; topic often year-sensitive (2026),overly_long_description|h1_title_differ_soft|year_absent_but_may_help_ctr|likely_poor_ctr_risk:freshness_signal_missing,soft,year_opp,P3,no year in title; topic often year-sensitive (2026)
https://www.expatcopilot.com/netherlands/leaving/tools/exit-readiness-checker/,/netherlands/leaving/tools/exit-readiness-checker/,tool_calculator,INDEXABLE,exit-readiness-checker,Exit Readiness Checker Netherlands | ExpatCopilot,Exit Readiness Checker Netherlands,49,Exit Readiness Checker,"orientation checklist for deregistration, insurance, toeslagen, payroll, tax records before leaving NL",102,Exit readiness checker,Exit Readiness Checker Netherlands | ExpatCopilot,"orientation checklist for deregistration, insurance, toeslagen, payroll, tax records before leaving NL",ExpatCopilot,,,,1.0,0.75,tool_transactional,no year in title; topic often year-sensitive (2026),h1_title_differ_soft|year_absent_but_may_help_ctr|likely_poor_ctr_risk:freshness_signal_missing,soft,year_opp,P3,no year in title; topic often year-sensitive (2026)
https://www.expatcopilot.com/netherlands/leaving/tools/repatriation-cost-calculator/,/netherlands/leaving/tools/repatriation-cost-calculator/,tool_calculator,INDEXABLE,repatriation-cost-calculator,Repatriation Cost Calculator Netherlands | ExpatCopilot,Repatriation Cost Calculator Netherlands,55,Repatriation Cost Calculator,"Orientation budget ranges for leaving the Netherlands: flights, shipping, lease break risk, temporary housing, and pets. Not a mover quote or tax advice.",153,Repatriation cost calculator,Repatriation Cost Calculator Netherlands | ExpatCopilot,"Orientation budget ranges for leaving the Netherlands: flights, shipping, lease break risk, temporary housing, and pets. Not a mover quote or tax advice.",ExpatCopilot,,,,1.0,0.75,tool_transactional,no year in title; topic often year-sensitive (2026),h1_title_differ_soft|year_absent_but_may_help_ctr|likely_poor_ctr_risk:freshness_signal_missing,soft,year_opp,P3,no year in title; topic often year-sensitive (2026)
https://www.expatcopilot.com/netherlands/life/,/netherlands/life/,guide,INDEXABLE,life,Life in the Netherlands | Expat Community & Integration Hub | ExpatCopilot,Life in the Netherlands | Expat Community & Integration Hub,74,Life in the Netherlands,"Editorial hub for expat life in the Netherlands: community basics, culture, language, family settling, volunteering and links to the wider Living survival guides.",162,Life in the Netherlands,ExpatCopilot,"Practical relocation guides, tools, and service discovery for expats moving to the Netherlands — visas, housing, banking, and settling in.",ExpatCopilot,,2026-10-22,,1.0,0.5,guide,,h1_title_differ_soft|og_title_differs_from_title,no,,INFO,
https://www.expatcopilot.com/netherlands/life/community-basics-netherlands/,/netherlands/life/community-basics-netherlands/,guide,INDEXABLE,community-basics-netherlands,Community Basics in the Netherlands | Expat Integration Guide | ExpatCopilot,Community Basics in the Netherlands | Expat Integration Guide,76,Community Basics in the Netherlands,"Learn how community life works in the Netherlands, including making friends, meeting locals, social etiquette, volunteering, clubs and practical integration tips.",162,Community Basics in the Netherlands,Community Basics in the Netherlands | Expat Integration Guide,"Learn how community life works in the Netherlands, including making friends, meeting locals, social etiquette, volunteering, clubs and practical integration tips.",ExpatCopilot,Community Basics in the Netherlands,2026-10-22,2026-09-06,1.0,0.62,guide,,overly_long_title_with_brand|h1_title_differ_soft|templated_description_opening,soft,templated_desc,P3,
https://www.expatcopilot.com/netherlands/life/dating-in-the-netherlands/,/netherlands/life/dating-in-the-netherlands/,guide,INDEXABLE,dating-in-the-netherlands,Dating in the Netherlands | The Complete Expat Guide to Meeting People | ExpatCopilot,Dating in the Netherlands | The Complete Expat Guide to Meeting People,85,Dating in the Netherlands,"Everything expats need to know about dating in the Netherlands including Dutch dating culture, apps, singles events, hiking groups, social clubs, active holidays and where to genuinely meet people.",197,Dating in the Netherlands,Dating in the Netherlands | The Complete Expat Guide to Meeting People,"Everything expats need to know about dating in the Netherlands including Dutch dating culture, apps, singles events, hiking groups, social clubs, active holidays and where to genuinely meet people.",ExpatCopilot,Dating in the Netherlands,2026-11-25,2026-11-25,1.0,0.4,guide,,overly_long_title_core|overly_long_title_with_brand|overly_long_description|h1_title_differ_soft|likely_poor_ctr_risk:truncated_risk,soft,long_title,P3,
https://www.expatcopilot.com/netherlands/life/dutch-birthday-traditions/,/netherlands/life/dutch-birthday-traditions/,guide,INDEXABLE,dutch-birthday-traditions,Dutch Birthday Traditions | Complete Guide for Expats | ExpatCopilot,Dutch Birthday Traditions | Complete Guide for Expats,68,Dutch Birthday Traditions,"Discover how birthdays are celebrated in the Netherlands, including circle parties, Dutch etiquette, gifts, children's birthdays, workplace celebrations and cultural customs.",174,Dutch Birthday Traditions,Dutch Birthday Traditions | Complete Guide for Expats,"Discover how birthdays are celebrated in the Netherlands, including circle parties, Dutch etiquette, gifts, children's birthdays, workplace celebrations and cultural customs.",ExpatCopilot,Dutch Birthday Traditions,2026-12-05,2026-12-05,1.0,0.43,guide,,overly_long_description|h1_title_differ_soft|templated_description_opening,soft,templated_desc,P3,
https://www.expatcopilot.com/netherlands/integration/inburgering/,/netherlands/integration/inburgering/,moving_guide,INDEXABLE,inburgering,"Inburgering in the Netherlands: HSM, Wi 2021, B1 & KNM (2025) | ExpatCopilot","Inburgering in the Netherlands: HSM, Wi 2021, B1 & KNM (2025)",76,Inburgering in the Netherlands,"Do you have to inburgeren on HSM? Wet inburgering 2021 / B1 default, KNM changes from 1 July 2025, and DUO vs IND roles. Orientation only — confirm on official portals.",168,Inburgering,"Inburgering in the Netherlands: HSM, Wi 2021, B1 & KNM (2025) | ExpatCopilot","Do you have to inburgeren on HSM? Wet inburgering 2021 / B1 default, KNM changes from 1 July 2025, and DUO vs IND roles. Orientation only — confirm on official portals.",ExpatCopilot,Inburgering in the Netherlands,,2026-09-06,1.0,0.4,moving_guide,"years_in_title=['2021', '2025']",overly_long_title_with_brand|h1_title_differ_soft,no,,INFO,"years_in_title=['2021', '2025']"
https://www.expatcopilot.com/netherlands/life/dutch-etiquette/,/netherlands/life/dutch-etiquette/,guide,INDEXABLE,dutch-etiquette,Dutch Etiquette | Complete Guide for Expats Living in the Netherlands | ExpatCopilot,Dutch Etiquette | Complete Guide for Expats Living in the Netherlands,84,Dutch Etiquette,"Learn Dutch etiquette for greetings, dining, neighbours, workplaces, invitations, public behaviour and everyday life with this practical guide for expats.",154,Dutch Etiquette,Dutch Etiquette | Complete Guide for Expats Living in the Netherlands,"Learn Dutch etiquette for greetings, dining, neighbours, workplaces, invitations, public behaviour and everyday life with this practical guide for expats.",ExpatCopilot,Dutch Etiquette,2026-12-12,2026-12-12,1.0,0.2,guide,,overly_long_title_core|overly_long_title_with_brand|problematic_h1_title_mismatch|likely_poor_ctr_risk:truncated_risk,yes,long_title+mismatch,P2,
https://www.expatcopilot.com/netherlands/life/dutch-holidays-and-traditions/,/netherlands/life/dutch-holidays-and-traditions/,guide,INDEXABLE,dutch-holidays-and-traditions,Dutch Holidays and Traditions | Complete Expat Guide | ExpatCopilot,Dutch Holidays and Traditions | Complete Expat Guide,67,Dutch Holidays and Traditions,"Discover Dutch holidays and traditions including King's Day, Sinterklaas, Christmas, Easter, Liberation Day and other celebrations every expat should know.",155,Dutch Holidays and Traditions,Dutch Holidays and Traditions | Complete Expat Guide,"Discover Dutch holidays and traditions including King's Day, Sinterklaas, Christmas, Easter, Liberation Day and other celebrations every expat should know.",ExpatCopilot,Dutch Holidays and Traditions,2026-11-28,2026-11-28,1.0,0.57,guide,,h1_title_differ_soft,no,,INFO,
https://www.expatcopilot.com/netherlands/life/dutch-humour/,/netherlands/life/dutch-humour/,guide,INDEXABLE,dutch-humour,Dutch Humour Explained | Understanding Dutch Jokes & Communication | ExpatCopilot,Dutch Humour Explained | Understanding Dutch Jokes & Communication,81,Dutch Humour Explained,"Discover how Dutch humour works, including sarcasm, directness, workplace humour and common misunderstandings so you can better understand life in the Netherlands.",163,Dutch Humour Explained,Dutch Humour Explained | Understanding Dutch Jokes & Communication,"Discover how Dutch humour works, including sarcasm, directness, workplace humour and common misunderstandings so you can better understand life in the Netherlands.",ExpatCopilot,Dutch Humour Explained,2026-12-16,2026-12-16,1.0,0.5,guide,,overly_long_title_core|overly_long_title_with_brand|h1_title_differ_soft|templated_description_opening|likely_poor_ctr_risk:truncated_risk,yes,long_title+templated_desc,P2,
https://www.expatcopilot.com/netherlands/life/dutch-culture/,/netherlands/life/dutch-culture/,guide,INDEXABLE,dutch-culture,Dutch Culture | Complete Guide for Expats Living in the Netherlands | ExpatCopilot,Dutch Culture | Complete Guide for Expats Living in the Netherlands,82,Dutch Culture,"Everything expats should know about Dutch culture, traditions, communication, work, food, social norms and everyday life in the Netherlands.",140,Dutch Culture,Dutch Culture | Complete Guide for Expats Living in the Netherlands,"Everything expats should know about Dutch culture, traditions, communication, work, food, social norms and everyday life in the Netherlands.",ExpatCopilot,Dutch Culture,2026-12-02,2026-12-02,1.0,0.2,guide,,overly_long_title_core|overly_long_title_with_brand|problematic_h1_title_mismatch|likely_poor_ctr_risk:truncated_risk,yes,long_title+mismatch,P2,
https://www.expatcopilot.com/netherlands/life/expat-loneliness-netherlands/,/netherlands/life/expat-loneliness-netherlands/,guide,INDEXABLE,expat-loneliness-netherlands,Expat Loneliness in the Netherlands | How to Build a New Life | ExpatCopilot,Expat Loneliness in the Netherlands | How to Build a New Life,76,Expat Loneliness in the Netherlands,"Moving to the Netherlands can feel lonely at first. Learn why it happens, how to overcome it, where to meet people and how to build a fulfilling social life as an expat.",169,Expat Loneliness,Expat Loneliness in the Netherlands | How to Build a New Life,"Moving to the Netherlands can feel lonely at first. Learn why it happens, how to overcome it, where to meet people and how to build a fulfilling social life as an expat.",ExpatCopilot,Expat Loneliness in the Netherlands,2027-01-17,2027-01-17,1.0,0.45,guide,,overly_long_title_with_brand|h1_title_differ_soft,no,,INFO,
https://www.expatcopilot.com/netherlands/life/making-dutch-friends/,/netherlands/life/making-dutch-friends/,guide,INDEXABLE,making-dutch-friends,Making Dutch Friends | The Complete Expat Guide | ExpatCopilot,Making Dutch Friends | The Complete Expat Guide,62,Making Dutch Friends,"Learn how to build genuine friendships in the Netherlands with practical advice, clubs, sports, volunteering, language exchanges, meetups and Dutch social customs.",163,Making Dutch Friends,Making Dutch Friends | The Complete Expat Guide,"Learn how to build genuine friendships in the Netherlands with practical advice, clubs, sports, volunteering, language exchanges, meetups and Dutch social customs.",ExpatCopilot,Making Dutch Friends,2026-12-09,2026-12-09,1.0,0.43,guide,,h1_title_differ_soft|templated_description_opening,soft,templated_desc,P3,
https://www.expatcopilot.com/netherlands/living/apps/,/netherlands/living/apps/,guide,INDEXABLE,apps,Essential Apps for Life in the Netherlands | ExpatCopilot,Essential Apps for Life in the Netherlands,57,Essential Apps for Life in the Netherlands,"Curated apps for Dutch daily life: OV, bank + Tikkie, groceries, delivery, rain radar, and chat—install order for your first days and weeks in the Netherlands.",159,Essential apps,Essential Apps for Life in the Netherlands | ExpatCopilot,"Curated apps for Dutch daily life: OV, bank + Tikkie, groceries, delivery, rain radar, and chat—install order for your first days and weeks in the Netherlands.",ExpatCopilot,Essential Apps for Life in the Netherlands,,2026-04-08,1.0,1.0,guide,,ok,no,,INFO,
https://www.expatcopilot.com/netherlands/life/dutch-social-norms/,/netherlands/life/dutch-social-norms/,guide,INDEXABLE,dutch-social-norms,Dutch Social Norms | Everyday Etiquette & Culture Guide | ExpatCopilot,Dutch Social Norms | Everyday Etiquette & Culture Guide,70,Dutch Social Norms,"Learn about Dutch social norms, etiquette, greetings, birthdays, punctuality, neighbour culture and everyday customs to help you settle into life in the Netherlands.",165,Dutch Social Norms,Dutch Social Norms | Everyday Etiquette & Culture Guide,"Learn about Dutch social norms, etiquette, greetings, birthdays, punctuality, neighbour culture and everyday customs to help you settle into life in the Netherlands.",ExpatCopilot,Dutch Social Norms,2026-11-21,2026-11-21,1.0,0.43,guide,,h1_title_differ_soft,no,,INFO,
https://www.expatcopilot.com/netherlands/living/,/netherlands/living/,guide,INDEXABLE,living,Netherlands Survival Guide for Expats | ExpatCopilot,Netherlands Survival Guide for Expats,52,Netherlands Survival Guide for Expats,"Practical Netherlands survival guide for expats: OV and bike defaults, apps, PIN-first payments, groceries, weather, and first-week sequencing you can bookmark.",160,Living in the Netherlands,Netherlands Survival Guide for Expats | ExpatCopilot,"Practical Netherlands survival guide for expats: OV and bike defaults, apps, PIN-first payments, groceries, weather, and first-week sequencing you can bookmark.",ExpatCopilot,Netherlands Survival Guide for Expats,,2026-04-08,0.0,1.0,guide,,duplicate_title_x2|duplicate_description_x2|generic_title|taxonomy_dominated_title|likely_poor_ctr_risk:duplicate_title+generic_or_taxonomy,yes,duplicate+generic,P2,
https://www.expatcopilot.com/netherlands/living/daily-life/,/netherlands/living/daily-life/,guide,INDEXABLE,daily-life,Daily Life Basics in the Netherlands | ExpatCopilot,Daily Life Basics in the Netherlands,51,Daily Life Basics in the Netherlands,"Groceries, shop hours, paying by card or phone, parcels, and everyday habits for people new to the Netherlands—clear and practical.",131,Daily life basics,Daily Life Basics in the Netherlands | ExpatCopilot,"Groceries, shop hours, paying by card or phone, parcels, and everyday habits for people new to the Netherlands—clear and practical.",ExpatCopilot,Daily Life Basics in the Netherlands,,2026-04-09,1.0,1.0,guide,,ok,no,,INFO,
https://www.expatcopilot.com/netherlands/living/getting-around/,/netherlands/living/getting-around/,guide,INDEXABLE,getting-around,Getting Around in the Netherlands | ExpatCopilot,Getting Around in the Netherlands,48,Getting Around in the Netherlands,"Practical Dutch transport: NS, 9292, OVpay, tap-in discipline, trains and local transit, bikes, commuting reality, and FAQs—standalone guide for newcomers.",155,Getting around,Getting Around in the Netherlands | ExpatCopilot,"Practical Dutch transport: NS, 9292, OVpay, tap-in discipline, trains and local transit, bikes, commuting reality, and FAQs—standalone guide for newcomers.",ExpatCopilot,Getting Around in the Netherlands,,2026-04-08,1.0,1.0,guide,,ok,no,,INFO,
https://www.expatcopilot.com/netherlands/living/emergencies-safety/,/netherlands/living/emergencies-safety/,guide,INDEXABLE,emergencies-safety,Emergencies & Safety in the Netherlands | ExpatCopilot,Emergencies & Safety in the Netherlands,54,Emergencies & Safety in the Netherlands,"A practical guide to what to do in emergencies, urgent situations, and everyday safety moments in the Netherlands, from emergency numbers and urgent care to transport incidents, lost items, and basic preparedness.",213,Emergencies & Safety,Emergencies & Safety in the Netherlands | ExpatCopilot,"A practical guide to what to do in emergencies, urgent situations, and everyday safety moments in the Netherlands, from emergency numbers and urgent care to transport incidents, lost items, and basic preparedness.",ExpatCopilot,Emergencies & Safety in the Netherlands,,2026-04-09,1.0,1.0,guide,,overly_long_description,no,,INFO,
https://www.expatcopilot.com/netherlands/living/government-portals-overview/,/netherlands/living/government-portals-overview/,guide,INDEXABLE,government-portals-overview,Government portals overview (Netherlands) | ExpatCopilot,Government portals overview (Netherlands),56,,"Which Dutch government portals expats use after arrival: taxes, healthcare, municipality, and benefits—without duplicating Move legal steps.",140,Government portals overview,Government portals overview (Netherlands) | ExpatCopilot,"Which Dutch government portals expats use after arrival: taxes, healthcare, municipality, and benefits—without duplicating Move legal steps.",ExpatCopilot,,,,1.0,,guide,no year in title; topic often year-sensitive (2026),missing_h1|taxonomy_dominated_title|year_absent_but_may_help_ctr|likely_poor_ctr_risk:generic_or_taxonomy+freshness_signal_missing,yes,generic+missing+year_opp,P1,no year in title; topic often year-sensitive (2026)
https://www.expatcopilot.com/netherlands/living/language/,/netherlands/living/language/,guide,INDEXABLE,language,Language & Phrases for Life in the Netherlands | ExpatCopilot,Language & Phrases for Life in the Netherlands,61,Language & Phrases for Life in the Netherlands,"The practical Dutch layer that helps newcomers handle shops, transport, cafes, work, neighbors, and everyday errands with less friction and more confidence.",156,Language & Phrases,Language & Phrases for Life in the Netherlands | ExpatCopilot,"The practical Dutch layer that helps newcomers handle shops, transport, cafes, work, neighbors, and everyday errands with less friction and more confidence.",ExpatCopilot,Language & Phrases for Life in the Netherlands,,2026-04-09,1.0,1.0,guide,,ok,no,,INFO,
https://www.expatcopilot.com/netherlands/leiden/,/netherlands/leiden/,city_page,INDEXABLE,leiden,"Moving to Leiden as an Expat | Living in Leiden, Housing, Jobs & Practical Setup | ExpatCopilot","Moving to Leiden as an Expat | Living in Leiden, Housing, Jobs & Practical Setup",95,Moving to Leiden as an Expat,"Thinking about moving to Leiden? Explore why expats choose Leiden, what life is like, how housing and registration work, and which services can help you settle in.",163,Leiden,"Moving to Leiden as an Expat | Living in Leiden, Housing, Jobs & Practical Setup | ExpatCopilot","Thinking about moving to Leiden? Explore why expats choose Leiden, what life is like, how housing and registration work, and which services can help you settle in.",ExpatCopilot,Moving to Leiden as an Expat,,2026-03-27,1.0,0.5,city_research,,overly_long_title_core|overly_long_title_with_brand|h1_title_differ_soft|likely_poor_ctr_risk:truncated_risk,soft,long_title,P3,
https://www.expatcopilot.com/netherlands/living/healthcare-basics/,/netherlands/living/healthcare-basics/,guide,INDEXABLE,healthcare-basics,Healthcare Basics in the Netherlands | ExpatCopilot,Healthcare Basics in the Netherlands,51,Healthcare Basics in the Netherlands,"A practical guide to how Dutch healthcare works in real life, from insurance and finding a GP to pharmacies, urgent care, emergencies, and the everyday things newcomers often misunderstand.",189,Healthcare Basics,Healthcare Basics in the Netherlands | ExpatCopilot,"A practical guide to how Dutch healthcare works in real life, from insurance and finding a GP to pharmacies, urgent care, emergencies, and the everyday things newcomers often misunderstand.",ExpatCopilot,Healthcare Basics in the Netherlands,,2026-04-09,1.0,1.0,guide,no year in title; topic often year-sensitive (2026),overly_long_description|year_absent_but_may_help_ctr|likely_poor_ctr_risk:freshness_signal_missing,soft,year_opp,P3,no year in title; topic often year-sensitive (2026)
https://www.expatcopilot.com/netherlands/living/car-insurance-netherlands/,/netherlands/living/car-insurance-netherlands/,guide,INDEXABLE,car-insurance-netherlands,Car Insurance in the Netherlands | Complete Guide for Expats | ExpatCopilot,Car Insurance in the Netherlands | Complete Guide for Expats,75,Car Insurance in the Netherlands,"Learn how Dutch car insurance works for expats: mandatory WA liability, WA+ and all-risk orientation, what to compare (excess, extras, green card), how cover ties to RDW registration, and soft comparison steps — not insurance advice.",233,Car insurance,Car Insurance in the Netherlands | Complete Guide for Expats | ExpatCopilot,"Learn how Dutch car insurance works for expats: mandatory WA liability, WA+ and all-risk orientation, what to compare (excess, extras, green card), how cover ties to RDW registration, and soft comparison steps — not insurance advice.",ExpatCopilot,Car Insurance in the Netherlands,2026-08-29,2026-08-29,1.0,0.56,guide,no year in title; topic often year-sensitive (2026),overly_long_description|h1_title_differ_soft|templated_description_opening|year_absent_but_may_help_ctr|likely_poor_ctr_risk:freshness_signal_missing,soft,templated_desc+year_opp,P3,no year in title; topic often year-sensitive (2026)
https://www.expatcopilot.com/netherlands/living/payments/,/netherlands/living/payments/,guide,INDEXABLE,payments,Payments & everyday money in the Netherlands | Living | ExpatCopilot,Payments & everyday money in the Netherlands | Living,68,Payments & everyday money in the Netherlands,How paying in shops and apps usually feels in the Netherlands — short Living overview with links to a full Money guide and tools.,129,Payments & money basics,Payments & everyday money in the Netherlands | Living | ExpatCopilot,How paying in shops and apps usually feels in the Netherlands — short Living overview with links to a full Money guide and tools.,ExpatCopilot,,,,1.0,0.86,guide,,h1_title_differ_soft,no,,INFO,
https://www.expatcopilot.com/netherlands/living/lease-cars-netherlands/,/netherlands/living/lease-cars-netherlands/,guide,INDEXABLE,lease-cars-netherlands,Lease Cars in the Netherlands | Complete Guide for Expats | ExpatCopilot,Lease Cars in the Netherlands | Complete Guide for Expats,72,Lease Cars in the Netherlands,"Private lease, operational lease and company cars for expats in the Netherlands: what lease means, bijtelling orientation, costs versus buying, and contract watch-outs — without tax advice.",189,Lease cars,Lease Cars in the Netherlands | Complete Guide for Expats | ExpatCopilot,"Private lease, operational lease and company cars for expats in the Netherlands: what lease means, bijtelling orientation, costs versus buying, and contract watch-outs — without tax advice.",ExpatCopilot,Lease Cars in the Netherlands,2026-09-04,2026-09-04,1.0,0.56,guide,no year in title; topic often year-sensitive (2026),overly_long_description|h1_title_differ_soft|year_absent_but_may_help_ctr|likely_poor_ctr_risk:freshness_signal_missing,soft,year_opp,P3,no year in title; topic often year-sensitive (2026)
https://www.expatcopilot.com/netherlands/living/driving-licence-exchange-netherlands/,/netherlands/living/driving-licence-exchange-netherlands/,guide,INDEXABLE,driving-licence-exchange-netherlands,Driving Licence Exchange in the Netherlands | Complete Guide for Expats | ExpatCopilot,Driving Licence Exchange in the Netherlands | Complete Guide for Expats,86,Driving Licence Exchange in the Netherlands,"Learn when to exchange a foreign driving licence for a Dutch one, RDW and municipality steps, documents, timelines, EU vs non-EU rules orientation, and what expats should check before driving.",192,Driving licence exchange,Driving Licence Exchange in the Netherlands | Complete Guide for Expats | ExpatCopilot,"Learn when to exchange a foreign driving licence for a Dutch one, RDW and municipality steps, documents, timelines, EU vs non-EU rules orientation, and what expats should check before driving.",ExpatCopilot,Driving Licence Exchange in the Netherlands,2026-08-26,2026-08-26,1.0,0.6,guide,,overly_long_title_core|overly_long_title_with_brand|overly_long_description|h1_title_differ_soft|likely_poor_ctr_risk:truncated_risk,soft,long_title,P3,
https://www.expatcopilot.com/netherlands/living/rental-market/,/netherlands/living/rental-market/,guide,INDEXABLE,rental-market,Rental market in the Netherlands | ExpatCopilot,Rental market in the Netherlands,47,,"How the Dutch rental market works for expats: demand, viewings, agencies, and realistic timelines.",98,Rental market,Rental market in the Netherlands | ExpatCopilot,"How the Dutch rental market works for expats: demand, viewings, agencies, and realistic timelines.",ExpatCopilot,,,,1.0,,guide,,missing_h1,yes,missing,P1,
https://www.expatcopilot.com/netherlands/living/shopping-groceries/,/netherlands/living/shopping-groceries/,guide,INDEXABLE,shopping-groceries,Shopping & Groceries in the Netherlands | ExpatCopilot,Shopping & Groceries in the Netherlands,54,Shopping & Groceries in the Netherlands,"A practical guide to how grocery shopping, supermarket habits, self-checkout, household buying, deliveries, and everyday errands actually work in the Netherlands.",162,Shopping & Groceries,Shopping & Groceries in the Netherlands | ExpatCopilot,"A practical guide to how grocery shopping, supermarket habits, self-checkout, household buying, deliveries, and everyday errands actually work in the Netherlands.",ExpatCopilot,Shopping & Groceries in the Netherlands,,2026-04-09,1.0,1.0,guide,,ok,no,,INFO,
https://www.expatcopilot.com/netherlands/living/survival-guide/,/netherlands/living/survival-guide/,guide,INDEXABLE,survival-guide,Netherlands Survival Guide for Expats | ExpatCopilot,Netherlands Survival Guide for Expats,52,Netherlands Survival Guide for Expats,"Practical Netherlands survival guide for expats: OV and bike defaults, apps, PIN-first payments, groceries, weather, and first-week sequencing you can bookmark.",160,Living in the Netherlands,Netherlands Survival Guide for Expats | ExpatCopilot,"Practical Netherlands survival guide for expats: OV and bike defaults, apps, PIN-first payments, groceries, weather, and first-week sequencing you can bookmark.",ExpatCopilot,Netherlands Survival Guide for Expats,,2026-04-08,0.5,1.0,guide,,duplicate_title_x2|duplicate_description_x2|generic_title|taxonomy_dominated_title|likely_poor_ctr_risk:duplicate_title+generic_or_taxonomy,yes,duplicate+generic,P2,
https://www.expatcopilot.com/netherlands/money/,/netherlands/money/,guide,INDEXABLE,money,Money in the Netherlands for Expats | ExpatCopilot,Money in the Netherlands for Expats,50,Money in the Netherlands,"Start here for Dutch banking, taxes, and calculators: links to the banking hub, money tools, tax guides, and banking planning tools — editorial planning only.",158,Money,ExpatCopilot,"Practical relocation guides, tools, and service discovery for expats moving to the Netherlands — visas, housing, banking, and settling in.",ExpatCopilot,,2026-05-01,,1.0,0.67,guide,no year in title; topic often year-sensitive (2026),h1_title_differ_soft|og_title_differs_from_title|year_absent_but_may_help_ctr|likely_poor_ctr_risk:freshness_signal_missing,soft,year_opp,P3,no year in title; topic often year-sensitive (2026)
https://www.expatcopilot.com/netherlands/living/weather/,/netherlands/living/weather/,guide,INDEXABLE,weather,Weather & Seasons in the Netherlands | ExpatCopilot,Weather & Seasons in the Netherlands,51,Weather & Seasons in the Netherlands,"A practical guide to what Dutch weather usually feels like through the year - and how wind, rain, darker months, and changing light affect what you wear, how you travel, and how daily life feels.",195,Weather & Seasons,Weather & Seasons in the Netherlands | ExpatCopilot,"A practical guide to what Dutch weather usually feels like through the year - and how wind, rain, darker months, and changing light affect what you wear, how you travel, and how daily life feels.",ExpatCopilot,Weather & Seasons in the Netherlands,,2026-04-09,1.0,1.0,guide,,overly_long_description,no,,INFO,
https://www.expatcopilot.com/netherlands/money/banking/,/netherlands/money/banking/,guide,INDEXABLE,banking,Banking in the Netherlands | ExpatCopilot,Banking in the Netherlands,41,Banking in the Netherlands,"Hub for expat banking in the Netherlands: account setup context, best-banks comparison, and links to tools and tax orientation.",127,Banking,Banking in the Netherlands | ExpatCopilot,"Hub for expat banking in the Netherlands: account setup context, best-banks comparison, and links to tools and tax orientation.",ExpatCopilot,Banking in the Netherlands,2026-04-28,2026-04-28,1.0,1.0,guide,no year in title; topic often year-sensitive (2026),year_absent_but_may_help_ctr|likely_poor_ctr_risk:freshness_signal_missing,soft,year_opp,P3,no year in title; topic often year-sensitive (2026)
https://www.expatcopilot.com/netherlands/living/electric-vehicles-netherlands/,/netherlands/living/electric-vehicles-netherlands/,guide,INDEXABLE,electric-vehicles-netherlands,Electric Vehicles in the Netherlands | Complete Guide for Expats | ExpatCopilot,Electric Vehicles in the Netherlands | Complete Guide for Expats,79,Electric Vehicles in the Netherlands,"How expats buy, charge and own electric cars in the Netherlands: home and public charging, BPM and road-tax orientation, range and winter notes, plus light insurance and APK ties — not tax or lease advice.",205,Electric vehicles,Electric Vehicles in the Netherlands | Complete Guide for Expats | ExpatCopilot,"How expats buy, charge and own electric cars in the Netherlands: home and public charging, BPM and road-tax orientation, range and winter notes, plus light insurance and APK ties — not tax or lease advice.",ExpatCopilot,Electric Vehicles in the Netherlands,2026-09-04,2026-09-04,1.0,0.56,guide,no year in title; topic often year-sensitive (2026),overly_long_title_with_brand|overly_long_description|h1_title_differ_soft|year_absent_but_may_help_ctr|likely_poor_ctr_risk:freshness_signal_missing,soft,year_opp,P3,no year in title; topic often year-sensitive (2026)
https://www.expatcopilot.com/netherlands/money/banking/account-rejection/,/netherlands/money/banking/account-rejection/,guide,INDEXABLE,account-rejection,Bank Account Rejected in the Netherlands | ExpatCopilot,Bank Account Rejected in the Netherlands,55,Bank Account Rejected in the Netherlands,"Dutch bank account rejected, slow, or stuck? Simple steps for expats: see where you stand, fix papers and BSN timing, what to do next, and short ways to pay — not legal advice; each bank decides for itself.",206,Bank account rejected,Bank Account Rejected in the Netherlands | ExpatCopilot,"Dutch bank account rejected, slow, or stuck? Simple steps for expats: see where you stand, fix papers and BSN timing, what to do next, and short ways to pay — not legal advice; each bank decides for itself.",ExpatCopilot,Bank Account Rejected in the Netherlands,2026-05-01,2026-05-01,0.5,1.0,guide,,overly_long_description,no,,INFO,
https://www.expatcopilot.com/netherlands/money/banking/best-banks-expats/,/netherlands/money/banking/best-banks-expats/,guide,INDEXABLE,best-banks-expats,Best Banks for Expats in the Netherlands | Complete Guide | ExpatCopilot,Best Banks for Expats in the Netherlands | Complete Guide,72,Best Banks for Expats in the Netherlands,"Compare Dutch bank options for expats: onboarding, English support, fees, and everyday use — an editorial shortlist to verify on each bank’s site, not a pay-to-rank awards page.",177,Best banks for expats,Best Banks for Expats in the Netherlands | Complete Guide,"Compare Dutch bank options for expats: onboarding, English support, fees, and everyday use — an editorial shortlist to verify on each bank’s site, not a pay-to-rank awards page.",ExpatCopilot,Best Banks for Expats in the Netherlands,2026-08-13,2026-08-13,1.0,0.78,guide,,overly_long_description|h1_title_differ_soft,no,,INFO,
https://www.expatcopilot.com/netherlands/money/banking/best-bank-zzp/,/netherlands/money/banking/best-bank-zzp/,guide,INDEXABLE,best-bank-zzp,Best Bank for Freelancers (ZZP) in the Netherlands | ExpatCopilot,Best Bank for Freelancers (ZZP) in the Netherlands,65,Best Bank for Freelancers (ZZP) in the Netherlands,"Plain guide for freelancers in the Netherlands: common bank setups, when a business account helps, how to compare banks fairly, and what to check on each bank’s website.",169,Best bank for freelancers (ZZP),Best Bank for Freelancers (ZZP) in the Netherlands | ExpatCopilot,"Plain guide for freelancers in the Netherlands: common bank setups, when a business account helps, how to compare banks fairly, and what to check on each bank’s website.",ExpatCopilot,Best Bank for Freelancers (ZZP) in the Netherlands,2026-04-30,2026-04-30,1.0,1.0,guide,,ok,no,,INFO,
https://www.expatcopilot.com/netherlands/money/banking/cash-vs-card/,/netherlands/money/banking/cash-vs-card/,comparison,INDEXABLE,cash-vs-card,Cash vs Card in the Netherlands | Complete Guide for Expats | ExpatCopilot,Cash vs Card in the Netherlands | Complete Guide for Expats,74,Cash vs Card in the Netherlands,"How everyday payments work in Dutch shops: PIN-first culture, when cash still helps, contactless habits, and calm tourist/expat scenarios — orientation only, not financial advice.",179,Cash vs card,Cash vs Card in the Netherlands | Complete Guide for Expats,"How everyday payments work in Dutch shops: PIN-first culture, when cash still helps, contactless habits, and calm tourist/expat scenarios — orientation only, not financial advice.",ExpatCopilot,Cash vs Card in the Netherlands,2026-08-13,2026-08-13,1.0,0.6,comparison,,overly_long_description|h1_title_differ_soft,no,,INFO,
https://www.expatcopilot.com/netherlands/money/banking/cheapest-accounts/,/netherlands/money/banking/cheapest-accounts/,guide,INDEXABLE,cheapest-accounts,Cheapest Bank Accounts in the Netherlands | ExpatCopilot,Cheapest Bank Accounts in the Netherlands,56,Cheapest Bank Accounts in the Netherlands,"Plain-language guide to low-cost Dutch bank accounts for expats: what “cheap” really includes, common hidden fees, and links to compare banks. We do not publish live prices — always check each bank’s own website.",212,Cheapest bank accounts,Cheapest Bank Accounts in the Netherlands | ExpatCopilot,"Plain-language guide to low-cost Dutch bank accounts for expats: what “cheap” really includes, common hidden fees, and links to compare banks. We do not publish live prices — always check each bank’s own website.",ExpatCopilot,Cheapest Bank Accounts in the Netherlands,2026-04-30,2026-04-30,1.0,1.0,guide,,overly_long_description,no,,INFO,
https://www.expatcopilot.com/netherlands/living/buying-a-car-netherlands/,/netherlands/living/buying-a-car-netherlands/,guide,INDEXABLE,buying-a-car-netherlands,Buying a Car in the Netherlands | Complete Guide for Expats | ExpatCopilot,Buying a Car in the Netherlands | Complete Guide for Expats,74,Buying a Car in the Netherlands,"Learn how expats buy a used or new car in the Netherlands: BPM and tax orientation, RDW registration, insurance, APK checks, dealer vs private purchase, and realistic ownership costs.",183,Buying a car,Buying a Car in the Netherlands | Complete Guide for Expats | ExpatCopilot,"Learn how expats buy a used or new car in the Netherlands: BPM and tax orientation, RDW registration, insurance, APK checks, dealer vs private purchase, and realistic ownership costs.",ExpatCopilot,Buying a Car in the Netherlands,2026-08-26,2026-08-26,1.0,0.6,guide,no year in title; topic often year-sensitive (2026),overly_long_description|h1_title_differ_soft|templated_description_opening|year_absent_but_may_help_ctr|likely_poor_ctr_risk:freshness_signal_missing,soft,templated_desc+year_opp,P3,no year in title; topic often year-sensitive (2026)
https://www.expatcopilot.com/netherlands/money/banking/credit-cards/,/netherlands/money/banking/credit-cards/,guide,INDEXABLE,credit-cards,Credit Cards in the Netherlands | Complete Guide for Expats | ExpatCopilot,Credit Cards in the Netherlands | Complete Guide for Expats,74,Credit Cards in the Netherlands,"How credit cards fit Dutch payment culture for expats: availability, when credit is useful, fees and interest orientation, and credit vs debit for everyday spend — not issuer rankings.",184,Credit cards,Credit Cards in the Netherlands | Complete Guide for Expats,"How credit cards fit Dutch payment culture for expats: availability, when credit is useful, fees and interest orientation, and credit vs debit for everyday spend — not issuer rankings.",ExpatCopilot,Credit Cards in the Netherlands,2026-08-15,2026-08-15,1.0,0.56,guide,,overly_long_description|h1_title_differ_soft,no,,INFO,
https://www.expatcopilot.com/netherlands/money/banking/how-payments-work/,/netherlands/money/banking/how-payments-work/,guide,INDEXABLE,how-payments-work,How paying in the Netherlands works | ExpatCopilot,How paying in the Netherlands works,50,How paying in the Netherlands works,"Simple guide for newcomers: your bank account number, paying in shops and online, rent, salary, and bills. Details differ by bank and contract — for learning only, not prices or personal advice.",194,How payments work,How paying in the Netherlands works | ExpatCopilot,"Simple guide for newcomers: your bank account number, paying in shops and online, rent, salary, and bills. Details differ by bank and contract — for learning only, not prices or personal advice.",ExpatCopilot,How paying in the Netherlands works,2026-04-28,2026-04-28,0.33,1.0,guide,no year in title; topic often year-sensitive (2026),overly_long_description|year_absent_but_may_help_ctr|likely_poor_ctr_risk:freshness_signal_missing,soft,year_opp,P3,no year in title; topic often year-sensitive (2026)
https://www.expatcopilot.com/netherlands/money/banking/fees/,/netherlands/money/banking/fees/,guide,INDEXABLE,fees,Banking Fees & Costs in the Netherlands | ExpatCopilot,Banking Fees & Costs in the Netherlands,54,Banking Fees & Costs in the Netherlands,"Easy guide for expats: what Dutch banks often charge for (monthly account, cards, cash machines, sending money abroad, changing currency, extra plans, and self-employed accounts). Always check each bank’s own website for today’s prices.",236,Fees & costs,Banking Fees & Costs in the Netherlands | ExpatCopilot,"Easy guide for expats: what Dutch banks often charge for (monthly account, cards, cash machines, sending money abroad, changing currency, extra plans, and self-employed accounts). Always check each bank’s own website for today’s prices.",ExpatCopilot,Banking Fees & Costs in the Netherlands,2026-04-28,2026-04-28,1.0,1.0,guide,,overly_long_description,no,,INFO,
https://www.expatcopilot.com/netherlands/money/banking/debit-cards/,/netherlands/money/banking/debit-cards/,guide,INDEXABLE,debit-cards,Debit Cards in the Netherlands | Complete Guide for Expats | ExpatCopilot,Debit Cards in the Netherlands | Complete Guide for Expats,73,Debit Cards in the Netherlands,"Dutch debit and PIN culture for expats: pinpas norms, Maestro and Debit Mastercard expectations, shops, ATMs, online use, and how debit-first habits differ from credit-first countries — orientation only.",203,Debit cards,Debit Cards in the Netherlands | Complete Guide for Expats,"Dutch debit and PIN culture for expats: pinpas norms, Maestro and Debit Mastercard expectations, shops, ATMs, online use, and how debit-first habits differ from credit-first countries — orientation only.",ExpatCopilot,Debit Cards in the Netherlands,2026-08-14,2026-08-14,1.0,0.56,guide,,overly_long_description|h1_title_differ_soft,no,,INFO,
https://www.expatcopilot.com/netherlands/money/banking/international-transfers/,/netherlands/money/banking/international-transfers/,guide,INDEXABLE,international-transfers,International Transfers from the Netherlands | Complete Guide for Expats | ExpatCopilot,International Transfers from the Netherlands | Complete Guide for Expats,87,International Transfers from the Netherlands,"Send money abroad from a Dutch account: fees, exchange-rate gaps, timing, and what to compare before you confirm — orientation only, verify every quote with providers.",167,International transfers,International Transfers from the Netherlands | Complete Guide for Expats,"Send money abroad from a Dutch account: fees, exchange-rate gaps, timing, and what to compare before you confirm — orientation only, verify every quote with providers.",ExpatCopilot,International Transfers from the Netherlands,2026-08-14,2026-08-14,1.0,0.56,guide,,overly_long_title_core|overly_long_title_with_brand|h1_title_differ_soft|likely_poor_ctr_risk:truncated_risk,soft,long_title,P3,
https://www.expatcopilot.com/netherlands/living/mot-apk-netherlands/,/netherlands/living/mot-apk-netherlands/,guide,INDEXABLE,mot-apk-netherlands,MOT / APK in the Netherlands | Complete Guide for Expats | ExpatCopilot,MOT / APK in the Netherlands | Complete Guide for Expats,71,MOT / APK in the Netherlands,"Learn how the Dutch APK (MOT / periodic vehicle inspection) works for expats: what it is, when it is due, how to book an RDW-approved station, pass/fail orientation, cost bands, and how APK ties to ownership after buying a car.",227,MOT / APK,MOT / APK in the Netherlands | Complete Guide for Expats | ExpatCopilot,"Learn how the Dutch APK (MOT / periodic vehicle inspection) works for expats: what it is, when it is due, how to book an RDW-approved station, pass/fail orientation, cost bands, and how APK ties to ownership after buying a car.",ExpatCopilot,MOT / APK in the Netherlands,2026-09-01,2026-09-01,1.0,0.56,guide,,overly_long_description|h1_title_differ_soft|templated_description_opening,soft,templated_desc,P3,
https://www.expatcopilot.com/netherlands/living/car-sharing-netherlands/,/netherlands/living/car-sharing-netherlands/,guide,INDEXABLE,car-sharing-netherlands,Car Sharing in the Netherlands | Complete Guide for Expats | ExpatCopilot,Car Sharing in the Netherlands | Complete Guide for Expats,73,Car Sharing in the Netherlands,"When car sharing beats owning for expats in the Netherlands: membership models, how apps and trips work, cost orientation vs ownership, licence and insurance notes — plus soft mobility CTAs.",190,Car sharing,Car Sharing in the Netherlands | Complete Guide for Expats | ExpatCopilot,"When car sharing beats owning for expats in the Netherlands: membership models, how apps and trips work, cost orientation vs ownership, licence and insurance notes — plus soft mobility CTAs.",ExpatCopilot,Car Sharing in the Netherlands,2026-09-04,2026-09-04,1.0,0.56,guide,no year in title; topic often year-sensitive (2026),overly_long_description|h1_title_differ_soft|year_absent_but_may_help_ctr|likely_poor_ctr_risk:freshness_signal_missing,soft,year_opp,P3,no year in title; topic often year-sensitive (2026)
https://www.expatcopilot.com/netherlands/living/road-tax-netherlands/,/netherlands/living/road-tax-netherlands/,guide,INDEXABLE,road-tax-netherlands,Road Tax in the Netherlands | Complete Guide for Expats | ExpatCopilot,Road Tax in the Netherlands | Complete Guide for Expats,70,Road Tax in the Netherlands,"Learn how Dutch road tax (wegenbelasting / motorrijtuigenbelasting) works for expats: who pays, how weight, fuel and province affect amounts, how to check and pay via Belastingdienst and RDW, and timing after buying a car.",222,Road tax,Road Tax in the Netherlands | Complete Guide for Expats | ExpatCopilot,"Learn how Dutch road tax (wegenbelasting / motorrijtuigenbelasting) works for expats: who pays, how weight, fuel and province affect amounts, how to check and pay via Belastingdienst and RDW, and timing after buying a car.",ExpatCopilot,Road Tax in the Netherlands,2026-08-29,2026-08-29,1.0,0.56,research_comparison,no year in title; topic often year-sensitive (2026),overly_long_description|h1_title_differ_soft|templated_description_opening|year_absent_but_may_help_ctr|likely_poor_ctr_risk:freshness_signal_missing,soft,templated_desc+year_opp,P3,no year in title; topic often year-sensitive (2026)
https://www.expatcopilot.com/netherlands/money/banking/security/,/netherlands/money/banking/security/,guide,INDEXABLE,security,Banking Safety & Fraud in the Netherlands | ExpatCopilot,Banking Safety & Fraud in the Netherlands,56,Banking Safety & Fraud in the Netherlands,"Plain-language banking safety for expats in the Netherlands: fake messages and calls, payment links and marketplace scams, card tips, checks before you send money abroad, simple account habits, and what to do first if something feels wrong. For learning only—not legal advice; use your bank and official sites when it counts.",325,Banking safety & fraud,Banking Safety & Fraud in the Netherlands | ExpatCopilot,"Plain-language banking safety for expats in the Netherlands: fake messages and calls, payment links and marketplace scams, card tips, checks before you send money abroad, simple account habits, and what to do first if something feels wrong. For learning only—not legal advice; use your bank and official sites when it counts.",ExpatCopilot,Banking Safety & Fraud in the Netherlands,2026-05-01,2026-05-01,0.0,1.0,guide,,overly_long_description,no,,INFO,
https://www.expatcopilot.com/netherlands/living/tools/utilities-services-comparison/,/netherlands/living/tools/utilities-services-comparison/,tool_calculator,INDEXABLE,utilities-services-comparison,Netherlands Utilities & Household Services Planner | ExpatCopilot,Netherlands Utilities & Household Services Planner,65,Netherlands household utilities — planner & guide,"Destination guide and free planner for Dutch household utilities: what to arrange yourself vs local charges, landlord questions, first-month setup, and monthly bands for energy, water, internet, mobile, and gemeente-linked costs. Worked presets, FAQs, official sources, and links to cost of living, rent, cities, and moving tools. Planning only — not live quotes.",363,Utilities & services comparison,Netherlands Utilities & Household Services Planner | ExpatCopilot,"Destination guide and free planner for Dutch household utilities: what to arrange yourself vs local charges, landlord questions, first-month setup, and monthly bands for energy, water, internet, mobile, and gemeente-linked costs. Worked presets, FAQs, official sources, and links to cost of living, rent, cities, and moving tools. Planning only — not live quotes.",ExpatCopilot,,,,0.67,0.67,tool_transactional,no year in title; topic often year-sensitive (2026),overly_long_description|generic_title|h1_title_differ_soft|year_absent_but_may_help_ctr|likely_poor_ctr_risk:generic_or_taxonomy+freshness_signal_missing,yes,generic+year_opp,P2,no year in title; topic often year-sensitive (2026)
https://www.expatcopilot.com/netherlands/living/speed-cameras-netherlands/,/netherlands/living/speed-cameras-netherlands/,guide,INDEXABLE,speed-cameras-netherlands,Speed Cameras in the Netherlands | Complete Guide for Expats | ExpatCopilot,Speed Cameras in the Netherlands | Complete Guide for Expats,75,Speed Cameras in the Netherlands,"How Dutch speed cameras, flitsers and trajectcontrole work for expats: enforcement types, what to expect on the road, how fines arrive via CJIB, and high-level payment and objection orientation — not legal advice.",213,Speed cameras,Speed Cameras in the Netherlands | Complete Guide for Expats | ExpatCopilot,"How Dutch speed cameras, flitsers and trajectcontrole work for expats: enforcement types, what to expect on the road, how fines arrive via CJIB, and high-level payment and objection orientation — not legal advice.",ExpatCopilot,Speed Cameras in the Netherlands,2026-09-01,2026-09-01,1.0,0.56,guide,,overly_long_description|h1_title_differ_soft,no,,INFO,
https://www.expatcopilot.com/netherlands/money/banking/traditional-vs-digital/,/netherlands/money/banking/traditional-vs-digital/,comparison,INDEXABLE,traditional-vs-digital,Traditional vs Digital Banks in the Netherlands | ExpatCopilot,Traditional vs Digital Banks in the Netherlands,62,Traditional vs Digital Banks in the Netherlands,"Plain-language guide for expats: big Dutch banks vs app banks, English help, iDEAL, salary and rent, sending money abroad, and using both. We do not show live prices — check each bank’s website.",194,Traditional vs digital,Traditional vs Digital Banks in the Netherlands | ExpatCopilot,"Plain-language guide for expats: big Dutch banks vs app banks, English help, iDEAL, salary and rent, sending money abroad, and using both. We do not show live prices — check each bank’s website.",ExpatCopilot,Traditional vs Digital Banks in the Netherlands,2026-04-28,2026-04-28,1.0,1.0,comparison,no year in title; topic often year-sensitive (2026),overly_long_description|year_absent_but_may_help_ctr|likely_poor_ctr_risk:freshness_signal_missing,soft,year_opp,P3,no year in title; topic often year-sensitive (2026)
https://www.expatcopilot.com/netherlands/money/banking/types-of-accounts/,/netherlands/money/banking/types-of-accounts/,guide,INDEXABLE,types-of-accounts,Types of Bank Accounts in the Netherlands | ExpatCopilot,Types of Bank Accounts in the Netherlands,56,Types of Bank Accounts in the Netherlands,"Plain-language guide for expats: everyday accounts, savings, shared accounts, student offers, self-employed banking, and app banks. For learning only — not personal advice. Check each bank’s website for prices and rules.",220,Types of accounts,Types of Bank Accounts in the Netherlands | ExpatCopilot,"Plain-language guide for expats: everyday accounts, savings, shared accounts, student offers, self-employed banking, and app banks. For learning only — not personal advice. Check each bank’s website for prices and rules.",ExpatCopilot,Types of Bank Accounts in the Netherlands,2026-04-28,2026-04-28,1.0,1.0,guide,,overly_long_description,no,,INFO,
https://www.expatcopilot.com/netherlands/money/banking/wise-vs-revolut/,/netherlands/money/banking/wise-vs-revolut/,comparison,INDEXABLE,wise-vs-revolut,Wise vs Revolut for Expats in the Netherlands | Complete Guide | ExpatCopilot,Wise vs Revolut for Expats in the Netherlands | Complete Guide,77,Wise vs Revolut for Expats in the Netherlands,"Decision orientation for Wise vs Revolut in the Netherlands: multi-currency and app-banking roles, fees/FX framing, when each tends to fit, and how they sit beside a Dutch account — not a winner ranking.",203,Wise vs Revolut,Wise vs Revolut for Expats in the Netherlands | Complete Guide,"Decision orientation for Wise vs Revolut in the Netherlands: multi-currency and app-banking roles, fees/FX framing, when each tends to fit, and how they sit beside a Dutch account — not a winner ranking.",ExpatCopilot,Wise vs Revolut for Expats in the Netherlands,2026-08-16,2026-08-16,1.0,0.8,comparison,,overly_long_title_with_brand|overly_long_description|h1_title_differ_soft,no,,INFO,
https://www.expatcopilot.com/netherlands/money/how-taxes-work-in-the-netherlands/,/netherlands/money/how-taxes-work-in-the-netherlands/,guide,INDEXABLE,how-taxes-work-in-the-netherlands,How Taxes Work in the Netherlands | ExpatCopilot,How Taxes Work in the Netherlands,48,How Taxes Work in the Netherlands,"Dutch tax system in plain English: payroll vs annual return, Box 1–3, credits vs allowances, and links to calculators — educational only; confirm your year with Belastingdienst.",177,How Taxes Work in the Netherlands,How Taxes Work in the Netherlands | ExpatCopilot,"Dutch tax system in plain English: payroll vs annual return, Box 1–3, credits vs allowances, and links to calculators — educational only; confirm your year with Belastingdienst.",ExpatCopilot,How Taxes Work in the Netherlands,2026-04-28,2026-04-28,1.0,1.0,research_comparison,no year in title; topic often year-sensitive (2026),overly_long_description|year_absent_but_may_help_ctr|likely_poor_ctr_risk:freshness_signal_missing,soft,year_opp,P3,no year in title; topic often year-sensitive (2026)
https://www.expatcopilot.com/netherlands/money/tax-guide-for-expats/,/netherlands/money/tax-guide-for-expats/,guide,INDEXABLE,tax-guide-for-expats,Netherlands Tax Guide for Expats | ExpatCopilot,Netherlands Tax Guide for Expats,47,Netherlands Tax Guide for Expats,"A practical guide to Dutch tax for expats — covering payroll tax, income tax returns, 30% ruling, allowances, Box 3, payslips, and common cross-border tax questions.",165,Netherlands Tax Guide for Expats,Netherlands Tax Guide for Expats | ExpatCopilot,"A practical guide to Dutch tax for expats — covering payroll tax, income tax returns, 30% ruling, allowances, Box 3, payslips, and common cross-border tax questions.",ExpatCopilot,Netherlands Tax Guide for Expats,2026-04-28,2026-04-28,0.67,1.0,research_comparison,no year in title; topic often year-sensitive (2026),generic_title|taxonomy_dominated_title|year_absent_but_may_help_ctr|likely_poor_ctr_risk:generic_or_taxonomy+freshness_signal_missing,yes,generic+year_opp,P2,no year in title; topic often year-sensitive (2026)
https://www.expatcopilot.com/netherlands/maastricht/,/netherlands/maastricht/,city_page,INDEXABLE,maastricht,"Moving to Maastricht as an Expat | Living in Maastricht, Housing, Lifestyle & Practical Setup | ExpatCopilot","Moving to Maastricht as an Expat | Living in Maastricht, Housing, Lifestyle & Practical Setup",108,Moving to Maastricht as an Expat,"Thinking about moving to Maastricht? Explore why expats choose Maastricht, what life is like, how registration and housing work, and which services can help you settle in.",171,Maastricht,"Moving to Maastricht as an Expat | Living in Maastricht, Housing, Lifestyle & Practical Setup | ExpatCopilot","Thinking about moving to Maastricht? Explore why expats choose Maastricht, what life is like, how registration and housing work, and which services can help you settle in.",ExpatCopilot,Moving to Maastricht as an Expat,,2026-03-30,1.0,0.5,city_research,,overly_long_title_core|overly_long_title_with_brand|overly_long_description|h1_title_differ_soft|likely_poor_ctr_risk:truncated_risk,soft,long_title,P3,
https://www.expatcopilot.com/netherlands/money/tax-residency-netherlands/,/netherlands/money/tax-residency-netherlands/,guide,INDEXABLE,tax-residency-netherlands,Tax Residency in the Netherlands | ExpatCopilot,Tax Residency in the Netherlands,47,Tax Residency in the Netherlands,"A practical guide to Dutch tax residency — what it means, why it matters for expats, and how arrival dates, work location, family ties, foreign income, assets, and double-tax questions can affect what you need to check.",219,Tax Residency in the Netherlands,Tax Residency in the Netherlands | ExpatCopilot,"A practical guide to Dutch tax residency — what it means, why it matters for expats, and how arrival dates, work location, family ties, foreign income, assets, and double-tax questions can affect what you need to check.",ExpatCopilot,Tax Residency in the Netherlands,2026-04-28,2026-04-28,1.0,1.0,research_comparison,no year in title; topic often year-sensitive (2026),overly_long_description|year_absent_but_may_help_ctr|likely_poor_ctr_risk:freshness_signal_missing,soft,year_opp,P3,no year in title; topic often year-sensitive (2026)
https://www.expatcopilot.com/netherlands/money/tax-return-netherlands/,/netherlands/money/tax-return-netherlands/,guide,INDEXABLE,tax-return-netherlands,Tax Return in the Netherlands | ExpatCopilot,Tax Return in the Netherlands,44,Tax Return in the Netherlands,"Dutch income tax return guide for expats: payroll vs annual filing, preparation checklist, Box 1–3, cross-border prompts, and links to tools — orientation, not tax advice.",171,Tax Return in the Netherlands,Tax Return in the Netherlands | ExpatCopilot,"Dutch income tax return guide for expats: payroll vs annual filing, preparation checklist, Box 1–3, cross-border prompts, and links to tools — orientation, not tax advice.",ExpatCopilot,Tax Return in the Netherlands,2026-04-28,2026-04-28,1.0,1.0,research_comparison,no year in title; topic often year-sensitive (2026),overly_long_description|year_absent_but_may_help_ctr|likely_poor_ctr_risk:freshness_signal_missing,soft,year_opp,P3,no year in title; topic often year-sensitive (2026)
https://www.expatcopilot.com/netherlands/money/expat-taxes-netherlands/,/netherlands/money/expat-taxes-netherlands/,guide,INDEXABLE,expat-taxes-netherlands,Expat Taxes in the Netherlands | ExpatCopilot,Expat Taxes in the Netherlands,45,Expat Taxes in the Netherlands,"Plain-language guide for expats in the Netherlands: payslip and pay, 30% ruling, savings abroad, part-year moves, family benefits, living in two countries for tax, and free tools — not personal tax advice.",205,Expat Taxes in the Netherlands,Expat Taxes in the Netherlands | ExpatCopilot,"Plain-language guide for expats in the Netherlands: payslip and pay, 30% ruling, savings abroad, part-year moves, family benefits, living in two countries for tax, and free tools — not personal tax advice.",ExpatCopilot,Expat Taxes in the Netherlands,2026-04-28,2026-04-28,1.0,1.0,research_comparison,no year in title; topic often year-sensitive (2026),overly_long_description|year_absent_but_may_help_ctr|likely_poor_ctr_risk:freshness_signal_missing,soft,year_opp,P3,no year in title; topic often year-sensitive (2026)
https://www.expatcopilot.com/netherlands/money/tools/,/netherlands/money/tools/,tool_calculator,INDEXABLE,tools,Money & Tax tools for expats in the Netherlands | ExpatCopilot,Money & Tax tools for expats in the Netherlands,62,Money & Tax,"Salary, tax, affordability and cost calculators. 7 live tools and 1 more coming soon.",85,Money & Tax,Money & Tax tools for expats in the Netherlands | ExpatCopilot,"Salary, tax, affordability and cost calculators. 7 live tools and 1 more coming soon.",ExpatCopilot,,,,1.0,0.25,tool_transactional,no year in title; topic often year-sensitive (2026),problematic_h1_title_mismatch|year_absent_but_may_help_ctr|likely_poor_ctr_risk:freshness_signal_missing,yes,mismatch+year_opp,P2,no year in title; topic often year-sensitive (2026)
https://www.expatcopilot.com/netherlands/money/taxes/tax-advisors/,/netherlands/money/taxes/tax-advisors/,guide,INDEXABLE,tax-advisors,"Netherlands tax advisors for expats: when to hire, questions to ask | ExpatCopilot","Netherlands tax advisors for expats: when to hire, questions to ask",82,Netherlands tax advisors for expats,"Editorial guide (not tax advice): DIY vs advisor, interview questions, checklists, and tools-first links for Dutch taxes, the annual return, 30% ruling, and cross-border situations.",181,Tax Advisors for Expats,"Netherlands tax advisors for expats: when to hire, questions to ask | ExpatCopilot","Editorial guide (not tax advice): DIY vs advisor, interview questions, checklists, and tools-first links for Dutch taxes, the annual return, 30% ruling, and cross-border situations.",ExpatCopilot,Netherlands tax advisors for expats,2026-04-28,2026-04-28,1.0,0.5,research_comparison,no year in title; topic often year-sensitive (2026),overly_long_title_core|overly_long_title_with_brand|overly_long_description|generic_title|h1_title_differ_soft|year_absent_but_may_help_ctr|likely_poor_ctr_risk:generic_or_taxonomy+truncated_risk+freshness_signal_missing,yes,generic+long_title+year_opp,P2,no year in title; topic often year-sensitive (2026)
https://www.expatcopilot.com/netherlands/money/banking/student-accounts/,/netherlands/money/banking/student-accounts/,guide,INDEXABLE,student-accounts,Student Bank Accounts in the Netherlands | Complete Guide for Expats | ExpatCopilot,Student Bank Accounts in the Netherlands | Complete Guide for Expats,83,Student Bank Accounts in the Netherlands,"Studentrekening orientation for Dutch and international students: enrolment and age eligibility, package perks and indicative 2026 fee bands, documents for newcomers, and what happens after graduation — not financial advice.",224,Student bank accounts,Student Bank Accounts in the Netherlands | Complete Guide for Expats | ExpatCopilot,"Studentrekening orientation for Dutch and international students: enrolment and age eligibility, package perks and indicative 2026 fee bands, documents for newcomers, and what happens after graduation — not financial advice.",ExpatCopilot,Student Bank Accounts in the Netherlands,2026-08-14,2026-08-14,1.0,0.6,guide,contains 2026; topic may benefit from year freshness,overly_long_title_core|overly_long_title_with_brand|overly_long_description|h1_title_differ_soft|likely_poor_ctr_risk:truncated_risk,soft,long_title,P3,contains 2026; topic may benefit from year freshness
https://www.expatcopilot.com/netherlands/money/banking/joint-accounts/,/netherlands/money/banking/joint-accounts/,guide,INDEXABLE,joint-accounts,Joint Bank Accounts in the Netherlands | Complete Guide for Expats | ExpatCopilot,Joint Bank Accounts in the Netherlands | Complete Guide for Expats,81,Joint Bank Accounts in the Netherlands,"Gezamenlijke rekening orientation for couples and housemates in the Netherlands: who can open, shared access and dual cards, household money habits, indicative 2026 joint fee uplifts, opening steps and a calm exit checklist — not financial advice.",247,Joint bank accounts,Joint Bank Accounts in the Netherlands | Complete Guide for Expats | ExpatCopilot,"Gezamenlijke rekening orientation for couples and housemates in the Netherlands: who can open, shared access and dual cards, household money habits, indicative 2026 joint fee uplifts, opening steps and a calm exit checklist — not financial advice.",ExpatCopilot,Joint Bank Accounts in the Netherlands,2026-08-14,2026-08-14,1.0,0.6,guide,contains 2026; topic may benefit from year freshness,overly_long_title_core|overly_long_title_with_brand|overly_long_description|h1_title_differ_soft|likely_poor_ctr_risk:truncated_risk,soft,long_title,P3,contains 2026; topic may benefit from year freshness
https://www.expatcopilot.com/netherlands/move-to-netherlands-without-job/,/netherlands/move-to-netherlands-without-job/,moving_guide,INDEXABLE,move-to-netherlands-without-job,Can You Move to the Netherlands Without a Job? | EU & Non-EU Guide | ExpatCopilot,Can You Move to the Netherlands Without a Job? | EU & Non-EU Guide,81,Can You Move to the Netherlands Without a Job?,"Can you move to the Netherlands without a job offer? Learn the difference for EU and non-EU nationals, what documents and savings may be needed, and how to plan your move.",171,Move without a job,Can You Move to the Netherlands Without a Job? | EU & Non-EU Guide | ExpatCopilot,"Can you move to the Netherlands without a job offer? Learn the difference for EU and non-EU nationals, what documents and savings may be needed, and how to plan your move.",ExpatCopilot,Can You Move to the Netherlands Without a Job?,,2026-09-06,1.0,0.75,moving_guide,,overly_long_title_core|overly_long_title_with_brand|overly_long_description|h1_title_differ_soft|likely_poor_ctr_risk:truncated_risk,soft,long_title,P3,
https://www.expatcopilot.com/netherlands/money/financial-checklist-netherlands/,/netherlands/money/financial-checklist-netherlands/,guide,INDEXABLE,financial-checklist-netherlands,Financial Checklist for Expats in the Netherlands | Money Setup Guide | ExpatCopilot,Financial Checklist for Expats in the Netherlands | Money Setup Guide,84,Financial Checklist for Expats in the Netherlands,"Ordered money setup checklist for expats in the Netherlands: bank account, insurance, budget, tax orientation and buffers for the first 30 and 90 days — orientation only, not financial advice.",192,Financial checklist,Financial Checklist for Expats in the Netherlands | Money Setup Guide | ExpatCopilot,"Ordered money setup checklist for expats in the Netherlands: bank account, insurance, budget, tax orientation and buffers for the first 30 and 90 days — orientation only, not financial advice.",ExpatCopilot,Financial Checklist for Expats in the Netherlands,2026-08-18,2026-08-18,1.0,0.7,guide,no year in title; topic often year-sensitive (2026),overly_long_title_core|overly_long_title_with_brand|overly_long_description|h1_title_differ_soft|year_absent_but_may_help_ctr|likely_poor_ctr_risk:truncated_risk+freshness_signal_missing,yes,long_title+year_opp,P2,no year in title; topic often year-sensitive (2026)
https://www.expatcopilot.com/netherlands/money/monthly-budget-netherlands/,/netherlands/money/monthly-budget-netherlands/,guide,INDEXABLE,monthly-budget-netherlands,Monthly Budget for Expats in the Netherlands | Complete Guide | ExpatCopilot,Monthly Budget for Expats in the Netherlands | Complete Guide,76,Monthly Budget for Expats in the Netherlands,"Build a realistic monthly budget template for the Netherlands in 2026: category lines, first-month vs steady-state cash, example household bands, and a net-pay → fixed → variable → buffer workflow. Planning ranges only — not personal financial advice.",251,Monthly budget,Monthly Budget for Expats in the Netherlands | Complete Guide | ExpatCopilot,"Build a realistic monthly budget template for the Netherlands in 2026: category lines, first-month vs steady-state cash, example household bands, and a net-pay → fixed → variable → buffer workflow. Planning ranges only — not personal financial advice.",ExpatCopilot,Monthly Budget for Expats in the Netherlands,2026-08-15,2026-08-15,1.0,0.78,guide,contains 2026; topic may benefit from year freshness,overly_long_title_with_brand|overly_long_description|h1_title_differ_soft,no,,INFO,contains 2026; topic may benefit from year freshness
https://www.expatcopilot.com/netherlands/money/hidden-costs-netherlands/,/netherlands/money/hidden-costs-netherlands/,guide,INDEXABLE,hidden-costs-netherlands,Hidden Costs of Living in the Netherlands | Expat Money Guide | ExpatCopilot,Hidden Costs of Living in the Netherlands | Expat Money Guide,76,Hidden Costs of Living in the Netherlands,"Newcomer surprise costs in the Netherlands: deposits, insurance eigen risico, municipal taxes, banking FX, school and childcare extras, move-in cash — indicative 2026 bands and an orientation checklist.",202,Hidden costs,Hidden Costs of Living in the Netherlands | Expat Money Guide | ExpatCopilot,"Newcomer surprise costs in the Netherlands: deposits, insurance eigen risico, municipal taxes, banking FX, school and childcare extras, move-in cash — indicative 2026 bands and an orientation checklist.",ExpatCopilot,Hidden Costs of Living in the Netherlands,2026-08-18,2026-08-18,1.0,0.7,guide,contains 2026; topic may benefit from year freshness,overly_long_title_with_brand|overly_long_description|h1_title_differ_soft,no,,INFO,contains 2026; topic may benefit from year freshness
https://www.expatcopilot.com/netherlands/money/cost-of-living-netherlands/,/netherlands/money/cost-of-living-netherlands/,guide,INDEXABLE,cost-of-living-netherlands,Cost of Living in the Netherlands | Complete Guide for Expats | ExpatCopilot,Cost of Living in the Netherlands | Complete Guide for Expats,76,Cost of Living in the Netherlands,"What drives living costs in the Netherlands for expats in 2026: housing, insurance, groceries, transport and childcare — plus indicative city and lifestyle bands and how to read the numbers. Planning ranges only, not quotes.",224,Cost of living,Cost of Living in the Netherlands | Complete Guide for Expats | ExpatCopilot,"What drives living costs in the Netherlands for expats in 2026: housing, insurance, groceries, transport and childcare — plus indicative city and lifestyle bands and how to read the numbers. Planning ranges only, not quotes.",ExpatCopilot,Cost of Living in the Netherlands,2026-08-15,2026-08-15,1.0,0.6,research_comparison,contains 2026; topic may benefit from year freshness,overly_long_title_with_brand|overly_long_description|h1_title_differ_soft,no,,INFO,contains 2026; topic may benefit from year freshness
https://www.expatcopilot.com/netherlands/moving-requirements-netherlands/,/netherlands/moving-requirements-netherlands/,moving_guide,INDEXABLE,moving-requirements-netherlands,Moving to the Netherlands Requirements: Expat Planning Guide | ExpatCopilot,Moving to the Netherlands Requirements: Expat Planning Guide,75,Moving to the Netherlands: Key Requirements to Plan For,"Learn the main requirements many expats need to plan for when moving to the Netherlands, including documents, housing, arrival admin, finances, and first-month setup.",166,Moving Requirements,Moving to the Netherlands Requirements: Expat Planning Guide | ExpatCopilot,"Learn the main requirements many expats need to plan for when moving to the Netherlands, including documents, housing, arrival admin, finances, and first-month setup.",ExpatCopilot,Moving to the Netherlands: Key Requirements to Plan For,,2026-09-06,1.0,0.45,moving_guide,,h1_title_differ_soft,no,,INFO,
https://www.expatcopilot.com/netherlands/moving-mistakes-netherlands/,/netherlands/moving-mistakes-netherlands/,moving_guide,INDEXABLE,moving-mistakes-netherlands,Common Mistakes When Moving to the Netherlands | ExpatCopilot,Common Mistakes When Moving to the Netherlands,61,Common Mistakes When Moving to the Netherlands,"Learn the most common mistakes expats make when moving to the Netherlands and how to avoid them with better preparation, document planning, and arrival setup.",158,Moving Mistakes,Common Mistakes When Moving to the Netherlands | ExpatCopilot,"Learn the most common mistakes expats make when moving to the Netherlands and how to avoid them with better preparation, document planning, and arrival setup.",ExpatCopilot,Common Mistakes When Moving to the Netherlands,,2026-09-06,1.0,1.0,moving_guide,,ok,no,,INFO,
https://www.expatcopilot.com/netherlands/money/saving-money-netherlands/,/netherlands/money/saving-money-netherlands/,guide,INDEXABLE,saving-money-netherlands,Saving Money in the Netherlands | Complete Guide for Expats | ExpatCopilot,Saving Money in the Netherlands | Complete Guide for Expats,74,Saving Money in the Netherlands,"Practical ways to save money in the Netherlands in 2026: housing habits, groceries, bike and OV transport, subscription audits, banking fees, energy, dining vs cooking, and a first emergency buffer — plus spaarrekening orientation. Planning ranges only, not personal financial advice.",284,Saving money,Saving Money in the Netherlands | Complete Guide for Expats | ExpatCopilot,"Practical ways to save money in the Netherlands in 2026: housing habits, groceries, bike and OV transport, subscription audits, banking fees, energy, dining vs cooking, and a first emergency buffer — plus spaarrekening orientation. Planning ranges only, not personal financial advice.",ExpatCopilot,Saving Money in the Netherlands,2026-08-15,2026-08-15,1.0,0.56,guide,contains 2026; topic may benefit from year freshness,overly_long_description|h1_title_differ_soft,no,,INFO,contains 2026; topic may benefit from year freshness
https://www.expatcopilot.com/netherlands/money/tools/cost-of-living-calculator/,/netherlands/money/tools/cost-of-living-calculator/,tool_calculator,INDEXABLE,cost-of-living-calculator,"Netherlands Cost of Living Calculator 2026 | Expat Monthly Expenses, Setup Costs & Salary Target | ExpatCopilot","Netherlands Cost of Living Calculator 2026 | Expat Monthly Expenses, Setup Costs & Salary Target",111,Netherlands expat cost of living calculator,"Plan expat cost of living in the Netherlands: monthly expenses by city (Amsterdam, Rotterdam, The Hague, Utrecht, Eindhoven), moving setup costs, first-month cash, savings buffer, and a recommended net salary band. Planning estimates only — not financial advice.",262,Cost of living calculator,"Netherlands Cost of Living Calculator 2026 | Expat Monthly Expenses, Setup Costs & Salary Target","Plan expat cost of living in the Netherlands: monthly expenses by city (Amsterdam, Rotterdam, The Hague, Utrecht, Eindhoven), moving setup costs, first-month cash, savings buffer, and a recommended net salary band. Planning estimates only — not financial advice.",ExpatCopilot,,,,1.0,0.46,tool_transactional,contains 2026; topic may benefit from year freshness,overly_long_title_core|overly_long_title_with_brand|overly_long_description|generic_title|h1_title_differ_soft|likely_poor_ctr_risk:generic_or_taxonomy+truncated_risk,yes,generic+long_title,P2,contains 2026; topic may benefit from year freshness
https://www.expatcopilot.com/netherlands/moving-checklist-netherlands/,/netherlands/moving-checklist-netherlands/,moving_guide,INDEXABLE,moving-checklist-netherlands,Moving to the Netherlands Checklist (2026 Guide for Expats) | ExpatCopilot,Moving to the Netherlands Checklist (2026 Guide for Expats),74,Moving to the Netherlands Checklist,"Use this moving to the Netherlands checklist to plan what to do before you move, after arrival, and during your first 90 days. Includes documents, registration, costs, and practical next steps.",193,Moving Checklist,Moving to the Netherlands Checklist (2026 Guide for Expats) | ExpatCopilot,"Use this moving to the Netherlands checklist to plan what to do before you move, after arrival, and during your first 90 days. Includes documents, registration, costs, and practical next steps.",ExpatCopilot,Moving to the Netherlands Checklist,,2026-09-06,1.0,0.56,moving_guide,contains 2026; topic may benefit from year freshness,overly_long_description|h1_title_differ_soft,no,,INFO,contains 2026; topic may benefit from year freshness
https://www.expatcopilot.com/netherlands/moving-to-the-netherlands/,/netherlands/moving-to-the-netherlands/,guide,INDEXABLE,moving-to-the-netherlands,"Moving to the Netherlands: checklist, timeline, and what to prepare | ExpatCopilot","Moving to the Netherlands: checklist, timeline, and what to prepare",82,Your move to the Netherlands,"Planning to move to the Netherlands? Learn what to prepare before you move, what to do after arrival, and how to settle in during your first 90 days. Includes practical guides, tools, and checklists.",199,Moving to the Netherlands,"Moving to the Netherlands: checklist, timeline, and what to prepare | ExpatCopilot","Planning to move to the Netherlands? Learn what to prepare before you move, what to do after arrival, and how to settle in during your first 90 days. Includes practical guides, tools, and checklists.",ExpatCopilot,Moving to the Netherlands,,2026-09-06,1.0,0.27,guide,,overly_long_title_core|overly_long_title_with_brand|overly_long_description|problematic_h1_title_mismatch|likely_poor_ctr_risk:truncated_risk,yes,long_title+mismatch,P2,
https://www.expatcopilot.com/netherlands/moving/extensions-changes/,/netherlands/moving/extensions-changes/,guide,INDEXABLE,extensions-changes,Extensions & Changes in the Netherlands | ExpatCopilot,Extensions & Changes in the Netherlands,54,Extensions & Changes in the Netherlands,"After you land, life keeps moving. This page maps renewals, work and study shifts, family changes, and route switches — what to notice, what often needs a follow-up, and where to read next.",189,Extensions & Changes,Extensions & Changes in the Netherlands | ExpatCopilot,"After you land, life keeps moving. This page maps renewals, work and study shifts, family changes, and route switches — what to notice, what often needs a follow-up, and where to read next.",ExpatCopilot,Extensions & Changes in the Netherlands,,2026-04-10,1.0,1.0,guide,,overly_long_description,no,,INFO,
https://www.expatcopilot.com/netherlands/moving-to-netherlands-timeline/,/netherlands/moving-to-netherlands-timeline/,moving_guide,INDEXABLE,moving-to-netherlands-timeline,"Moving to the Netherlands Timeline (Before You Move, Arrival, First 90 Days) | ExpatCopilot","Moving to the Netherlands Timeline (Before You Move, Arrival, First 90 Days)",91,Moving to the Netherlands Timeline,"Understand the typical timeline for moving to the Netherlands, including what expats usually prepare before departure, on arrival, and during the first 90 days.",160,Moving Timeline,"Moving to the Netherlands Timeline (Before You Move, Arrival, First 90 Days) | ExpatCopilot","Understand the typical timeline for moving to the Netherlands, including what expats usually prepare before departure, on arrival, and during the first 90 days.",ExpatCopilot,Moving to the Netherlands Timeline,,2026-09-06,1.0,0.42,moving_guide,,overly_long_title_core|overly_long_title_with_brand|h1_title_differ_soft|likely_poor_ctr_risk:truncated_risk,soft,long_title,P3,
https://www.expatcopilot.com/netherlands/moving-to-netherlands-with-partner/,/netherlands/moving-to-netherlands-with-partner/,moving_guide,INDEXABLE,moving-to-netherlands-with-partner,"Moving to the Netherlands With a Partner: Documents, Work Rights & Planning | ExpatCopilot","Moving to the Netherlands With a Partner: Documents, Work Rights & Planning",90,Moving to the Netherlands With a Partner,"Moving to the Netherlands with a partner? Learn about common relocation routes, documents, housing, work rights, registration, and first-step planning for couples.",163,Moving with Partner,"Moving to the Netherlands With a Partner: Documents, Work Rights & Planning | ExpatCopilot","Moving to the Netherlands with a partner? Learn about common relocation routes, documents, housing, work rights, registration, and first-step planning for couples.",ExpatCopilot,Moving to the Netherlands With a Partner,,2026-09-06,1.0,0.64,moving_guide,,overly_long_title_core|overly_long_title_with_brand|h1_title_differ_soft|likely_poor_ctr_risk:truncated_risk,soft,long_title,P3,
https://www.expatcopilot.com/netherlands/moving-to-netherlands-from/,/netherlands/moving-to-netherlands-from/,origin_country_guide,INDEXABLE,moving-to-netherlands-from,Moving to the Netherlands from Your Country | ExpatCopilot,Moving to the Netherlands from Your Country,58,Moving to the Netherlands from your country,"Explore country-specific relocation guides for moving to the Netherlands, with origin-based planning notes, document guidance, route context, and links to the right tools.",171,Moving from your country,Moving to the Netherlands from Your Country | ExpatCopilot,"Explore country-specific relocation guides for moving to the Netherlands, with origin-based planning notes, document guidance, route context, and links to the right tools.",ExpatCopilot,Moving to the Netherlands from your country,,2026-04-02,1.0,1.0,country_specific_moving,,overly_long_description,no,,INFO,
https://www.expatcopilot.com/netherlands/moving-to-netherlands-steps/,/netherlands/moving-to-netherlands-steps/,moving_guide,INDEXABLE,moving-to-netherlands-steps,Moving to the Netherlands Step by Step: Expat Guide | ExpatCopilot,Moving to the Netherlands Step by Step: Expat Guide,66,Moving to the Netherlands: Step-by-Step Guide,"Learn the main steps many expats follow when moving to the Netherlands, from document preparation and housing planning to arrival admin and first-month setup.",158,Moving Steps,Moving to the Netherlands Step by Step: Expat Guide | ExpatCopilot,"Learn the main steps many expats follow when moving to the Netherlands, from document preparation and housing planning to arrival admin and first-month setup.",ExpatCopilot,Moving to the Netherlands: Step-by-Step Guide,,2026-09-06,0.5,0.88,moving_guide,,h1_title_differ_soft,no,,INFO,
https://www.expatcopilot.com/netherlands/moving-to-netherlands-with-kids/,/netherlands/moving-to-netherlands-with-kids/,moving_guide,INDEXABLE,moving-to-netherlands-with-kids,"Moving to the Netherlands With Kids: Schools, Childcare & Family Planning | ExpatCopilot","Moving to the Netherlands With Kids: Schools, Childcare & Family Planning",88,Moving to the Netherlands With Kids,"Moving to the Netherlands with kids? Learn about schools, childcare, housing, documents, healthcare, registration, and first-step planning for expat families.",158,Moving with Kids,"Moving to the Netherlands With Kids: Schools, Childcare & Family Planning | ExpatCopilot","Moving to the Netherlands with kids? Learn about schools, childcare, housing, documents, healthcare, registration, and first-step planning for expat families.",ExpatCopilot,Moving to the Netherlands With Kids,,2026-09-06,1.0,0.6,moving_guide,,overly_long_title_core|overly_long_title_with_brand|h1_title_differ_soft|likely_poor_ctr_risk:truncated_risk,soft,long_title,P3,
https://www.expatcopilot.com/netherlands/moving-to-netherlands-with-family/,/netherlands/moving-to-netherlands-with-family/,moving_guide,INDEXABLE,moving-to-netherlands-with-family,"Moving to the Netherlands With Family: Housing, Schools & Documents | ExpatCopilot","Moving to the Netherlands With Family: Housing, Schools & Documents",82,Moving to the Netherlands With Family,"Planning to move to the Netherlands with your partner or children? Learn what documents, housing, schools, childcare, healthcare, and practical steps to prepare.",161,Moving with Family,"Moving to the Netherlands With Family: Housing, Schools & Documents | ExpatCopilot","Planning to move to the Netherlands with your partner or children? Learn what documents, housing, schools, childcare, healthcare, and practical steps to prepare.",ExpatCopilot,Moving to the Netherlands With Family,,2026-09-06,1.0,0.67,moving_guide,,overly_long_title_core|overly_long_title_with_brand|h1_title_differ_soft|likely_poor_ctr_risk:truncated_risk,soft,long_title,P3,
https://www.expatcopilot.com/netherlands/moving/moving-to-netherlands-from/argentina/,/netherlands/moving/moving-to-netherlands-from/argentina/,origin_country_guide,INDEXABLE,argentina,"Moving to the Netherlands from Argentina | Visa, MVV, Documents & Practical Setup | ExpatCopilot","Moving to the Netherlands from Argentina | Visa, MVV, Documents & Practical Setup",96,Moving to the Netherlands from Argentina,"Planning a move from Argentina to the Netherlands? Explore visa routes, MVV guidance, document apostille requirements, housing, and the practical steps to settle in.",165,From Argentina,"Moving to the Netherlands from Argentina | Visa, MVV, Documents & Practical Setup","Planning a move from Argentina to the Netherlands? Explore visa routes, MVV guidance, document apostille requirements, housing, and the practical steps to settle in.",ExpatCopilot,Moving to the Netherlands from Argentina,2026-04-27,2026-04-27,1.0,0.55,country_specific_moving,,overly_long_title_core|overly_long_title_with_brand|h1_title_differ_soft|likely_poor_ctr_risk:truncated_risk,soft,long_title,P3,
https://www.expatcopilot.com/netherlands/moving/moving-to-netherlands-from/brazil/,/netherlands/moving/moving-to-netherlands-from/brazil/,origin_country_guide,INDEXABLE,brazil,"Moving to the Netherlands from Brazil | Visa, MVV, Residence Permit & Relocation Guide | ExpatCopilot","Moving to the Netherlands from Brazil | Visa, MVV, Residence Permit & Relocation Guide",101,Moving to the Netherlands from Brazil,"Planning a move from Brazil to the Netherlands? Learn about visa requirements, MVV process, residence permits, housing, and practical steps to settle.",150,From Brazil,"Moving to the Netherlands from Brazil | Visa, MVV, Residence Permit & Relocation Guide","Planning a move from Brazil to the Netherlands? Learn about visa requirements, MVV process, residence permits, housing, and practical steps to settle.",ExpatCopilot,Moving to the Netherlands from Brazil,2026-04-14,2026-04-14,1.0,0.5,country_specific_moving,,overly_long_title_core|overly_long_title_with_brand|h1_title_differ_soft|likely_poor_ctr_risk:truncated_risk,soft,long_title,P3,
https://www.expatcopilot.com/netherlands/moving/changing-jobs-netherlands/,/netherlands/moving/changing-jobs-netherlands/,guide,INDEXABLE,changing-jobs-netherlands,Changing Jobs in the Netherlands | ExpatCopilot,Changing Jobs in the Netherlands,47,Changing Jobs in the Netherlands,"Plan a Dutch job switch as one decision stack: notice and contract, stay and work authorization (when it applies), net pay and benefits, and housing, commute, and household admin — so nothing important waits until after you resign.",231,Changing Jobs in the Netherlands,Changing Jobs in the Netherlands | ExpatCopilot,"Plan a Dutch job switch as one decision stack: notice and contract, stay and work authorization (when it applies), net pay and benefits, and housing, commute, and household admin — so nothing important waits until after you resign.",ExpatCopilot,Changing Jobs in the Netherlands,,2026-11-12,1.0,1.0,guide,,overly_long_description,no,,INFO,
https://www.expatcopilot.com/netherlands/moving/moving-to-netherlands-from/australia/,/netherlands/moving/moving-to-netherlands-from/australia/,origin_country_guide,INDEXABLE,australia,"Moving to the Netherlands from Australia | Visas, Documents, Costs & Practical Setup | ExpatCopilot","Moving to the Netherlands from Australia | Visas, Documents, Costs & Practical Setup",99,Moving to the Netherlands from Australia,"Planning a move from Australia to the Netherlands? Explore visa routes, MVV guidance, document prep, working holiday options, costs, and the practical steps to settle in.",170,From Australia,"Moving to the Netherlands from Australia | Visas, Documents, Costs & Practical Setup","Planning a move from Australia to the Netherlands? Explore visa routes, MVV guidance, document prep, working holiday options, costs, and the practical steps to settle in.",ExpatCopilot,Moving to the Netherlands from Australia,2026-04-07,2026-04-07,1.0,0.55,country_specific_moving,,overly_long_title_core|overly_long_title_with_brand|h1_title_differ_soft|likely_poor_ctr_risk:truncated_risk,soft,long_title,P3,
https://www.expatcopilot.com/netherlands/moving/moving-to-netherlands-from/canada/,/netherlands/moving/moving-to-netherlands-from/canada/,origin_country_guide,INDEXABLE,canada,"Moving to the Netherlands from Canada | Visas, Documents, Costs & Practical Setup | ExpatCopilot","Moving to the Netherlands from Canada | Visas, Documents, Costs & Practical Setup",96,Moving to the Netherlands from Canada,"Planning a move from Canada to the Netherlands? Explore visa routes, MVV guidance, document prep, working holiday options, costs, and the practical steps to settle in.",167,From Canada,"Moving to the Netherlands from Canada | Visas, Documents, Costs & Practical Setup","Planning a move from Canada to the Netherlands? Explore visa routes, MVV guidance, document prep, working holiday options, costs, and the practical steps to settle in.",ExpatCopilot,Moving to the Netherlands from Canada,2026-04-07,2026-04-07,1.0,0.55,country_specific_moving,,overly_long_title_core|overly_long_title_with_brand|h1_title_differ_soft|likely_poor_ctr_risk:truncated_risk,soft,long_title,P3,
https://www.expatcopilot.com/netherlands/moving/moving-to-netherlands-from/chile/,/netherlands/moving/moving-to-netherlands-from/chile/,origin_country_guide,INDEXABLE,chile,"Moving to the Netherlands from Chile | Visa, MVV, Documents & Practical Setup | ExpatCopilot","Moving to the Netherlands from Chile | Visa, MVV, Documents & Practical Setup",92,Moving to the Netherlands from Chile,"Planning a move from Chile to the Netherlands? Explore visa routes, MVV guidance, document apostille requirements, housing, and the practical steps to settle in.",161,From Chile,"Moving to the Netherlands from Chile | Visa, MVV, Documents & Practical Setup","Planning a move from Chile to the Netherlands? Explore visa routes, MVV guidance, document apostille requirements, housing, and the practical steps to settle in.",ExpatCopilot,Moving to the Netherlands from Chile,2026-04-27,2026-04-27,1.0,0.55,country_specific_moving,,overly_long_title_core|overly_long_title_with_brand|h1_title_differ_soft|likely_poor_ctr_risk:truncated_risk,soft,long_title,P3,
https://www.expatcopilot.com/netherlands/moving/moving-to-netherlands-from/france/,/netherlands/moving/moving-to-netherlands-from/france/,origin_country_guide,INDEXABLE,france,"Moving to the Netherlands from France | Registration, Documents, Costs & Practical Setup | ExpatCopilot","Moving to the Netherlands from France | Registration, Documents, Costs & Practical Setup",103,Moving to the Netherlands from France,"Planning a move from France to the Netherlands? Explore EU move rules, registration, BSN, document requirements, housing, banking, and the practical steps to settle in.",168,From France,"Moving to the Netherlands from France | Registration, Documents, Costs & Practical Setup","Planning a move from France to the Netherlands? Explore EU move rules, registration, BSN, document requirements, housing, banking, and the practical steps to settle in.",ExpatCopilot,Moving to the Netherlands from France,2026-04-10,2026-04-10,1.0,0.55,country_specific_moving,,overly_long_title_core|overly_long_title_with_brand|h1_title_differ_soft|likely_poor_ctr_risk:truncated_risk,soft,long_title,P3,
https://www.expatcopilot.com/netherlands/moving/moving-to-netherlands-from/denmark/,/netherlands/moving/moving-to-netherlands-from/denmark/,origin_country_guide,INDEXABLE,denmark,"Moving to the Netherlands from Denmark | Registration, BSN, Documents & Practical Setup | ExpatCopilot","Moving to the Netherlands from Denmark | Registration, BSN, Documents & Practical Setup",102,Moving to the Netherlands from Denmark,"Planning a move from Denmark to the Netherlands? Explore EU move rules, registration, BSN, document requirements, housing, banking, and practical settlement steps.",163,From Denmark,"Moving to the Netherlands from Denmark | Registration, BSN, Documents & Practical Setup","Planning a move from Denmark to the Netherlands? Explore EU move rules, registration, BSN, document requirements, housing, banking, and practical settlement steps.",ExpatCopilot,Moving to the Netherlands from Denmark,2026-04-30,2026-04-30,1.0,0.55,country_specific_moving,,overly_long_title_core|overly_long_title_with_brand|h1_title_differ_soft|likely_poor_ctr_risk:truncated_risk,soft,long_title,P3,
https://www.expatcopilot.com/netherlands/moving/moving-to-netherlands-from/india/,/netherlands/moving/moving-to-netherlands-from/india/,origin_country_guide,INDEXABLE,india,"Moving to the Netherlands from India | Visa, Costs & Relocation Guide | ExpatCopilot","Moving to the Netherlands from India | Visa, Costs & Relocation Guide",84,Moving to the Netherlands from India,"A practical relocation guide for Indians moving to the Netherlands including visa routes, relocation costs, documents, and planning tools.",138,From India,"Moving to the Netherlands from India | Visa, Costs & Relocation Guide","A practical relocation guide for Indians moving to the Netherlands including visa routes, relocation costs, documents, and planning tools.",ExpatCopilot,Moving to the Netherlands from India,,2026-09-06,1.0,0.6,country_specific_moving,,overly_long_title_core|overly_long_title_with_brand|h1_title_differ_soft|likely_poor_ctr_risk:truncated_risk,soft,long_title,P3,
https://www.expatcopilot.com/netherlands/moving-to-netherlands-cost/,/netherlands/moving-to-netherlands-cost/,moving_guide,INDEXABLE,moving-to-netherlands-cost,"Cost of Moving to the Netherlands: Budget, Expenses, and What to Plan For | ExpatCopilot","Cost of Moving to the Netherlands: Budget, Expenses, and What to Plan For",88,Cost of Moving to the Netherlands,"How much does it cost to move to the Netherlands? See typical relocation expenses, budget examples, housing and document costs, and how to plan your move.",154,Moving Cost,"Cost of Moving to the Netherlands: Budget, Expenses, and What to Plan For | ExpatCopilot","How much does it cost to move to the Netherlands? See typical relocation expenses, budget examples, housing and document costs, and how to plan your move.",ExpatCopilot,Cost of Moving to the Netherlands,,2026-09-06,1.0,0.5,moving_guide,no year in title; topic often year-sensitive (2026),overly_long_title_core|overly_long_title_with_brand|h1_title_differ_soft|year_absent_but_may_help_ctr|likely_poor_ctr_risk:truncated_risk+freshness_signal_missing,yes,long_title+year_opp,P2,no year in title; topic often year-sensitive (2026)
https://www.expatcopilot.com/netherlands/moving/moving-to-netherlands-from/italy/,/netherlands/moving/moving-to-netherlands-from/italy/,origin_country_guide,INDEXABLE,italy,"Moving to the Netherlands from Italy | Registration, Documents, Costs & Practical Setup | ExpatCopilot","Moving to the Netherlands from Italy | Registration, Documents, Costs & Practical Setup",102,Moving to the Netherlands from Italy,"Planning a move from Italy to the Netherlands? Explore EU move rules, registration, BSN, document requirements, housing, banking, and the practical steps to settle in.",167,From Italy,"Moving to the Netherlands from Italy | Registration, Documents, Costs & Practical Setup","Planning a move from Italy to the Netherlands? Explore EU move rules, registration, BSN, document requirements, housing, banking, and the practical steps to settle in.",ExpatCopilot,Moving to the Netherlands from Italy,2026-04-14,2026-04-14,1.0,0.55,country_specific_moving,,overly_long_title_core|overly_long_title_with_brand|h1_title_differ_soft|likely_poor_ctr_risk:truncated_risk,soft,long_title,P3,
https://www.expatcopilot.com/netherlands/moving/moving-to-netherlands-from/ireland/,/netherlands/moving/moving-to-netherlands-from/ireland/,origin_country_guide,INDEXABLE,ireland,"Moving to the Netherlands from Ireland | Registration, BSN, Documents & Practical Setup | ExpatCopilot","Moving to the Netherlands from Ireland | Registration, BSN, Documents & Practical Setup",102,Moving to the Netherlands from Ireland,"Planning a move from Ireland to the Netherlands? Explore EU move rules, registration, BSN, document requirements, housing, banking, health insurance, and practical settlement steps.",181,From Ireland,"Moving to the Netherlands from Ireland | Registration, BSN, Documents & Practical Setup","Planning a move from Ireland to the Netherlands? Explore EU move rules, registration, BSN, document requirements, housing, banking, health insurance, and practical settlement steps.",ExpatCopilot,Moving to the Netherlands from Ireland,2026-04-30,2026-04-30,1.0,0.55,country_specific_moving,no year in title; topic often year-sensitive (2026),overly_long_title_core|overly_long_title_with_brand|overly_long_description|h1_title_differ_soft|year_absent_but_may_help_ctr|likely_poor_ctr_risk:truncated_risk+freshness_signal_missing,yes,long_title+year_opp,P2,no year in title; topic often year-sensitive (2026)
https://www.expatcopilot.com/netherlands/moving/moving-to-netherlands-from/indonesia/,/netherlands/moving/moving-to-netherlands-from/indonesia/,origin_country_guide,INDEXABLE,indonesia,"Moving to the Netherlands from Indonesia | Visa, MVV, Documents & Practical Setup | ExpatCopilot","Moving to the Netherlands from Indonesia | Visa, MVV, Documents & Practical Setup",96,Moving to the Netherlands from Indonesia,"Planning a move from Indonesia to the Netherlands? Explore visa routes, MVV guidance, document apostille requirements, housing, and the practical steps to settle in.",165,From Indonesia,"Moving to the Netherlands from Indonesia | Visa, MVV, Documents & Practical Setup","Planning a move from Indonesia to the Netherlands? Explore visa routes, MVV guidance, document apostille requirements, housing, and the practical steps to settle in.",ExpatCopilot,Moving to the Netherlands from Indonesia,2026-05-03,2026-05-03,1.0,0.55,country_specific_moving,,overly_long_title_core|overly_long_title_with_brand|h1_title_differ_soft|likely_poor_ctr_risk:truncated_risk,soft,long_title,P3,
https://www.expatcopilot.com/netherlands/moving/moving-to-netherlands-from/kenya/,/netherlands/moving/moving-to-netherlands-from/kenya/,origin_country_guide,INDEXABLE,kenya,"Moving to the Netherlands from Kenya | Visa, MVV, Documents & Setup | ExpatCopilot","Moving to the Netherlands from Kenya | Visa, MVV, Documents & Setup",82,Moving to the Netherlands from Kenya,"Planning a move from Kenya to the Netherlands? Learn about MVV, residence permits, document legalisation, housing, and relocation steps.",136,From Kenya,"Moving to the Netherlands from Kenya | Visa, MVV, Documents & Setup","Planning a move from Kenya to the Netherlands? Learn about MVV, residence permits, document legalisation, housing, and relocation steps.",ExpatCopilot,Moving to the Netherlands from Kenya,2026-05-03,2026-05-03,1.0,0.6,country_specific_moving,,overly_long_title_core|overly_long_title_with_brand|h1_title_differ_soft|likely_poor_ctr_risk:truncated_risk,soft,long_title,P3,
https://www.expatcopilot.com/netherlands/moving/moving-to-netherlands-from/japan/,/netherlands/moving/moving-to-netherlands-from/japan/,origin_country_guide,INDEXABLE,japan,"Moving to the Netherlands from Japan | Visa, MVV, Documents & Practical Setup | ExpatCopilot","Moving to the Netherlands from Japan | Visa, MVV, Documents & Practical Setup",92,Moving to the Netherlands from Japan,"Planning a move from Japan to the Netherlands? Explore visa routes, MVV guidance, document apostille requirements, housing, and the practical steps to settle in.",161,From Japan,"Moving to the Netherlands from Japan | Visa, MVV, Documents & Practical Setup","Planning a move from Japan to the Netherlands? Explore visa routes, MVV guidance, document apostille requirements, housing, and the practical steps to settle in.",ExpatCopilot,Moving to the Netherlands from Japan,2026-04-20,2026-04-20,1.0,0.55,country_specific_moving,,overly_long_title_core|overly_long_title_with_brand|h1_title_differ_soft|likely_poor_ctr_risk:truncated_risk,soft,long_title,P3,
https://www.expatcopilot.com/netherlands/moving/moving-to-netherlands-from/germany/,/netherlands/moving/moving-to-netherlands-from/germany/,origin_country_guide,INDEXABLE,germany,"Moving to the Netherlands from Germany | Registration, Documents, Costs & Practical Setup | ExpatCopilot","Moving to the Netherlands from Germany | Registration, Documents, Costs & Practical Setup",104,Moving to the Netherlands from Germany,"Planning a move from Germany to the Netherlands? Explore EU move rules, registration, BSN, document requirements, housing, banking, and the practical steps to settle in.",169,From Germany,"Moving to the Netherlands from Germany | Registration, Documents, Costs & Practical Setup","Planning a move from Germany to the Netherlands? Explore EU move rules, registration, BSN, document requirements, housing, banking, and the practical steps to settle in.",ExpatCopilot,Moving to the Netherlands from Germany,2026-04-10,2026-04-10,1.0,0.55,country_specific_moving,,overly_long_title_core|overly_long_title_with_brand|h1_title_differ_soft|likely_poor_ctr_risk:truncated_risk,soft,long_title,P3,
https://www.expatcopilot.com/netherlands/moving/moving-to-netherlands-from/new-zealand/,/netherlands/moving/moving-to-netherlands-from/new-zealand/,origin_country_guide,INDEXABLE,new-zealand,"Moving to the Netherlands from New Zealand | Visas, Documents, Costs & Practical Setup | ExpatCopilot","Moving to the Netherlands from New Zealand | Visas, Documents, Costs & Practical Setup",101,Moving to the Netherlands from New Zealand,"Planning a move from New Zealand to the Netherlands? Explore visa routes, MVV guidance, document prep, working holiday options, costs, and the practical steps to settle in.",172,From New Zealand,"Moving to the Netherlands from New Zealand | Visas, Documents, Costs & Practical Setup","Planning a move from New Zealand to the Netherlands? Explore visa routes, MVV guidance, document prep, working holiday options, costs, and the practical steps to settle in.",ExpatCopilot,Moving to the Netherlands from New Zealand,2026-04-07,2026-04-07,1.0,0.58,country_specific_moving,,overly_long_title_core|overly_long_title_with_brand|overly_long_description|h1_title_differ_soft|likely_poor_ctr_risk:truncated_risk,soft,long_title,P3,
https://www.expatcopilot.com/netherlands/moving/moving-to-netherlands-from/norway/,/netherlands/moving/moving-to-netherlands-from/norway/,origin_country_guide,INDEXABLE,norway,"Moving to the Netherlands from Norway | Registration, BSN, Documents & Practical Setup | ExpatCopilot","Moving to the Netherlands from Norway | Registration, BSN, Documents & Practical Setup",101,Moving to the Netherlands from Norway,"Planning a move from Norway to the Netherlands? Explore EEA move rules, registration, BSN, document requirements, housing, banking, and practical settlement steps.",163,From Norway,"Moving to the Netherlands from Norway | Registration, BSN, Documents & Practical Setup","Planning a move from Norway to the Netherlands? Explore EEA move rules, registration, BSN, document requirements, housing, banking, and practical settlement steps.",ExpatCopilot,Moving to the Netherlands from Norway,2026-04-30,2026-04-30,1.0,0.55,country_specific_moving,,overly_long_title_core|overly_long_title_with_brand|h1_title_differ_soft|likely_poor_ctr_risk:truncated_risk,soft,long_title,P3,
https://www.expatcopilot.com/netherlands/moving/moving-to-netherlands-from/mexico/,/netherlands/moving/moving-to-netherlands-from/mexico/,origin_country_guide,INDEXABLE,mexico,"Moving to the Netherlands from Mexico | Visa, MVV & Residence Permit Guide | ExpatCopilot","Moving to the Netherlands from Mexico | Visa, MVV & Residence Permit Guide",89,Moving to the Netherlands from Mexico,"Planning a move from Mexico to the Netherlands? Learn visa requirements, MVV process, residence permits, housing, and relocation steps.",135,From Mexico,"Moving to the Netherlands from Mexico | Visa, MVV & Residence Permit Guide","Planning a move from Mexico to the Netherlands? Learn visa requirements, MVV process, residence permits, housing, and relocation steps.",ExpatCopilot,Moving to the Netherlands from Mexico,2026-04-17,2026-04-17,1.0,0.55,country_specific_moving,,overly_long_title_core|overly_long_title_with_brand|h1_title_differ_soft|likely_poor_ctr_risk:truncated_risk,soft,long_title,P3,
https://www.expatcopilot.com/netherlands/moving/moving-to-netherlands-from/philippines/,/netherlands/moving/moving-to-netherlands-from/philippines/,origin_country_guide,INDEXABLE,philippines,"Moving to the Netherlands from the Philippines | MVV, Visa, Documents & Setup | ExpatCopilot","Moving to the Netherlands from the Philippines | MVV, Visa, Documents & Setup",92,Moving to the Netherlands from the Philippines,"Planning a move from the Philippines to the Netherlands? Learn about MVV, residence permits, document legalisation, housing, and relocation steps.",146,From the Philippines,"Moving to the Netherlands from the Philippines | MVV, Visa, Documents & Setup","Planning a move from the Philippines to the Netherlands? Learn about MVV, residence permits, document legalisation, housing, and relocation steps.",ExpatCopilot,Moving to the Netherlands from the Philippines,2026-05-03,2026-05-03,1.0,0.6,country_specific_moving,,overly_long_title_core|overly_long_title_with_brand|h1_title_differ_soft|likely_poor_ctr_risk:truncated_risk,soft,long_title,P3,
https://www.expatcopilot.com/netherlands/moving/moving-to-netherlands-from/nigeria/,/netherlands/moving/moving-to-netherlands-from/nigeria/,origin_country_guide,INDEXABLE,nigeria,"Moving to the Netherlands from Nigeria | Visa, MVV, Documents & Practical Setup | ExpatCopilot","Moving to the Netherlands from Nigeria | Visa, MVV, Documents & Practical Setup",94,Moving to the Netherlands from Nigeria,"Planning a move from Nigeria to the Netherlands? Explore visa routes, MVV guidance, document legalisation requirements, housing, and the practical steps to settle in.",166,From Nigeria,"Moving to the Netherlands from Nigeria | Visa, MVV, Documents & Practical Setup","Planning a move from Nigeria to the Netherlands? Explore visa routes, MVV guidance, document legalisation requirements, housing, and the practical steps to settle in.",ExpatCopilot,Moving to the Netherlands from Nigeria,2026-05-03,2026-05-03,1.0,0.55,country_specific_moving,,overly_long_title_core|overly_long_title_with_brand|h1_title_differ_soft|likely_poor_ctr_risk:truncated_risk,soft,long_title,P3,
https://www.expatcopilot.com/netherlands/moving/moving-to-netherlands-from/spain/,/netherlands/moving/moving-to-netherlands-from/spain/,origin_country_guide,INDEXABLE,spain,"Moving to the Netherlands from Spain | Registration, Documents, Costs & Practical Setup | ExpatCopilot","Moving to the Netherlands from Spain | Registration, Documents, Costs & Practical Setup",102,Moving to the Netherlands from Spain,"Planning a move from Spain to the Netherlands? Explore EU move rules, registration, BSN, document requirements, housing, banking, and the practical steps to settle in.",167,From Spain,"Moving to the Netherlands from Spain | Registration, Documents, Costs & Practical Setup","Planning a move from Spain to the Netherlands? Explore EU move rules, registration, BSN, document requirements, housing, banking, and the practical steps to settle in.",ExpatCopilot,Moving to the Netherlands from Spain,2026-04-10,2026-04-10,1.0,0.55,country_specific_moving,,overly_long_title_core|overly_long_title_with_brand|h1_title_differ_soft|likely_poor_ctr_risk:truncated_risk,soft,long_title,P3,
https://www.expatcopilot.com/netherlands/moving/moving-to-netherlands-from/pakistan/,/netherlands/moving/moving-to-netherlands-from/pakistan/,origin_country_guide,INDEXABLE,pakistan,"Moving to the Netherlands from Pakistan | Visa, MVV, Documents & Practical Setup | ExpatCopilot","Moving to the Netherlands from Pakistan | Visa, MVV, Documents & Practical Setup",95,Moving to the Netherlands from Pakistan,"Planning a move from Pakistan to the Netherlands? Explore visa routes, MVV guidance, document legalisation requirements, housing, and the practical steps to settle in.",167,From Pakistan,"Moving to the Netherlands from Pakistan | Visa, MVV, Documents & Practical Setup","Planning a move from Pakistan to the Netherlands? Explore visa routes, MVV guidance, document legalisation requirements, housing, and the practical steps to settle in.",ExpatCopilot,Moving to the Netherlands from Pakistan,2026-05-03,2026-05-03,1.0,0.55,country_specific_moving,,overly_long_title_core|overly_long_title_with_brand|h1_title_differ_soft|likely_poor_ctr_risk:truncated_risk,soft,long_title,P3,
https://www.expatcopilot.com/netherlands/moving/moving-to-netherlands-from/south-africa/,/netherlands/moving/moving-to-netherlands-from/south-africa/,origin_country_guide,INDEXABLE,south-africa,"Moving to the Netherlands from South Africa | Visa, Costs, Timeline | ExpatCopilot","Moving to the Netherlands from South Africa | Visa, Costs, Timeline",82,Moving to the Netherlands from South Africa,"A practical guide for people moving from South Africa to the Netherlands: visa awareness, documents, relocation costs, timing, and tools to plan your move.",155,From South Africa,"Moving to the Netherlands from South Africa | Visa, Costs, Timeline","A practical guide for people moving from South Africa to the Netherlands: visa awareness, documents, relocation costs, timing, and tools to plan your move.",ExpatCopilot,Moving to the Netherlands from South Africa,,2026-09-06,1.0,0.7,country_specific_moving,,overly_long_title_core|overly_long_title_with_brand|h1_title_differ_soft|likely_poor_ctr_risk:truncated_risk,soft,long_title,P3,
https://www.expatcopilot.com/netherlands/moving/moving-to-netherlands-from/singapore/,/netherlands/moving/moving-to-netherlands-from/singapore/,origin_country_guide,INDEXABLE,singapore,"Moving to the Netherlands from Singapore | Visa, MVV, Documents & Practical Setup | ExpatCopilot","Moving to the Netherlands from Singapore | Visa, MVV, Documents & Practical Setup",96,Moving to the Netherlands from Singapore,"Planning a move from Singapore to the Netherlands? Explore visa routes, MVV guidance, document apostille requirements, housing, and the practical steps to settle in.",165,From Singapore,"Moving to the Netherlands from Singapore | Visa, MVV, Documents & Practical Setup","Planning a move from Singapore to the Netherlands? Explore visa routes, MVV guidance, document apostille requirements, housing, and the practical steps to settle in.",ExpatCopilot,Moving to the Netherlands from Singapore,2026-04-20,2026-04-20,1.0,0.55,country_specific_moving,,overly_long_title_core|overly_long_title_with_brand|h1_title_differ_soft|likely_poor_ctr_risk:truncated_risk,soft,long_title,P3,
https://www.expatcopilot.com/netherlands/moving/moving-to-netherlands-from/south-korea/,/netherlands/moving/moving-to-netherlands-from/south-korea/,origin_country_guide,INDEXABLE,south-korea,"Moving to the Netherlands from South Korea | Visa, MVV, Documents & Practical Setup | ExpatCopilot","Moving to the Netherlands from South Korea | Visa, MVV, Documents & Practical Setup",98,Moving to the Netherlands from South Korea,"Planning a move from South Korea to the Netherlands? Explore visa routes, MVV guidance, document apostille requirements, housing, and the practical steps to settle in.",167,From South Korea,"Moving to the Netherlands from South Korea | Visa, MVV, Documents & Practical Setup","Planning a move from South Korea to the Netherlands? Explore visa routes, MVV guidance, document apostille requirements, housing, and the practical steps to settle in.",ExpatCopilot,Moving to the Netherlands from South Korea,2026-04-24,2026-04-24,1.0,0.58,country_specific_moving,,overly_long_title_core|overly_long_title_with_brand|h1_title_differ_soft|likely_poor_ctr_risk:truncated_risk,soft,long_title,P3,
https://www.expatcopilot.com/netherlands/moving/moving-to-netherlands-from/sweden/,/netherlands/moving/moving-to-netherlands-from/sweden/,origin_country_guide,INDEXABLE,sweden,"Moving to the Netherlands from Sweden | Registration, BSN, Costs & Setup | ExpatCopilot","Moving to the Netherlands from Sweden | Registration, BSN, Costs & Setup",87,Moving to the Netherlands from Sweden,"Moving from Sweden to the Netherlands? Learn how EU free movement works, how to register, get your BSN, find housing, and settle in.",132,From Sweden,"Moving to the Netherlands from Sweden | Registration, BSN, Costs & Setup","Moving from Sweden to the Netherlands? Learn how EU free movement works, how to register, get your BSN, find housing, and settle in.",ExpatCopilot,Moving to the Netherlands from Sweden,2026-04-27,2026-04-27,1.0,0.6,country_specific_moving,,overly_long_title_core|overly_long_title_with_brand|h1_title_differ_soft|likely_poor_ctr_risk:truncated_risk,soft,long_title,P3,
https://www.expatcopilot.com/netherlands/moving/layoffs-netherlands/,/netherlands/moving/layoffs-netherlands/,guide,INDEXABLE,layoffs-netherlands,Layoffs in the Netherlands | ExpatCopilot,Layoffs in the Netherlands,41,Layoffs in the Netherlands,"If your Dutch role may end, map exit, stay, money, and life admin calmly: what to clarify early, what to confirm in writing, and which ExpatCopilot Move guides and tools to open next.",183,Layoffs in the Netherlands,Layoffs in the Netherlands | ExpatCopilot,"If your Dutch role may end, map exit, stay, money, and life admin calmly: what to clarify early, what to confirm in writing, and which ExpatCopilot Move guides and tools to open next.",ExpatCopilot,Layoffs in the Netherlands,,2026-11-12,1.0,1.0,guide,,overly_long_description,no,,INFO,
https://www.expatcopilot.com/netherlands/moving/resigning-job-netherlands/,/netherlands/moving/resigning-job-netherlands/,guide,INDEXABLE,resigning-job-netherlands,Resigning a Job in the Netherlands | ExpatCopilot,Resigning a Job in the Netherlands,49,Resigning a Job in the Netherlands,"Notice, contract, stay, pay, rent, and coverage — sequence what to check before you resign from a job in the Netherlands. Move-pillar guide with tools and next links.",166,Resigning a Job in the Netherlands,Resigning a Job in the Netherlands | ExpatCopilot,"Notice, contract, stay, pay, rent, and coverage — sequence what to check before you resign from a job in the Netherlands. Move-pillar guide with tools and next links.",ExpatCopilot,Resigning a Job in the Netherlands,,2026-04-10,1.0,1.0,guide,,ok,no,,INFO,
https://www.expatcopilot.com/netherlands/moving/residence-permits/,/netherlands/moving/residence-permits/,guide,INDEXABLE,residence-permits,Residence Permits in the Netherlands | ExpatCopilot,Residence Permits in the Netherlands,51,Residence Permits in the Netherlands,"How Dutch residence permits tie to why you’re here, what can change later, and what to sort after approval—in plain language, not legal jargon.",143,Residence Permits,Residence Permits in the Netherlands | ExpatCopilot,"How Dutch residence permits tie to why you’re here, what can change later, and what to sort after approval—in plain language, not legal jargon.",ExpatCopilot,Residence Permits in the Netherlands,,2026-04-09,1.0,1.0,guide,,ok,no,,INFO,
https://www.expatcopilot.com/netherlands/moving/status-changes/,/netherlands/moving/status-changes/,guide,INDEXABLE,status-changes,Status Changes in the Netherlands | ExpatCopilot,Status Changes in the Netherlands,48,Status Changes in the Netherlands,"A calm guide to what often matters when the basis of your stay changes — across work, study, family, self-employment, and other life shifts that can affect residency, timing, and everyday admin.",194,Status Changes,Status Changes in the Netherlands | ExpatCopilot,"A calm guide to what often matters when the basis of your stay changes — across work, study, family, self-employment, and other life shifts that can affect residency, timing, and everyday admin.",ExpatCopilot,Status Changes in the Netherlands,,2026-04-10,1.0,1.0,guide,,overly_long_description,no,,INFO,
https://www.expatcopilot.com/netherlands/moving/tools/,/netherlands/moving/tools/,tool_calculator,INDEXABLE,tools,Move & Immigration tools for expats in the Netherlands | ExpatCopilot,Move & Immigration tools for expats in the Netherlands,69,Move & Immigration,"Planning, eligibility, arrival and relocation tools. 11 live tools and 2 more coming soon.",90,Move & Immigration,Move & Immigration tools for expats in the Netherlands | ExpatCopilot,"Planning, eligibility, arrival and relocation tools. 11 live tools and 2 more coming soon.",ExpatCopilot,,,,1.0,0.25,tool_transactional,,problematic_h1_title_mismatch,yes,mismatch,P2,
https://www.expatcopilot.com/netherlands/moving/tools/arrival-planner/from/argentina/,/netherlands/moving/tools/arrival-planner/from/argentina/,tool_calculator,INDEXABLE,argentina,Arrival Planner for the Netherlands — from Argentina (Free Tool) | ExpatCopilot,Arrival Planner for the Netherlands — from Argentina (Free Tool),79,Arrival Planner for the Netherlands — from Argentina,"Arriving in the Netherlands from Argentina? Plan your first days: registration, BSN, bank account, and health insurance.",120,From Argentina,Arrival Planner for the Netherlands — from Argentina (Free Tool) | ExpatCopilot,"Arriving in the Netherlands from Argentina? Plan your first days: registration, BSN, bank account, and health insurance.",ExpatCopilot,,,,1.0,0.78,tool_transactional,no year in title; topic often year-sensitive (2026),overly_long_title_with_brand|h1_title_differ_soft|year_absent_but_may_help_ctr|likely_poor_ctr_risk:freshness_signal_missing,soft,year_opp,P3,no year in title; topic often year-sensitive (2026)
https://www.expatcopilot.com/netherlands/moving/tools/arrival-planner/from/australia/,/netherlands/moving/tools/arrival-planner/from/australia/,tool_calculator,INDEXABLE,australia,Arrival Planner for the Netherlands — from Australia (Free Tool) | ExpatCopilot,Arrival Planner for the Netherlands — from Australia (Free Tool),79,Arrival Planner for the Netherlands — from Australia,"Arriving in the Netherlands from Australia? Plan your first days: registration, BSN, bank account, and health insurance.",120,From Australia,Arrival Planner for the Netherlands — from Australia (Free Tool) | ExpatCopilot,"Arriving in the Netherlands from Australia? Plan your first days: registration, BSN, bank account, and health insurance.",ExpatCopilot,,,,1.0,0.78,tool_transactional,no year in title; topic often year-sensitive (2026),overly_long_title_with_brand|h1_title_differ_soft|year_absent_but_may_help_ctr|likely_poor_ctr_risk:freshness_signal_missing,soft,year_opp,P3,no year in title; topic often year-sensitive (2026)
https://www.expatcopilot.com/netherlands/moving/moving-to-netherlands-from/uae/,/netherlands/moving/moving-to-netherlands-from/uae/,origin_country_guide,INDEXABLE,uae,"Moving to the Netherlands from UAE | Visa, MVV & Relocation Guide | ExpatCopilot","Moving to the Netherlands from UAE | Visa, MVV & Relocation Guide",80,Moving to the Netherlands from the UAE,"Planning a move from the UAE to the Netherlands? Learn visa routes, MVV process, residence permits, and relocation steps.",121,From the UAE,"Moving to the Netherlands from UAE | Visa, MVV & Relocation Guide","Planning a move from the UAE to the Netherlands? Learn visa routes, MVV process, residence permits, and relocation steps.",ExpatCopilot,Moving to the Netherlands from the UAE,2026-04-20,2026-04-20,1.0,0.6,country_specific_moving,,overly_long_title_with_brand|h1_title_differ_soft,no,,INFO,
https://www.expatcopilot.com/netherlands/moving/tools/arrival-planner/from/brazil/,/netherlands/moving/tools/arrival-planner/from/brazil/,tool_calculator,INDEXABLE,brazil,Arrival Planner for the Netherlands — from Brazil (Free Tool) | ExpatCopilot,Arrival Planner for the Netherlands — from Brazil (Free Tool),76,Arrival Planner for the Netherlands — from Brazil,"Arriving in the Netherlands from Brazil? Plan your first days: registration, BSN, bank account, and health insurance.",117,From Brazil,Arrival Planner for the Netherlands — from Brazil (Free Tool) | ExpatCopilot,"Arriving in the Netherlands from Brazil? Plan your first days: registration, BSN, bank account, and health insurance.",ExpatCopilot,,,,1.0,0.78,tool_transactional,no year in title; topic often year-sensitive (2026),overly_long_title_with_brand|h1_title_differ_soft|year_absent_but_may_help_ctr|likely_poor_ctr_risk:freshness_signal_missing,soft,year_opp,P3,no year in title; topic often year-sensitive (2026)
https://www.expatcopilot.com/netherlands/moving/tools/arrival-planner/from/canada/,/netherlands/moving/tools/arrival-planner/from/canada/,tool_calculator,INDEXABLE,canada,Arrival Planner for the Netherlands — from Canada (Free Tool) | ExpatCopilot,Arrival Planner for the Netherlands — from Canada (Free Tool),76,Arrival Planner for the Netherlands — from Canada,"Arriving in the Netherlands from Canada? Plan your first days: registration, BSN, bank account, and health insurance.",117,From Canada,Arrival Planner for the Netherlands — from Canada (Free Tool) | ExpatCopilot,"Arriving in the Netherlands from Canada? Plan your first days: registration, BSN, bank account, and health insurance.",ExpatCopilot,,,,1.0,0.78,tool_transactional,no year in title; topic often year-sensitive (2026),overly_long_title_with_brand|h1_title_differ_soft|year_absent_but_may_help_ctr|likely_poor_ctr_risk:freshness_signal_missing,soft,year_opp,P3,no year in title; topic often year-sensitive (2026)
https://www.expatcopilot.com/netherlands/moving/tools/arrival-planner/from/chile/,/netherlands/moving/tools/arrival-planner/from/chile/,tool_calculator,INDEXABLE,chile,Arrival Planner for the Netherlands — from Chile (Free Tool) | ExpatCopilot,Arrival Planner for the Netherlands — from Chile (Free Tool),75,Arrival Planner for the Netherlands — from Chile,"Arriving in the Netherlands from Chile? Plan your first days: registration, BSN, bank account, and health insurance.",116,From Chile,Arrival Planner for the Netherlands — from Chile (Free Tool) | ExpatCopilot,"Arriving in the Netherlands from Chile? Plan your first days: registration, BSN, bank account, and health insurance.",ExpatCopilot,,,,1.0,0.78,tool_transactional,no year in title; topic often year-sensitive (2026),h1_title_differ_soft|year_absent_but_may_help_ctr|likely_poor_ctr_risk:freshness_signal_missing,soft,year_opp,P3,no year in title; topic often year-sensitive (2026)
https://www.expatcopilot.com/netherlands/moving/moving-to-netherlands-from/turkey/,/netherlands/moving/moving-to-netherlands-from/turkey/,origin_country_guide,INDEXABLE,turkey,"Moving to the Netherlands from Türkiye | Visa, MVV, Documents & Practical Setup | ExpatCopilot","Moving to the Netherlands from Türkiye | Visa, MVV, Documents & Practical Setup",94,Moving to the Netherlands from Türkiye,"Planning a move from Türkiye to the Netherlands? Explore visa routes, MVV guidance, document apostille requirements, housing, and the practical steps to settle in.",163,From Türkiye,"Moving to the Netherlands from Türkiye | Visa, MVV, Documents & Practical Setup","Planning a move from Türkiye to the Netherlands? Explore visa routes, MVV guidance, document apostille requirements, housing, and the practical steps to settle in.",ExpatCopilot,Moving to the Netherlands from Türkiye,2026-04-27,2026-04-27,0.0,0.58,country_specific_moving,,overly_long_title_core|overly_long_title_with_brand|h1_title_differ_soft|likely_poor_ctr_risk:truncated_risk,soft,long_title,P3,
https://www.expatcopilot.com/netherlands/moving/moving-to-netherlands-from/united-states/,/netherlands/moving/moving-to-netherlands-from/united-states/,origin_country_guide,INDEXABLE,united-states,"Moving to the Netherlands from the United States | Visa, Costs & Timeline | ExpatCopilot","Moving to the Netherlands from the United States | Visa, Costs & Timeline",88,Moving to the Netherlands from United States,"A practical guide for Americans moving to the Netherlands including visa routes, relocation costs, documents, and planning tools.",129,From United States,"Moving to the Netherlands from the United States | Visa, Costs & Timeline","A practical guide for Americans moving to the Netherlands including visa routes, relocation costs, documents, and planning tools.",ExpatCopilot,Moving to the Netherlands from United States,,2026-09-06,1.0,0.7,country_specific_moving,,overly_long_title_core|overly_long_title_with_brand|h1_title_differ_soft|likely_poor_ctr_risk:truncated_risk,soft,long_title,P3,
https://www.expatcopilot.com/netherlands/moving/tools/arrival-planner/from/france/,/netherlands/moving/tools/arrival-planner/from/france/,tool_calculator,INDEXABLE,france,Arrival Planner for the Netherlands — from France (Free Tool) | ExpatCopilot,Arrival Planner for the Netherlands — from France (Free Tool),76,Arrival Planner for the Netherlands — from France,"Arriving in the Netherlands from France? Plan your first days: registration, BSN, bank account, and health insurance.",117,From France,Arrival Planner for the Netherlands — from France (Free Tool) | ExpatCopilot,"Arriving in the Netherlands from France? Plan your first days: registration, BSN, bank account, and health insurance.",ExpatCopilot,,,,1.0,0.78,tool_transactional,no year in title; topic often year-sensitive (2026),overly_long_title_with_brand|h1_title_differ_soft|year_absent_but_may_help_ctr|likely_poor_ctr_risk:freshness_signal_missing,soft,year_opp,P3,no year in title; topic often year-sensitive (2026)
https://www.expatcopilot.com/netherlands/moving/tools/arrival-planner/from/india/,/netherlands/moving/tools/arrival-planner/from/india/,tool_calculator,INDEXABLE,india,Arrival Planner for the Netherlands — from India (Free Tool) | ExpatCopilot,Arrival Planner for the Netherlands — from India (Free Tool),75,Arrival Planner for the Netherlands — from India,"Arriving in the Netherlands from India? Plan your first days: registration, BSN, bank account, and health insurance.",116,From India,Arrival Planner for the Netherlands — from India (Free Tool) | ExpatCopilot,"Arriving in the Netherlands from India? Plan your first days: registration, BSN, bank account, and health insurance.",ExpatCopilot,,,,1.0,0.78,tool_transactional,no year in title; topic often year-sensitive (2026),h1_title_differ_soft|year_absent_but_may_help_ctr|likely_poor_ctr_risk:freshness_signal_missing,soft,year_opp,P3,no year in title; topic often year-sensitive (2026)
https://www.expatcopilot.com/netherlands/moving/tools/arrival-planner/from/germany/,/netherlands/moving/tools/arrival-planner/from/germany/,tool_calculator,INDEXABLE,germany,Arrival Planner for the Netherlands — from Germany (Free Tool) | ExpatCopilot,Arrival Planner for the Netherlands — from Germany (Free Tool),77,Arrival Planner for the Netherlands — from Germany,"Arriving in the Netherlands from Germany? Plan your first days: registration, BSN, bank account, and health insurance.",118,From Germany,Arrival Planner for the Netherlands — from Germany (Free Tool) | ExpatCopilot,"Arriving in the Netherlands from Germany? Plan your first days: registration, BSN, bank account, and health insurance.",ExpatCopilot,,,,1.0,0.78,tool_transactional,no year in title; topic often year-sensitive (2026),overly_long_title_with_brand|h1_title_differ_soft|year_absent_but_may_help_ctr|likely_poor_ctr_risk:freshness_signal_missing,soft,year_opp,P3,no year in title; topic often year-sensitive (2026)
https://www.expatcopilot.com/netherlands/moving/moving-to-netherlands-from/united-kingdom/,/netherlands/moving/moving-to-netherlands-from/united-kingdom/,origin_country_guide,INDEXABLE,united-kingdom,"Moving to the Netherlands from the UK | Visa, Costs & Relocation Guide | ExpatCopilot","Moving to the Netherlands from the UK | Visa, Costs & Relocation Guide",85,Moving to the Netherlands from United Kingdom,"A practical relocation guide for UK citizens moving to the Netherlands including visa routes, relocation costs, documents, and planning tools.",142,From United Kingdom,"Moving to the Netherlands from the UK | Visa, Costs & Relocation Guide","A practical relocation guide for UK citizens moving to the Netherlands including visa routes, relocation costs, documents, and planning tools.",ExpatCopilot,Moving to the Netherlands from United Kingdom,,2026-09-06,0.0,0.42,country_specific_moving,,overly_long_title_core|overly_long_title_with_brand|title_weak_slug_entity_alignment|h1_title_differ_soft|likely_poor_ctr_risk:truncated_risk+entity_unclear_in_serp,yes,long_title+mismatch,P2,
https://www.expatcopilot.com/netherlands/moving/tools/arrival-planner/from/ireland/,/netherlands/moving/tools/arrival-planner/from/ireland/,tool_calculator,INDEXABLE,ireland,Arrival Planner for the Netherlands — from Ireland (Free Tool) | ExpatCopilot,Arrival Planner for the Netherlands — from Ireland (Free Tool),77,Arrival Planner for the Netherlands — from Ireland,"Arriving in the Netherlands from Ireland? Plan your first days: registration, BSN, bank account, and health insurance.",118,From Ireland,Arrival Planner for the Netherlands — from Ireland (Free Tool) | ExpatCopilot,"Arriving in the Netherlands from Ireland? Plan your first days: registration, BSN, bank account, and health insurance.",ExpatCopilot,,,,1.0,0.78,tool_transactional,no year in title; topic often year-sensitive (2026),overly_long_title_with_brand|h1_title_differ_soft|year_absent_but_may_help_ctr|likely_poor_ctr_risk:freshness_signal_missing,soft,year_opp,P3,no year in title; topic often year-sensitive (2026)
https://www.expatcopilot.com/netherlands/moving/tools/arrival-planner/from/italy/,/netherlands/moving/tools/arrival-planner/from/italy/,tool_calculator,INDEXABLE,italy,Arrival Planner for the Netherlands — from Italy (Free Tool) | ExpatCopilot,Arrival Planner for the Netherlands — from Italy (Free Tool),75,Arrival Planner for the Netherlands — from Italy,"Arriving in the Netherlands from Italy? Plan your first days: registration, BSN, bank account, and health insurance.",116,From Italy,Arrival Planner for the Netherlands — from Italy (Free Tool) | ExpatCopilot,"Arriving in the Netherlands from Italy? Plan your first days: registration, BSN, bank account, and health insurance.",ExpatCopilot,,,,1.0,0.78,tool_transactional,no year in title; topic often year-sensitive (2026),h1_title_differ_soft|year_absent_but_may_help_ctr|likely_poor_ctr_risk:freshness_signal_missing,soft,year_opp,P3,no year in title; topic often year-sensitive (2026)
https://www.expatcopilot.com/netherlands/moving/tools/arrival-planner/from/indonesia/,/netherlands/moving/tools/arrival-planner/from/indonesia/,tool_calculator,INDEXABLE,indonesia,Arrival Planner for the Netherlands — from Indonesia (Free Tool) | ExpatCopilot,Arrival Planner for the Netherlands — from Indonesia (Free Tool),79,Arrival Planner for the Netherlands — from Indonesia,"Arriving in the Netherlands from Indonesia? Plan your first days: registration, BSN, bank account, and health insurance.",120,From Indonesia,Arrival Planner for the Netherlands — from Indonesia (Free Tool) | ExpatCopilot,"Arriving in the Netherlands from Indonesia? Plan your first days: registration, BSN, bank account, and health insurance.",ExpatCopilot,,,,1.0,0.78,tool_transactional,no year in title; topic often year-sensitive (2026),overly_long_title_with_brand|h1_title_differ_soft|year_absent_but_may_help_ctr|likely_poor_ctr_risk:freshness_signal_missing,soft,year_opp,P3,no year in title; topic often year-sensitive (2026)
https://www.expatcopilot.com/netherlands/moving/tools/arrival-planner/from/denmark/,/netherlands/moving/tools/arrival-planner/from/denmark/,tool_calculator,INDEXABLE,denmark,Arrival Planner for the Netherlands — from Denmark (Free Tool) | ExpatCopilot,Arrival Planner for the Netherlands — from Denmark (Free Tool),77,Arrival Planner for the Netherlands — from Denmark,"Arriving in the Netherlands from Denmark? Plan your first days: registration, BSN, bank account, and health insurance.",118,From Denmark,Arrival Planner for the Netherlands — from Denmark (Free Tool) | ExpatCopilot,"Arriving in the Netherlands from Denmark? Plan your first days: registration, BSN, bank account, and health insurance.",ExpatCopilot,,,,1.0,0.78,tool_transactional,no year in title; topic often year-sensitive (2026),overly_long_title_with_brand|h1_title_differ_soft|year_absent_but_may_help_ctr|likely_poor_ctr_risk:freshness_signal_missing,soft,year_opp,P3,no year in title; topic often year-sensitive (2026)
https://www.expatcopilot.com/netherlands/moving/tools/arrival-planner/from/japan/,/netherlands/moving/tools/arrival-planner/from/japan/,tool_calculator,INDEXABLE,japan,Arrival Planner for the Netherlands — from Japan (Free Tool) | ExpatCopilot,Arrival Planner for the Netherlands — from Japan (Free Tool),75,Arrival Planner for the Netherlands — from Japan,"Arriving in the Netherlands from Japan? Plan your first days: registration, BSN, bank account, and health insurance.",116,From Japan,Arrival Planner for the Netherlands — from Japan (Free Tool) | ExpatCopilot,"Arriving in the Netherlands from Japan? Plan your first days: registration, BSN, bank account, and health insurance.",ExpatCopilot,,,,1.0,0.78,tool_transactional,no year in title; topic often year-sensitive (2026),h1_title_differ_soft|year_absent_but_may_help_ctr|likely_poor_ctr_risk:freshness_signal_missing,soft,year_opp,P3,no year in title; topic often year-sensitive (2026)
https://www.expatcopilot.com/netherlands/moving/tools/arrival-planner/from/kenya/,/netherlands/moving/tools/arrival-planner/from/kenya/,tool_calculator,INDEXABLE,kenya,Arrival Planner for the Netherlands — from Kenya (Free Tool) | ExpatCopilot,Arrival Planner for the Netherlands — from Kenya (Free Tool),75,Arrival Planner for the Netherlands — from Kenya,"Arriving in the Netherlands from Kenya? Plan your first days: registration, BSN, bank account, and health insurance.",116,From Kenya,Arrival Planner for the Netherlands — from Kenya (Free Tool) | ExpatCopilot,"Arriving in the Netherlands from Kenya? Plan your first days: registration, BSN, bank account, and health insurance.",ExpatCopilot,,,,1.0,0.78,tool_transactional,no year in title; topic often year-sensitive (2026),h1_title_differ_soft|year_absent_but_may_help_ctr|likely_poor_ctr_risk:freshness_signal_missing,soft,year_opp,P3,no year in title; topic often year-sensitive (2026)
https://www.expatcopilot.com/netherlands/moving/tools/arrival-planner/from/mexico/,/netherlands/moving/tools/arrival-planner/from/mexico/,tool_calculator,INDEXABLE,mexico,Arrival Planner for the Netherlands — from Mexico (Free Tool) | ExpatCopilot,Arrival Planner for the Netherlands — from Mexico (Free Tool),76,Arrival Planner for the Netherlands — from Mexico,"Arriving in the Netherlands from Mexico? Plan your first days: registration, BSN, bank account, and health insurance.",117,From Mexico,Arrival Planner for the Netherlands — from Mexico (Free Tool) | ExpatCopilot,"Arriving in the Netherlands from Mexico? Plan your first days: registration, BSN, bank account, and health insurance.",ExpatCopilot,,,,1.0,0.78,tool_transactional,no year in title; topic often year-sensitive (2026),overly_long_title_with_brand|h1_title_differ_soft|year_absent_but_may_help_ctr|likely_poor_ctr_risk:freshness_signal_missing,soft,year_opp,P3,no year in title; topic often year-sensitive (2026)
https://www.expatcopilot.com/netherlands/moving/tools/arrival-planner/,/netherlands/moving/tools/arrival-planner/,tool_calculator,INDEXABLE,arrival-planner,Arrival planner for the Netherlands (free tool) | ExpatCopilot,Arrival planner for the Netherlands (free tool),62,Arrival Planner for the Netherlands,"Build a prioritized first-week and first-month plan for the Netherlands—tasks, appointments, and reminders based on your situation. About 2 minutes.",148,Arrival Planner,Arrival planner for the Netherlands (free tool) | ExpatCopilot,"Build a prioritized first-week and first-month plan for the Netherlands—tasks, appointments, and reminders based on your situation. About 2 minutes.",ExpatCopilot,,,,1.0,0.71,tool_transactional,,h1_title_differ_soft,no,,INFO,
https://www.expatcopilot.com/netherlands/moving/tools/arrival-planner/from/new-zealand/,/netherlands/moving/tools/arrival-planner/from/new-zealand/,tool_calculator,INDEXABLE,new-zealand,Arrival Planner for the Netherlands — from New Zealand (Free Tool) | ExpatCopilot,Arrival Planner for the Netherlands — from New Zealand (Free Tool),81,Arrival Planner for the Netherlands — from New Zealand,"Arriving in the Netherlands from New Zealand? Plan your first days: registration, BSN, bank account, and health insurance.",122,From New Zealand,Arrival Planner for the Netherlands — from New Zealand (Free Tool) | ExpatCopilot,"Arriving in the Netherlands from New Zealand? Plan your first days: registration, BSN, bank account, and health insurance.",ExpatCopilot,,,,1.0,0.8,tool_transactional,no year in title; topic often year-sensitive (2026),overly_long_title_core|overly_long_title_with_brand|h1_title_differ_soft|year_absent_but_may_help_ctr|likely_poor_ctr_risk:truncated_risk+freshness_signal_missing,yes,long_title+year_opp,P2,no year in title; topic often year-sensitive (2026)
https://www.expatcopilot.com/netherlands/moving/tools/arrival-planner/from/norway/,/netherlands/moving/tools/arrival-planner/from/norway/,tool_calculator,INDEXABLE,norway,Arrival Planner for the Netherlands — from Norway (Free Tool) | ExpatCopilot,Arrival Planner for the Netherlands — from Norway (Free Tool),76,Arrival Planner for the Netherlands — from Norway,"Arriving in the Netherlands from Norway? Plan your first days: registration, BSN, bank account, and health insurance.",117,From Norway,Arrival Planner for the Netherlands — from Norway (Free Tool) | ExpatCopilot,"Arriving in the Netherlands from Norway? Plan your first days: registration, BSN, bank account, and health insurance.",ExpatCopilot,,,,1.0,0.78,tool_transactional,no year in title; topic often year-sensitive (2026),overly_long_title_with_brand|h1_title_differ_soft|year_absent_but_may_help_ctr|likely_poor_ctr_risk:freshness_signal_missing,soft,year_opp,P3,no year in title; topic often year-sensitive (2026)
https://www.expatcopilot.com/netherlands/moving/tools/arrival-planner/from/singapore/,/netherlands/moving/tools/arrival-planner/from/singapore/,tool_calculator,INDEXABLE,singapore,Arrival Planner for the Netherlands — from Singapore (Free Tool) | ExpatCopilot,Arrival Planner for the Netherlands — from Singapore (Free Tool),79,Arrival Planner for the Netherlands — from Singapore,"Arriving in the Netherlands from Singapore? Plan your first days: registration, BSN, bank account, and health insurance.",120,From Singapore,Arrival Planner for the Netherlands — from Singapore (Free Tool) | ExpatCopilot,"Arriving in the Netherlands from Singapore? Plan your first days: registration, BSN, bank account, and health insurance.",ExpatCopilot,,,,1.0,0.78,tool_transactional,no year in title; topic often year-sensitive (2026),overly_long_title_with_brand|h1_title_differ_soft|year_absent_but_may_help_ctr|likely_poor_ctr_risk:freshness_signal_missing,soft,year_opp,P3,no year in title; topic often year-sensitive (2026)
https://www.expatcopilot.com/netherlands/moving/tools/arrival-planner/from/pakistan/,/netherlands/moving/tools/arrival-planner/from/pakistan/,tool_calculator,INDEXABLE,pakistan,Arrival Planner for the Netherlands — from Pakistan (Free Tool) | ExpatCopilot,Arrival Planner for the Netherlands — from Pakistan (Free Tool),78,Arrival Planner for the Netherlands — from Pakistan,"Arriving in the Netherlands from Pakistan? Plan your first days: registration, BSN, bank account, and health insurance.",119,From Pakistan,Arrival Planner for the Netherlands — from Pakistan (Free Tool) | ExpatCopilot,"Arriving in the Netherlands from Pakistan? Plan your first days: registration, BSN, bank account, and health insurance.",ExpatCopilot,,,,1.0,0.78,tool_transactional,no year in title; topic often year-sensitive (2026),overly_long_title_with_brand|h1_title_differ_soft|year_absent_but_may_help_ctr|likely_poor_ctr_risk:freshness_signal_missing,soft,year_opp,P3,no year in title; topic often year-sensitive (2026)
https://www.expatcopilot.com/netherlands/moving/tools/arrival-planner/from/south-korea/,/netherlands/moving/tools/arrival-planner/from/south-korea/,tool_calculator,INDEXABLE,south-korea,Arrival Planner for the Netherlands — from South Korea (Free Tool) | ExpatCopilot,Arrival Planner for the Netherlands — from South Korea (Free Tool),81,Arrival Planner for the Netherlands — from South Korea,"Arriving in the Netherlands from South Korea? Plan your first days: registration, BSN, bank account, and health insurance.",122,From South Korea,Arrival Planner for the Netherlands — from South Korea (Free Tool) | ExpatCopilot,"Arriving in the Netherlands from South Korea? Plan your first days: registration, BSN, bank account, and health insurance.",ExpatCopilot,,,,1.0,0.8,tool_transactional,no year in title; topic often year-sensitive (2026),overly_long_title_core|overly_long_title_with_brand|h1_title_differ_soft|year_absent_but_may_help_ctr|likely_poor_ctr_risk:truncated_risk+freshness_signal_missing,yes,long_title+year_opp,P2,no year in title; topic often year-sensitive (2026)
https://www.expatcopilot.com/netherlands/moving/tools/arrival-planner/from/south-africa/,/netherlands/moving/tools/arrival-planner/from/south-africa/,tool_calculator,INDEXABLE,south-africa,Arrival Planner for the Netherlands — from South Africa (Free Tool) | ExpatCopilot,Arrival Planner for the Netherlands — from South Africa (Free Tool),82,Arrival Planner for the Netherlands — from South Africa,"Arriving in the Netherlands from South Africa? Plan your first days: registration, BSN, bank account, and health insurance.",123,From South Africa,Arrival Planner for the Netherlands — from South Africa (Free Tool) | ExpatCopilot,"Arriving in the Netherlands from South Africa? Plan your first days: registration, BSN, bank account, and health insurance.",ExpatCopilot,,,,1.0,0.8,tool_transactional,no year in title; topic often year-sensitive (2026),overly_long_title_core|overly_long_title_with_brand|h1_title_differ_soft|year_absent_but_may_help_ctr|likely_poor_ctr_risk:truncated_risk+freshness_signal_missing,yes,long_title+year_opp,P2,no year in title; topic often year-sensitive (2026)
https://www.expatcopilot.com/netherlands/moving/tools/arrival-planner/from/spain/,/netherlands/moving/tools/arrival-planner/from/spain/,tool_calculator,INDEXABLE,spain,Arrival Planner for the Netherlands — from Spain (Free Tool) | ExpatCopilot,Arrival Planner for the Netherlands — from Spain (Free Tool),75,Arrival Planner for the Netherlands — from Spain,"Arriving in the Netherlands from Spain? Plan your first days: registration, BSN, bank account, and health insurance.",116,From Spain,Arrival Planner for the Netherlands — from Spain (Free Tool) | ExpatCopilot,"Arriving in the Netherlands from Spain? Plan your first days: registration, BSN, bank account, and health insurance.",ExpatCopilot,,,,1.0,0.78,tool_transactional,no year in title; topic often year-sensitive (2026),h1_title_differ_soft|year_absent_but_may_help_ctr|likely_poor_ctr_risk:freshness_signal_missing,soft,year_opp,P3,no year in title; topic often year-sensitive (2026)
https://www.expatcopilot.com/netherlands/moving/tools/arrival-planner/from/sweden/,/netherlands/moving/tools/arrival-planner/from/sweden/,tool_calculator,INDEXABLE,sweden,Arrival Planner for the Netherlands — from Sweden (Free Tool) | ExpatCopilot,Arrival Planner for the Netherlands — from Sweden (Free Tool),76,Arrival Planner for the Netherlands — from Sweden,"Arriving in the Netherlands from Sweden? Plan your first days: registration, BSN, bank account, and health insurance.",117,From Sweden,Arrival Planner for the Netherlands — from Sweden (Free Tool) | ExpatCopilot,"Arriving in the Netherlands from Sweden? Plan your first days: registration, BSN, bank account, and health insurance.",ExpatCopilot,,,,1.0,0.78,tool_transactional,no year in title; topic often year-sensitive (2026),overly_long_title_with_brand|h1_title_differ_soft|year_absent_but_may_help_ctr|likely_poor_ctr_risk:freshness_signal_missing,soft,year_opp,P3,no year in title; topic often year-sensitive (2026)
https://www.expatcopilot.com/netherlands/moving/tools/arrival-planner/from/switzerland/,/netherlands/moving/tools/arrival-planner/from/switzerland/,tool_calculator,INDEXABLE,switzerland,Arrival Planner for the Netherlands — from Switzerland (Free Tool) | ExpatCopilot,Arrival Planner for the Netherlands — from Switzerland (Free Tool),81,Arrival Planner for the Netherlands — from Switzerland,"Arriving in the Netherlands from Switzerland? Plan your first days: registration, BSN, bank account, and health insurance.",122,From Switzerland,Arrival Planner for the Netherlands — from Switzerland (Free Tool) | ExpatCopilot,"Arriving in the Netherlands from Switzerland? Plan your first days: registration, BSN, bank account, and health insurance.",ExpatCopilot,,,,1.0,0.78,tool_transactional,no year in title; topic often year-sensitive (2026),overly_long_title_core|overly_long_title_with_brand|h1_title_differ_soft|year_absent_but_may_help_ctr|likely_poor_ctr_risk:truncated_risk+freshness_signal_missing,yes,long_title+year_opp,P2,no year in title; topic often year-sensitive (2026)
https://www.expatcopilot.com/netherlands/moving/tools/arrival-planner/from/turkey/,/netherlands/moving/tools/arrival-planner/from/turkey/,tool_calculator,INDEXABLE,turkey,Arrival Planner for the Netherlands — from Türkiye (Free Tool) | ExpatCopilot,Arrival Planner for the Netherlands — from Türkiye (Free Tool),77,Arrival Planner for the Netherlands — from Türkiye,"Arriving in the Netherlands from Türkiye? Plan your first days: registration, BSN, bank account, and health insurance.",118,From Türkiye,Arrival Planner for the Netherlands — from Türkiye (Free Tool) | ExpatCopilot,"Arriving in the Netherlands from Türkiye? Plan your first days: registration, BSN, bank account, and health insurance.",ExpatCopilot,,,,0.0,0.8,tool_transactional,no year in title; topic often year-sensitive (2026),overly_long_title_with_brand|h1_title_differ_soft|year_absent_but_may_help_ctr|likely_poor_ctr_risk:freshness_signal_missing,soft,year_opp,P3,no year in title; topic often year-sensitive (2026)
https://www.expatcopilot.com/netherlands/moving/tools/arrival-planner/from/uae/,/netherlands/moving/tools/arrival-planner/from/uae/,tool_calculator,INDEXABLE,uae,Arrival Planner for the Netherlands — from United Arab Emirates (Free Tool) | ExpatCopilot,Arrival Planner for the Netherlands — from United Arab Emirates (Free Tool),90,Arrival Planner for the Netherlands — from United Arab Emirates,"Arriving in the Netherlands from United Arab Emirates? Plan your first days: registration, BSN, bank account, and health insurance.",131,From United Arab Emirates,Arrival Planner for the Netherlands — from United Arab Emirates (Free Tool) | ExpatCopilot,"Arriving in the Netherlands from United Arab Emirates? Plan your first days: registration, BSN, bank account, and health insurance.",ExpatCopilot,,,,0.0,0.82,tool_transactional,no year in title; topic often year-sensitive (2026),overly_long_title_core|overly_long_title_with_brand|h1_title_differ_soft|year_absent_but_may_help_ctr|likely_poor_ctr_risk:truncated_risk+freshness_signal_missing,yes,long_title+year_opp,P2,no year in title; topic often year-sensitive (2026)
https://www.expatcopilot.com/netherlands/moving/tools/arrival-planner/from/united-kingdom/,/netherlands/moving/tools/arrival-planner/from/united-kingdom/,tool_calculator,INDEXABLE,united-kingdom,Arrival Planner for the Netherlands — from United Kingdom (Free Tool) | ExpatCopilot,Arrival Planner for the Netherlands — from United Kingdom (Free Tool),84,Arrival Planner for the Netherlands — from United Kingdom,"Arriving in the Netherlands from United Kingdom? Plan your first days: registration, BSN, bank account, and health insurance.",125,From United Kingdom,Arrival Planner for the Netherlands — from United Kingdom (Free Tool) | ExpatCopilot,"Arriving in the Netherlands from United Kingdom? Plan your first days: registration, BSN, bank account, and health insurance.",ExpatCopilot,,,,1.0,0.8,tool_transactional,no year in title; topic often year-sensitive (2026),overly_long_title_core|overly_long_title_with_brand|h1_title_differ_soft|year_absent_but_may_help_ctr|likely_poor_ctr_risk:truncated_risk+freshness_signal_missing,yes,long_title+year_opp,P2,no year in title; topic often year-sensitive (2026)
https://www.expatcopilot.com/netherlands/moving/tools/arrival-planner/from/united-states/,/netherlands/moving/tools/arrival-planner/from/united-states/,tool_calculator,INDEXABLE,united-states,Arrival Planner for the Netherlands — from United States (Free Tool) | ExpatCopilot,Arrival Planner for the Netherlands — from United States (Free Tool),83,Arrival Planner for the Netherlands — from United States,"Arriving in the Netherlands from United States? Plan your first days: registration, BSN, bank account, and health insurance.",124,From United States,Arrival Planner for the Netherlands — from United States (Free Tool) | ExpatCopilot,"Arriving in the Netherlands from United States? Plan your first days: registration, BSN, bank account, and health insurance.",ExpatCopilot,,,,1.0,0.8,tool_transactional,no year in title; topic often year-sensitive (2026),overly_long_title_core|overly_long_title_with_brand|h1_title_differ_soft|year_absent_but_may_help_ctr|likely_poor_ctr_risk:truncated_risk+freshness_signal_missing,yes,long_title+year_opp,P2,no year in title; topic often year-sensitive (2026)
https://www.expatcopilot.com/netherlands/moving/moving-to-netherlands-from/switzerland/,/netherlands/moving/moving-to-netherlands-from/switzerland/,origin_country_guide,INDEXABLE,switzerland,"Moving to the Netherlands from Switzerland | Registration, Documents, Costs & Practical Setup | ExpatCopilot","Moving to the Netherlands from Switzerland | Registration, Documents, Costs & Practical Setup",108,Moving to the Netherlands from Switzerland,"Planning a move from Switzerland to the Netherlands? Explore Swiss citizen move rules, registration, BSN, document requirements, housing, banking, and practical settlement steps.",178,From Switzerland,"Moving to the Netherlands from Switzerland | Registration, Documents, Costs & Practical Setup","Planning a move from Switzerland to the Netherlands? Explore Swiss citizen move rules, registration, BSN, document requirements, housing, banking, and practical settlement steps.",ExpatCopilot,Moving to the Netherlands from Switzerland,2026-04-27,2026-04-27,1.0,0.55,country_specific_moving,,overly_long_title_core|overly_long_title_with_brand|overly_long_description|h1_title_differ_soft|likely_poor_ctr_risk:truncated_risk,soft,long_title,P3,
https://www.expatcopilot.com/netherlands/moving/tools/document-readiness/from/argentina/,/netherlands/moving/tools/document-readiness/from/argentina/,tool_calculator,INDEXABLE,argentina,Document Readiness Checker for the Netherlands — from Argentina (Free Tool) | ExpatCopilot,Document Readiness Checker for the Netherlands — from Argentina (Free Tool),90,Document Readiness Checker for the Netherlands — from Argentina,"Moving from Argentina to the Netherlands? Check which documents to prepare, including apostille and translation where relevant.",127,From Argentina,Document Readiness Checker for the Netherlands — from Argentina (Free Tool) | ExpatCopilot,"Moving from Argentina to the Netherlands? Check which documents to prepare, including apostille and translation where relevant.",ExpatCopilot,,,,1.0,0.8,tool_transactional,,overly_long_title_core|overly_long_title_with_brand|h1_title_differ_soft|likely_poor_ctr_risk:truncated_risk,soft,long_title,P3,
https://www.expatcopilot.com/netherlands/moving/tools/document-readiness/from/brazil/,/netherlands/moving/tools/document-readiness/from/brazil/,tool_calculator,INDEXABLE,brazil,Document Readiness Checker for the Netherlands — from Brazil (Free Tool) | ExpatCopilot,Document Readiness Checker for the Netherlands — from Brazil (Free Tool),87,Document Readiness Checker for the Netherlands — from Brazil,"Moving from Brazil to the Netherlands? Check which documents to prepare, including apostille and translation where relevant.",124,From Brazil,Document Readiness Checker for the Netherlands — from Brazil (Free Tool) | ExpatCopilot,"Moving from Brazil to the Netherlands? Check which documents to prepare, including apostille and translation where relevant.",ExpatCopilot,,,,1.0,0.8,tool_transactional,,overly_long_title_core|overly_long_title_with_brand|h1_title_differ_soft|likely_poor_ctr_risk:truncated_risk,soft,long_title,P3,
https://www.expatcopilot.com/netherlands/moving/tools/document-readiness/from/denmark/,/netherlands/moving/tools/document-readiness/from/denmark/,tool_calculator,INDEXABLE,denmark,Document Readiness Checker for the Netherlands — from Denmark (Free Tool) | ExpatCopilot,Document Readiness Checker for the Netherlands — from Denmark (Free Tool),88,Document Readiness Checker for the Netherlands — from Denmark,"Moving from Denmark to the Netherlands? Check which documents to prepare, including apostille and translation where relevant.",125,From Denmark,Document Readiness Checker for the Netherlands — from Denmark (Free Tool) | ExpatCopilot,"Moving from Denmark to the Netherlands? Check which documents to prepare, including apostille and translation where relevant.",ExpatCopilot,,,,1.0,0.8,tool_transactional,,overly_long_title_core|overly_long_title_with_brand|h1_title_differ_soft|likely_poor_ctr_risk:truncated_risk,soft,long_title,P3,
https://www.expatcopilot.com/netherlands/moving/tools/document-readiness/from/canada/,/netherlands/moving/tools/document-readiness/from/canada/,tool_calculator,INDEXABLE,canada,Document Readiness Checker for the Netherlands — from Canada (Free Tool) | ExpatCopilot,Document Readiness Checker for the Netherlands — from Canada (Free Tool),87,Document Readiness Checker for the Netherlands — from Canada,"Moving from Canada to the Netherlands? Check which documents to prepare, including apostille and translation where relevant.",124,From Canada,Document Readiness Checker for the Netherlands — from Canada (Free Tool) | ExpatCopilot,"Moving from Canada to the Netherlands? Check which documents to prepare, including apostille and translation where relevant.",ExpatCopilot,,,,1.0,0.8,tool_transactional,,overly_long_title_core|overly_long_title_with_brand|h1_title_differ_soft|likely_poor_ctr_risk:truncated_risk,soft,long_title,P3,
https://www.expatcopilot.com/netherlands/moving/tools/document-readiness/from/australia/,/netherlands/moving/tools/document-readiness/from/australia/,tool_calculator,INDEXABLE,australia,Document Readiness Checker for the Netherlands — from Australia (Free Tool) | ExpatCopilot,Document Readiness Checker for the Netherlands — from Australia (Free Tool),90,Document Readiness Checker for the Netherlands — from Australia,"Moving from Australia to the Netherlands? Check which documents to prepare, including apostille and translation where relevant.",127,From Australia,Document Readiness Checker for the Netherlands — from Australia (Free Tool) | ExpatCopilot,"Moving from Australia to the Netherlands? Check which documents to prepare, including apostille and translation where relevant.",ExpatCopilot,,,,1.0,0.8,tool_transactional,,overly_long_title_core|overly_long_title_with_brand|h1_title_differ_soft|likely_poor_ctr_risk:truncated_risk,soft,long_title,P3,
https://www.expatcopilot.com/netherlands/moving/tools/document-readiness/from/chile/,/netherlands/moving/tools/document-readiness/from/chile/,tool_calculator,INDEXABLE,chile,Document Readiness Checker for the Netherlands — from Chile (Free Tool) | ExpatCopilot,Document Readiness Checker for the Netherlands — from Chile (Free Tool),86,Document Readiness Checker for the Netherlands — from Chile,"Moving from Chile to the Netherlands? Check which documents to prepare, including apostille and translation where relevant.",123,From Chile,Document Readiness Checker for the Netherlands — from Chile (Free Tool) | ExpatCopilot,"Moving from Chile to the Netherlands? Check which documents to prepare, including apostille and translation where relevant.",ExpatCopilot,,,,1.0,0.8,tool_transactional,,overly_long_title_core|overly_long_title_with_brand|h1_title_differ_soft|likely_poor_ctr_risk:truncated_risk,soft,long_title,P3,
https://www.expatcopilot.com/netherlands/moving/tools/document-readiness/from/france/,/netherlands/moving/tools/document-readiness/from/france/,tool_calculator,INDEXABLE,france,Document Readiness Checker for the Netherlands — from France (Free Tool) | ExpatCopilot,Document Readiness Checker for the Netherlands — from France (Free Tool),87,Document Readiness Checker for the Netherlands — from France,"Moving from France to the Netherlands? Check which documents to prepare, including apostille and translation where relevant.",124,From France,Document Readiness Checker for the Netherlands — from France (Free Tool) | ExpatCopilot,"Moving from France to the Netherlands? Check which documents to prepare, including apostille and translation where relevant.",ExpatCopilot,,,,1.0,0.8,tool_transactional,,overly_long_title_core|overly_long_title_with_brand|h1_title_differ_soft|likely_poor_ctr_risk:truncated_risk,soft,long_title,P3,
https://www.expatcopilot.com/netherlands/moving/tools/document-readiness/from/india/,/netherlands/moving/tools/document-readiness/from/india/,tool_calculator,INDEXABLE,india,Document Readiness Checker for the Netherlands — from India (Free Tool) | ExpatCopilot,Document Readiness Checker for the Netherlands — from India (Free Tool),86,Document Readiness Checker for the Netherlands — from India,"Moving from India to the Netherlands? Check which documents to prepare, including apostille and translation where relevant.",123,From India,Document Readiness Checker for the Netherlands — from India (Free Tool) | ExpatCopilot,"Moving from India to the Netherlands? Check which documents to prepare, including apostille and translation where relevant.",ExpatCopilot,,,,1.0,0.8,tool_transactional,,overly_long_title_core|overly_long_title_with_brand|h1_title_differ_soft|likely_poor_ctr_risk:truncated_risk,soft,long_title,P3,
https://www.expatcopilot.com/netherlands/moving/tools/document-readiness/from/indonesia/,/netherlands/moving/tools/document-readiness/from/indonesia/,tool_calculator,INDEXABLE,indonesia,Document Readiness Checker for the Netherlands — from Indonesia (Free Tool) | ExpatCopilot,Document Readiness Checker for the Netherlands — from Indonesia (Free Tool),90,Document Readiness Checker for the Netherlands — from Indonesia,"Moving from Indonesia to the Netherlands? Check which documents to prepare, including apostille and translation where relevant.",127,From Indonesia,Document Readiness Checker for the Netherlands — from Indonesia (Free Tool) | ExpatCopilot,"Moving from Indonesia to the Netherlands? Check which documents to prepare, including apostille and translation where relevant.",ExpatCopilot,,,,1.0,0.8,tool_transactional,,overly_long_title_core|overly_long_title_with_brand|h1_title_differ_soft|likely_poor_ctr_risk:truncated_risk,soft,long_title,P3,
https://www.expatcopilot.com/netherlands/moving/tools/document-readiness/from/germany/,/netherlands/moving/tools/document-readiness/from/germany/,tool_calculator,INDEXABLE,germany,Document Readiness Checker for the Netherlands — from Germany (Free Tool) | ExpatCopilot,Document Readiness Checker for the Netherlands — from Germany (Free Tool),88,Document Readiness Checker for the Netherlands — from Germany,"Moving from Germany to the Netherlands? Check which documents to prepare, including apostille and translation where relevant.",125,From Germany,Document Readiness Checker for the Netherlands — from Germany (Free Tool) | ExpatCopilot,"Moving from Germany to the Netherlands? Check which documents to prepare, including apostille and translation where relevant.",ExpatCopilot,,,,1.0,0.8,tool_transactional,,overly_long_title_core|overly_long_title_with_brand|h1_title_differ_soft|likely_poor_ctr_risk:truncated_risk,soft,long_title,P3,
https://www.expatcopilot.com/netherlands/moving/tools/document-readiness/from/ireland/,/netherlands/moving/tools/document-readiness/from/ireland/,tool_calculator,INDEXABLE,ireland,Document Readiness Checker for the Netherlands — from Ireland (Free Tool) | ExpatCopilot,Document Readiness Checker for the Netherlands — from Ireland (Free Tool),88,Document Readiness Checker for the Netherlands — from Ireland,"Moving from Ireland to the Netherlands? Check which documents to prepare, including apostille and translation where relevant.",125,From Ireland,Document Readiness Checker for the Netherlands — from Ireland (Free Tool) | ExpatCopilot,"Moving from Ireland to the Netherlands? Check which documents to prepare, including apostille and translation where relevant.",ExpatCopilot,,,,1.0,0.8,tool_transactional,,overly_long_title_core|overly_long_title_with_brand|h1_title_differ_soft|likely_poor_ctr_risk:truncated_risk,soft,long_title,P3,
https://www.expatcopilot.com/netherlands/moving/tools/document-readiness/from/italy/,/netherlands/moving/tools/document-readiness/from/italy/,tool_calculator,INDEXABLE,italy,Document Readiness Checker for the Netherlands — from Italy (Free Tool) | ExpatCopilot,Document Readiness Checker for the Netherlands — from Italy (Free Tool),86,Document Readiness Checker for the Netherlands — from Italy,"Moving from Italy to the Netherlands? Check which documents to prepare, including apostille and translation where relevant.",123,From Italy,Document Readiness Checker for the Netherlands — from Italy (Free Tool) | ExpatCopilot,"Moving from Italy to the Netherlands? Check which documents to prepare, including apostille and translation where relevant.",ExpatCopilot,,,,1.0,0.8,tool_transactional,,overly_long_title_core|overly_long_title_with_brand|h1_title_differ_soft|likely_poor_ctr_risk:truncated_risk,soft,long_title,P3,
https://www.expatcopilot.com/netherlands/moving/tools/document-readiness/from/new-zealand/,/netherlands/moving/tools/document-readiness/from/new-zealand/,tool_calculator,INDEXABLE,new-zealand,Document Readiness Checker for the Netherlands — from New Zealand (Free Tool) | ExpatCopilot,Document Readiness Checker for the Netherlands — from New Zealand (Free Tool),92,Document Readiness Checker for the Netherlands — from New Zealand,"Moving from New Zealand to the Netherlands? Check which documents to prepare, including apostille and translation where relevant.",129,From New Zealand,Document Readiness Checker for the Netherlands — from New Zealand (Free Tool) | ExpatCopilot,"Moving from New Zealand to the Netherlands? Check which documents to prepare, including apostille and translation where relevant.",ExpatCopilot,,,,1.0,0.82,tool_transactional,,overly_long_title_core|overly_long_title_with_brand|h1_title_differ_soft|likely_poor_ctr_risk:truncated_risk,soft,long_title,P3,
https://www.expatcopilot.com/netherlands/moving/tools/document-readiness/from/japan/,/netherlands/moving/tools/document-readiness/from/japan/,tool_calculator,INDEXABLE,japan,Document Readiness Checker for the Netherlands — from Japan (Free Tool) | ExpatCopilot,Document Readiness Checker for the Netherlands — from Japan (Free Tool),86,Document Readiness Checker for the Netherlands — from Japan,"Moving from Japan to the Netherlands? Check which documents to prepare, including apostille and translation where relevant.",123,From Japan,Document Readiness Checker for the Netherlands — from Japan (Free Tool) | ExpatCopilot,"Moving from Japan to the Netherlands? Check which documents to prepare, including apostille and translation where relevant.",ExpatCopilot,,,,1.0,0.8,tool_transactional,,overly_long_title_core|overly_long_title_with_brand|h1_title_differ_soft|likely_poor_ctr_risk:truncated_risk,soft,long_title,P3,
https://www.expatcopilot.com/netherlands/moving/tools/document-readiness/from/norway/,/netherlands/moving/tools/document-readiness/from/norway/,tool_calculator,INDEXABLE,norway,Document Readiness Checker for the Netherlands — from Norway (Free Tool) | ExpatCopilot,Document Readiness Checker for the Netherlands — from Norway (Free Tool),87,Document Readiness Checker for the Netherlands — from Norway,"Moving from Norway to the Netherlands? Check which documents to prepare, including apostille and translation where relevant.",124,From Norway,Document Readiness Checker for the Netherlands — from Norway (Free Tool) | ExpatCopilot,"Moving from Norway to the Netherlands? Check which documents to prepare, including apostille and translation where relevant.",ExpatCopilot,,,,1.0,0.8,tool_transactional,,overly_long_title_core|overly_long_title_with_brand|h1_title_differ_soft|likely_poor_ctr_risk:truncated_risk,soft,long_title,P3,
https://www.expatcopilot.com/netherlands/moving/tools/document-readiness/from/kenya/,/netherlands/moving/tools/document-readiness/from/kenya/,tool_calculator,INDEXABLE,kenya,Document Readiness Checker for the Netherlands — from Kenya (Free Tool) | ExpatCopilot,Document Readiness Checker for the Netherlands — from Kenya (Free Tool),86,Document Readiness Checker for the Netherlands — from Kenya,"Moving from Kenya to the Netherlands? Check which documents to prepare, including apostille and translation where relevant.",123,From Kenya,Document Readiness Checker for the Netherlands — from Kenya (Free Tool) | ExpatCopilot,"Moving from Kenya to the Netherlands? Check which documents to prepare, including apostille and translation where relevant.",ExpatCopilot,,,,1.0,0.8,tool_transactional,,overly_long_title_core|overly_long_title_with_brand|h1_title_differ_soft|likely_poor_ctr_risk:truncated_risk,soft,long_title,P3,
https://www.expatcopilot.com/netherlands/moving/tools/document-readiness/from/pakistan/,/netherlands/moving/tools/document-readiness/from/pakistan/,tool_calculator,INDEXABLE,pakistan,Document Readiness Checker for the Netherlands — from Pakistan (Free Tool) | ExpatCopilot,Document Readiness Checker for the Netherlands — from Pakistan (Free Tool),89,Document Readiness Checker for the Netherlands — from Pakistan,"Moving from Pakistan to the Netherlands? Check which documents to prepare, including apostille and translation where relevant.",126,From Pakistan,Document Readiness Checker for the Netherlands — from Pakistan (Free Tool) | ExpatCopilot,"Moving from Pakistan to the Netherlands? Check which documents to prepare, including apostille and translation where relevant.",ExpatCopilot,,,,1.0,0.8,tool_transactional,,overly_long_title_core|overly_long_title_with_brand|h1_title_differ_soft|likely_poor_ctr_risk:truncated_risk,soft,long_title,P3,
https://www.expatcopilot.com/netherlands/moving/tools/document-readiness/from/mexico/,/netherlands/moving/tools/document-readiness/from/mexico/,tool_calculator,INDEXABLE,mexico,Document Readiness Checker for the Netherlands — from Mexico (Free Tool) | ExpatCopilot,Document Readiness Checker for the Netherlands — from Mexico (Free Tool),87,Document Readiness Checker for the Netherlands — from Mexico,"Moving from Mexico to the Netherlands? Check which documents to prepare, including apostille and translation where relevant.",124,From Mexico,Document Readiness Checker for the Netherlands — from Mexico (Free Tool) | ExpatCopilot,"Moving from Mexico to the Netherlands? Check which documents to prepare, including apostille and translation where relevant.",ExpatCopilot,,,,1.0,0.8,tool_transactional,,overly_long_title_core|overly_long_title_with_brand|h1_title_differ_soft|likely_poor_ctr_risk:truncated_risk,soft,long_title,P3,
https://www.expatcopilot.com/netherlands/moving/tools/document-readiness/from/spain/,/netherlands/moving/tools/document-readiness/from/spain/,tool_calculator,INDEXABLE,spain,Document Readiness Checker for the Netherlands — from Spain (Free Tool) | ExpatCopilot,Document Readiness Checker for the Netherlands — from Spain (Free Tool),86,Document Readiness Checker for the Netherlands — from Spain,"Moving from Spain to the Netherlands? Check which documents to prepare, including apostille and translation where relevant.",123,From Spain,Document Readiness Checker for the Netherlands — from Spain (Free Tool) | ExpatCopilot,"Moving from Spain to the Netherlands? Check which documents to prepare, including apostille and translation where relevant.",ExpatCopilot,,,,1.0,0.8,tool_transactional,,overly_long_title_core|overly_long_title_with_brand|h1_title_differ_soft|likely_poor_ctr_risk:truncated_risk,soft,long_title,P3,
https://www.expatcopilot.com/netherlands/moving/tools/document-readiness/from/south-korea/,/netherlands/moving/tools/document-readiness/from/south-korea/,tool_calculator,INDEXABLE,south-korea,Document Readiness Checker for the Netherlands — from South Korea (Free Tool) | ExpatCopilot,Document Readiness Checker for the Netherlands — from South Korea (Free Tool),92,Document Readiness Checker for the Netherlands — from South Korea,"Moving from South Korea to the Netherlands? Check which documents to prepare, including apostille and translation where relevant.",129,From South Korea,Document Readiness Checker for the Netherlands — from South Korea (Free Tool) | ExpatCopilot,"Moving from South Korea to the Netherlands? Check which documents to prepare, including apostille and translation where relevant.",ExpatCopilot,,,,1.0,0.82,tool_transactional,,overly_long_title_core|overly_long_title_with_brand|h1_title_differ_soft|likely_poor_ctr_risk:truncated_risk,soft,long_title,P3,
https://www.expatcopilot.com/netherlands/moving/tools/document-readiness/from/south-africa/,/netherlands/moving/tools/document-readiness/from/south-africa/,tool_calculator,INDEXABLE,south-africa,Document Readiness Checker for the Netherlands — from South Africa (Free Tool) | ExpatCopilot,Document Readiness Checker for the Netherlands — from South Africa (Free Tool),93,Document Readiness Checker for the Netherlands — from South Africa,"Moving from South Africa to the Netherlands? Check which documents to prepare, including apostille and translation where relevant.",130,From South Africa,Document Readiness Checker for the Netherlands — from South Africa (Free Tool) | ExpatCopilot,"Moving from South Africa to the Netherlands? Check which documents to prepare, including apostille and translation where relevant.",ExpatCopilot,,,,1.0,0.82,tool_transactional,,overly_long_title_core|overly_long_title_with_brand|h1_title_differ_soft|likely_poor_ctr_risk:truncated_risk,soft,long_title,P3,
https://www.expatcopilot.com/netherlands/moving/tools/document-readiness/from/singapore/,/netherlands/moving/tools/document-readiness/from/singapore/,tool_calculator,INDEXABLE,singapore,Document Readiness Checker for the Netherlands — from Singapore (Free Tool) | ExpatCopilot,Document Readiness Checker for the Netherlands — from Singapore (Free Tool),90,Document Readiness Checker for the Netherlands — from Singapore,"Moving from Singapore to the Netherlands? Check which documents to prepare, including apostille and translation where relevant.",127,From Singapore,Document Readiness Checker for the Netherlands — from Singapore (Free Tool) | ExpatCopilot,"Moving from Singapore to the Netherlands? Check which documents to prepare, including apostille and translation where relevant.",ExpatCopilot,,,,1.0,0.8,tool_transactional,,overly_long_title_core|overly_long_title_with_brand|h1_title_differ_soft|likely_poor_ctr_risk:truncated_risk,soft,long_title,P3,
https://www.expatcopilot.com/netherlands/moving/tools/document-readiness/from/sweden/,/netherlands/moving/tools/document-readiness/from/sweden/,tool_calculator,INDEXABLE,sweden,Document Readiness Checker for the Netherlands — from Sweden (Free Tool) | ExpatCopilot,Document Readiness Checker for the Netherlands — from Sweden (Free Tool),87,Document Readiness Checker for the Netherlands — from Sweden,"Moving from Sweden to the Netherlands? Check which documents to prepare, including apostille and translation where relevant.",124,From Sweden,Document Readiness Checker for the Netherlands — from Sweden (Free Tool) | ExpatCopilot,"Moving from Sweden to the Netherlands? Check which documents to prepare, including apostille and translation where relevant.",ExpatCopilot,,,,1.0,0.8,tool_transactional,,overly_long_title_core|overly_long_title_with_brand|h1_title_differ_soft|likely_poor_ctr_risk:truncated_risk,soft,long_title,P3,
https://www.expatcopilot.com/netherlands/moving/tools/document-readiness/from/switzerland/,/netherlands/moving/tools/document-readiness/from/switzerland/,tool_calculator,INDEXABLE,switzerland,Document Readiness Checker for the Netherlands — from Switzerland (Free Tool) | ExpatCopilot,Document Readiness Checker for the Netherlands — from Switzerland (Free Tool),92,Document Readiness Checker for the Netherlands — from Switzerland,"Moving from Switzerland to the Netherlands? Check which documents to prepare, including apostille and translation where relevant.",129,From Switzerland,Document Readiness Checker for the Netherlands — from Switzerland (Free Tool) | ExpatCopilot,"Moving from Switzerland to the Netherlands? Check which documents to prepare, including apostille and translation where relevant.",ExpatCopilot,,,,1.0,0.8,tool_transactional,,overly_long_title_core|overly_long_title_with_brand|h1_title_differ_soft|likely_poor_ctr_risk:truncated_risk,soft,long_title,P3,
https://www.expatcopilot.com/netherlands/moving/tools/document-readiness/from/turkey/,/netherlands/moving/tools/document-readiness/from/turkey/,tool_calculator,INDEXABLE,turkey,Document Readiness Checker for the Netherlands — from Türkiye (Free Tool) | ExpatCopilot,Document Readiness Checker for the Netherlands — from Türkiye (Free Tool),88,Document Readiness Checker for the Netherlands — from Türkiye,"Moving from Türkiye to the Netherlands? Check which documents to prepare, including apostille and translation where relevant.",125,From Türkiye,Document Readiness Checker for the Netherlands — from Türkiye (Free Tool) | ExpatCopilot,"Moving from Türkiye to the Netherlands? Check which documents to prepare, including apostille and translation where relevant.",ExpatCopilot,,,,0.0,0.82,tool_transactional,,overly_long_title_core|overly_long_title_with_brand|h1_title_differ_soft|likely_poor_ctr_risk:truncated_risk,soft,long_title,P3,
https://www.expatcopilot.com/netherlands/moving/tools/document-readiness/from/united-kingdom/,/netherlands/moving/tools/document-readiness/from/united-kingdom/,tool_calculator,INDEXABLE,united-kingdom,Document Readiness Checker for the Netherlands — from United Kingdom (Free Tool) | ExpatCopilot,Document Readiness Checker for the Netherlands — from United Kingdom (Free Tool),95,Document Readiness Checker for the Netherlands — from United Kingdom,"Moving from United Kingdom to the Netherlands? Check which documents to prepare, including apostille and translation where relevant.",132,From United Kingdom,Document Readiness Checker for the Netherlands — from United Kingdom (Free Tool) | ExpatCopilot,"Moving from United Kingdom to the Netherlands? Check which documents to prepare, including apostille and translation where relevant.",ExpatCopilot,,,,1.0,0.82,tool_transactional,,overly_long_title_core|overly_long_title_with_brand|h1_title_differ_soft|likely_poor_ctr_risk:truncated_risk,soft,long_title,P3,
https://www.expatcopilot.com/netherlands/moving/tools/document-readiness/from/uae/,/netherlands/moving/tools/document-readiness/from/uae/,tool_calculator,INDEXABLE,uae,Document Readiness Checker for the Netherlands — from United Arab Emirates (Free Tool) | ExpatCopilot,Document Readiness Checker for the Netherlands — from United Arab Emirates (Free Tool),101,Document Readiness Checker for the Netherlands — from United Arab Emirates,"Moving from United Arab Emirates to the Netherlands? Check which documents to prepare, including apostille and translation where relevant.",138,From United Arab Emirates,Document Readiness Checker for the Netherlands — from United Arab Emirates (Free Tool) | ExpatCopilot,"Moving from United Arab Emirates to the Netherlands? Check which documents to prepare, including apostille and translation where relevant.",ExpatCopilot,,,,0.0,0.83,tool_transactional,,overly_long_title_core|overly_long_title_with_brand|h1_title_differ_soft|likely_poor_ctr_risk:truncated_risk,soft,long_title,P3,
https://www.expatcopilot.com/netherlands/moving/tools/document-readiness/from/united-states/,/netherlands/moving/tools/document-readiness/from/united-states/,tool_calculator,INDEXABLE,united-states,Document Readiness Checker for the Netherlands — from United States (Free Tool) | ExpatCopilot,Document Readiness Checker for the Netherlands — from United States (Free Tool),94,Document Readiness Checker for the Netherlands — from United States,"Moving from United States to the Netherlands? Check which documents to prepare, including apostille and translation where relevant.",131,From United States,Document Readiness Checker for the Netherlands — from United States (Free Tool) | ExpatCopilot,"Moving from United States to the Netherlands? Check which documents to prepare, including apostille and translation where relevant.",ExpatCopilot,,,,1.0,0.82,tool_transactional,,overly_long_title_core|overly_long_title_with_brand|h1_title_differ_soft|likely_poor_ctr_risk:truncated_risk,soft,long_title,P3,
https://www.expatcopilot.com/netherlands/moving/tools/first-90-days/from/canada/,/netherlands/moving/tools/first-90-days/from/canada/,tool_calculator,INDEXABLE,canada,First 90 Days Planner for the Netherlands — from Canada (Free Tool) | ExpatCopilot,First 90 Days Planner for the Netherlands — from Canada (Free Tool),82,First 90 Days Planner for the Netherlands — from Canada,"Settling in the Netherlands from Canada? Plan your first 90 days: DigiD, healthcare, transport, and daily routines.",115,From Canada,First 90 Days Planner for the Netherlands — from Canada (Free Tool) | ExpatCopilot,"Settling in the Netherlands from Canada? Plan your first 90 days: DigiD, healthcare, transport, and daily routines.",ExpatCopilot,,,,1.0,0.82,tool_transactional,,overly_long_title_core|overly_long_title_with_brand|h1_title_differ_soft|likely_poor_ctr_risk:truncated_risk,soft,long_title,P3,
https://www.expatcopilot.com/netherlands/moving/tools/first-90-days/from/brazil/,/netherlands/moving/tools/first-90-days/from/brazil/,tool_calculator,INDEXABLE,brazil,First 90 Days Planner for the Netherlands — from Brazil (Free Tool) | ExpatCopilot,First 90 Days Planner for the Netherlands — from Brazil (Free Tool),82,First 90 Days Planner for the Netherlands — from Brazil,"Settling in the Netherlands from Brazil? Plan your first 90 days: DigiD, healthcare, transport, and daily routines.",115,From Brazil,First 90 Days Planner for the Netherlands — from Brazil (Free Tool) | ExpatCopilot,"Settling in the Netherlands from Brazil? Plan your first 90 days: DigiD, healthcare, transport, and daily routines.",ExpatCopilot,,,,1.0,0.82,tool_transactional,,overly_long_title_core|overly_long_title_with_brand|h1_title_differ_soft|likely_poor_ctr_risk:truncated_risk,soft,long_title,P3,
https://www.expatcopilot.com/netherlands/moving/tools/first-90-days/from/argentina/,/netherlands/moving/tools/first-90-days/from/argentina/,tool_calculator,INDEXABLE,argentina,First 90 Days Planner for the Netherlands — from Argentina (Free Tool) | ExpatCopilot,First 90 Days Planner for the Netherlands — from Argentina (Free Tool),85,First 90 Days Planner for the Netherlands — from Argentina,"Settling in the Netherlands from Argentina? Plan your first 90 days: DigiD, healthcare, transport, and daily routines.",118,From Argentina,First 90 Days Planner for the Netherlands — from Argentina (Free Tool) | ExpatCopilot,"Settling in the Netherlands from Argentina? Plan your first 90 days: DigiD, healthcare, transport, and daily routines.",ExpatCopilot,,,,1.0,0.82,tool_transactional,,overly_long_title_core|overly_long_title_with_brand|h1_title_differ_soft|likely_poor_ctr_risk:truncated_risk,soft,long_title,P3,
https://www.expatcopilot.com/netherlands/moving/tools/first-90-days/from/australia/,/netherlands/moving/tools/first-90-days/from/australia/,tool_calculator,INDEXABLE,australia,First 90 Days Planner for the Netherlands — from Australia (Free Tool) | ExpatCopilot,First 90 Days Planner for the Netherlands — from Australia (Free Tool),85,First 90 Days Planner for the Netherlands — from Australia,"Settling in the Netherlands from Australia? Plan your first 90 days: DigiD, healthcare, transport, and daily routines.",118,From Australia,First 90 Days Planner for the Netherlands — from Australia (Free Tool) | ExpatCopilot,"Settling in the Netherlands from Australia? Plan your first 90 days: DigiD, healthcare, transport, and daily routines.",ExpatCopilot,,,,1.0,0.82,tool_transactional,,overly_long_title_core|overly_long_title_with_brand|h1_title_differ_soft|likely_poor_ctr_risk:truncated_risk,soft,long_title,P3,
https://www.expatcopilot.com/netherlands/moving/tools/first-90-days/from/chile/,/netherlands/moving/tools/first-90-days/from/chile/,tool_calculator,INDEXABLE,chile,First 90 Days Planner for the Netherlands — from Chile (Free Tool) | ExpatCopilot,First 90 Days Planner for the Netherlands — from Chile (Free Tool),81,First 90 Days Planner for the Netherlands — from Chile,"Settling in the Netherlands from Chile? Plan your first 90 days: DigiD, healthcare, transport, and daily routines.",114,From Chile,First 90 Days Planner for the Netherlands — from Chile (Free Tool) | ExpatCopilot,"Settling in the Netherlands from Chile? Plan your first 90 days: DigiD, healthcare, transport, and daily routines.",ExpatCopilot,,,,1.0,0.82,tool_transactional,,overly_long_title_core|overly_long_title_with_brand|h1_title_differ_soft|likely_poor_ctr_risk:truncated_risk,soft,long_title,P3,
https://www.expatcopilot.com/netherlands/moving/tools/first-90-days/from/france/,/netherlands/moving/tools/first-90-days/from/france/,tool_calculator,INDEXABLE,france,First 90 Days Planner for the Netherlands — from France (Free Tool) | ExpatCopilot,First 90 Days Planner for the Netherlands — from France (Free Tool),82,First 90 Days Planner for the Netherlands — from France,"Settling in the Netherlands from France? Plan your first 90 days: DigiD, healthcare, transport, and daily routines.",115,From France,First 90 Days Planner for the Netherlands — from France (Free Tool) | ExpatCopilot,"Settling in the Netherlands from France? Plan your first 90 days: DigiD, healthcare, transport, and daily routines.",ExpatCopilot,,,,1.0,0.82,tool_transactional,,overly_long_title_core|overly_long_title_with_brand|h1_title_differ_soft|likely_poor_ctr_risk:truncated_risk,soft,long_title,P3,
https://www.expatcopilot.com/netherlands/moving/tools/first-90-days/from/denmark/,/netherlands/moving/tools/first-90-days/from/denmark/,tool_calculator,INDEXABLE,denmark,First 90 Days Planner for the Netherlands — from Denmark (Free Tool) | ExpatCopilot,First 90 Days Planner for the Netherlands — from Denmark (Free Tool),83,First 90 Days Planner for the Netherlands — from Denmark,"Settling in the Netherlands from Denmark? Plan your first 90 days: DigiD, healthcare, transport, and daily routines.",116,From Denmark,First 90 Days Planner for the Netherlands — from Denmark (Free Tool) | ExpatCopilot,"Settling in the Netherlands from Denmark? Plan your first 90 days: DigiD, healthcare, transport, and daily routines.",ExpatCopilot,,,,1.0,0.82,tool_transactional,,overly_long_title_core|overly_long_title_with_brand|h1_title_differ_soft|likely_poor_ctr_risk:truncated_risk,soft,long_title,P3,
https://www.expatcopilot.com/netherlands/moving/tools/first-90-days/from/india/,/netherlands/moving/tools/first-90-days/from/india/,tool_calculator,INDEXABLE,india,First 90 Days Planner for the Netherlands — from India (Free Tool) | ExpatCopilot,First 90 Days Planner for the Netherlands — from India (Free Tool),81,First 90 Days Planner for the Netherlands — from India,"Settling in the Netherlands from India? Plan your first 90 days: DigiD, healthcare, transport, and daily routines.",114,From India,First 90 Days Planner for the Netherlands — from India (Free Tool) | ExpatCopilot,"Settling in the Netherlands from India? Plan your first 90 days: DigiD, healthcare, transport, and daily routines.",ExpatCopilot,,,,1.0,0.82,tool_transactional,,overly_long_title_core|overly_long_title_with_brand|h1_title_differ_soft|likely_poor_ctr_risk:truncated_risk,soft,long_title,P3,
https://www.expatcopilot.com/netherlands/moving/tools/first-90-days/from/germany/,/netherlands/moving/tools/first-90-days/from/germany/,tool_calculator,INDEXABLE,germany,First 90 Days Planner for the Netherlands — from Germany (Free Tool) | ExpatCopilot,First 90 Days Planner for the Netherlands — from Germany (Free Tool),83,First 90 Days Planner for the Netherlands — from Germany,"Settling in the Netherlands from Germany? Plan your first 90 days: DigiD, healthcare, transport, and daily routines.",116,From Germany,First 90 Days Planner for the Netherlands — from Germany (Free Tool) | ExpatCopilot,"Settling in the Netherlands from Germany? Plan your first 90 days: DigiD, healthcare, transport, and daily routines.",ExpatCopilot,,,,1.0,0.82,tool_transactional,,overly_long_title_core|overly_long_title_with_brand|h1_title_differ_soft|likely_poor_ctr_risk:truncated_risk,soft,long_title,P3,
https://www.expatcopilot.com/netherlands/moving/tools/first-90-days/from/indonesia/,/netherlands/moving/tools/first-90-days/from/indonesia/,tool_calculator,INDEXABLE,indonesia,First 90 Days Planner for the Netherlands — from Indonesia (Free Tool) | ExpatCopilot,First 90 Days Planner for the Netherlands — from Indonesia (Free Tool),85,First 90 Days Planner for the Netherlands — from Indonesia,"Settling in the Netherlands from Indonesia? Plan your first 90 days: DigiD, healthcare, transport, and daily routines.",118,From Indonesia,First 90 Days Planner for the Netherlands — from Indonesia (Free Tool) | ExpatCopilot,"Settling in the Netherlands from Indonesia? Plan your first 90 days: DigiD, healthcare, transport, and daily routines.",ExpatCopilot,,,,1.0,0.82,tool_transactional,,overly_long_title_core|overly_long_title_with_brand|h1_title_differ_soft|likely_poor_ctr_risk:truncated_risk,soft,long_title,P3,
https://www.expatcopilot.com/netherlands/moving/tools/first-90-days/from/ireland/,/netherlands/moving/tools/first-90-days/from/ireland/,tool_calculator,INDEXABLE,ireland,First 90 Days Planner for the Netherlands — from Ireland (Free Tool) | ExpatCopilot,First 90 Days Planner for the Netherlands — from Ireland (Free Tool),83,First 90 Days Planner for the Netherlands — from Ireland,"Settling in the Netherlands from Ireland? Plan your first 90 days: DigiD, healthcare, transport, and daily routines.",116,From Ireland,First 90 Days Planner for the Netherlands — from Ireland (Free Tool) | ExpatCopilot,"Settling in the Netherlands from Ireland? Plan your first 90 days: DigiD, healthcare, transport, and daily routines.",ExpatCopilot,,,,1.0,0.82,tool_transactional,,overly_long_title_core|overly_long_title_with_brand|h1_title_differ_soft|likely_poor_ctr_risk:truncated_risk,soft,long_title,P3,
https://www.expatcopilot.com/netherlands/moving/tools/first-90-days/from/italy/,/netherlands/moving/tools/first-90-days/from/italy/,tool_calculator,INDEXABLE,italy,First 90 Days Planner for the Netherlands — from Italy (Free Tool) | ExpatCopilot,First 90 Days Planner for the Netherlands — from Italy (Free Tool),81,First 90 Days Planner for the Netherlands — from Italy,"Settling in the Netherlands from Italy? Plan your first 90 days: DigiD, healthcare, transport, and daily routines.",114,From Italy,First 90 Days Planner for the Netherlands — from Italy (Free Tool) | ExpatCopilot,"Settling in the Netherlands from Italy? Plan your first 90 days: DigiD, healthcare, transport, and daily routines.",ExpatCopilot,,,,1.0,0.82,tool_transactional,,overly_long_title_core|overly_long_title_with_brand|h1_title_differ_soft|likely_poor_ctr_risk:truncated_risk,soft,long_title,P3,
https://www.expatcopilot.com/netherlands/moving/tools/first-90-days/from/japan/,/netherlands/moving/tools/first-90-days/from/japan/,tool_calculator,INDEXABLE,japan,First 90 Days Planner for the Netherlands — from Japan (Free Tool) | ExpatCopilot,First 90 Days Planner for the Netherlands — from Japan (Free Tool),81,First 90 Days Planner for the Netherlands — from Japan,"Settling in the Netherlands from Japan? Plan your first 90 days: DigiD, healthcare, transport, and daily routines.",114,From Japan,First 90 Days Planner for the Netherlands — from Japan (Free Tool) | ExpatCopilot,"Settling in the Netherlands from Japan? Plan your first 90 days: DigiD, healthcare, transport, and daily routines.",ExpatCopilot,,,,1.0,0.82,tool_transactional,,overly_long_title_core|overly_long_title_with_brand|h1_title_differ_soft|likely_poor_ctr_risk:truncated_risk,soft,long_title,P3,
https://www.expatcopilot.com/netherlands/moving/tools/first-90-days/from/kenya/,/netherlands/moving/tools/first-90-days/from/kenya/,tool_calculator,INDEXABLE,kenya,First 90 Days Planner for the Netherlands — from Kenya (Free Tool) | ExpatCopilot,First 90 Days Planner for the Netherlands — from Kenya (Free Tool),81,First 90 Days Planner for the Netherlands — from Kenya,"Settling in the Netherlands from Kenya? Plan your first 90 days: DigiD, healthcare, transport, and daily routines.",114,From Kenya,First 90 Days Planner for the Netherlands — from Kenya (Free Tool) | ExpatCopilot,"Settling in the Netherlands from Kenya? Plan your first 90 days: DigiD, healthcare, transport, and daily routines.",ExpatCopilot,,,,1.0,0.82,tool_transactional,,overly_long_title_core|overly_long_title_with_brand|h1_title_differ_soft|likely_poor_ctr_risk:truncated_risk,soft,long_title,P3,
https://www.expatcopilot.com/netherlands/moving/tools/first-90-days/,/netherlands/moving/tools/first-90-days/,tool_calculator,INDEXABLE,first-90-days,First 90 days in the Netherlands planner (free tool) | ExpatCopilot,First 90 days in the Netherlands planner (free tool),67,Plan Your First 90 Days in the Netherlands,"Create a personalized week-by-week plan for your first 90 days in the Netherlands, including admin, daily life setup, and integration awareness.",144,First 90 Days Planner,First 90 days in the Netherlands planner (free tool) | ExpatCopilot,"Create a personalized week-by-week plan for your first 90 days in the Netherlands, including admin, daily life setup, and integration awareness.",ExpatCopilot,,,,1.0,0.55,tool_transactional,,h1_title_differ_soft,no,,INFO,
https://www.expatcopilot.com/netherlands/moving/tools/first-90-days/from/mexico/,/netherlands/moving/tools/first-90-days/from/mexico/,tool_calculator,INDEXABLE,mexico,First 90 Days Planner for the Netherlands — from Mexico (Free Tool) | ExpatCopilot,First 90 Days Planner for the Netherlands — from Mexico (Free Tool),82,First 90 Days Planner for the Netherlands — from Mexico,"Settling in the Netherlands from Mexico? Plan your first 90 days: DigiD, healthcare, transport, and daily routines.",115,From Mexico,First 90 Days Planner for the Netherlands — from Mexico (Free Tool) | ExpatCopilot,"Settling in the Netherlands from Mexico? Plan your first 90 days: DigiD, healthcare, transport, and daily routines.",ExpatCopilot,,,,1.0,0.82,tool_transactional,,overly_long_title_core|overly_long_title_with_brand|h1_title_differ_soft|likely_poor_ctr_risk:truncated_risk,soft,long_title,P3,
https://www.expatcopilot.com/netherlands/moving/tools/first-90-days/from/new-zealand/,/netherlands/moving/tools/first-90-days/from/new-zealand/,tool_calculator,INDEXABLE,new-zealand,First 90 Days Planner for the Netherlands — from New Zealand (Free Tool) | ExpatCopilot,First 90 Days Planner for the Netherlands — from New Zealand (Free Tool),87,First 90 Days Planner for the Netherlands — from New Zealand,"Settling in the Netherlands from New Zealand? Plan your first 90 days: DigiD, healthcare, transport, and daily routines.",120,From New Zealand,First 90 Days Planner for the Netherlands — from New Zealand (Free Tool) | ExpatCopilot,"Settling in the Netherlands from New Zealand? Plan your first 90 days: DigiD, healthcare, transport, and daily routines.",ExpatCopilot,,,,1.0,0.83,tool_transactional,,overly_long_title_core|overly_long_title_with_brand|h1_title_differ_soft|likely_poor_ctr_risk:truncated_risk,soft,long_title,P3,
https://www.expatcopilot.com/netherlands/moving/tools/first-90-days/from/norway/,/netherlands/moving/tools/first-90-days/from/norway/,tool_calculator,INDEXABLE,norway,First 90 Days Planner for the Netherlands — from Norway (Free Tool) | ExpatCopilot,First 90 Days Planner for the Netherlands — from Norway (Free Tool),82,First 90 Days Planner for the Netherlands — from Norway,"Settling in the Netherlands from Norway? Plan your first 90 days: DigiD, healthcare, transport, and daily routines.",115,From Norway,First 90 Days Planner for the Netherlands — from Norway (Free Tool) | ExpatCopilot,"Settling in the Netherlands from Norway? Plan your first 90 days: DigiD, healthcare, transport, and daily routines.",ExpatCopilot,,,,1.0,0.82,tool_transactional,,overly_long_title_core|overly_long_title_with_brand|h1_title_differ_soft|likely_poor_ctr_risk:truncated_risk,soft,long_title,P3,
https://www.expatcopilot.com/netherlands/moving/tools/first-90-days/from/pakistan/,/netherlands/moving/tools/first-90-days/from/pakistan/,tool_calculator,INDEXABLE,pakistan,First 90 Days Planner for the Netherlands — from Pakistan (Free Tool) | ExpatCopilot,First 90 Days Planner for the Netherlands — from Pakistan (Free Tool),84,First 90 Days Planner for the Netherlands — from Pakistan,"Settling in the Netherlands from Pakistan? Plan your first 90 days: DigiD, healthcare, transport, and daily routines.",117,From Pakistan,First 90 Days Planner for the Netherlands — from Pakistan (Free Tool) | ExpatCopilot,"Settling in the Netherlands from Pakistan? Plan your first 90 days: DigiD, healthcare, transport, and daily routines.",ExpatCopilot,,,,1.0,0.82,tool_transactional,,overly_long_title_core|overly_long_title_with_brand|h1_title_differ_soft|likely_poor_ctr_risk:truncated_risk,soft,long_title,P3,
https://www.expatcopilot.com/netherlands/moving/tools/first-90-days/from/singapore/,/netherlands/moving/tools/first-90-days/from/singapore/,tool_calculator,INDEXABLE,singapore,First 90 Days Planner for the Netherlands — from Singapore (Free Tool) | ExpatCopilot,First 90 Days Planner for the Netherlands — from Singapore (Free Tool),85,First 90 Days Planner for the Netherlands — from Singapore,"Settling in the Netherlands from Singapore? Plan your first 90 days: DigiD, healthcare, transport, and daily routines.",118,From Singapore,First 90 Days Planner for the Netherlands — from Singapore (Free Tool) | ExpatCopilot,"Settling in the Netherlands from Singapore? Plan your first 90 days: DigiD, healthcare, transport, and daily routines.",ExpatCopilot,,,,1.0,0.82,tool_transactional,,overly_long_title_core|overly_long_title_with_brand|h1_title_differ_soft|likely_poor_ctr_risk:truncated_risk,soft,long_title,P3,
https://www.expatcopilot.com/netherlands/moving/tools/first-90-days/from/south-africa/,/netherlands/moving/tools/first-90-days/from/south-africa/,tool_calculator,INDEXABLE,south-africa,First 90 Days Planner for the Netherlands — from South Africa (Free Tool) | ExpatCopilot,First 90 Days Planner for the Netherlands — from South Africa (Free Tool),88,First 90 Days Planner for the Netherlands — from South Africa,"Settling in the Netherlands from South Africa? Plan your first 90 days: DigiD, healthcare, transport, and daily routines.",121,From South Africa,First 90 Days Planner for the Netherlands — from South Africa (Free Tool) | ExpatCopilot,"Settling in the Netherlands from South Africa? Plan your first 90 days: DigiD, healthcare, transport, and daily routines.",ExpatCopilot,,,,1.0,0.83,tool_transactional,,overly_long_title_core|overly_long_title_with_brand|h1_title_differ_soft|likely_poor_ctr_risk:truncated_risk,soft,long_title,P3,
https://www.expatcopilot.com/netherlands/moving/tools/first-90-days/from/south-korea/,/netherlands/moving/tools/first-90-days/from/south-korea/,tool_calculator,INDEXABLE,south-korea,First 90 Days Planner for the Netherlands — from South Korea (Free Tool) | ExpatCopilot,First 90 Days Planner for the Netherlands — from South Korea (Free Tool),87,First 90 Days Planner for the Netherlands — from South Korea,"Settling in the Netherlands from South Korea? Plan your first 90 days: DigiD, healthcare, transport, and daily routines.",120,From South Korea,First 90 Days Planner for the Netherlands — from South Korea (Free Tool) | ExpatCopilot,"Settling in the Netherlands from South Korea? Plan your first 90 days: DigiD, healthcare, transport, and daily routines.",ExpatCopilot,,,,1.0,0.83,tool_transactional,,overly_long_title_core|overly_long_title_with_brand|h1_title_differ_soft|likely_poor_ctr_risk:truncated_risk,soft,long_title,P3,
https://www.expatcopilot.com/netherlands/moving/tools/first-90-days/from/spain/,/netherlands/moving/tools/first-90-days/from/spain/,tool_calculator,INDEXABLE,spain,First 90 Days Planner for the Netherlands — from Spain (Free Tool) | ExpatCopilot,First 90 Days Planner for the Netherlands — from Spain (Free Tool),81,First 90 Days Planner for the Netherlands — from Spain,"Settling in the Netherlands from Spain? Plan your first 90 days: DigiD, healthcare, transport, and daily routines.",114,From Spain,First 90 Days Planner for the Netherlands — from Spain (Free Tool) | ExpatCopilot,"Settling in the Netherlands from Spain? Plan your first 90 days: DigiD, healthcare, transport, and daily routines.",ExpatCopilot,,,,1.0,0.82,tool_transactional,,overly_long_title_core|overly_long_title_with_brand|h1_title_differ_soft|likely_poor_ctr_risk:truncated_risk,soft,long_title,P3,
https://www.expatcopilot.com/netherlands/moving/tools/first-90-days/from/sweden/,/netherlands/moving/tools/first-90-days/from/sweden/,tool_calculator,INDEXABLE,sweden,First 90 Days Planner for the Netherlands — from Sweden (Free Tool) | ExpatCopilot,First 90 Days Planner for the Netherlands — from Sweden (Free Tool),82,First 90 Days Planner for the Netherlands — from Sweden,"Settling in the Netherlands from Sweden? Plan your first 90 days: DigiD, healthcare, transport, and daily routines.",115,From Sweden,First 90 Days Planner for the Netherlands — from Sweden (Free Tool) | ExpatCopilot,"Settling in the Netherlands from Sweden? Plan your first 90 days: DigiD, healthcare, transport, and daily routines.",ExpatCopilot,,,,1.0,0.82,tool_transactional,,overly_long_title_core|overly_long_title_with_brand|h1_title_differ_soft|likely_poor_ctr_risk:truncated_risk,soft,long_title,P3,
https://www.expatcopilot.com/netherlands/moving/tools/first-90-days/from/switzerland/,/netherlands/moving/tools/first-90-days/from/switzerland/,tool_calculator,INDEXABLE,switzerland,First 90 Days Planner for the Netherlands — from Switzerland (Free Tool) | ExpatCopilot,First 90 Days Planner for the Netherlands — from Switzerland (Free Tool),87,First 90 Days Planner for the Netherlands — from Switzerland,"Settling in the Netherlands from Switzerland? Plan your first 90 days: DigiD, healthcare, transport, and daily routines.",120,From Switzerland,First 90 Days Planner for the Netherlands — from Switzerland (Free Tool) | ExpatCopilot,"Settling in the Netherlands from Switzerland? Plan your first 90 days: DigiD, healthcare, transport, and daily routines.",ExpatCopilot,,,,1.0,0.82,tool_transactional,,overly_long_title_core|overly_long_title_with_brand|h1_title_differ_soft|likely_poor_ctr_risk:truncated_risk,soft,long_title,P3,
https://www.expatcopilot.com/netherlands/moving/tools/first-90-days/from/uae/,/netherlands/moving/tools/first-90-days/from/uae/,tool_calculator,INDEXABLE,uae,First 90 Days Planner for the Netherlands — from United Arab Emirates (Free Tool) | ExpatCopilot,First 90 Days Planner for the Netherlands — from United Arab Emirates (Free Tool),96,First 90 Days Planner for the Netherlands — from United Arab Emirates,"Settling in the Netherlands from United Arab Emirates? Plan your first 90 days: DigiD, healthcare, transport, and daily routines.",129,From United Arab Emirates,First 90 Days Planner for the Netherlands — from United Arab Emirates (Free Tool) | ExpatCopilot,"Settling in the Netherlands from United Arab Emirates? Plan your first 90 days: DigiD, healthcare, transport, and daily routines.",ExpatCopilot,,,,0.0,0.85,tool_transactional,,overly_long_title_core|overly_long_title_with_brand|h1_title_differ_soft|likely_poor_ctr_risk:truncated_risk,soft,long_title,P3,
https://www.expatcopilot.com/netherlands/moving/tools/first-90-days/from/turkey/,/netherlands/moving/tools/first-90-days/from/turkey/,tool_calculator,INDEXABLE,turkey,First 90 Days Planner for the Netherlands — from Türkiye (Free Tool) | ExpatCopilot,First 90 Days Planner for the Netherlands — from Türkiye (Free Tool),83,First 90 Days Planner for the Netherlands — from Türkiye,"Settling in the Netherlands from Türkiye? Plan your first 90 days: DigiD, healthcare, transport, and daily routines.",116,From Türkiye,First 90 Days Planner for the Netherlands — from Türkiye (Free Tool) | ExpatCopilot,"Settling in the Netherlands from Türkiye? Plan your first 90 days: DigiD, healthcare, transport, and daily routines.",ExpatCopilot,,,,0.0,0.83,tool_transactional,,overly_long_title_core|overly_long_title_with_brand|h1_title_differ_soft|likely_poor_ctr_risk:truncated_risk,soft,long_title,P3,
https://www.expatcopilot.com/netherlands/moving/tools/moving-checklist/from/argentina/,/netherlands/moving/tools/moving-checklist/from/argentina/,tool_calculator,INDEXABLE,argentina,Moving Checklist for the Netherlands — from Argentina (Free Tool) | ExpatCopilot,Moving Checklist for the Netherlands — from Argentina (Free Tool),80,Moving Checklist for the Netherlands — from Argentina,"Moving from Argentina to the Netherlands? Use this checklist to prepare before you move, plan travel, and hand off to your first days.",134,From Argentina,Moving Checklist for the Netherlands — from Argentina (Free Tool) | ExpatCopilot,"Moving from Argentina to the Netherlands? Use this checklist to prepare before you move, plan travel, and hand off to your first days.",ExpatCopilot,,,,1.0,0.78,tool_transactional,,overly_long_title_with_brand|h1_title_differ_soft,no,,INFO,
https://www.expatcopilot.com/netherlands/moving/tools/hsm-salary-checker/,/netherlands/moving/tools/hsm-salary-checker/,tool_calculator,INDEXABLE,hsm-salary-checker,HSM Salary Checker Netherlands | ExpatCopilot,HSM Salary Checker Netherlands,45,HSM Salary Checker,"Compare a job offer to Dutch Highly Skilled Migrant salary floors (2026 planning figures): age 30+, under 30, and reduced criterion. Not an IND decision.",153,HSM salary checker,HSM Salary Checker Netherlands | ExpatCopilot,"Compare a job offer to Dutch Highly Skilled Migrant salary floors (2026 planning figures): age 30+, under 30, and reduced criterion. Not an IND decision.",ExpatCopilot,,,,1.0,0.75,tool_transactional,contains 2026; topic may benefit from year freshness,h1_title_differ_soft,no,,INFO,contains 2026; topic may benefit from year freshness
https://www.expatcopilot.com/netherlands/moving/tools/first-90-days/from/united-kingdom/,/netherlands/moving/tools/first-90-days/from/united-kingdom/,tool_calculator,INDEXABLE,united-kingdom,First 90 Days Planner for the Netherlands — from United Kingdom (Free Tool) | ExpatCopilot,First 90 Days Planner for the Netherlands — from United Kingdom (Free Tool),90,First 90 Days Planner for the Netherlands — from United Kingdom,"Settling in the Netherlands from United Kingdom? Plan your first 90 days: DigiD, healthcare, transport, and daily routines.",123,From United Kingdom,First 90 Days Planner for the Netherlands — from United Kingdom (Free Tool) | ExpatCopilot,"Settling in the Netherlands from United Kingdom? Plan your first 90 days: DigiD, healthcare, transport, and daily routines.",ExpatCopilot,,,,1.0,0.83,tool_transactional,,overly_long_title_core|overly_long_title_with_brand|h1_title_differ_soft|likely_poor_ctr_risk:truncated_risk,soft,long_title,P3,
https://www.expatcopilot.com/netherlands/moving/tools/first-90-days/from/united-states/,/netherlands/moving/tools/first-90-days/from/united-states/,tool_calculator,INDEXABLE,united-states,First 90 Days Planner for the Netherlands — from United States (Free Tool) | ExpatCopilot,First 90 Days Planner for the Netherlands — from United States (Free Tool),89,First 90 Days Planner for the Netherlands — from United States,"Settling in the Netherlands from United States? Plan your first 90 days: DigiD, healthcare, transport, and daily routines.",122,From United States,First 90 Days Planner for the Netherlands — from United States (Free Tool) | ExpatCopilot,"Settling in the Netherlands from United States? Plan your first 90 days: DigiD, healthcare, transport, and daily routines.",ExpatCopilot,,,,1.0,0.83,tool_transactional,,overly_long_title_core|overly_long_title_with_brand|h1_title_differ_soft|likely_poor_ctr_risk:truncated_risk,soft,long_title,P3,
https://www.expatcopilot.com/netherlands/moving/tools/moving-checklist/from/canada/,/netherlands/moving/tools/moving-checklist/from/canada/,tool_calculator,INDEXABLE,canada,Moving Checklist for the Netherlands — from Canada (Free Tool) | ExpatCopilot,Moving Checklist for the Netherlands — from Canada (Free Tool),77,Moving Checklist for the Netherlands — from Canada,"Moving from Canada to the Netherlands? Use this checklist to prepare before you move, plan travel, and hand off to your first days.",131,From Canada,Moving Checklist for the Netherlands — from Canada (Free Tool) | ExpatCopilot,"Moving from Canada to the Netherlands? Use this checklist to prepare before you move, plan travel, and hand off to your first days.",ExpatCopilot,,,,1.0,0.78,tool_transactional,,overly_long_title_with_brand|h1_title_differ_soft,no,,INFO,
https://www.expatcopilot.com/netherlands/moving/tools/moving-checklist/from/brazil/,/netherlands/moving/tools/moving-checklist/from/brazil/,tool_calculator,INDEXABLE,brazil,Moving Checklist for the Netherlands — from Brazil (Free Tool) | ExpatCopilot,Moving Checklist for the Netherlands — from Brazil (Free Tool),77,Moving Checklist for the Netherlands — from Brazil,"Moving from Brazil to the Netherlands? Use this checklist to prepare before you move, plan travel, and hand off to your first days.",131,From Brazil,Moving Checklist for the Netherlands — from Brazil (Free Tool) | ExpatCopilot,"Moving from Brazil to the Netherlands? Use this checklist to prepare before you move, plan travel, and hand off to your first days.",ExpatCopilot,,,,1.0,0.78,tool_transactional,,overly_long_title_with_brand|h1_title_differ_soft,no,,INFO,
https://www.expatcopilot.com/netherlands/moving/tools/moving-checklist/from/australia/,/netherlands/moving/tools/moving-checklist/from/australia/,tool_calculator,INDEXABLE,australia,Moving Checklist for the Netherlands — from Australia (Free Tool) | ExpatCopilot,Moving Checklist for the Netherlands — from Australia (Free Tool),80,Moving Checklist for the Netherlands — from Australia,"Moving from Australia to the Netherlands? Use this checklist to prepare before you move, plan travel, and hand off to your first days.",134,From Australia,Moving Checklist for the Netherlands — from Australia (Free Tool) | ExpatCopilot,"Moving from Australia to the Netherlands? Use this checklist to prepare before you move, plan travel, and hand off to your first days.",ExpatCopilot,,,,1.0,0.78,tool_transactional,,overly_long_title_with_brand|h1_title_differ_soft,no,,INFO,
https://www.expatcopilot.com/netherlands/moving/tools/moving-checklist/from/chile/,/netherlands/moving/tools/moving-checklist/from/chile/,tool_calculator,INDEXABLE,chile,Moving Checklist for the Netherlands — from Chile (Free Tool) | ExpatCopilot,Moving Checklist for the Netherlands — from Chile (Free Tool),76,Moving Checklist for the Netherlands — from Chile,"Moving from Chile to the Netherlands? Use this checklist to prepare before you move, plan travel, and hand off to your first days.",130,From Chile,Moving Checklist for the Netherlands — from Chile (Free Tool) | ExpatCopilot,"Moving from Chile to the Netherlands? Use this checklist to prepare before you move, plan travel, and hand off to your first days.",ExpatCopilot,,,,1.0,0.78,tool_transactional,,overly_long_title_with_brand|h1_title_differ_soft,no,,INFO,
https://www.expatcopilot.com/netherlands/moving/tools/moving-checklist/from/france/,/netherlands/moving/tools/moving-checklist/from/france/,tool_calculator,INDEXABLE,france,Moving Checklist for the Netherlands — from France (Free Tool) | ExpatCopilot,Moving Checklist for the Netherlands — from France (Free Tool),77,Moving Checklist for the Netherlands — from France,"Moving from France to the Netherlands? Use this checklist to prepare before you move, plan travel, and hand off to your first days.",131,From France,Moving Checklist for the Netherlands — from France (Free Tool) | ExpatCopilot,"Moving from France to the Netherlands? Use this checklist to prepare before you move, plan travel, and hand off to your first days.",ExpatCopilot,,,,1.0,0.78,tool_transactional,,overly_long_title_with_brand|h1_title_differ_soft,no,,INFO,
https://www.expatcopilot.com/netherlands/moving/tools/moving-checklist/from/denmark/,/netherlands/moving/tools/moving-checklist/from/denmark/,tool_calculator,INDEXABLE,denmark,Moving Checklist for the Netherlands — from Denmark (Free Tool) | ExpatCopilot,Moving Checklist for the Netherlands — from Denmark (Free Tool),78,Moving Checklist for the Netherlands — from Denmark,"Moving from Denmark to the Netherlands? Use this checklist to prepare before you move, plan travel, and hand off to your first days.",132,From Denmark,Moving Checklist for the Netherlands — from Denmark (Free Tool) | ExpatCopilot,"Moving from Denmark to the Netherlands? Use this checklist to prepare before you move, plan travel, and hand off to your first days.",ExpatCopilot,,,,1.0,0.78,tool_transactional,,overly_long_title_with_brand|h1_title_differ_soft,no,,INFO,
https://www.expatcopilot.com/netherlands/moving/tools/moving-checklist/from/germany/,/netherlands/moving/tools/moving-checklist/from/germany/,tool_calculator,INDEXABLE,germany,Moving Checklist for the Netherlands — from Germany (Free Tool) | ExpatCopilot,Moving Checklist for the Netherlands — from Germany (Free Tool),78,Moving Checklist for the Netherlands — from Germany,"Moving from Germany to the Netherlands? Use this checklist to prepare before you move, plan travel, and hand off to your first days.",132,From Germany,Moving Checklist for the Netherlands — from Germany (Free Tool) | ExpatCopilot,"Moving from Germany to the Netherlands? Use this checklist to prepare before you move, plan travel, and hand off to your first days.",ExpatCopilot,,,,1.0,0.78,tool_transactional,,overly_long_title_with_brand|h1_title_differ_soft,no,,INFO,
https://www.expatcopilot.com/netherlands/moving/tools/moving-checklist/from/ireland/,/netherlands/moving/tools/moving-checklist/from/ireland/,tool_calculator,INDEXABLE,ireland,Moving Checklist for the Netherlands — from Ireland (Free Tool) | ExpatCopilot,Moving Checklist for the Netherlands — from Ireland (Free Tool),78,Moving Checklist for the Netherlands — from Ireland,"Moving from Ireland to the Netherlands? Use this checklist to prepare before you move, plan travel, and hand off to your first days.",132,From Ireland,Moving Checklist for the Netherlands — from Ireland (Free Tool) | ExpatCopilot,"Moving from Ireland to the Netherlands? Use this checklist to prepare before you move, plan travel, and hand off to your first days.",ExpatCopilot,,,,1.0,0.78,tool_transactional,,overly_long_title_with_brand|h1_title_differ_soft,no,,INFO,
https://www.expatcopilot.com/netherlands/moving/tools/moving-checklist/from/italy/,/netherlands/moving/tools/moving-checklist/from/italy/,tool_calculator,INDEXABLE,italy,Moving Checklist for the Netherlands — from Italy (Free Tool) | ExpatCopilot,Moving Checklist for the Netherlands — from Italy (Free Tool),76,Moving Checklist for the Netherlands — from Italy,"Moving from Italy to the Netherlands? Use this checklist to prepare before you move, plan travel, and hand off to your first days.",130,From Italy,Moving Checklist for the Netherlands — from Italy (Free Tool) | ExpatCopilot,"Moving from Italy to the Netherlands? Use this checklist to prepare before you move, plan travel, and hand off to your first days.",ExpatCopilot,,,,1.0,0.78,tool_transactional,,overly_long_title_with_brand|h1_title_differ_soft,no,,INFO,
https://www.expatcopilot.com/netherlands/moving/tools/moving-checklist/from/india/,/netherlands/moving/tools/moving-checklist/from/india/,tool_calculator,INDEXABLE,india,Moving Checklist for the Netherlands — from India (Free Tool) | ExpatCopilot,Moving Checklist for the Netherlands — from India (Free Tool),76,Moving Checklist for the Netherlands — from India,"Moving from India to the Netherlands? Use this checklist to prepare before you move, plan travel, and hand off to your first days.",130,From India,Moving Checklist for the Netherlands — from India (Free Tool) | ExpatCopilot,"Moving from India to the Netherlands? Use this checklist to prepare before you move, plan travel, and hand off to your first days.",ExpatCopilot,,,,1.0,0.78,tool_transactional,,overly_long_title_with_brand|h1_title_differ_soft,no,,INFO,
https://www.expatcopilot.com/netherlands/moving/tools/moving-checklist/from/kenya/,/netherlands/moving/tools/moving-checklist/from/kenya/,tool_calculator,INDEXABLE,kenya,Moving Checklist for the Netherlands — from Kenya (Free Tool) | ExpatCopilot,Moving Checklist for the Netherlands — from Kenya (Free Tool),76,Moving Checklist for the Netherlands — from Kenya,"Moving from Kenya to the Netherlands? Use this checklist to prepare before you move, plan travel, and hand off to your first days.",130,From Kenya,Moving Checklist for the Netherlands — from Kenya (Free Tool) | ExpatCopilot,"Moving from Kenya to the Netherlands? Use this checklist to prepare before you move, plan travel, and hand off to your first days.",ExpatCopilot,,,,1.0,0.78,tool_transactional,,overly_long_title_with_brand|h1_title_differ_soft,no,,INFO,
https://www.expatcopilot.com/netherlands/moving/tools/moving-checklist/from/indonesia/,/netherlands/moving/tools/moving-checklist/from/indonesia/,tool_calculator,INDEXABLE,indonesia,Moving Checklist for the Netherlands — from Indonesia (Free Tool) | ExpatCopilot,Moving Checklist for the Netherlands — from Indonesia (Free Tool),80,Moving Checklist for the Netherlands — from Indonesia,"Moving from Indonesia to the Netherlands? Use this checklist to prepare before you move, plan travel, and hand off to your first days.",134,From Indonesia,Moving Checklist for the Netherlands — from Indonesia (Free Tool) | ExpatCopilot,"Moving from Indonesia to the Netherlands? Use this checklist to prepare before you move, plan travel, and hand off to your first days.",ExpatCopilot,,,,1.0,0.78,tool_transactional,,overly_long_title_with_brand|h1_title_differ_soft,no,,INFO,
https://www.expatcopilot.com/netherlands/moving/tools/moving-checklist/from/japan/,/netherlands/moving/tools/moving-checklist/from/japan/,tool_calculator,INDEXABLE,japan,Moving Checklist for the Netherlands — from Japan (Free Tool) | ExpatCopilot,Moving Checklist for the Netherlands — from Japan (Free Tool),76,Moving Checklist for the Netherlands — from Japan,"Moving from Japan to the Netherlands? Use this checklist to prepare before you move, plan travel, and hand off to your first days.",130,From Japan,Moving Checklist for the Netherlands — from Japan (Free Tool) | ExpatCopilot,"Moving from Japan to the Netherlands? Use this checklist to prepare before you move, plan travel, and hand off to your first days.",ExpatCopilot,,,,1.0,0.78,tool_transactional,,overly_long_title_with_brand|h1_title_differ_soft,no,,INFO,
https://www.expatcopilot.com/netherlands/moving/tools/moving-checklist/from/mexico/,/netherlands/moving/tools/moving-checklist/from/mexico/,tool_calculator,INDEXABLE,mexico,Moving Checklist for the Netherlands — from Mexico (Free Tool) | ExpatCopilot,Moving Checklist for the Netherlands — from Mexico (Free Tool),77,Moving Checklist for the Netherlands — from Mexico,"Moving from Mexico to the Netherlands? Use this checklist to prepare before you move, plan travel, and hand off to your first days.",131,From Mexico,Moving Checklist for the Netherlands — from Mexico (Free Tool) | ExpatCopilot,"Moving from Mexico to the Netherlands? Use this checklist to prepare before you move, plan travel, and hand off to your first days.",ExpatCopilot,,,,1.0,0.78,tool_transactional,,overly_long_title_with_brand|h1_title_differ_soft,no,,INFO,
https://www.expatcopilot.com/netherlands/moving/tools/moving-checklist/from/new-zealand/,/netherlands/moving/tools/moving-checklist/from/new-zealand/,tool_calculator,INDEXABLE,new-zealand,Moving Checklist for the Netherlands — from New Zealand (Free Tool) | ExpatCopilot,Moving Checklist for the Netherlands — from New Zealand (Free Tool),82,Moving Checklist for the Netherlands — from New Zealand,"Moving from New Zealand to the Netherlands? Use this checklist to prepare before you move, plan travel, and hand off to your first days.",136,From New Zealand,Moving Checklist for the Netherlands — from New Zealand (Free Tool) | ExpatCopilot,"Moving from New Zealand to the Netherlands? Use this checklist to prepare before you move, plan travel, and hand off to your first days.",ExpatCopilot,,,,1.0,0.8,tool_transactional,,overly_long_title_core|overly_long_title_with_brand|h1_title_differ_soft|likely_poor_ctr_risk:truncated_risk,soft,long_title,P3,
https://www.expatcopilot.com/netherlands/moving/tools/moving-checklist/from/norway/,/netherlands/moving/tools/moving-checklist/from/norway/,tool_calculator,INDEXABLE,norway,Moving Checklist for the Netherlands — from Norway (Free Tool) | ExpatCopilot,Moving Checklist for the Netherlands — from Norway (Free Tool),77,Moving Checklist for the Netherlands — from Norway,"Moving from Norway to the Netherlands? Use this checklist to prepare before you move, plan travel, and hand off to your first days.",131,From Norway,Moving Checklist for the Netherlands — from Norway (Free Tool) | ExpatCopilot,"Moving from Norway to the Netherlands? Use this checklist to prepare before you move, plan travel, and hand off to your first days.",ExpatCopilot,,,,1.0,0.78,tool_transactional,,overly_long_title_with_brand|h1_title_differ_soft,no,,INFO,
https://www.expatcopilot.com/netherlands/moving/tools/moving-checklist/,/netherlands/moving/tools/moving-checklist/,tool_calculator,INDEXABLE,moving-checklist,Moving checklist for the Netherlands (free tool) | ExpatCopilot,Moving checklist for the Netherlands (free tool),63,Generate Your Moving Checklist for the Netherlands,"Generate a personalized moving checklist for the Netherlands. See what to prepare before the move, after arrival, and during your first 90 days.",144,Moving Checklist,Moving checklist for the Netherlands (free tool) | ExpatCopilot,"Generate a personalized moving checklist for the Netherlands. See what to prepare before the move, after arrival, and during your first 90 days.",ExpatCopilot,,,,1.0,0.56,tool_transactional,,h1_title_differ_soft,no,,INFO,
https://www.expatcopilot.com/netherlands/moving/tools/moving-checklist/from/pakistan/,/netherlands/moving/tools/moving-checklist/from/pakistan/,tool_calculator,INDEXABLE,pakistan,Moving Checklist for the Netherlands — from Pakistan (Free Tool) | ExpatCopilot,Moving Checklist for the Netherlands — from Pakistan (Free Tool),79,Moving Checklist for the Netherlands — from Pakistan,"Moving from Pakistan to the Netherlands? Use this checklist to prepare before you move, plan travel, and hand off to your first days.",133,From Pakistan,Moving Checklist for the Netherlands — from Pakistan (Free Tool) | ExpatCopilot,"Moving from Pakistan to the Netherlands? Use this checklist to prepare before you move, plan travel, and hand off to your first days.",ExpatCopilot,,,,1.0,0.78,tool_transactional,,overly_long_title_with_brand|h1_title_differ_soft,no,,INFO,
https://www.expatcopilot.com/netherlands/moving/tools/moving-checklist/from/south-korea/,/netherlands/moving/tools/moving-checklist/from/south-korea/,tool_calculator,INDEXABLE,south-korea,Moving Checklist for the Netherlands — from South Korea (Free Tool) | ExpatCopilot,Moving Checklist for the Netherlands — from South Korea (Free Tool),82,Moving Checklist for the Netherlands — from South Korea,"Moving from South Korea to the Netherlands? Use this checklist to prepare before you move, plan travel, and hand off to your first days.",136,From South Korea,Moving Checklist for the Netherlands — from South Korea (Free Tool) | ExpatCopilot,"Moving from South Korea to the Netherlands? Use this checklist to prepare before you move, plan travel, and hand off to your first days.",ExpatCopilot,,,,1.0,0.8,tool_transactional,,overly_long_title_core|overly_long_title_with_brand|h1_title_differ_soft|likely_poor_ctr_risk:truncated_risk,soft,long_title,P3,
https://www.expatcopilot.com/netherlands/moving/tools/moving-checklist/from/south-africa/,/netherlands/moving/tools/moving-checklist/from/south-africa/,tool_calculator,INDEXABLE,south-africa,Moving Checklist for the Netherlands — from South Africa (Free Tool) | ExpatCopilot,Moving Checklist for the Netherlands — from South Africa (Free Tool),83,Moving Checklist for the Netherlands — from South Africa,"Moving from South Africa to the Netherlands? Use this checklist to prepare before you move, plan travel, and hand off to your first days.",137,From South Africa,Moving Checklist for the Netherlands — from South Africa (Free Tool) | ExpatCopilot,"Moving from South Africa to the Netherlands? Use this checklist to prepare before you move, plan travel, and hand off to your first days.",ExpatCopilot,,,,1.0,0.8,tool_transactional,,overly_long_title_core|overly_long_title_with_brand|h1_title_differ_soft|likely_poor_ctr_risk:truncated_risk,soft,long_title,P3,
https://www.expatcopilot.com/netherlands/moving/tools/moving-checklist/from/singapore/,/netherlands/moving/tools/moving-checklist/from/singapore/,tool_calculator,INDEXABLE,singapore,Moving Checklist for the Netherlands — from Singapore (Free Tool) | ExpatCopilot,Moving Checklist for the Netherlands — from Singapore (Free Tool),80,Moving Checklist for the Netherlands — from Singapore,"Moving from Singapore to the Netherlands? Use this checklist to prepare before you move, plan travel, and hand off to your first days.",134,From Singapore,Moving Checklist for the Netherlands — from Singapore (Free Tool) | ExpatCopilot,"Moving from Singapore to the Netherlands? Use this checklist to prepare before you move, plan travel, and hand off to your first days.",ExpatCopilot,,,,1.0,0.78,tool_transactional,,overly_long_title_with_brand|h1_title_differ_soft,no,,INFO,
https://www.expatcopilot.com/netherlands/moving/tools/moving-checklist/from/spain/,/netherlands/moving/tools/moving-checklist/from/spain/,tool_calculator,INDEXABLE,spain,Moving Checklist for the Netherlands — from Spain (Free Tool) | ExpatCopilot,Moving Checklist for the Netherlands — from Spain (Free Tool),76,Moving Checklist for the Netherlands — from Spain,"Moving from Spain to the Netherlands? Use this checklist to prepare before you move, plan travel, and hand off to your first days.",130,From Spain,Moving Checklist for the Netherlands — from Spain (Free Tool) | ExpatCopilot,"Moving from Spain to the Netherlands? Use this checklist to prepare before you move, plan travel, and hand off to your first days.",ExpatCopilot,,,,1.0,0.78,tool_transactional,,overly_long_title_with_brand|h1_title_differ_soft,no,,INFO,
https://www.expatcopilot.com/netherlands/moving/tools/moving-checklist/from/turkey/,/netherlands/moving/tools/moving-checklist/from/turkey/,tool_calculator,INDEXABLE,turkey,Moving Checklist for the Netherlands — from Türkiye (Free Tool) | ExpatCopilot,Moving Checklist for the Netherlands — from Türkiye (Free Tool),78,Moving Checklist for the Netherlands — from Türkiye,"Moving from Türkiye to the Netherlands? Use this checklist to prepare before you move, plan travel, and hand off to your first days.",132,From Türkiye,Moving Checklist for the Netherlands — from Türkiye (Free Tool) | ExpatCopilot,"Moving from Türkiye to the Netherlands? Use this checklist to prepare before you move, plan travel, and hand off to your first days.",ExpatCopilot,,,,0.0,0.8,tool_transactional,,overly_long_title_with_brand|h1_title_differ_soft,no,,INFO,
https://www.expatcopilot.com/netherlands/moving/tools/moving-checklist/from/sweden/,/netherlands/moving/tools/moving-checklist/from/sweden/,tool_calculator,INDEXABLE,sweden,Moving Checklist for the Netherlands — from Sweden (Free Tool) | ExpatCopilot,Moving Checklist for the Netherlands — from Sweden (Free Tool),77,Moving Checklist for the Netherlands — from Sweden,"Moving from Sweden to the Netherlands? Use this checklist to prepare before you move, plan travel, and hand off to your first days.",131,From Sweden,Moving Checklist for the Netherlands — from Sweden (Free Tool) | ExpatCopilot,"Moving from Sweden to the Netherlands? Use this checklist to prepare before you move, plan travel, and hand off to your first days.",ExpatCopilot,,,,1.0,0.78,tool_transactional,,overly_long_title_with_brand|h1_title_differ_soft,no,,INFO,
https://www.expatcopilot.com/netherlands/moving/tools/moving-checklist/from/switzerland/,/netherlands/moving/tools/moving-checklist/from/switzerland/,tool_calculator,INDEXABLE,switzerland,Moving Checklist for the Netherlands — from Switzerland (Free Tool) | ExpatCopilot,Moving Checklist for the Netherlands — from Switzerland (Free Tool),82,Moving Checklist for the Netherlands — from Switzerland,"Moving from Switzerland to the Netherlands? Use this checklist to prepare before you move, plan travel, and hand off to your first days.",136,From Switzerland,Moving Checklist for the Netherlands — from Switzerland (Free Tool) | ExpatCopilot,"Moving from Switzerland to the Netherlands? Use this checklist to prepare before you move, plan travel, and hand off to your first days.",ExpatCopilot,,,,1.0,0.78,tool_transactional,,overly_long_title_core|overly_long_title_with_brand|h1_title_differ_soft|likely_poor_ctr_risk:truncated_risk,soft,long_title,P3,
https://www.expatcopilot.com/netherlands/moving/tools/moving-checklist/from/uae/,/netherlands/moving/tools/moving-checklist/from/uae/,tool_calculator,INDEXABLE,uae,Moving Checklist for the Netherlands — from United Arab Emirates (Free Tool) | ExpatCopilot,Moving Checklist for the Netherlands — from United Arab Emirates (Free Tool),91,Moving Checklist for the Netherlands — from United Arab Emirates,"Moving from United Arab Emirates to the Netherlands? Use this checklist to prepare before you move, plan travel, and hand off to your first days.",145,From United Arab Emirates,Moving Checklist for the Netherlands — from United Arab Emirates (Free Tool) | ExpatCopilot,"Moving from United Arab Emirates to the Netherlands? Use this checklist to prepare before you move, plan travel, and hand off to your first days.",ExpatCopilot,,,,0.0,0.82,tool_transactional,,overly_long_title_core|overly_long_title_with_brand|h1_title_differ_soft|likely_poor_ctr_risk:truncated_risk,soft,long_title,P3,
https://www.expatcopilot.com/netherlands/moving/tools/moving-checklist/from/united-states/,/netherlands/moving/tools/moving-checklist/from/united-states/,tool_calculator,INDEXABLE,united-states,Moving Checklist for the Netherlands — from United States (Free Tool) | ExpatCopilot,Moving Checklist for the Netherlands — from United States (Free Tool),84,Moving Checklist for the Netherlands — from United States,"Moving from United States to the Netherlands? Use this checklist to prepare before you move, plan travel, and hand off to your first days.",138,From United States,Moving Checklist for the Netherlands — from United States (Free Tool) | ExpatCopilot,"Moving from United States to the Netherlands? Use this checklist to prepare before you move, plan travel, and hand off to your first days.",ExpatCopilot,,,,1.0,0.8,tool_transactional,,overly_long_title_core|overly_long_title_with_brand|h1_title_differ_soft|likely_poor_ctr_risk:truncated_risk,soft,long_title,P3,
https://www.expatcopilot.com/netherlands/moving/tools/moving-checklist/from/united-kingdom/,/netherlands/moving/tools/moving-checklist/from/united-kingdom/,tool_calculator,INDEXABLE,united-kingdom,Moving Checklist for the Netherlands — from United Kingdom (Free Tool) | ExpatCopilot,Moving Checklist for the Netherlands — from United Kingdom (Free Tool),85,Moving Checklist for the Netherlands — from United Kingdom,"Moving from United Kingdom to the Netherlands? Use this checklist to prepare before you move, plan travel, and hand off to your first days.",139,From United Kingdom,Moving Checklist for the Netherlands — from United Kingdom (Free Tool) | ExpatCopilot,"Moving from United Kingdom to the Netherlands? Use this checklist to prepare before you move, plan travel, and hand off to your first days.",ExpatCopilot,,,,1.0,0.8,tool_transactional,,overly_long_title_core|overly_long_title_with_brand|h1_title_differ_soft|likely_poor_ctr_risk:truncated_risk,soft,long_title,P3,
https://www.expatcopilot.com/netherlands/moving/tools/relocation-cost-estimator/,/netherlands/moving/tools/relocation-cost-estimator/,tool_calculator,INDEXABLE,relocation-cost-estimator,Relocation Cost Estimator: Calculate the Cost of Moving to the Netherlands | ExpatCopilot,Relocation Cost Estimator: Calculate the Cost of Moving to the Netherlands,89,Relocation Cost Estimator,"Estimate how much it costs to move to the Netherlands. Calculate relocation, housing, setup and monthly living costs, then download your budget as a PDF.",153,Relocation Cost Estimator,Relocation Cost Estimator: Calculate the Cost of Moving to the Netherlands,"Estimate how much it costs to move to the Netherlands. Calculate relocation, housing, setup and monthly living costs, then download your budget as a PDF.",ExpatCopilot,,,,1.0,0.33,tool_transactional,no year in title; topic often year-sensitive (2026),overly_long_title_core|overly_long_title_with_brand|problematic_h1_title_mismatch|year_absent_but_may_help_ctr|likely_poor_ctr_risk:truncated_risk+freshness_signal_missing,yes,long_title+mismatch+year_opp,P2,no year in title; topic often year-sensitive (2026)
https://www.expatcopilot.com/netherlands/moving/twv-work-permit/,/netherlands/moving/twv-work-permit/,guide,INDEXABLE,twv-work-permit,TWV Work Permit in the Netherlands | ExpatCopilot,TWV Work Permit in the Netherlands,49,TWV Work Permit in the Netherlands,"A practical guide to when a Dutch TWV work permit may matter, how it differs from GVVA or free-work setups, and what employees and employers should clarify before work or relocation plans start moving too fast.",210,TWV Work Permit,TWV Work Permit in the Netherlands | ExpatCopilot,"A practical guide to when a Dutch TWV work permit may matter, how it differs from GVVA or free-work setups, and what employees and employers should clarify before work or relocation plans start moving too fast.",ExpatCopilot,TWV Work Permit in the Netherlands,,2026-04-10,1.0,1.0,guide,,overly_long_description,no,,INFO,
https://www.expatcopilot.com/netherlands/official-figures/,/netherlands/official-figures/,guide,INDEXABLE,official-figures,Netherlands official figures 2026 | ExpatCopilot,Netherlands official figures 2026,48,Netherlands official figures 2026,"Dated 2026 citation table: HSM salary floors, IND fees, 30% ruling norms and salary cap, adult minimum wage, eigen risico and typical basic health premium — with official source URLs. Not a calculator.",201,,Netherlands official figures 2026,"Dated 2026 citation table: HSM salary floors, IND fees, 30% ruling norms and salary cap, adult minimum wage, eigen risico and typical basic health premium — with official source URLs. Not a calculator.",ExpatCopilot,Netherlands official figures 2026,2026-08-30,2026-08-30,1.0,1.0,guide,contains 2026; topic may benefit from year freshness,overly_long_description|generic_title|likely_poor_ctr_risk:generic_or_taxonomy,yes,generic,P2,contains 2026; topic may benefit from year freshness
https://www.expatcopilot.com/netherlands/moving/visas-residency/,/netherlands/moving/visas-residency/,visa_guide,INDEXABLE,visas-residency,Visas & Residency in the Netherlands | ExpatCopilot,Visas & Residency in the Netherlands,51,Visas & Residency in the Netherlands,"Find your situation, see how the main Dutch routes differ, and open the guides and tools that fit—without studying immigration law first.",137,Visas & Residency,Visas & Residency in the Netherlands | ExpatCopilot,"Find your situation, see how the main Dutch routes differ, and open the guides and tools that fit—without studying immigration law first.",ExpatCopilot,Visas & Residency in the Netherlands,,2026-04-09,1.0,1.0,visa_informational,,ok,no,,INFO,
https://www.expatcopilot.com/netherlands/moving/working-in-the-netherlands/,/netherlands/moving/working-in-the-netherlands/,guide,INDEXABLE,working-in-the-netherlands,Working in the Netherlands | ExpatCopilot,Working in the Netherlands,41,Working in the Netherlands,"A practical Move guide for people relocating to the Netherlands for work — so you can understand the offer, the contract, the salary, the permit picture, and the first-month setup before the move starts feeling expensive or unclear.",232,Working in the Netherlands,Working in the Netherlands | ExpatCopilot,"A practical Move guide for people relocating to the Netherlands for work — so you can understand the offer, the contract, the salary, the permit picture, and the first-month setup before the move starts feeling expensive or unclear.",ExpatCopilot,Working in the Netherlands,,2026-04-10,1.0,1.0,guide,no year in title; topic often year-sensitive (2026),overly_long_description|year_absent_but_may_help_ctr|likely_poor_ctr_risk:freshness_signal_missing,soft,year_opp,P3,no year in title; topic often year-sensitive (2026)
https://www.expatcopilot.com/netherlands/open-bank-account-netherlands/,/netherlands/open-bank-account-netherlands/,moving_guide,INDEXABLE,open-bank-account-netherlands,Open a Bank Account in the Netherlands | Complete Guide for Expats | ExpatCopilot,Open a Bank Account in the Netherlands | Complete Guide for Expats,81,Open a Bank Account in the Netherlands,"How to open a Dutch bank account as an expat: documents, BSN timing, step-by-step setup, common delays, and calm next steps — orientation only, verify with each bank.",166,Open a bank account,Open a Bank Account in the Netherlands | Complete Guide for Expats,"How to open a Dutch bank account as an expat: documents, BSN timing, step-by-step setup, common delays, and calm next steps — orientation only, verify with each bank.",ExpatCopilot,Open a Bank Account in the Netherlands,2026-08-12,2026-08-12,1.0,0.64,moving_guide,,overly_long_title_core|overly_long_title_with_brand|h1_title_differ_soft|likely_poor_ctr_risk:truncated_risk,soft,long_title,P3,
https://www.expatcopilot.com/netherlands/practical-life/digid-netherlands/,/netherlands/practical-life/digid-netherlands/,guide,INDEXABLE,digid-netherlands,DigiD in the Netherlands | Complete Expat Guide | ExpatCopilot,DigiD in the Netherlands | Complete Expat Guide,62,DigiD in the Netherlands,"Learn what DigiD is, how it works, who can get it and why it is essential for healthcare, taxes, municipalities and government services in the Netherlands.",155,DigiD in the Netherlands,DigiD in the Netherlands | Complete Expat Guide,"Learn what DigiD is, how it works, who can get it and why it is essential for healthcare, taxes, municipalities and government services in the Netherlands.",ExpatCopilot,DigiD in the Netherlands,2026-10-25,2026-09-06,1.0,0.57,guide,no year in title; topic often year-sensitive (2026),h1_title_differ_soft|year_absent_but_may_help_ctr|likely_poor_ctr_risk:freshness_signal_missing,soft,year_opp,P3,no year in title; topic often year-sensitive (2026)
https://www.expatcopilot.com/netherlands/practical-life/parking-and-local-permits-netherlands/,/netherlands/practical-life/parking-and-local-permits-netherlands/,guide,INDEXABLE,parking-and-local-permits-netherlands,Parking and Local Permits in the Netherlands | Complete Expat Guide | ExpatCopilot,Parking and Local Permits in the Netherlands | Complete Expat Guide,82,Parking and Local Permits in the Netherlands,"Learn how parking and local permits work in the Netherlands, including resident permits, visitor permits, paid parking zones, EV charging and municipality services.",164,Parking and Local Permits,Parking and Local Permits in the Netherlands | Complete Expat Guide,"Learn how parking and local permits work in the Netherlands, including resident permits, visitor permits, paid parking zones, EV charging and municipality services.",ExpatCopilot,Parking and Local Permits in the Netherlands,2026-10-18,2026-09-06,1.0,0.7,guide,,overly_long_title_core|overly_long_title_with_brand|h1_title_differ_soft|templated_description_opening|likely_poor_ctr_risk:truncated_risk,yes,long_title+templated_desc,P2,
https://www.expatcopilot.com/netherlands/practical-life/privacy-and-safety-basics-netherlands/,/netherlands/practical-life/privacy-and-safety-basics-netherlands/,guide,INDEXABLE,privacy-and-safety-basics-netherlands,Privacy and Safety Basics in the Netherlands | Expat Guide | ExpatCopilot,Privacy and Safety Basics in the Netherlands | Expat Guide,73,Privacy and Safety Basics in the Netherlands,"Learn about privacy, personal safety, emergency services, scam awareness, digital security and consumer protections in the Netherlands.",135,Privacy and Safety,Privacy and Safety Basics in the Netherlands | Expat Guide,"Learn about privacy, personal safety, emergency services, scam awareness, digital security and consumer protections in the Netherlands.",ExpatCopilot,Privacy and Safety Basics in the Netherlands,2026-11-05,2026-09-06,1.0,0.78,guide,,h1_title_differ_soft,no,,INFO,
https://www.expatcopilot.com/netherlands/practical-life/registering-your-address-netherlands/,/netherlands/practical-life/registering-your-address-netherlands/,guide,INDEXABLE,registering-your-address-netherlands,Registering Your Address in the Netherlands | Complete Expat Guide | ExpatCopilot,Registering Your Address in the Netherlands | Complete Expat Guide,81,Registering Your Address in the Netherlands,"Learn how to register your address in the Netherlands, obtain a BSN, work with your municipality and complete one of the most important steps after moving.",155,Registering Your Address,Registering Your Address in the Netherlands | Complete Expat Guide,"Learn how to register your address in the Netherlands, obtain a BSN, work with your municipality and complete one of the most important steps after moving.",ExpatCopilot,Registering Your Address in the Netherlands,2026-10-11,2026-09-06,1.0,0.67,guide,,overly_long_title_core|overly_long_title_with_brand|h1_title_differ_soft|templated_description_opening|likely_poor_ctr_risk:truncated_risk,yes,long_title+templated_desc,P2,
https://www.expatcopilot.com/netherlands/practical-life/government-portals-netherlands/,/netherlands/practical-life/government-portals-netherlands/,guide,INDEXABLE,government-portals-netherlands,Government Portals in the Netherlands | Complete Expat Guide | ExpatCopilot,Government Portals in the Netherlands | Complete Expat Guide,75,Government Portals in the Netherlands,"Discover the most important Dutch government portals, including DigiD, Belastingdienst, IND, municipalities, healthcare and business services used by expats.",157,Government Portals in the Netherlands,Government Portals in the Netherlands | Complete Expat Guide,"Discover the most important Dutch government portals, including DigiD, Belastingdienst, IND, municipalities, healthcare and business services used by expats.",ExpatCopilot,Government Portals in the Netherlands,2026-10-29,2026-09-06,1.0,0.62,guide,,h1_title_differ_soft,no,,INFO,
https://www.expatcopilot.com/netherlands/practical-life/municipality-services-netherlands/,/netherlands/practical-life/municipality-services-netherlands/,guide,INDEXABLE,municipality-services-netherlands,Municipality Services in the Netherlands | Complete Expat Guide | ExpatCopilot,Municipality Services in the Netherlands | Complete Expat Guide,78,Municipality Services in the Netherlands,"Learn how Dutch municipalities work, including registration, BSN numbers, local taxes, permits, parking, waste collection and essential services for expats.",156,Municipality Services in the Netherlands,Municipality Services in the Netherlands | Complete Expat Guide,"Learn how Dutch municipalities work, including registration, BSN numbers, local taxes, permits, parking, waste collection and essential services for expats.",ExpatCopilot,Municipality Services in the Netherlands,2026-10-04,2026-09-06,1.0,0.62,guide,no year in title; topic often year-sensitive (2026),overly_long_title_with_brand|h1_title_differ_soft|templated_description_opening|year_absent_but_may_help_ctr|likely_poor_ctr_risk:freshness_signal_missing,soft,templated_desc+year_opp,P3,no year in title; topic often year-sensitive (2026)
https://www.expatcopilot.com/netherlands/randstad/,/netherlands/randstad/,guide,INDEXABLE,randstad,"Randstad Netherlands Guide for Expats | Cities, Jobs, Housing & Commuting | ExpatCopilot","Randstad Netherlands Guide for Expats | Cities, Jobs, Housing & Commuting",88,Randstad Netherlands Guide for Expats,"Explore the Randstad region of the Netherlands, including Amsterdam, Rotterdam, The Hague, Utrecht and nearby cities. Compare lifestyle, housing, jobs, commuting and expat services.",181,Randstad,"Randstad Netherlands Guide for Expats | Cities, Jobs, Housing & Commuting","Explore the Randstad region of the Netherlands, including Amsterdam, Rotterdam, The Hague, Utrecht and nearby cities. Compare lifestyle, housing, jobs, commuting and expat services.",ExpatCopilot,Randstad Netherlands Guide for Expats,2026-05-06,2026-05-06,1.0,0.56,guide,,overly_long_title_core|overly_long_title_with_brand|overly_long_description|h1_title_differ_soft|likely_poor_ctr_risk:truncated_risk,soft,long_title,P3,
https://www.expatcopilot.com/netherlands/practical-life/subscriptions-and-cancellations-netherlands/,/netherlands/practical-life/subscriptions-and-cancellations-netherlands/,guide,INDEXABLE,subscriptions-and-cancellations-netherlands,Subscriptions and Cancellations in the Netherlands | Expat Guide | ExpatCopilot,Subscriptions and Cancellations in the Netherlands | Expat Guide,79,Subscriptions and Cancellations in the Netherlands,"Learn how subscriptions, memberships and cancellations work in the Netherlands, including gyms, internet, mobile contracts, utilities, streaming services and notice periods.",173,Subscriptions and Cancellations,Subscriptions and Cancellations in the Netherlands | Expat Guide,"Learn how subscriptions, memberships and cancellations work in the Netherlands, including gyms, internet, mobile contracts, utilities, streaming services and notice periods.",ExpatCopilot,Subscriptions and Cancellations in the Netherlands,2026-11-02,2026-09-06,1.0,0.75,guide,,overly_long_title_with_brand|overly_long_description|h1_title_differ_soft|templated_description_opening,soft,templated_desc,P3,
https://www.expatcopilot.com/netherlands/practical-life/waste-and-recycling-netherlands/,/netherlands/practical-life/waste-and-recycling-netherlands/,guide,INDEXABLE,waste-and-recycling-netherlands,Waste and Recycling in the Netherlands | Complete Expat Guide | ExpatCopilot,Waste and Recycling in the Netherlands | Complete Expat Guide,76,Waste and Recycling in the Netherlands,"Learn how waste collection and recycling work in the Netherlands, including recycling categories, garbage collection schedules, recycling centers and practical tips for expats.",176,Waste and Recycling,Waste and Recycling in the Netherlands | Complete Expat Guide,"Learn how waste collection and recycling work in the Netherlands, including recycling categories, garbage collection schedules, recycling centers and practical tips for expats.",ExpatCopilot,Waste and Recycling in the Netherlands,2026-10-15,2026-09-06,1.0,0.67,guide,,overly_long_title_with_brand|overly_long_description|h1_title_differ_soft|templated_description_opening,soft,templated_desc,P3,
https://www.expatcopilot.com/netherlands/services/financial-advisors/,/netherlands/services/financial-advisors/,service_directory,INDEXABLE,financial-advisors,Financial Advisors in the Netherlands for Expats | Find Trusted Advisors | ExpatCopilot,Financial Advisors in the Netherlands for Expats | Find Trusted Advisors,87,Financial Advisors in the Netherlands for Expats,"Find trusted financial advisors in the Netherlands for expats and international professionals. Learn about financial planning, pensions, investing and cross-border finances.",173,Financial Advisors,Financial Advisors in the Netherlands for Expats | Find Trusted Advisors,"Find trusted financial advisors in the Netherlands for expats and international professionals. Learn about financial planning, pensions, investing and cross-border finances.",ExpatCopilot,Financial Advisors in the Netherlands for Expats,2026-08-12,2026-09-06,1.0,0.78,service_directory,,overly_long_title_core|overly_long_title_with_brand|overly_long_description|h1_title_differ_soft|likely_poor_ctr_risk:truncated_risk,soft,long_title,P3,
https://www.expatcopilot.com/netherlands/municipality-registration-netherlands/,/netherlands/municipality-registration-netherlands/,moving_guide,INDEXABLE,municipality-registration-netherlands,Municipality Registration Netherlands | BRP Registration & BSN Guide | ExpatCopilot,Municipality Registration Netherlands | BRP Registration & BSN Guide,83,Municipality Registration in the Netherlands,"Learn how to register with a municipality in the Netherlands, including required documents, deadlines, BRP registration, and how to receive your BSN.",149,Municipality Registration,Municipality Registration Netherlands | BRP Registration & BSN Guide | ExpatCopilot,"Learn how to register with a municipality in the Netherlands, including required documents, deadlines, BRP registration, and how to receive your BSN.",ExpatCopilot,Municipality Registration in the Netherlands,,2026-09-06,1.0,0.38,moving_guide,,overly_long_title_core|overly_long_title_with_brand|problematic_h1_title_mismatch|templated_description_opening|likely_poor_ctr_risk:truncated_risk,yes,long_title+mismatch+templated_desc,P2,
https://www.expatcopilot.com/netherlands/services/,/netherlands/services/,service_directory,INDEXABLE,services,"Best Services for Expats in the Netherlands: Banks, Insurance, Housing & More | ExpatCopilot","Best Services for Expats in the Netherlands: Banks, Insurance, Housing & More",92,Services for Expats in the Netherlands,"Explore trusted services for expats in the Netherlands, including banking, insurance, housing, immigration, tax, healthcare, and relocation providers.",150,Services,"Best Services for Expats in the Netherlands: Banks, Insurance, Housing & More","Explore trusted services for expats in the Netherlands, including banking, insurance, housing, immigration, tax, healthcare, and relocation providers.",ExpatCopilot,Services for Expats in the Netherlands,,2026-09-06,1.0,0.55,service_directory,no year in title; topic often year-sensitive (2026),overly_long_title_core|overly_long_title_with_brand|h1_title_differ_soft|year_absent_but_may_help_ctr|likely_poor_ctr_risk:truncated_risk+freshness_signal_missing,yes,long_title+year_opp,P2,no year in title; topic often year-sensitive (2026)
https://www.expatcopilot.com/netherlands/services/insurance-providers/,/netherlands/services/insurance-providers/,service_directory,INDEXABLE,insurance-providers,Insurance Providers in the Netherlands for Expats | ExpatCopilot,Insurance Providers in the Netherlands for Expats,64,Insurance Providers in the Netherlands,"Compare insurance providers in the Netherlands and learn about health insurance, liability insurance, home insurance, travel insurance and expat insurance options.",163,Insurance Providers,Insurance Providers in the Netherlands for Expats,"Compare insurance providers in the Netherlands and learn about health insurance, liability insurance, home insurance, travel insurance and expat insurance options.",ExpatCopilot,Insurance Providers in the Netherlands,2026-09-20,2026-09-06,1.0,0.71,service_directory,no year in title; topic often year-sensitive (2026),h1_title_differ_soft|year_absent_but_may_help_ctr|likely_poor_ctr_risk:freshness_signal_missing,soft,year_opp,P3,no year in title; topic often year-sensitive (2026)
https://www.expatcopilot.com/netherlands/nijmegen/,/netherlands/nijmegen/,city_page,INDEXABLE,nijmegen,"Moving to Nijmegen as an Expat | Living in Nijmegen, Housing, Lifestyle & Practical Setup | ExpatCopilot","Moving to Nijmegen as an Expat | Living in Nijmegen, Housing, Lifestyle & Practical Setup",104,Moving to Nijmegen as an Expat,"Thinking about moving to Nijmegen? Explore why expats choose Nijmegen, what life is like, how registration and housing work, and which services can help you settle in.",167,Nijmegen,"Moving to Nijmegen as an Expat | Living in Nijmegen, Housing, Lifestyle & Practical Setup | ExpatCopilot","Thinking about moving to Nijmegen? Explore why expats choose Nijmegen, what life is like, how registration and housing work, and which services can help you settle in.",ExpatCopilot,Moving to Nijmegen as an Expat,,2026-04-03,1.0,0.5,city_research,,overly_long_title_core|overly_long_title_with_brand|h1_title_differ_soft|likely_poor_ctr_risk:truncated_risk,soft,long_title,P3,
https://www.expatcopilot.com/netherlands/services/mortgage-advisors/,/netherlands/services/mortgage-advisors/,service_directory,INDEXABLE,mortgage-advisors,Mortgage Advisors in the Netherlands for Expats | Find Trusted Advisors | ExpatCopilot,Mortgage Advisors in the Netherlands for Expats | Find Trusted Advisors,86,Mortgage Advisors in the Netherlands for Expats,Find trusted mortgage advisors in the Netherlands for expats and international professionals. Learn how Dutch mortgage advice works and compare providers.,154,Mortgage Advisors,Mortgage Advisors in the Netherlands for Expats | Find Trusted Advisors,Find trusted mortgage advisors in the Netherlands for expats and international professionals. Learn how Dutch mortgage advice works and compare providers.,ExpatCopilot,Mortgage Advisors in the Netherlands for Expats,2026-08-09,2026-09-06,1.0,0.78,service_directory,,overly_long_title_core|overly_long_title_with_brand|h1_title_differ_soft|likely_poor_ctr_risk:truncated_risk,soft,long_title,P3,
https://www.expatcopilot.com/netherlands/services/highly-skilled-migrant-sponsors/,/netherlands/services/highly-skilled-migrant-sponsors/,service_directory,INDEXABLE,highly-skilled-migrant-sponsors,Highly Skilled Migrant Sponsors in the Netherlands: Search the IND Recognised Sponsor List | ExpatCopilot,Highly Skilled Migrant Sponsors in the Netherlands: Search the IND Recognised Sponsor List,105,Highly Skilled Migrant Sponsors in the Netherlands,Search real IND-recognised sponsors for the highly skilled migrant route in the Netherlands and learn how sponsor status affects visa and residence applications.,161,Highly Skilled Migrant Sponsors,Highly Skilled Migrant Sponsors in the Netherlands: Search the IND Recognised Sponsor List,Search real IND-recognised sponsors for the highly skilled migrant route in the Netherlands and learn how sponsor status affects visa and residence applications.,ExpatCopilot,Highly Skilled Migrant Sponsors in the Netherlands,,2026-09-06,1.0,0.58,service_directory,,overly_long_title_core|overly_long_title_with_brand|h1_title_differ_soft|likely_poor_ctr_risk:truncated_risk,soft,long_title,P3,
https://www.expatcopilot.com/netherlands/services/health-insurance/,/netherlands/services/health-insurance/,service_directory,INDEXABLE,health-insurance,"Health Insurance for Expats in the Netherlands: Compare Providers, Costs & Rules | ExpatCopilot","Health Insurance for Expats in the Netherlands: Compare Providers, Costs & Rules",95,Health Insurance for Expats in the Netherlands,"Learn how Dutch health insurance works for expats, when it is required, what basic insurance covers, and how to compare providers, costs, and extras.",149,Health Insurance,"Health Insurance for Expats in the Netherlands: Compare Providers, Costs & Rules","Learn how Dutch health insurance works for expats, when it is required, what basic insurance covers, and how to compare providers, costs, and extras.",ExpatCopilot,Health Insurance for Expats in the Netherlands,,2026-09-06,1.0,0.64,service_directory,no year in title; topic often year-sensitive (2026),overly_long_title_core|overly_long_title_with_brand|h1_title_differ_soft|templated_description_opening|year_absent_but_may_help_ctr|likely_poor_ctr_risk:truncated_risk+freshness_signal_missing,yes,long_title+templated_desc+year_opp,P2,no year in title; topic often year-sensitive (2026)
https://www.expatcopilot.com/netherlands/services/banks/,/netherlands/services/banks/,service_directory,INDEXABLE,banks,"Banks for Expats in the Netherlands: Compare Accounts, Fees, Cards & Setup | ExpatCopilot","Banks for Expats in the Netherlands: Compare Accounts, Fees, Cards & Setup",89,Banks for Expats in the Netherlands,"Compare Dutch banks for expats, including account setup, fees, cards, English support, BSN requirements, and the Dutch deposit guarantee.",137,Banks,"Banks for Expats in the Netherlands: Compare Accounts, Fees, Cards & Setup","Compare Dutch banks for expats, including account setup, fees, cards, English support, BSN requirements, and the Dutch deposit guarantee.",ExpatCopilot,Banks for Expats in the Netherlands,,2026-09-06,1.0,0.55,service_directory,,overly_long_title_core|overly_long_title_with_brand|h1_title_differ_soft|likely_poor_ctr_risk:truncated_risk,soft,long_title,P3,
https://www.expatcopilot.com/netherlands/rotterdam/,/netherlands/rotterdam/,city_page,INDEXABLE,rotterdam,"Moving to Rotterdam as an Expat: Registration, BSN, Banking & Insurance | ExpatCopilot","Moving to Rotterdam as an Expat: Registration, BSN, Banking & Insurance",86,Moving to Rotterdam as an Expat,"A practical expat guide to moving to Rotterdam, including registration, BSN, DigiD, banking, health insurance, housing, costs, transport, and local support.",156,Rotterdam,"Moving to Rotterdam as an Expat: Registration, BSN, Banking & Insurance | ExpatCopilot","A practical expat guide to moving to Rotterdam, including registration, BSN, DigiD, banking, health insurance, housing, costs, transport, and local support.",ExpatCopilot,Moving to Rotterdam as an Expat,,2026-09-06,1.0,0.6,city_research,no year in title; topic often year-sensitive (2026),overly_long_title_core|overly_long_title_with_brand|h1_title_differ_soft|year_absent_but_may_help_ctr|likely_poor_ctr_risk:truncated_risk+freshness_signal_missing,yes,long_title+year_opp,P2,no year in title; topic often year-sensitive (2026)
https://www.expatcopilot.com/netherlands/services/mobile-connectivity/,/netherlands/services/mobile-connectivity/,service_directory,INDEXABLE,mobile-connectivity,"Mobile & Connectivity for Expats in the Netherlands: SIM, Data & Local Numbers | ExpatCopilot","Mobile & Connectivity for Expats in the Netherlands: SIM, Data & Local Numbers",93,Mobile & Connectivity for Expats in the Netherlands,"Why a Dutch mobile number matters for banking, DigiD, and admin; how to compare prepaid and SIM-only plans; and curated mobile providers expats often use.",154,Mobile & connectivity,"Mobile & Connectivity for Expats in the Netherlands: SIM, Data & Local Numbers","Why a Dutch mobile number matters for banking, DigiD, and admin; how to compare prepaid and SIM-only plans; and curated mobile providers expats often use.",ExpatCopilot,Mobile & Connectivity for Expats in the Netherlands,,2026-09-06,1.0,0.64,service_directory,,overly_long_title_core|overly_long_title_with_brand|h1_title_differ_soft|likely_poor_ctr_risk:truncated_risk,soft,long_title,P3,
https://www.expatcopilot.com/netherlands/services/relocation-agencies/,/netherlands/services/relocation-agencies/,service_directory,INDEXABLE,relocation-agencies,Relocation Agencies in the Netherlands for Expats: Compare Trusted Providers | ExpatCopilot,Relocation Agencies in the Netherlands for Expats: Compare Trusted Providers,91,Relocation Agencies for Expats in the Netherlands,"Explore trusted relocation agencies and relocation service providers in the Netherlands, with practical guidance on housing, immigration, registration, settling in, and family moves.",182,Relocation Agencies,Relocation Agencies in the Netherlands for Expats: Compare Trusted Providers,"Explore trusted relocation agencies and relocation service providers in the Netherlands, with practical guidance on housing, immigration, registration, settling in, and family moves.",ExpatCopilot,Relocation Agencies for Expats in the Netherlands,,2026-09-06,1.0,0.7,service_directory,,overly_long_title_core|overly_long_title_with_brand|overly_long_description|h1_title_differ_soft|likely_poor_ctr_risk:truncated_risk,soft,long_title,P3,
https://www.expatcopilot.com/netherlands/services/immigration-lawyers/,/netherlands/services/immigration-lawyers/,service_directory,INDEXABLE,immigration-lawyers,"Immigration Lawyers in the Netherlands for Expats: Permits, Appeals, Family & More | ExpatCopilot","Immigration Lawyers in the Netherlands for Expats: Permits, Appeals, Family & More",97,Immigration Lawyers for Expats in the Netherlands,"Find out when expats may need an immigration lawyer in the Netherlands, what services firms offer, how to compare them, and which official sources to check first.",162,Immigration Lawyers,"Immigration Lawyers in the Netherlands for Expats: Permits, Appeals, Family & More","Find out when expats may need an immigration lawyer in the Netherlands, what services firms offer, how to compare them, and which official sources to check first.",ExpatCopilot,Immigration Lawyers for Expats in the Netherlands,,2026-09-06,1.0,0.64,service_directory,,overly_long_title_core|overly_long_title_with_brand|h1_title_differ_soft|templated_description_opening|likely_poor_ctr_risk:truncated_risk,yes,long_title+templated_desc,P2,
https://www.expatcopilot.com/netherlands/services/tax-advisors/,/netherlands/services/tax-advisors/,service_directory,INDEXABLE,tax-advisors,Tax Advisors for Expats in the Netherlands | Dutch Tax & Expat Specialists | ExpatCopilot,Tax Advisors for Expats in the Netherlands | Dutch Tax & Expat Specialists,89,Tax Advisors for Expats in the Netherlands,"Find tax advisors, expat accountants and international tax specialists in the Netherlands. Learn when expats may need tax support for tax returns, the 30% ruling, freelancing, international income and more.",206,Tax Advisors,Tax Advisors for Expats in the Netherlands | Dutch Tax & Expat Specialists,"Find tax advisors, expat accountants and international tax specialists in the Netherlands. Learn when expats may need tax support for tax returns, the 30% ruling, freelancing, international income and more.",ExpatCopilot,,2026-05-20,,1.0,0.7,research_comparison,no year in title; topic often year-sensitive (2026),overly_long_title_core|overly_long_title_with_brand|overly_long_description|h1_title_differ_soft|year_absent_but_may_help_ctr|likely_poor_ctr_risk:truncated_risk+freshness_signal_missing,yes,long_title+year_opp,P2,no year in title; topic often year-sensitive (2026)
https://www.expatcopilot.com/netherlands/taxes/30-percent-ruling/,/netherlands/taxes/30-percent-ruling/,guide,INDEXABLE,30-percent-ruling,30% Ruling in the Netherlands | ExpatCopilot,30% Ruling in the Netherlands,44,30% Ruling in the Netherlands,"Plain-language 30% ruling guide for the Netherlands: 2026 Belastingdienst norms, eligibility vs payslip benefit, 2027 preview (not in force), and links to calculators — editorial, not tax advice.",195,30% Ruling in the Netherlands,30% Ruling in the Netherlands,"Plain-language 30% ruling guide for the Netherlands: 2026 Belastingdienst norms, eligibility vs payslip benefit, 2027 preview (not in force), and links to calculators — editorial, not tax advice.",ExpatCopilot,30% Ruling in the Netherlands,2026-08-26,2026-08-26,0.67,1.0,research_comparison,contains 2026; topic may benefit from year freshness,overly_long_description,no,,INFO,contains 2026; topic may benefit from year freshness
https://www.expatcopilot.com/netherlands/taxes/bonus-tax-netherlands/,/netherlands/taxes/bonus-tax-netherlands/,guide,INDEXABLE,bonus-tax-netherlands,Bonus Tax in the Netherlands | Why Bonuses Seem Taxed So High | ExpatCopilot,Bonus Tax in the Netherlands | Why Bonuses Seem Taxed So High,76,Bonus Tax in the Netherlands,"Learn how bonus taxation works in the Netherlands, including payroll withholding, special wage tax rules, the 30% ruling and why your bonus may appear heavily taxed.",165,Bonus Tax,Bonus Tax in the Netherlands | Why Bonuses Seem Taxed So High,"Learn how bonus taxation works in the Netherlands, including payroll withholding, special wage tax rules, the 30% ruling and why your bonus may appear heavily taxed.",ExpatCopilot,Bonus Tax in the Netherlands,2026-06-28,2026-06-28,1.0,0.45,research_comparison,no year in title; topic often year-sensitive (2026),overly_long_title_with_brand|h1_title_differ_soft|templated_description_opening|year_absent_but_may_help_ctr|likely_poor_ctr_risk:freshness_signal_missing,soft,templated_desc+year_opp,P3,no year in title; topic often year-sensitive (2026)
https://www.expatcopilot.com/netherlands/taxes/childcare-allowance-netherlands/,/netherlands/taxes/childcare-allowance-netherlands/,guide,INDEXABLE,childcare-allowance-netherlands,Childcare Allowance in the Netherlands (Kinderopvangtoeslag) | Expat Guide | ExpatCopilot,Childcare Allowance in the Netherlands (Kinderopvangtoeslag) | Expat Guide,89,Childcare Allowance in the Netherlands,"Learn how childcare allowance (kinderopvangtoeslag) works in the Netherlands, who may qualify, how to apply and how it can help reduce childcare costs for expat families.",170,Childcare allowance,Childcare Allowance in the Netherlands (Kinderopvangtoeslag) | Expat Guide,"Learn how childcare allowance (kinderopvangtoeslag) works in the Netherlands, who may qualify, how to apply and how it can help reduce childcare costs for expat families.",ExpatCopilot,Childcare Allowance in the Netherlands,2026-07-08,2026-07-08,1.0,0.62,research_comparison,no year in title; topic often year-sensitive (2026),overly_long_title_core|overly_long_title_with_brand|h1_title_differ_soft|templated_description_opening|year_absent_but_may_help_ctr|likely_poor_ctr_risk:truncated_risk+freshness_signal_missing,yes,long_title+templated_desc+year_opp,P2,no year in title; topic often year-sensitive (2026)
https://www.expatcopilot.com/netherlands/services/housing-platforms/,/netherlands/services/housing-platforms/,service_directory,INDEXABLE,housing-platforms,"Housing Platforms in the Netherlands for Expats: Compare Rental, Room & Temporary Housing Sites | ExpatCopilot","Housing Platforms in the Netherlands for Expats: Compare Rental, Room & Temporary Housing Sites",110,Housing Platforms for Expats in the Netherlands,"Compare housing platforms for expats in the Netherlands, including rental sites, room platforms, furnished stays, temporary accommodation, and practical housing-search tips.",173,Housing Platforms,"Housing Platforms in the Netherlands for Expats: Compare Rental, Room & Temporary Housing Sites","Compare housing platforms for expats in the Netherlands, including rental sites, room platforms, furnished stays, temporary accommodation, and practical housing-search tips.",ExpatCopilot,Housing Platforms for Expats in the Netherlands,,2026-09-06,1.0,0.58,service_directory,,overly_long_title_core|overly_long_title_with_brand|overly_long_description|h1_title_differ_soft|likely_poor_ctr_risk:truncated_risk,soft,long_title,P3,
https://www.expatcopilot.com/netherlands/taxes/double-taxation-netherlands/,/netherlands/taxes/double-taxation-netherlands/,guide,INDEXABLE,double-taxation-netherlands,Double Taxation in the Netherlands | Expat Tax Treaty Guide | ExpatCopilot,Double Taxation in the Netherlands | Expat Tax Treaty Guide,74,Double Taxation in the Netherlands,"Learn how double taxation works in the Netherlands, including tax treaties, foreign income, tax residency and common expat tax situations.",138,Double Taxation in the Netherlands,Double Taxation in the Netherlands | Expat Tax Treaty Guide,"Learn how double taxation works in the Netherlands, including tax treaties, foreign income, tax residency and common expat tax situations.",ExpatCopilot,Double Taxation in the Netherlands,2026-07-26,2026-07-26,1.0,0.56,research_comparison,no year in title; topic often year-sensitive (2026),h1_title_differ_soft|templated_description_opening|year_absent_but_may_help_ctr|likely_poor_ctr_risk:freshness_signal_missing,soft,templated_desc+year_opp,P3,no year in title; topic often year-sensitive (2026)
https://www.expatcopilot.com/netherlands/taxes/,/netherlands/taxes/,guide,INDEXABLE,taxes,"Netherlands Taxes Guide for Expats | Income Tax, 30% Ruling & Dutch Tax System | ExpatCopilot","Netherlands Taxes Guide for Expats | Income Tax, 30% Ruling & Dutch Tax System",93,Netherlands Taxes Guide for Expats,"Learn how taxes work in the Netherlands for expats, including income tax, the 30% ruling, Box 1/2/3 taxes, payroll tax, tax returns, freelancers and more.",154,Taxes,"Netherlands Taxes Guide for Expats | Income Tax, 30% Ruling & Dutch Tax System","Learn how taxes work in the Netherlands for expats, including income tax, the 30% ruling, Box 1/2/3 taxes, payroll tax, tax returns, freelancers and more.",ExpatCopilot,Netherlands Taxes Guide for Expats,2026-05-10,2026-05-10,1.0,0.45,research_comparison,no year in title; topic often year-sensitive (2026),overly_long_title_core|overly_long_title_with_brand|generic_title|h1_title_differ_soft|templated_description_opening|year_absent_but_may_help_ctr|likely_poor_ctr_risk:generic_or_taxonomy+truncated_risk+freshness_signal_missing,yes,generic+long_title+templated_desc+year_opp,P2,no year in title; topic often year-sensitive (2026)
https://www.expatcopilot.com/netherlands/taxes/average-salary-netherlands/,/netherlands/taxes/average-salary-netherlands/,guide,INDEXABLE,average-salary-netherlands,"Average Salary in the Netherlands | Income, Cities, Industries & Expat Guide | ExpatCopilot","Average Salary in the Netherlands | Income, Cities, Industries & Expat Guide",91,Average Salary in the Netherlands,"Explore average salaries in the Netherlands, including income by city, industry and experience level. Learn what expats can expect and how salary compares after tax.",165,Average Salary,"Average Salary in the Netherlands | Income, Cities, Industries & Expat Guide","Explore average salaries in the Netherlands, including income by city, industry and experience level. Learn what expats can expect and how salary compares after tax.",ExpatCopilot,Average Salary in the Netherlands,2026-06-03,2026-06-03,1.0,0.5,research_comparison,no year in title; topic often year-sensitive (2026),overly_long_title_core|overly_long_title_with_brand|h1_title_differ_soft|year_absent_but_may_help_ctr|likely_poor_ctr_risk:truncated_risk+freshness_signal_missing,yes,long_title+year_opp,P2,no year in title; topic often year-sensitive (2026)
https://www.expatcopilot.com/netherlands/taxes/gross-vs-net-salary/,/netherlands/taxes/gross-vs-net-salary/,comparison,INDEXABLE,gross-vs-net-salary,Gross vs Net Salary in the Netherlands | Dutch Salary Explained | ExpatCopilot,Gross vs Net Salary in the Netherlands | Dutch Salary Explained,78,Gross vs Net Salary in the Netherlands,"Learn the difference between gross and net salary in the Netherlands, including payroll tax, deductions, pension, social contributions and take-home pay examples for expats.",173,Gross vs Net Salary,Gross vs Net Salary in the Netherlands | Dutch Salary Explained,"Learn the difference between gross and net salary in the Netherlands, including payroll tax, deductions, pension, social contributions and take-home pay examples for expats.",ExpatCopilot,Gross vs Net Salary in the Netherlands,2026-05-27,2026-05-27,1.0,0.78,research_comparison,no year in title; topic often year-sensitive (2026),overly_long_title_with_brand|overly_long_description|h1_title_differ_soft|year_absent_but_may_help_ctr|likely_poor_ctr_risk:freshness_signal_missing,soft,year_opp,P3,no year in title; topic often year-sensitive (2026)
https://www.expatcopilot.com/netherlands/services/rental-agencies/,/netherlands/services/rental-agencies/,service_directory,INDEXABLE,rental-agencies,Rental Agencies in the Netherlands for Expats: Compare Trusted Rental Brokers and Services | ExpatCopilot,Rental Agencies in the Netherlands for Expats: Compare Trusted Rental Brokers and Services,105,Rental Agencies for Expats in the Netherlands,"Compare rental agencies and expat rental brokers in the Netherlands, with practical guidance on housing search support, fees, tenant rights, and safer renting.",159,Rental Agencies,Rental Agencies in the Netherlands for Expats: Compare Trusted Rental Brokers and Services,"Compare rental agencies and expat rental brokers in the Netherlands, with practical guidance on housing search support, fees, tenant rights, and safer renting.",ExpatCopilot,Rental Agencies for Expats in the Netherlands,,2026-09-06,1.0,0.58,service_directory,,overly_long_title_core|overly_long_title_with_brand|h1_title_differ_soft|likely_poor_ctr_risk:truncated_risk,soft,long_title,P3,
https://www.expatcopilot.com/netherlands/taxes/healthcare-allowance-netherlands/,/netherlands/taxes/healthcare-allowance-netherlands/,guide,INDEXABLE,healthcare-allowance-netherlands,Healthcare Allowance in the Netherlands (Zorgtoeslag) | Expat Guide | ExpatCopilot,Healthcare Allowance in the Netherlands (Zorgtoeslag) | Expat Guide,82,Healthcare Allowance in the Netherlands,"Learn how healthcare allowance (zorgtoeslag) works in the Netherlands, who may qualify, how to apply and what expats should know about Dutch health insurance support.",166,Healthcare allowance,Healthcare Allowance in the Netherlands (Zorgtoeslag) | Expat Guide,"Learn how healthcare allowance (zorgtoeslag) works in the Netherlands, who may qualify, how to apply and what expats should know about Dutch health insurance support.",ExpatCopilot,Healthcare Allowance in the Netherlands,2026-07-01,2026-07-01,1.0,0.62,research_comparison,no year in title; topic often year-sensitive (2026),overly_long_title_core|overly_long_title_with_brand|h1_title_differ_soft|templated_description_opening|year_absent_but_may_help_ctr|likely_poor_ctr_risk:truncated_risk+freshness_signal_missing,yes,long_title+templated_desc+year_opp,P2,no year in title; topic often year-sensitive (2026)
https://www.expatcopilot.com/netherlands/services/relocation-services/,/netherlands/services/relocation-services/,service_directory,INDEXABLE,relocation-services,Relocation Services in the Netherlands for Expats: Compare Trusted Providers | ExpatCopilot,Relocation Services in the Netherlands for Expats: Compare Trusted Providers,91,Relocation Services for Expats in the Netherlands,"Compare trusted relocation services for expats in the Netherlands, including housing, immigration coordination, registration, family moves, and settling-in support.",164,Relocation Services,Relocation Services in the Netherlands for Expats: Compare Trusted Providers,"Compare trusted relocation services for expats in the Netherlands, including housing, immigration coordination, registration, family moves, and settling-in support.",ExpatCopilot,Relocation Services for Expats in the Netherlands,,2026-09-06,1.0,0.7,service_directory,,overly_long_title_core|overly_long_title_with_brand|h1_title_differ_soft|likely_poor_ctr_risk:truncated_risk,soft,long_title,P3,
https://www.expatcopilot.com/netherlands/services/visa-consultants/,/netherlands/services/visa-consultants/,service_directory,INDEXABLE,visa-consultants,"Visa Consultants in the Netherlands for Expats: MVV, Permits, Startup & Family Routes | ExpatCopilot","Visa Consultants in the Netherlands for Expats: MVV, Permits, Startup & Family Routes",100,Visa Consultants for Expats in the Netherlands,"Find out when expats may need a visa consultant in the Netherlands, what support they offer, how to compare providers, and which official sources to check first.",161,Visa Consultants,"Visa Consultants in the Netherlands for Expats: MVV, Permits, Startup & Family Routes","Find out when expats may need a visa consultant in the Netherlands, what support they offer, how to compare providers, and which official sources to check first.",ExpatCopilot,Visa Consultants for Expats in the Netherlands,,2026-09-06,1.0,0.58,visa_informational,,overly_long_title_core|overly_long_title_with_brand|h1_title_differ_soft|templated_description_opening|likely_poor_ctr_risk:truncated_risk,yes,long_title+templated_desc,P2,
https://www.expatcopilot.com/netherlands/taxes/leaving-netherlands-tax/,/netherlands/taxes/leaving-netherlands-tax/,guide,INDEXABLE,leaving-netherlands-tax,Taxes When Leaving the Netherlands | Expat Exit Tax Guide | ExpatCopilot,Taxes When Leaving the Netherlands | Expat Exit Tax Guide,72,Taxes When Leaving the Netherlands,"Learn what happens tax-wise when leaving the Netherlands, including tax residency, final tax returns, pensions, allowances and common expat exit considerations.",160,Taxes When Leaving the Netherlands,Taxes When Leaving the Netherlands | Expat Exit Tax Guide,"Learn what happens tax-wise when leaving the Netherlands, including tax residency, final tax returns, pensions, allowances and common expat exit considerations.",ExpatCopilot,Taxes When Leaving the Netherlands,2026-08-05,2026-08-05,1.0,0.56,research_comparison,no year in title; topic often year-sensitive (2026),h1_title_differ_soft|year_absent_but_may_help_ctr|likely_poor_ctr_risk:freshness_signal_missing,soft,year_opp,P3,no year in title; topic often year-sensitive (2026)
https://www.expatcopilot.com/netherlands/taxes/net-salary-netherlands/,/netherlands/taxes/net-salary-netherlands/,guide,INDEXABLE,net-salary-netherlands,Net Salary in the Netherlands | Gross to Net Salary Guide for Expats | ExpatCopilot,Net Salary in the Netherlands | Gross to Net Salary Guide for Expats,83,Net Salary in the Netherlands,"Learn how net salary works in the Netherlands, including payroll tax, income tax, social contributions, the 30% ruling and salary examples for expats.",150,Net Salary,Net Salary in the Netherlands | Gross to Net Salary Guide for Expats,"Learn how net salary works in the Netherlands, including payroll tax, income tax, social contributions, the 30% ruling and salary examples for expats.",ExpatCopilot,Net Salary in the Netherlands,2026-05-24,2026-05-24,1.0,0.5,research_comparison,no year in title; topic often year-sensitive (2026),overly_long_title_core|overly_long_title_with_brand|h1_title_differ_soft|templated_description_opening|year_absent_but_may_help_ctr|likely_poor_ctr_risk:truncated_risk+freshness_signal_missing,yes,long_title+templated_desc+year_opp,P2,no year in title; topic often year-sensitive (2026)
https://www.expatcopilot.com/netherlands/taxes/foreign-income-netherlands/,/netherlands/taxes/foreign-income-netherlands/,guide,INDEXABLE,foreign-income-netherlands,Foreign Income in the Netherlands | Expat Tax Guide | ExpatCopilot,Foreign Income in the Netherlands | Expat Tax Guide,66,Foreign Income in the Netherlands,"Learn how foreign income may affect taxes in the Netherlands, including tax residency, reporting obligations, remote work and common expat situations.",150,Foreign Income in the Netherlands,Foreign Income in the Netherlands | Expat Tax Guide,"Learn how foreign income may affect taxes in the Netherlands, including tax residency, reporting obligations, remote work and common expat situations.",ExpatCopilot,Foreign Income in the Netherlands,2026-07-29,2026-07-29,1.0,0.62,research_comparison,no year in title; topic often year-sensitive (2026),h1_title_differ_soft|templated_description_opening|year_absent_but_may_help_ctr|likely_poor_ctr_risk:freshness_signal_missing,soft,templated_desc+year_opp,P3,no year in title; topic often year-sensitive (2026)
https://www.expatcopilot.com/netherlands/shipping-household-goods-netherlands/,/netherlands/shipping-household-goods-netherlands/,moving_guide,INDEXABLE,shipping-household-goods-netherlands,"Shipping Household Goods to the Netherlands: Costs, Methods & Tips | ExpatCopilot","Shipping Household Goods to the Netherlands: Costs, Methods & Tips",81,Shipping Household Goods to the Netherlands,"Learn how expats ship household goods to the Netherlands. Compare sea freight vs air freight, typical costs, timelines, customs considerations, and relocation services.",168,Shipping Household Goods,"Shipping Household Goods to the Netherlands: Costs, Methods & Tips | ExpatCopilot","Learn how expats ship household goods to the Netherlands. Compare sea freight vs air freight, typical costs, timelines, customs considerations, and relocation services.",ExpatCopilot,Shipping Household Goods to the Netherlands,,2026-09-06,1.0,0.67,moving_guide,,overly_long_title_core|overly_long_title_with_brand|h1_title_differ_soft|templated_description_opening|likely_poor_ctr_risk:truncated_risk,yes,long_title+templated_desc,P2,
https://www.expatcopilot.com/netherlands/taxes/payroll-tax-netherlands/,/netherlands/taxes/payroll-tax-netherlands/,guide,INDEXABLE,payroll-tax-netherlands,Payroll Tax in the Netherlands | Dutch Salary Deductions Explained | ExpatCopilot,Payroll Tax in the Netherlands | Dutch Salary Deductions Explained,81,Payroll Tax in the Netherlands,"Learn how payroll tax works in the Netherlands, including loonheffing, salary deductions, social contributions, payslips and payroll taxes for expats.",150,Payroll Tax,Payroll Tax in the Netherlands | Dutch Salary Deductions Explained,"Learn how payroll tax works in the Netherlands, including loonheffing, salary deductions, social contributions, payslips and payroll taxes for expats.",ExpatCopilot,Payroll Tax in the Netherlands,2026-05-31,2026-05-31,1.0,0.56,research_comparison,no year in title; topic often year-sensitive (2026),overly_long_title_core|overly_long_title_with_brand|h1_title_differ_soft|templated_description_opening|year_absent_but_may_help_ctr|likely_poor_ctr_risk:truncated_risk+freshness_signal_missing,yes,long_title+templated_desc+year_opp,P2,no year in title; topic often year-sensitive (2026)
https://www.expatcopilot.com/netherlands/taxes/property-tax-netherlands/,/netherlands/taxes/property-tax-netherlands/,guide,INDEXABLE,property-tax-netherlands,"Property Tax in the Netherlands | WOZ, Municipal Taxes & Homeowner Costs | ExpatCopilot","Property Tax in the Netherlands | WOZ, Municipal Taxes & Homeowner Costs",87,Property Tax in the Netherlands,"Learn how property tax works in the Netherlands, including WOZ value, municipal taxes, homeowner costs and what expats should know before buying property.",154,Property Tax in the Netherlands,"Property Tax in the Netherlands | WOZ, Municipal Taxes & Homeowner Costs","Learn how property tax works in the Netherlands, including WOZ value, municipal taxes, homeowner costs and what expats should know before buying property.",ExpatCopilot,Property Tax in the Netherlands,2026-07-19,2026-07-19,1.0,0.5,research_comparison,no year in title; topic often year-sensitive (2026),overly_long_title_core|overly_long_title_with_brand|h1_title_differ_soft|templated_description_opening|year_absent_but_may_help_ctr|likely_poor_ctr_risk:truncated_risk+freshness_signal_missing,yes,long_title+templated_desc+year_opp,P2,no year in title; topic often year-sensitive (2026)
https://www.expatcopilot.com/netherlands/taxes/taxes-after-moving-netherlands/,/netherlands/taxes/taxes-after-moving-netherlands/,guide,INDEXABLE,taxes-after-moving-netherlands,Taxes After Moving to the Netherlands | Expat Tax Starter Guide | ExpatCopilot,Taxes After Moving to the Netherlands | Expat Tax Starter Guide,78,Taxes After Moving to the Netherlands,"Learn what happens tax-wise after moving to the Netherlands, including tax residency, payroll tax, allowances, foreign income and key expat tax steps.",150,Taxes After Moving to the Netherlands,Taxes After Moving to the Netherlands | Expat Tax Starter Guide,"Learn what happens tax-wise after moving to the Netherlands, including tax residency, payroll tax, allowances, foreign income and key expat tax steps.",ExpatCopilot,Taxes After Moving to the Netherlands,2026-08-02,2026-08-02,1.0,0.6,research_comparison,no year in title; topic often year-sensitive (2026),overly_long_title_with_brand|h1_title_differ_soft|year_absent_but_may_help_ctr|likely_poor_ctr_risk:freshness_signal_missing,soft,year_opp,P3,no year in title; topic often year-sensitive (2026)
https://www.expatcopilot.com/netherlands/services/startup-visa-advisors/,/netherlands/services/startup-visa-advisors/,service_directory,INDEXABLE,startup-visa-advisors,Startup Visa Advisors in the Netherlands: Search the Official Facilitator List | ExpatCopilot,Startup Visa Advisors in the Netherlands: Search the Official Facilitator List,93,Startup Visa Advisors in the Netherlands,"Search real startup facilitators for the Dutch startup visa route and learn how facilitators help foreign founders with residence, documents, and business setup.",161,Startup Visa Advisors,Startup Visa Advisors in the Netherlands: Search the Official Facilitator List,"Search real startup facilitators for the Dutch startup visa route and learn how facilitators help foreign founders with residence, documents, and business setup.",ExpatCopilot,Startup Visa Advisors in the Netherlands,,2026-09-06,1.0,0.6,visa_informational,,overly_long_title_core|overly_long_title_with_brand|h1_title_differ_soft|likely_poor_ctr_risk:truncated_risk,soft,long_title,P3,
https://www.expatcopilot.com/netherlands/taxes/tools/,/netherlands/taxes/tools/,tool_calculator,INDEXABLE,tools,Taxes tools for expats in the Netherlands | ExpatCopilot,Taxes tools for expats in the Netherlands,56,Taxes,Tax planning calculators and checks for expats in the Netherlands. 10 live tools and 0 more coming soon.,104,Taxes,Taxes tools for expats in the Netherlands | ExpatCopilot,Tax planning calculators and checks for expats in the Netherlands. 10 live tools and 0 more coming soon.,ExpatCopilot,,,,1.0,0.14,tool_transactional,no year in title; topic often year-sensitive (2026),problematic_h1_title_mismatch|year_absent_but_may_help_ctr|likely_poor_ctr_risk:freshness_signal_missing,yes,mismatch+year_opp,P2,no year in title; topic often year-sensitive (2026)
https://www.expatcopilot.com/netherlands/taxes/rent-allowance-netherlands/,/netherlands/taxes/rent-allowance-netherlands/,guide,INDEXABLE,rent-allowance-netherlands,Rent Allowance in the Netherlands (Huurtoeslag) | Expat Guide | ExpatCopilot,Rent Allowance in the Netherlands (Huurtoeslag) | Expat Guide,76,Rent Allowance in the Netherlands,"Learn how rent allowance (huurtoeslag) works in the Netherlands, who may qualify, how to apply and what expats should know about Dutch housing support.",151,Rent allowance,Rent Allowance in the Netherlands (Huurtoeslag) | Expat Guide,"Learn how rent allowance (huurtoeslag) works in the Netherlands, who may qualify, how to apply and what expats should know about Dutch housing support.",ExpatCopilot,Rent Allowance in the Netherlands,2026-07-05,2026-07-05,1.0,0.62,research_comparison,no year in title; topic often year-sensitive (2026),overly_long_title_with_brand|h1_title_differ_soft|templated_description_opening|year_absent_but_may_help_ctr|likely_poor_ctr_risk:freshness_signal_missing,soft,templated_desc+year_opp,P3,no year in title; topic often year-sensitive (2026)
https://www.expatcopilot.com/netherlands/tools/advanced/,/netherlands/tools/advanced/,tool_calculator,INDEXABLE,advanced,Advanced AI Tools tools for expats in the Netherlands | ExpatCopilot,Advanced AI Tools tools for expats in the Netherlands,68,Advanced AI Tools,AI-heavy premium tools to add later. 0 live tools and 6 more coming soon.,73,Advanced AI Tools,Advanced AI Tools tools for expats in the Netherlands | ExpatCopilot,AI-heavy premium tools to add later. 0 live tools and 6 more coming soon.,ExpatCopilot,,,,1.0,0.38,tool_transactional,,problematic_h1_title_mismatch,yes,mismatch,P2,
https://www.expatcopilot.com/netherlands/taxes/tools/double-tax-awareness-tool/,/netherlands/taxes/tools/double-tax-awareness-tool/,tool_calculator,INDEXABLE,double-tax-awareness-tool,Double Tax Awareness Tool Netherlands | ExpatCopilot,Double Tax Awareness Tool Netherlands,52,Double Tax Awareness Tool Netherlands,"Check whether you may need to file tax in more than one country when moving to or working in the Netherlands. Understand residency signals, foreign income, treaty relief, and next steps.",186,Double tax awareness tool,Double Tax Awareness Tool Netherlands | ExpatCopilot,"Check whether you may need to file tax in more than one country when moving to or working in the Netherlands. Understand residency signals, foreign income, treaty relief, and next steps.",ExpatCopilot,,,,1.0,1.0,tool_transactional,no year in title; topic often year-sensitive (2026),overly_long_description|year_absent_but_may_help_ctr|likely_poor_ctr_risk:freshness_signal_missing,soft,year_opp,P3,no year in title; topic often year-sensitive (2026)
https://www.expatcopilot.com/netherlands/tools/,/netherlands/tools/,tool_calculator,INDEXABLE,tools,Netherlands tools hub | ExpatCopilot,Netherlands tools hub,36,All Netherlands expat tools,"Explore calculators, checklists, and planners for moving, money, work, housing, visas, and daily life in the Netherlands — by category.",135,Tools,Netherlands tools hub | ExpatCopilot,"Explore calculators, checklists, and planners for moving, money, work, housing, visas, and daily life in the Netherlands — by category.",ExpatCopilot,,,,1.0,0.4,tool_transactional,,generic_title|taxonomy_dominated_title|h1_title_differ_soft|likely_poor_ctr_risk:generic_or_taxonomy,yes,generic,P2,
https://www.expatcopilot.com/netherlands/taxes/tools/healthcare-allowance-estimator/,/netherlands/taxes/tools/healthcare-allowance-estimator/,tool_calculator,INDEXABLE,healthcare-allowance-estimator,Zorgtoeslag Calculator & Healthcare Allowance Netherlands 2026 | Income & Asset Limits | ExpatCopilot,Zorgtoeslag Calculator & Healthcare Allowance Netherlands 2026 | Income & Asset Limits,101,Healthcare Allowance Estimator Netherlands,"Healthcare allowance Netherlands planner for expats: zorgtoeslag calculator-style estimates with 2026 income limit and asset limit screening, tapered monthly allowance, net premium after allowance, part-year insurance, export and shareable URL. Planning only — not Dienst Toeslagen or legal advice.",298,Healthcare allowance estimator,Zorgtoeslag Calculator & Healthcare Allowance Netherlands 2026 | Income & Asset Limits | ExpatCopilot,"Healthcare allowance Netherlands planner for expats: zorgtoeslag calculator-style estimates with 2026 income limit and asset limit screening, tapered monthly allowance, net premium after allowance, part-year insurance, export and shareable URL. Planning only — not Dienst Toeslagen or legal advice.",ExpatCopilot,,,,0.67,0.3,tool_transactional,contains 2026; topic may benefit from year freshness,overly_long_title_core|overly_long_title_with_brand|overly_long_description|problematic_h1_title_mismatch|likely_poor_ctr_risk:truncated_risk,yes,long_title+mismatch,P2,contains 2026; topic may benefit from year freshness
https://www.expatcopilot.com/netherlands/transport/tools/,/netherlands/transport/tools/,tool_calculator,INDEXABLE,tools,Transport tools for expats in the Netherlands | ExpatCopilot,Transport tools for expats in the Netherlands,60,Transport,Commute and transport cost tools. 0 live tools and 2 more coming soon.,70,Transport,Transport tools for expats in the Netherlands | ExpatCopilot,Commute and transport cost tools. 0 live tools and 2 more coming soon.,ExpatCopilot,,,,1.0,0.14,tool_transactional,,problematic_h1_title_mismatch,yes,mismatch,P2,
https://www.expatcopilot.com/netherlands/taxes/tools/dutch-salary-net-calculator/,/netherlands/taxes/tools/dutch-salary-net-calculator/,tool_calculator,INDEXABLE,dutch-salary-net-calculator,Dutch Salary Net Calculator 2026 | Gross to Net Netherlands & 30% Ruling Impact | ExpatCopilot,Dutch Salary Net Calculator 2026 | Gross to Net Netherlands & 30% Ruling Impact,94,Dutch Salary Net Calculator (2026),"Plan Dutch take-home pay: gross-to-net calculator with optional 30% ruling on taxable wages, bonus and holiday allowance, pension and social toggles, up to four offer scenarios, export. Indicative only — not payroll, eligibility, or legal advice.",246,Dutch salary net calculator,Dutch Salary Net Calculator 2026 | Gross to Net Netherlands & 30% Ruling Impact,"Plan Dutch take-home pay: gross-to-net calculator with optional 30% ruling on taxable wages, bonus and holiday allowance, pension and social toggles, up to four offer scenarios, export. Indicative only — not payroll, eligibility, or legal advice.",ExpatCopilot,,,,1.0,0.45,tool_transactional,contains 2026; topic may benefit from year freshness,overly_long_title_core|overly_long_title_with_brand|overly_long_description|h1_title_differ_soft|likely_poor_ctr_risk:truncated_risk,soft,long_title,P3,contains 2026; topic may benefit from year freshness
https://www.expatcopilot.com/netherlands/utilities/,/netherlands/utilities/,guide,INDEXABLE,utilities,Utilities in the Netherlands | Guides for Expats | ExpatCopilot,Utilities in the Netherlands | Guides for Expats,63,Utilities in the Netherlands,"Start here for Dutch utility setup guides covering electricity, gas, water, internet, mobile services, waste collection and utility costs.",138,,Utilities in the Netherlands | Guides for Expats,"Start here for Dutch utility setup guides covering electricity, gas, water, internet, mobile services, waste collection and utility costs.",ExpatCopilot,,,,1.0,0.57,guide,,h1_title_differ_soft,no,,INFO,
https://www.expatcopilot.com/netherlands/utilities/energy-and-water-netherlands/,/netherlands/utilities/energy-and-water-netherlands/,guide,INDEXABLE,energy-and-water-netherlands,Energy and Water in the Netherlands | Complete Expat Utility Guide | ExpatCopilot,Energy and Water in the Netherlands | Complete Expat Utility Guide,81,Energy and Water in the Netherlands,"Learn how energy and water services work in the Netherlands, including providers, setup, costs, district heating, sustainability options and utility management.",160,Energy and Water in the Netherlands,Energy and Water in the Netherlands | Complete Expat Utility Guide,"Learn how energy and water services work in the Netherlands, including providers, setup, costs, district heating, sustainability options and utility management.",ExpatCopilot,Energy and Water in the Netherlands,2026-09-27,2026-09-06,1.0,0.6,guide,,overly_long_title_core|overly_long_title_with_brand|h1_title_differ_soft|templated_description_opening|likely_poor_ctr_risk:truncated_risk,yes,long_title+templated_desc,P2,
https://www.expatcopilot.com/netherlands/utilities/internet-and-mobile-netherlands/,/netherlands/utilities/internet-and-mobile-netherlands/,guide,INDEXABLE,internet-and-mobile-netherlands,Internet and Mobile in the Netherlands | Complete Expat Guide | ExpatCopilot,Internet and Mobile in the Netherlands | Complete Expat Guide,76,Internet and Mobile in the Netherlands,"Compare internet and mobile providers in the Netherlands, including fibre, broadband, SIM-only plans, eSIMs, costs, setup and coverage for expats.",146,Internet and Mobile in the Netherlands,Internet and Mobile in the Netherlands | Complete Expat Guide,"Compare internet and mobile providers in the Netherlands, including fibre, broadband, SIM-only plans, eSIMs, costs, setup and coverage for expats.",ExpatCopilot,Internet and Mobile in the Netherlands,2026-10-01,2026-09-06,1.0,0.67,guide,,overly_long_title_with_brand|h1_title_differ_soft,no,,INFO,
https://www.expatcopilot.com/netherlands/visa-application-plan/,/netherlands/visa-application-plan/,tool_calculator,INDEXABLE,visa-application-plan,Netherlands Visa Application Plan: Get Your Personalized Step-by-Step Roadmap | ExpatCopilot,Netherlands Visa Application Plan: Get Your Personalized Step-by-Step Roadmap,92,Personalized Netherlands Visa Application Plan,"Create a personalized step-by-step visa application plan for moving to the Netherlands, including timeline, document milestones, costs, next steps, and links to official sources.",178,Visa Application Plan,Netherlands Visa Application Plan: Get Your Personalized Step-by-Step Roadmap,"Create a personalized step-by-step visa application plan for moving to the Netherlands, including timeline, document milestones, costs, next steps, and links to official sources.",ExpatCopilot,,,,1.0,0.5,tool_transactional,,overly_long_title_core|overly_long_title_with_brand|overly_long_description|generic_title|h1_title_differ_soft|likely_poor_ctr_risk:generic_or_taxonomy+truncated_risk,yes,generic+long_title,P2,
https://www.expatcopilot.com/netherlands/utilities/utilities-netherlands/,/netherlands/utilities/utilities-netherlands/,guide,INDEXABLE,utilities-netherlands,Utilities in the Netherlands | Complete Expat Setup Guide | ExpatCopilot,Utilities in the Netherlands | Complete Expat Setup Guide,72,Utilities in the Netherlands,"Learn how utilities work in the Netherlands, including electricity, gas, water, internet, waste collection, utility costs and how expats can set everything up.",159,Utilities in the Netherlands,Utilities in the Netherlands | Complete Expat Setup Guide,"Learn how utilities work in the Netherlands, including electricity, gas, water, internet, waste collection, utility costs and how expats can set everything up.",ExpatCopilot,Utilities in the Netherlands,2026-09-23,2026-09-06,1.0,0.5,guide,,h1_title_differ_soft|templated_description_opening,soft,templated_desc,P3,
https://www.expatcopilot.com/netherlands/tools/transfer-cost-calculator/,/netherlands/tools/transfer-cost-calculator/,tool_calculator,INDEXABLE,transfer-cost-calculator,International Transfer Cost Calculator | ExpatCopilot,International Transfer Cost Calculator,53,International Transfer Cost Calculator,"Rough guide to sending money from the Netherlands: send fees, exchange-rate cost (FX), and how much may reach the other person. Uses simple ranges for planning — not live bank prices.",183,International Transfer Cost Calculator,International Transfer Cost Calculator | ExpatCopilot,"Rough guide to sending money from the Netherlands: send fees, exchange-rate cost (FX), and how much may reach the other person. Uses simple ranges for planning — not live bank prices.",ExpatCopilot,,,,1.0,1.0,tool_transactional,,overly_long_description,no,,INFO,
https://www.expatcopilot.com/netherlands/tools/city-comparison/,/netherlands/tools/city-comparison/,tool_calculator,INDEXABLE,city-comparison,"Netherlands City Comparison: Best Dutch Cities for Expats, Families & Remote Work | Planning Tool | ExpatCopilot","Netherlands City Comparison: Best Dutch Cities for Expats, Families & Remote Work | Planning Tool",112,Netherlands City Comparison Tool,"Compare Amsterdam vs Utrecht, Rotterdam vs The Hague, Eindhoven vs Utrecht, and more Dutch cities for expats and international workers: affordability, commute planning, family fit, and lifestyle. Uses shared cost-of-living anchors — not live rental listings, tax advice, or an objective “best city.” Free planning tool.",319,City comparison tool,"Netherlands City Comparison: Best Dutch Cities for Expats, Families & Remote Work | Planning Tool","Compare Amsterdam vs Utrecht, Rotterdam vs The Hague, Eindhoven vs Utrecht, and more Dutch cities for expats and international workers: affordability, commute planning, family fit, and lifestyle. Uses shared cost-of-living anchors — not live rental listings, tax advice, or an objective “best city.” Free planning tool.",ExpatCopilot,,,,1.0,0.31,tool_transactional,no year in title; topic often year-sensitive (2026),overly_long_title_core|overly_long_title_with_brand|overly_long_description|generic_title|problematic_h1_title_mismatch|year_absent_but_may_help_ctr|likely_poor_ctr_risk:generic_or_taxonomy+truncated_risk+freshness_signal_missing,yes,generic+long_title+mismatch+year_opp,P2,no year in title; topic often year-sensitive (2026)
https://www.expatcopilot.com/netherlands/tools/bank-comparison/,/netherlands/tools/bank-comparison/,tool_calculator,INDEXABLE,bank-comparison,Bank Comparison Tool for Expats in the Netherlands | ExpatCopilot,Bank Comparison Tool for Expats in the Netherlands,65,Bank Comparison Tool for Expats,"Pick a Dutch bank that fits how you live: salary, rent, shopping with iDEAL, sending money abroad, or freelancing. Simple scores from your answers — not live prices. Partner links do not change the scores. Always check each bank’s own website before you sign.",259,Bank comparison tool,Bank Comparison Tool for Expats in the Netherlands | ExpatCopilot,"Pick a Dutch bank that fits how you live: salary, rent, shopping with iDEAL, sending money abroad, or freelancing. Simple scores from your answers — not live prices. Partner links do not change the scores. Always check each bank’s own website before you sign.",ExpatCopilot,,,,1.0,0.62,tool_transactional,no year in title; topic often year-sensitive (2026),overly_long_description|h1_title_differ_soft|year_absent_but_may_help_ctr|likely_poor_ctr_risk:freshness_signal_missing,soft,year_opp,P3,no year in title; topic often year-sensitive (2026)
https://www.expatcopilot.com/netherlands/the-hague/,/netherlands/the-hague/,city_page,INDEXABLE,the-hague,"Moving to The Hague as an Expat: Registration, BSN, Banking & Insurance | ExpatCopilot","Moving to The Hague as an Expat: Registration, BSN, Banking & Insurance",86,Moving to The Hague as an Expat,"A practical expat guide to moving to The Hague, including registration, BSN, DigiD, banking, health insurance, housing, costs, transport, and newcomer support.",159,The Hague,"Moving to The Hague as an Expat: Registration, BSN, Banking & Insurance | ExpatCopilot","A practical expat guide to moving to The Hague, including registration, BSN, DigiD, banking, health insurance, housing, costs, transport, and newcomer support.",ExpatCopilot,Moving to The Hague as an Expat,,2026-09-06,1.0,0.64,city_research,no year in title; topic often year-sensitive (2026),overly_long_title_core|overly_long_title_with_brand|h1_title_differ_soft|year_absent_but_may_help_ctr|likely_poor_ctr_risk:truncated_risk+freshness_signal_missing,yes,long_title+year_opp,P2,no year in title; topic often year-sensitive (2026)
https://www.expatcopilot.com/netherlands/tools/banking-cost-estimator/,/netherlands/tools/banking-cost-estimator/,tool_calculator,INDEXABLE,banking-cost-estimator,Banking Cost Estimator for Expats in the Netherlands | ExpatCopilot,Banking Cost Estimator for Expats in the Netherlands,67,Banking Cost Estimator for Expats,"Estimate your likely banking costs in the Netherlands, including account fees, card costs, ATM usage, international transfers, FX costs, premium plans, joint accounts, and ZZP/business banking extras.",200,Banking cost estimator,Banking Cost Estimator for Expats in the Netherlands | ExpatCopilot,"Estimate your likely banking costs in the Netherlands, including account fees, card costs, ATM usage, international transfers, FX costs, premium plans, joint accounts, and ZZP/business banking extras.",ExpatCopilot,,,,1.0,0.62,tool_transactional,,overly_long_description|h1_title_differ_soft,no,,INFO,
https://www.expatcopilot.com/netherlands/taxes/tools/30-ruling-calculator/,/netherlands/taxes/tools/30-ruling-calculator/,tool_calculator,INDEXABLE,30-ruling-calculator,30% Ruling Eligibility Calculator Netherlands 2026 | Allowance & Planning | ExpatCopilot,30% Ruling Eligibility Calculator Netherlands 2026 | Allowance & Planning,88,30% Ruling Eligibility Calculator Netherlands,"Check likely 30% ruling eligibility for the Netherlands: salary norms, recruitment and distance self-checks, estimated tax-free allowance, optional 2027 preview, indicative net comparison, and a printable summary for HR or advisors — planning only.",248,30% ruling eligibility calculator,30% Ruling Eligibility Calculator Netherlands | Planning Tool,"Likely eligibility checklist, allowance estimate on 2026 norms, optional indicative net comparison, scenarios, and export — not a tax office decision.",ExpatCopilot,,,,1.0,0.62,tool_transactional,contains 2026; topic may benefit from year freshness,overly_long_title_core|overly_long_title_with_brand|overly_long_description|h1_title_differ_soft|og_title_differs_from_title|likely_poor_ctr_risk:truncated_risk,soft,long_title,P3,contains 2026; topic may benefit from year freshness
https://www.expatcopilot.com/netherlands/visa/dutch-american-friendship-treaty/,/netherlands/visa/dutch-american-friendship-treaty/,visa_guide,INDEXABLE,dutch-american-friendship-treaty,"Dutch-American Friendship Treaty (DAFT) in the Netherlands | Costs, Requirements, Process | ExpatCopilot","Dutch-American Friendship Treaty (DAFT) in the Netherlands | Costs, Requirements, Process",104,Dutch-American Friendship Treaty (DAFT) in the Netherlands,"A practical guide to the Dutch-American Friendship Treaty route in the Netherlands covering who it is for, the €4,500 investment requirement, IND fees, business setup, documents, timeline, and relocation tools.",210,DAFT,"Dutch-American Friendship Treaty (DAFT) in the Netherlands | Costs, Requirements, Process","A practical guide to the Dutch-American Friendship Treaty route in the Netherlands covering who it is for, the €4,500 investment requirement, IND fees, business setup, documents, timeline, and relocation tools.",ExpatCopilot,Dutch-American Friendship Treaty (DAFT) in the Netherlands,,2026-09-06,1.0,0.73,visa_informational,,overly_long_title_core|overly_long_title_with_brand|overly_long_description|h1_title_differ_soft|likely_poor_ctr_risk:truncated_risk,soft,long_title,P3,
https://www.expatcopilot.com/netherlands/visa/compare-visas/,/netherlands/visa/compare-visas/,visa_guide,INDEXABLE,compare-visas,"Compare Netherlands Visas | Costs, Timelines, Requirements, Best Uses | ExpatCopilot","Compare Netherlands Visas | Costs, Timelines, Requirements, Best Uses",84,Compare Netherlands Visas: Which Route Fits Your Situation?,"Compare the main visa and residence routes for moving to the Netherlands, including work, student, partner, entrepreneur, and family options, with practical guidance on costs, timing, and typical trade-offs.",207,Compare visas,"Compare Netherlands Visas | Costs, Timelines, Requirements, Best Uses","Compare the main visa and residence routes for moving to the Netherlands, including work, student, partner, entrepreneur, and family options, with practical guidance on costs, timing, and typical trade-offs.",ExpatCopilot,,,,1.0,0.23,visa_informational,,overly_long_title_core|overly_long_title_with_brand|overly_long_description|problematic_h1_title_mismatch|likely_poor_ctr_risk:truncated_risk,yes,long_title+mismatch,P2,
https://www.expatcopilot.com/netherlands/visa/partner-family-visa/,/netherlands/visa/partner-family-visa/,visa_guide,INDEXABLE,partner-family-visa,Partner Visa Netherlands (Family Reunification Guide 2026) | ExpatCopilot,Partner Visa Netherlands (Family Reunification Guide 2026),73,Partner & Family Visa Netherlands,"Learn how to bring your partner or family to the Netherlands. Complete guide to requirements, income rules, costs, timelines, and application steps.",148,Partner & Family Visa,Partner Visa Netherlands (Family Reunification Guide 2026),"Learn how to bring your partner or family to the Netherlands. Complete guide to requirements, income rules, costs, timelines, and application steps.",ExpatCopilot,Partner & Family Visa Netherlands,,2026-09-06,1.0,0.57,visa_informational,contains 2026 but topic looks evergreen,h1_title_differ_soft|templated_description_opening|year_present_but_likely_unnecessary,soft,templated_desc+year_issue,P3,contains 2026 but topic looks evergreen
https://www.expatcopilot.com/netherlands/visa/eu-blue-card/,/netherlands/visa/eu-blue-card/,visa_guide,INDEXABLE,eu-blue-card,"EU Blue Card in the Netherlands | Salary, Costs, Process | ExpatCopilot","EU Blue Card in the Netherlands | Salary, Costs, Process",71,EU Blue Card in the Netherlands,"A practical guide to the EU Blue Card in the Netherlands covering salary thresholds, application costs, documents, decision periods, comparisons with Highly Skilled Migrant, and relocation tools.",195,EU Blue Card,"EU Blue Card in the Netherlands | Salary, Costs, Process","A practical guide to the EU Blue Card in the Netherlands covering salary thresholds, application costs, documents, decision periods, comparisons with Highly Skilled Migrant, and relocation tools.",ExpatCopilot,EU Blue Card in the Netherlands,,2026-09-06,1.0,0.67,visa_informational,no year in title; topic often year-sensitive (2026),overly_long_description|h1_title_differ_soft|year_absent_but_may_help_ctr|likely_poor_ctr_risk:freshness_signal_missing,soft,year_opp,P3,no year in title; topic often year-sensitive (2026)
https://www.expatcopilot.com/netherlands/visa/self-employed-visa/,/netherlands/visa/self-employed-visa/,visa_guide,INDEXABLE,self-employed-visa,"Self-Employed Visa in the Netherlands | Costs, Requirements, Process | ExpatCopilot","Self-Employed Visa in the Netherlands | Costs, Requirements, Process",83,Self-Employed Visa in the Netherlands,"A practical guide to the Netherlands self-employed visa route covering official fees, planning figures, business setup, documents, timeline, and relocation tools.",162,Self-Employed Visa,"Self-Employed Visa in the Netherlands | Costs, Requirements, Process","A practical guide to the Netherlands self-employed visa route covering official fees, planning figures, business setup, documents, timeline, and relocation tools.",ExpatCopilot,Self-Employed Visa in the Netherlands,,2026-09-06,1.0,0.67,visa_informational,,overly_long_title_core|overly_long_title_with_brand|h1_title_differ_soft|likely_poor_ctr_risk:truncated_risk,soft,long_title,P3,
https://www.expatcopilot.com/netherlands/tilburg/,/netherlands/tilburg/,city_page,INDEXABLE,tilburg,"Moving to Tilburg as an Expat | Living in Tilburg, Housing, Lifestyle & Practical Setup | ExpatCopilot","Moving to Tilburg as an Expat | Living in Tilburg, Housing, Lifestyle & Practical Setup",102,Moving to Tilburg as an Expat,"Thinking about moving to Tilburg? Explore why expats choose Tilburg, what life is like, how registration and housing work, and which services can help you settle in.",165,Tilburg,"Moving to Tilburg as an Expat | Living in Tilburg, Housing, Lifestyle & Practical Setup | ExpatCopilot","Thinking about moving to Tilburg? Explore why expats choose Tilburg, what life is like, how registration and housing work, and which services can help you settle in.",ExpatCopilot,Moving to Tilburg as an Expat,,2026-04-03,1.0,0.5,city_research,,overly_long_title_core|overly_long_title_with_brand|h1_title_differ_soft|likely_poor_ctr_risk:truncated_risk,soft,long_title,P3,
https://www.expatcopilot.com/netherlands/visa-checker/,/netherlands/visa-checker/,tool_calculator,INDEXABLE,visa-checker,Netherlands Visa Checker: Find the Best Visa for Your Situation | ExpatCopilot,Netherlands Visa Checker: Find the Best Visa for Your Situation,78,Find the Best Visa for Moving to the Netherlands,"Answer a few questions to see which Netherlands visa routes may fit your situation, compare options, and get a personalized relocation plan.",140,Visa Checker,Netherlands Visa Checker: Find the Best Visa for Your Situation,"Answer a few questions to see which Netherlands visa routes may fit your situation, compare options, and get a personalized relocation plan.",ExpatCopilot,,,,1.0,0.55,tool_transactional,,overly_long_title_with_brand|generic_title|h1_title_differ_soft|likely_poor_ctr_risk:generic_or_taxonomy,yes,generic,P2,
https://www.expatcopilot.com/netherlands/work/tools/,/netherlands/work/tools/,tool_calculator,INDEXABLE,tools,Work & Employment tools for expats in the Netherlands | ExpatCopilot,Work & Employment tools for expats in the Netherlands,68,Work & Employment,"Offer, contract, payslip and compensation tools. 4 live tools and 6 more coming soon.",85,Work & Employment,Work & Employment tools for expats in the Netherlands | ExpatCopilot,"Offer, contract, payslip and compensation tools. 4 live tools and 6 more coming soon.",ExpatCopilot,,,,1.0,0.25,tool_transactional,,problematic_h1_title_mismatch,yes,mismatch,P2,
https://www.expatcopilot.com/netherlands/visa/student-visa/,/netherlands/visa/student-visa/,visa_guide,INDEXABLE,student-visa,"Student Visa in the Netherlands | Costs, Requirements, Timeline | ExpatCopilot","Student Visa in the Netherlands | Costs, Requirements, Timeline",78,Student Visa in the Netherlands,"A practical guide to the Netherlands student visa route covering application fees, study amounts, documents, the role of the educational institution, timeline, and relocation tools.",181,Student Visa,"Student Visa in the Netherlands | Costs, Requirements, Timeline","A practical guide to the Netherlands student visa route covering application fees, study amounts, documents, the role of the educational institution, timeline, and relocation tools.",ExpatCopilot,Student Visa in the Netherlands,,2026-09-06,1.0,0.62,visa_informational,,overly_long_title_with_brand|overly_long_description|h1_title_differ_soft,no,,INFO,
https://www.expatcopilot.com/netherlands/visa-timeline-estimator/,/netherlands/visa-timeline-estimator/,tool_calculator,INDEXABLE,visa-timeline-estimator,Netherlands Visa Timeline Estimator | Estimate Processing and Move Timing | ExpatCopilot,Netherlands Visa Timeline Estimator | Estimate Processing and Move Timing,88,Netherlands Visa Timeline Estimator,"Estimate how long a Dutch visa or residence route may take, including document prep, official decision periods, travel timing, and first-step relocation planning.",162,Visa Timeline Estimator,Netherlands Visa Timeline Estimator | Estimate Processing and Move Timing,"Estimate how long a Dutch visa or residence route may take, including document prep, official decision periods, travel timing, and first-step relocation planning.",ExpatCopilot,,,,1.0,0.44,tool_transactional,,overly_long_title_core|overly_long_title_with_brand|generic_title|h1_title_differ_soft|likely_poor_ctr_risk:generic_or_taxonomy+truncated_risk,yes,generic+long_title,P2,
https://www.expatcopilot.com/privacy/,/privacy/,trust_legal,INDEXABLE,privacy,Privacy Policy | ExpatCopilot,Privacy Policy,29,Privacy Policy,"Read the ExpatCopilot privacy policy, including how we handle analytics, cookies, contact form data, and third-party links.",123,,ExpatCopilot,"Practical relocation guides, tools, and service discovery for expats moving to the Netherlands — visas, housing, banking, and settling in.",ExpatCopilot,,,,1.0,1.0,trust_legal,,very_short_title|og_title_differs_from_title,yes,short,P2,
https://www.expatcopilot.com/netherlands/work/tools/employment-contract-risk-scanner/,/netherlands/work/tools/employment-contract-risk-scanner/,tool_calculator,INDEXABLE,employment-contract-risk-scanner,Dutch Employment Contract Risk Scanner | ExpatCopilot,Dutch Employment Contract Risk Scanner,53,Dutch Employment Contract Risk Scanner,"Paste contract text or upload a text-based PDF to detect common risk areas in Dutch employment contracts, including notice, probation, non-compete, relocation repayment, and 30% ruling wording.",193,Employment contract risk scanner,Dutch Employment Contract Risk Scanner | ExpatCopilot,"Paste contract text or upload a text-based PDF to detect common risk areas in Dutch employment contracts, including notice, probation, non-compete, relocation repayment, and 30% ruling wording.",ExpatCopilot,,,,1.0,1.0,tool_transactional,no year in title; topic often year-sensitive (2026),overly_long_description|year_absent_but_may_help_ctr|likely_poor_ctr_risk:freshness_signal_missing,soft,year_opp,P3,no year in title; topic often year-sensitive (2026)
https://www.expatcopilot.com/netherlands/work/tools/employment-type-scenario-tool/,/netherlands/work/tools/employment-type-scenario-tool/,tool_calculator,INDEXABLE,employment-type-scenario-tool,"Employment Type Scenario Tool Netherlands | Compare Employee, ZZP & Contractor | ExpatCopilot","Employment Type Scenario Tool Netherlands | Compare Employee, ZZP & Contractor",93,Employment Type Scenario Tool Netherlands,"Free Netherlands planner: compare permanent vs fixed-term employee, umbrella contractor, ZZP, and foreign-remote work. Indicative income, benefits, admin, sponsorship fit, and risk flags — with links to salary, 30% ruling, double tax, and contract scanner tools. Not legal or tax advice.",287,Employment type scenario tool,"Employment Type Scenario Tool Netherlands | Compare Employee, ZZP & Contractor | ExpatCopilot","Free Netherlands planner: compare permanent vs fixed-term employee, umbrella contractor, ZZP, and foreign-remote work. Indicative income, benefits, admin, sponsorship fit, and risk flags — with links to salary, 30% ruling, double tax, and contract scanner tools. Not legal or tax advice.",ExpatCopilot,,,,1.0,0.56,tool_transactional,no year in title; topic often year-sensitive (2026),overly_long_title_core|overly_long_title_with_brand|overly_long_description|h1_title_differ_soft|year_absent_but_may_help_ctr|likely_poor_ctr_risk:truncated_risk+freshness_signal_missing,yes,long_title+year_opp,P2,no year in title; topic often year-sensitive (2026)
https://www.expatcopilot.com/netherlands/utrecht/,/netherlands/utrecht/,city_page,INDEXABLE,utrecht,"Moving to Utrecht as an Expat: Registration, BSN, Banking & Insurance | ExpatCopilot","Moving to Utrecht as an Expat: Registration, BSN, Banking & Insurance",84,Moving to Utrecht as an Expat,"A practical expat guide to moving to Utrecht, including registration, BSN, DigiD, banking, health insurance, housing, costs, transport, and local support.",154,Utrecht,"Moving to Utrecht as an Expat: Registration, BSN, Banking & Insurance | ExpatCopilot","A practical expat guide to moving to Utrecht, including registration, BSN, DigiD, banking, health insurance, housing, costs, transport, and local support.",ExpatCopilot,Moving to Utrecht as an Expat,,2026-09-06,1.0,0.6,city_research,no year in title; topic often year-sensitive (2026),overly_long_title_core|overly_long_title_with_brand|h1_title_differ_soft|year_absent_but_may_help_ctr|likely_poor_ctr_risk:truncated_risk+freshness_signal_missing,yes,long_title+year_opp,P2,no year in title; topic often year-sensitive (2026)
https://www.expatcopilot.com/netherlands/visa-cost-calculator/,/netherlands/visa-cost-calculator/,tool_calculator,INDEXABLE,visa-cost-calculator,"Netherlands Visa Cost Calculator | Estimate Fees, Documents, and Move Costs | ExpatCopilot","Netherlands Visa Cost Calculator | Estimate Fees, Documents, and Move Costs",90,Netherlands Visa Cost Calculator,"Estimate the cost of applying for a Dutch visa or residence route, including official fees, document preparation, route-specific extras, and practical move-planning costs.",171,Visa Cost Calculator,"Netherlands Visa Cost Calculator | Estimate Fees, Documents, and Move Costs","Estimate the cost of applying for a Dutch visa or residence route, including official fees, document preparation, route-specific extras, and practical move-planning costs.",ExpatCopilot,,,,1.0,0.4,tool_transactional,,overly_long_title_core|overly_long_title_with_brand|overly_long_description|generic_title|h1_title_differ_soft|likely_poor_ctr_risk:generic_or_taxonomy+truncated_risk,yes,generic+long_title,P2,
https://www.expatcopilot.com/terms/,/terms/,trust_legal,INDEXABLE,terms,Terms & Conditions | ExpatCopilot,Terms & Conditions,33,Terms & Conditions,"Read the terms and conditions for using ExpatCopilot and its relocation guides, tools, and service listings.",108,,ExpatCopilot,"Practical relocation guides, tools, and service discovery for expats moving to the Netherlands — visas, housing, banking, and settling in.",ExpatCopilot,,,,1.0,1.0,trust_legal,,very_short_title|og_title_differs_from_title,yes,short,P2,
https://www.expatcopilot.com/sources/,/sources/,trust_legal,INDEXABLE,sources,Sources | ExpatCopilot,Sources,22,Sources,"Browse the official and trusted sources ExpatCopilot uses to build relocation guides, service directories, and practical expat content for the Netherlands.",155,,ExpatCopilot,"Practical relocation guides, tools, and service discovery for expats moving to the Netherlands — visas, housing, banking, and settling in.",ExpatCopilot,,,,1.0,1.0,trust_legal,,very_short_title|og_title_differs_from_title,yes,short,P2,
https://www.expatcopilot.com/netherlands/visa/highly-skilled-migrant/,/netherlands/visa/highly-skilled-migrant/,visa_guide,INDEXABLE,highly-skilled-migrant,"Highly Skilled Migrant Visa in the Netherlands | Salary, Sponsor, Costs | ExpatCopilot","Highly Skilled Migrant Visa in the Netherlands | Salary, Sponsor, Costs",86,Highly Skilled Migrant Visa in the Netherlands,"A practical guide to the Netherlands Highly Skilled Migrant visa covering recognized sponsor rules, salary thresholds, application cost, required documents, timeline, and relocation tools.",188,Highly Skilled Migrant Visa,"Highly Skilled Migrant Visa in the Netherlands | Salary, Sponsor, Costs | ExpatCopilot","A practical guide to the Netherlands Highly Skilled Migrant visa covering recognized sponsor rules, salary thresholds, application cost, required documents, timeline, and relocation tools.",ExpatCopilot,Highly Skilled Migrant Visa in the Netherlands,,2026-08-26,1.0,0.7,visa_informational,no year in title; topic often year-sensitive (2026),overly_long_title_core|overly_long_title_with_brand|overly_long_description|h1_title_differ_soft|year_absent_but_may_help_ctr|likely_poor_ctr_risk:truncated_risk+freshness_signal_missing,yes,long_title+year_opp,P2,no year in title; topic often year-sensitive (2026)
https://www.expatcopilot.com/sitemap/,/sitemap/,hub,INDEXABLE,sitemap,Sitemap | ExpatCopilot,Sitemap,22,Sitemap,"Browse the main pages across ExpatCopilot: guides, services, cities, tools, and trust pages.",92,,Sitemap | ExpatCopilot,"Browse the main pages across ExpatCopilot: guides, services, cities, tools, and trust pages.",ExpatCopilot,,,,1.0,1.0,hub,,very_short_title,yes,short,P2,
https://www.expatcopilot.com/netherlands/work/tools/payslip-decoder/,/netherlands/work/tools/payslip-decoder/,tool_calculator,INDEXABLE,payslip-decoder,"Dutch Payslip Decoder | Read Bruto, Netto, Loonheffing & 30% Ruling Lines | ExpatCopilot","Dutch Payslip Decoder | Read Bruto, Netto, Loonheffing & 30% Ruling Lines",88,Dutch Payslip Decoder,"Decode a Dutch payslip from pasted text or a text-based PDF. Understand bruto, netto, loonheffing, vakantiegeld, pension, heffingsloon, Loon ZVW, and possible 30% ruling lines. No storage, no OCR, plain-English explanations.",224,Dutch payslip decoder,"Dutch Payslip Decoder | Read Bruto, Netto, Loonheffing & 30% Ruling Lines","Decode a Dutch payslip from pasted text or a text-based PDF. Understand bruto, netto, loonheffing, vakantiegeld, pension, heffingsloon, Loon ZVW, and possible 30% ruling lines. No storage, no OCR, plain-English explanations.",ExpatCopilot,,,,1.0,0.3,tool_transactional,no year in title; topic often year-sensitive (2026),overly_long_title_core|overly_long_title_with_brand|overly_long_description|problematic_h1_title_mismatch|year_absent_but_may_help_ctr|likely_poor_ctr_risk:truncated_risk+freshness_signal_missing,yes,long_title+mismatch+year_opp,P2,no year in title; topic often year-sensitive (2026)
https://www.expatcopilot.com/netherlands/work/tools/job-offer-comparison/,/netherlands/work/tools/job-offer-comparison/,tool_calculator,INDEXABLE,job-offer-comparison,"Job Offer Comparison Tool Netherlands | Salary, Benefits & Expat Fit | ExpatCopilot","Job Offer Comparison Tool Netherlands | Salary, Benefits & Expat Fit",83,Job Offer Comparison Tool Netherlands,"Free planner: compare two or three Dutch job offers (or current vs new) on estimated take-home pay, vakantiegeld and bonus handling, 30% ruling support, visa and relocation help, pension and benefits, rent and commute, and contract checklist signals — with topic-by-topic winners, questions to ask employers, and HTML export. Not legal, tax, or immigration advice.",364,Job offer comparison tool,"Job Offer Comparison Tool Netherlands | Salary, Benefits & Expat Fit | ExpatCopilot","Free planner: compare two or three Dutch job offers (or current vs new) on estimated take-home pay, vakantiegeld and bonus handling, 30% ruling support, visa and relocation help, pension and benefits, rent and commute, and contract checklist signals — with topic-by-topic winners, questions to ask employers, and HTML export. Not legal, tax, or immigration advice.",ExpatCopilot,,,,1.0,0.56,tool_transactional,no year in title; topic often year-sensitive (2026),overly_long_title_core|overly_long_title_with_brand|overly_long_description|h1_title_differ_soft|year_absent_but_may_help_ctr|likely_poor_ctr_risk:truncated_risk+freshness_signal_missing,yes,long_title+year_opp,P2,no year in title; topic often year-sensitive (2026)
