source_url,source_context,status,destination,final_destination,hops,internally_linked,in_sitemap,canonical_target,expected,severity,finding
https://www.expatcopilot.com/editorial-policy/,sitemap,308,https://www.expatcopilot.com/editorial-policy,https://www.expatcopilot.com/editorial-policy,1,yes,yes,https://www.expatcopilot.com/editorial-policy/,yes,P1,SITEMAP_LOC_IS_3XX; trailing_slash_normalization
https://www.expatcopilot.com/,sitemap,307,https://www.expatcopilot.com/netherlands,https://www.expatcopilot.com/netherlands,1,yes,yes,https://www.expatcopilot.com/netherlands/,yes,P1,SITEMAP_LOC_IS_3XX; homepage_redirect_to_nl_hub
https://www.expatcopilot.com/cookies/,sitemap,308,https://www.expatcopilot.com/cookies,https://www.expatcopilot.com/cookies,1,yes,yes,https://www.expatcopilot.com/cookies/,yes,P1,SITEMAP_LOC_IS_3XX; trailing_slash_normalization
https://www.expatcopilot.com/about/,sitemap,308,https://www.expatcopilot.com/about,https://www.expatcopilot.com/about,1,yes,yes,https://www.expatcopilot.com/about/,yes,P1,SITEMAP_LOC_IS_3XX; trailing_slash_normalization
https://www.expatcopilot.com/contact/,sitemap,308,https://www.expatcopilot.com/contact,https://www.expatcopilot.com/contact,1,yes,yes,https://www.expatcopilot.com/contact/,yes,P1,SITEMAP_LOC_IS_3XX; trailing_slash_normalization
https://www.expatcopilot.com/affiliate-disclosure/,sitemap,308,https://www.expatcopilot.com/affiliate-disclosure,https://www.expatcopilot.com/affiliate-disclosure,1,yes,yes,https://www.expatcopilot.com/affiliate-disclosure/,yes,P1,SITEMAP_LOC_IS_3XX; trailing_slash_normalization
https://www.expatcopilot.com/disclaimer/,sitemap,308,https://www.expatcopilot.com/disclaimer,https://www.expatcopilot.com/disclaimer,1,yes,yes,https://www.expatcopilot.com/disclaimer/,yes,P1,SITEMAP_LOC_IS_3XX; trailing_slash_normalization
https://www.expatcopilot.com/how-we-rank-services/,sitemap,308,https://www.expatcopilot.com/how-we-rank-services,https://www.expatcopilot.com/how-we-rank-services,1,yes,yes,https://www.expatcopilot.com/how-we-rank-services/,yes,P1,SITEMAP_LOC_IS_3XX; trailing_slash_normalization
https://www.expatcopilot.com/how-this-site-works/,sitemap,308,https://www.expatcopilot.com/how-this-site-works,https://www.expatcopilot.com/how-this-site-works,1,yes,yes,https://www.expatcopilot.com/how-this-site-works/,yes,P1,SITEMAP_LOC_IS_3XX; trailing_slash_normalization
https://www.expatcopilot.com/methodology/,sitemap,308,https://www.expatcopilot.com/methodology,https://www.expatcopilot.com/methodology,1,yes,yes,https://www.expatcopilot.com/methodology/,yes,P1,SITEMAP_LOC_IS_3XX; trailing_slash_normalization
https://www.expatcopilot.com/netherlands/,sitemap,308,https://www.expatcopilot.com/netherlands,https://www.expatcopilot.com/netherlands,1,yes,yes,https://www.expatcopilot.com/netherlands/,yes,P1,SITEMAP_LOC_IS_3XX; trailing_slash_normalization
https://www.expatcopilot.com/netherlands/amsterdam/,sitemap,308,https://www.expatcopilot.com/netherlands/amsterdam,https://www.expatcopilot.com/netherlands/amsterdam,1,yes,yes,https://www.expatcopilot.com/netherlands/amsterdam/,yes,P1,SITEMAP_LOC_IS_3XX; trailing_slash_normalization
https://www.expatcopilot.com/netherlands/amstelveen/,sitemap,308,https://www.expatcopilot.com/netherlands/amstelveen,https://www.expatcopilot.com/netherlands/amstelveen,1,yes,yes,https://www.expatcopilot.com/netherlands/amstelveen/,yes,P1,SITEMAP_LOC_IS_3XX; trailing_slash_normalization
https://www.expatcopilot.com/netherlands/bringing-pets-to-netherlands/,sitemap,308,https://www.expatcopilot.com/netherlands/bringing-pets-to-netherlands,https://www.expatcopilot.com/netherlands/bringing-pets-to-netherlands,1,yes,yes,https://www.expatcopilot.com/netherlands/bringing-pets-to-netherlands/,yes,P1,SITEMAP_LOC_IS_3XX; trailing_slash_normalization
https://www.expatcopilot.com/netherlands/apostille-documents-netherlands/,sitemap,308,https://www.expatcopilot.com/netherlands/apostille-documents-netherlands,https://www.expatcopilot.com/netherlands/apostille-documents-netherlands,1,yes,yes,https://www.expatcopilot.com/netherlands/apostille-documents-netherlands/,yes,P1,SITEMAP_LOC_IS_3XX; trailing_slash_normalization
https://www.expatcopilot.com/netherlands/arnhem/,sitemap,308,https://www.expatcopilot.com/netherlands/arnhem,https://www.expatcopilot.com/netherlands/arnhem,1,yes,yes,https://www.expatcopilot.com/netherlands/arnhem/,yes,P1,SITEMAP_LOC_IS_3XX; trailing_slash_normalization
https://www.expatcopilot.com/netherlands/after-arriving-netherlands/,sitemap,308,https://www.expatcopilot.com/netherlands/after-arriving-netherlands,https://www.expatcopilot.com/netherlands/after-arriving-netherlands,1,yes,yes,https://www.expatcopilot.com/netherlands/after-arriving-netherlands/,yes,P1,SITEMAP_LOC_IS_3XX; trailing_slash_normalization
https://www.expatcopilot.com/netherlands/breda/,sitemap,308,https://www.expatcopilot.com/netherlands/breda,https://www.expatcopilot.com/netherlands/breda,1,yes,yes,https://www.expatcopilot.com/netherlands/breda/,yes,P1,SITEMAP_LOC_IS_3XX; trailing_slash_normalization
https://www.expatcopilot.com/netherlands/bsn-registration/,sitemap,308,https://www.expatcopilot.com/netherlands/bsn-registration,https://www.expatcopilot.com/netherlands/bsn-registration,1,yes,yes,https://www.expatcopilot.com/netherlands/bsn-registration/,yes,P1,SITEMAP_LOC_IS_3XX; trailing_slash_normalization
https://www.expatcopilot.com/netherlands/business/zzp-netherlands/,sitemap,308,https://www.expatcopilot.com/netherlands/business/zzp-netherlands,https://www.expatcopilot.com/netherlands/business/zzp-netherlands,1,yes,yes,https://www.expatcopilot.com/netherlands/business/zzp-netherlands/,yes,P1,SITEMAP_LOC_IS_3XX; trailing_slash_normalization
https://www.expatcopilot.com/netherlands/cities/amsterdam-vs-rotterdam/,sitemap,308,https://www.expatcopilot.com/netherlands/cities/amsterdam-vs-rotterdam,https://www.expatcopilot.com/netherlands/cities/amsterdam-vs-rotterdam,1,yes,yes,https://www.expatcopilot.com/netherlands/cities/amsterdam-vs-rotterdam/,yes,P1,SITEMAP_LOC_IS_3XX; trailing_slash_normalization
https://www.expatcopilot.com/netherlands/cities/best-cities-for-expats/,sitemap,308,https://www.expatcopilot.com/netherlands/cities/best-cities-for-expats,https://www.expatcopilot.com/netherlands/cities/best-cities-for-expats,1,yes,yes,https://www.expatcopilot.com/netherlands/cities/best-cities-for-expats/,yes,P1,SITEMAP_LOC_IS_3XX; trailing_slash_normalization
https://www.expatcopilot.com/netherlands/business/starting-a-business-netherlands/,sitemap,308,https://www.expatcopilot.com/netherlands/business/starting-a-business-netherlands,https://www.expatcopilot.com/netherlands/business/starting-a-business-netherlands,1,yes,yes,https://www.expatcopilot.com/netherlands/business/starting-a-business-netherlands/,yes,P1,SITEMAP_LOC_IS_3XX; trailing_slash_normalization
https://www.expatcopilot.com/netherlands/cities/best-cities-for-families/,sitemap,308,https://www.expatcopilot.com/netherlands/cities/best-cities-for-families,https://www.expatcopilot.com/netherlands/cities/best-cities-for-families,1,yes,yes,https://www.expatcopilot.com/netherlands/cities/best-cities-for-families/,yes,P1,SITEMAP_LOC_IS_3XX; trailing_slash_normalization
https://www.expatcopilot.com/netherlands/cities/,sitemap,308,https://www.expatcopilot.com/netherlands/cities,https://www.expatcopilot.com/netherlands/cities,1,yes,yes,https://www.expatcopilot.com/netherlands/cities/,yes,P1,SITEMAP_LOC_IS_3XX; trailing_slash_normalization
https://www.expatcopilot.com/netherlands/cities/compare/,sitemap,308,https://www.expatcopilot.com/netherlands/cities/compare,https://www.expatcopilot.com/netherlands/cities/compare,1,yes,yes,https://www.expatcopilot.com/netherlands/cities/compare/,yes,P1,SITEMAP_LOC_IS_3XX; trailing_slash_normalization
https://www.expatcopilot.com/netherlands/cities/best-cities-for-international-professionals/,sitemap,308,https://www.expatcopilot.com/netherlands/cities/best-cities-for-international-professionals,https://www.expatcopilot.com/netherlands/cities/best-cities-for-international-professionals,1,yes,yes,https://www.expatcopilot.com/netherlands/cities/best-cities-for-international-professionals/,yes,P1,SITEMAP_LOC_IS_3XX; trailing_slash_normalization
https://www.expatcopilot.com/netherlands/citizenship/dutch-citizenship/,sitemap,308,https://www.expatcopilot.com/netherlands/citizenship/dutch-citizenship,https://www.expatcopilot.com/netherlands/citizenship/dutch-citizenship,1,yes,yes,https://www.expatcopilot.com/netherlands/citizenship/dutch-citizenship/,yes,P1,SITEMAP_LOC_IS_3XX; trailing_slash_normalization
https://www.expatcopilot.com/netherlands/citizenship/tools/,sitemap,308,https://www.expatcopilot.com/netherlands/citizenship/tools,https://www.expatcopilot.com/netherlands/citizenship/tools,1,yes,yes,https://www.expatcopilot.com/netherlands/citizenship/tools/,yes,P1,SITEMAP_LOC_IS_3XX; trailing_slash_normalization
https://www.expatcopilot.com/netherlands/citizenship/permanent-residence/,sitemap,308,https://www.expatcopilot.com/netherlands/citizenship/permanent-residence,https://www.expatcopilot.com/netherlands/citizenship/permanent-residence,1,yes,yes,https://www.expatcopilot.com/netherlands/citizenship/permanent-residence/,yes,P1,SITEMAP_LOC_IS_3XX; trailing_slash_normalization
https://www.expatcopilot.com/netherlands/cities/cheapest-cities-for-expats/,sitemap,308,https://www.expatcopilot.com/netherlands/cities/cheapest-cities-for-expats,https://www.expatcopilot.com/netherlands/cities/cheapest-cities-for-expats,1,yes,yes,https://www.expatcopilot.com/netherlands/cities/cheapest-cities-for-expats/,yes,P1,SITEMAP_LOC_IS_3XX; trailing_slash_normalization
https://www.expatcopilot.com/netherlands/citizenship/tools/dutch-citizenship-timeline-calculator/,sitemap,308,https://www.expatcopilot.com/netherlands/citizenship/tools/dutch-citizenship-timeline-calculator,https://www.expatcopilot.com/netherlands/citizenship/tools/dutch-citizenship-timeline-calculator,1,yes,yes,https://www.expatcopilot.com/netherlands/citizenship/tools/dutch-citizenship-timeline-calculator/,yes,P1,SITEMAP_LOC_IS_3XX; trailing_slash_normalization
https://www.expatcopilot.com/netherlands/citizenship/tools/dual-citizenship-awareness-tool/,sitemap,308,https://www.expatcopilot.com/netherlands/citizenship/tools/dual-citizenship-awareness-tool,https://www.expatcopilot.com/netherlands/citizenship/tools/dual-citizenship-awareness-tool,1,yes,yes,https://www.expatcopilot.com/netherlands/citizenship/tools/dual-citizenship-awareness-tool/,yes,P1,SITEMAP_LOC_IS_3XX; trailing_slash_normalization
https://www.expatcopilot.com/netherlands/culture/dutch-language-basics/,sitemap,308,https://www.expatcopilot.com/netherlands/culture/dutch-language-basics,https://www.expatcopilot.com/netherlands/culture/dutch-language-basics,1,yes,yes,https://www.expatcopilot.com/netherlands/culture/dutch-language-basics/,yes,P1,SITEMAP_LOC_IS_3XX; trailing_slash_normalization
https://www.expatcopilot.com/netherlands/citizenship/tools/permanent-residence-eligibility-calculator/,sitemap,308,https://www.expatcopilot.com/netherlands/citizenship/tools/permanent-residence-eligibility-calculator,https://www.expatcopilot.com/netherlands/citizenship/tools/permanent-residence-eligibility-calculator,1,yes,yes,https://www.expatcopilot.com/netherlands/citizenship/tools/permanent-residence-eligibility-calculator/,yes,P1,SITEMAP_LOC_IS_3XX; trailing_slash_normalization
https://www.expatcopilot.com/netherlands/culture/dutch-social-calendar/,sitemap,308,https://www.expatcopilot.com/netherlands/culture/dutch-social-calendar,https://www.expatcopilot.com/netherlands/culture/dutch-social-calendar,1,yes,yes,https://www.expatcopilot.com/netherlands/culture/dutch-social-calendar/,yes,P1,SITEMAP_LOC_IS_3XX; trailing_slash_normalization
https://www.expatcopilot.com/netherlands/culture/communication-style/,sitemap,308,https://www.expatcopilot.com/netherlands/culture/communication-style,https://www.expatcopilot.com/netherlands/culture/communication-style,1,no,yes,https://www.expatcopilot.com/netherlands/culture/communication-style/,yes,P1,SITEMAP_LOC_IS_3XX; trailing_slash_normalization
https://www.expatcopilot.com/netherlands/culture/,sitemap,308,https://www.expatcopilot.com/netherlands/culture,https://www.expatcopilot.com/netherlands/culture,1,yes,yes,https://www.expatcopilot.com/netherlands/culture/,yes,P1,SITEMAP_LOC_IS_3XX; trailing_slash_normalization
https://www.expatcopilot.com/netherlands/culture/dutch-traditions/,sitemap,308,https://www.expatcopilot.com/netherlands/culture/dutch-traditions,https://www.expatcopilot.com/netherlands/culture/dutch-traditions,1,yes,yes,https://www.expatcopilot.com/netherlands/culture/dutch-traditions/,yes,P1,SITEMAP_LOC_IS_3XX; trailing_slash_normalization
https://www.expatcopilot.com/netherlands/culture/family-and-school-culture/,sitemap,308,https://www.expatcopilot.com/netherlands/culture/family-and-school-culture,https://www.expatcopilot.com/netherlands/culture/family-and-school-culture,1,yes,yes,https://www.expatcopilot.com/netherlands/culture/family-and-school-culture/,yes,P1,SITEMAP_LOC_IS_3XX; trailing_slash_normalization
https://www.expatcopilot.com/netherlands/culture/hierarchy-and-flatness/,sitemap,308,https://www.expatcopilot.com/netherlands/culture/hierarchy-and-flatness,https://www.expatcopilot.com/netherlands/culture/hierarchy-and-flatness,1,yes,yes,https://www.expatcopilot.com/netherlands/culture/hierarchy-and-flatness/,yes,P1,SITEMAP_LOC_IS_3XX; trailing_slash_normalization
https://www.expatcopilot.com/netherlands/culture/health-system-culture-basics/,sitemap,308,https://www.expatcopilot.com/netherlands/culture/health-system-culture-basics,https://www.expatcopilot.com/netherlands/culture/health-system-culture-basics,1,yes,yes,https://www.expatcopilot.com/netherlands/culture/health-system-culture-basics/,yes,P1,SITEMAP_LOC_IS_3XX; trailing_slash_normalization
https://www.expatcopilot.com/netherlands/culture/kings-day/,sitemap,308,https://www.expatcopilot.com/netherlands/culture/kings-day,https://www.expatcopilot.com/netherlands/culture/kings-day,1,yes,yes,https://www.expatcopilot.com/netherlands/culture/kings-day/,yes,P1,SITEMAP_LOC_IS_3XX; trailing_slash_normalization
https://www.expatcopilot.com/netherlands/culture/invitations-and-planning/,sitemap,308,https://www.expatcopilot.com/netherlands/culture/invitations-and-planning,https://www.expatcopilot.com/netherlands/culture/invitations-and-planning,1,yes,yes,https://www.expatcopilot.com/netherlands/culture/invitations-and-planning/,yes,P1,SITEMAP_LOC_IS_3XX; trailing_slash_normalization
https://www.expatcopilot.com/netherlands/culture/learning-dutch/,sitemap,308,https://www.expatcopilot.com/netherlands/culture/learning-dutch,https://www.expatcopilot.com/netherlands/culture/learning-dutch,1,yes,yes,https://www.expatcopilot.com/netherlands/culture/learning-dutch/,yes,P1,SITEMAP_LOC_IS_3XX; trailing_slash_normalization
https://www.expatcopilot.com/netherlands/culture/meetings-and-consensus/,sitemap,308,https://www.expatcopilot.com/netherlands/culture/meetings-and-consensus,https://www.expatcopilot.com/netherlands/culture/meetings-and-consensus,1,yes,yes,https://www.expatcopilot.com/netherlands/culture/meetings-and-consensus/,yes,P1,SITEMAP_LOC_IS_3XX; trailing_slash_normalization
https://www.expatcopilot.com/netherlands/culture/national-holidays/,sitemap,308,https://www.expatcopilot.com/netherlands/culture/national-holidays,https://www.expatcopilot.com/netherlands/culture/national-holidays,1,yes,yes,https://www.expatcopilot.com/netherlands/culture/national-holidays/,yes,P1,SITEMAP_LOC_IS_3XX; trailing_slash_normalization
https://www.expatcopilot.com/netherlands/culture/practice-scenarios/,sitemap,308,https://www.expatcopilot.com/netherlands/culture/practice-scenarios,https://www.expatcopilot.com/netherlands/culture/practice-scenarios,1,yes,yes,https://www.expatcopilot.com/netherlands/culture/practice-scenarios/,yes,P1,SITEMAP_LOC_IS_3XX; trailing_slash_normalization
https://www.expatcopilot.com/netherlands/culture/sinterklaas/,sitemap,308,https://www.expatcopilot.com/netherlands/culture/sinterklaas,https://www.expatcopilot.com/netherlands/culture/sinterklaas,1,no,yes,https://www.expatcopilot.com/netherlands/culture/sinterklaas/,yes,P1,SITEMAP_LOC_IS_3XX; trailing_slash_normalization
https://www.expatcopilot.com/netherlands/culture/what-feels-normal-in-dutch-daily-life/,sitemap,308,https://www.expatcopilot.com/netherlands/culture/what-feels-normal-in-dutch-daily-life,https://www.expatcopilot.com/netherlands/culture/what-feels-normal-in-dutch-daily-life,1,no,yes,https://www.expatcopilot.com/netherlands/culture/what-feels-normal-in-dutch-daily-life/,yes,P1,SITEMAP_LOC_IS_3XX; trailing_slash_normalization
https://www.expatcopilot.com/netherlands/culture/time-and-boundaries/,sitemap,308,https://www.expatcopilot.com/netherlands/culture/time-and-boundaries,https://www.expatcopilot.com/netherlands/culture/time-and-boundaries,1,yes,yes,https://www.expatcopilot.com/netherlands/culture/time-and-boundaries/,yes,P1,SITEMAP_LOC_IS_3XX; trailing_slash_normalization
https://www.expatcopilot.com/netherlands/culture/written-follow-ups/,sitemap,308,https://www.expatcopilot.com/netherlands/culture/written-follow-ups,https://www.expatcopilot.com/netherlands/culture/written-follow-ups,1,yes,yes,https://www.expatcopilot.com/netherlands/culture/written-follow-ups/,yes,P1,SITEMAP_LOC_IS_3XX; trailing_slash_normalization
https://www.expatcopilot.com/netherlands/digid-awareness/,sitemap,308,https://www.expatcopilot.com/netherlands/digid-awareness,https://www.expatcopilot.com/netherlands/digid-awareness,1,yes,yes,https://www.expatcopilot.com/netherlands/digid-awareness/,yes,P1,SITEMAP_LOC_IS_3XX; trailing_slash_normalization
https://www.expatcopilot.com/netherlands/document-translation-netherlands/,sitemap,308,https://www.expatcopilot.com/netherlands/document-translation-netherlands,https://www.expatcopilot.com/netherlands/document-translation-netherlands,1,yes,yes,https://www.expatcopilot.com/netherlands/document-translation-netherlands/,yes,P1,SITEMAP_LOC_IS_3XX; trailing_slash_normalization
https://www.expatcopilot.com/netherlands/document-legalization-netherlands/,sitemap,308,https://www.expatcopilot.com/netherlands/document-legalization-netherlands,https://www.expatcopilot.com/netherlands/document-legalization-netherlands,1,yes,yes,https://www.expatcopilot.com/netherlands/document-legalization-netherlands/,yes,P1,SITEMAP_LOC_IS_3XX; trailing_slash_normalization
https://www.expatcopilot.com/netherlands/education/after-school-care-netherlands/,sitemap,308,https://www.expatcopilot.com/netherlands/education/after-school-care-netherlands,https://www.expatcopilot.com/netherlands/education/after-school-care-netherlands,1,yes,yes,https://www.expatcopilot.com/netherlands/education/after-school-care-netherlands/,yes,P1,SITEMAP_LOC_IS_3XX; trailing_slash_normalization
https://www.expatcopilot.com/netherlands/delft/,sitemap,308,https://www.expatcopilot.com/netherlands/delft,https://www.expatcopilot.com/netherlands/delft,1,yes,yes,https://www.expatcopilot.com/netherlands/delft/,yes,P1,SITEMAP_LOC_IS_3XX; trailing_slash_normalization
https://www.expatcopilot.com/netherlands/document-readiness-checker/,sitemap,308,https://www.expatcopilot.com/netherlands/document-readiness-checker,https://www.expatcopilot.com/netherlands/document-readiness-checker,1,yes,yes,https://www.expatcopilot.com/netherlands/document-readiness-checker/,yes,P1,SITEMAP_LOC_IS_3XX; trailing_slash_normalization
https://www.expatcopilot.com/netherlands/education/before-school-care-netherlands/,sitemap,308,https://www.expatcopilot.com/netherlands/education/before-school-care-netherlands,https://www.expatcopilot.com/netherlands/education/before-school-care-netherlands,1,yes,yes,https://www.expatcopilot.com/netherlands/education/before-school-care-netherlands/,yes,P1,SITEMAP_LOC_IS_3XX; trailing_slash_normalization
https://www.expatcopilot.com/netherlands/education/daycare-netherlands/,sitemap,308,https://www.expatcopilot.com/netherlands/education/daycare-netherlands,https://www.expatcopilot.com/netherlands/education/daycare-netherlands,1,yes,yes,https://www.expatcopilot.com/netherlands/education/daycare-netherlands/,yes,P1,SITEMAP_LOC_IS_3XX; trailing_slash_normalization
https://www.expatcopilot.com/netherlands/education/dutch-schools-netherlands/,sitemap,308,https://www.expatcopilot.com/netherlands/education/dutch-schools-netherlands,https://www.expatcopilot.com/netherlands/education/dutch-schools-netherlands,1,yes,yes,https://www.expatcopilot.com/netherlands/education/dutch-schools-netherlands/,yes,P1,SITEMAP_LOC_IS_3XX; trailing_slash_normalization
https://www.expatcopilot.com/netherlands/education/international-schools-netherlands/,sitemap,308,https://www.expatcopilot.com/netherlands/education/international-schools-netherlands,https://www.expatcopilot.com/netherlands/education/international-schools-netherlands,1,yes,yes,https://www.expatcopilot.com/netherlands/education/international-schools-netherlands/,yes,P1,SITEMAP_LOC_IS_3XX; trailing_slash_normalization
https://www.expatcopilot.com/netherlands/family/child-benefits-netherlands/,sitemap,308,https://www.expatcopilot.com/netherlands/family/child-benefits-netherlands,https://www.expatcopilot.com/netherlands/family/child-benefits-netherlands,1,yes,yes,https://www.expatcopilot.com/netherlands/family/child-benefits-netherlands/,yes,P1,SITEMAP_LOC_IS_3XX; trailing_slash_normalization
https://www.expatcopilot.com/netherlands/family/healthcare-for-children-netherlands/,sitemap,308,https://www.expatcopilot.com/netherlands/family/healthcare-for-children-netherlands,https://www.expatcopilot.com/netherlands/family/healthcare-for-children-netherlands,1,yes,yes,https://www.expatcopilot.com/netherlands/family/healthcare-for-children-netherlands/,yes,P1,SITEMAP_LOC_IS_3XX; trailing_slash_normalization
https://www.expatcopilot.com/netherlands/eindhoven/,sitemap,308,https://www.expatcopilot.com/netherlands/eindhoven,https://www.expatcopilot.com/netherlands/eindhoven,1,yes,yes,https://www.expatcopilot.com/netherlands/eindhoven/,yes,P1,SITEMAP_LOC_IS_3XX; trailing_slash_normalization
https://www.expatcopilot.com/netherlands/eu-vs-non-eu-moving-to-netherlands/,sitemap,308,https://www.expatcopilot.com/netherlands/eu-vs-non-eu-moving-to-netherlands,https://www.expatcopilot.com/netherlands/eu-vs-non-eu-moving-to-netherlands,1,yes,yes,https://www.expatcopilot.com/netherlands/eu-vs-non-eu-moving-to-netherlands/,yes,P1,SITEMAP_LOC_IS_3XX; trailing_slash_normalization
https://www.expatcopilot.com/netherlands/family/parenting-netherlands/,sitemap,308,https://www.expatcopilot.com/netherlands/family/parenting-netherlands,https://www.expatcopilot.com/netherlands/family/parenting-netherlands,1,yes,yes,https://www.expatcopilot.com/netherlands/family/parenting-netherlands/,yes,P1,SITEMAP_LOC_IS_3XX; trailing_slash_normalization
https://www.expatcopilot.com/netherlands/family/family-activities-netherlands/,sitemap,308,https://www.expatcopilot.com/netherlands/family/family-activities-netherlands,https://www.expatcopilot.com/netherlands/family/family-activities-netherlands,1,yes,yes,https://www.expatcopilot.com/netherlands/family/family-activities-netherlands/,yes,P1,SITEMAP_LOC_IS_3XX; trailing_slash_normalization
https://www.expatcopilot.com/netherlands/family/tools/,sitemap,308,https://www.expatcopilot.com/netherlands/family/tools,https://www.expatcopilot.com/netherlands/family/tools,1,yes,yes,https://www.expatcopilot.com/netherlands/family/tools/,yes,P1,SITEMAP_LOC_IS_3XX; trailing_slash_normalization
https://www.expatcopilot.com/netherlands/family/giving-birth-netherlands/,sitemap,308,https://www.expatcopilot.com/netherlands/family/giving-birth-netherlands,https://www.expatcopilot.com/netherlands/family/giving-birth-netherlands,1,yes,yes,https://www.expatcopilot.com/netherlands/family/giving-birth-netherlands/,yes,P1,SITEMAP_LOC_IS_3XX; trailing_slash_normalization
https://www.expatcopilot.com/netherlands/family/pets-netherlands/,sitemap,308,https://www.expatcopilot.com/netherlands/family/pets-netherlands,https://www.expatcopilot.com/netherlands/family/pets-netherlands,1,yes,yes,https://www.expatcopilot.com/netherlands/family/pets-netherlands/,yes,P1,SITEMAP_LOC_IS_3XX; trailing_slash_normalization
https://www.expatcopilot.com/netherlands/family/pregnancy-netherlands/,sitemap,308,https://www.expatcopilot.com/netherlands/family/pregnancy-netherlands,https://www.expatcopilot.com/netherlands/family/pregnancy-netherlands,1,yes,yes,https://www.expatcopilot.com/netherlands/family/pregnancy-netherlands/,yes,P1,SITEMAP_LOC_IS_3XX; trailing_slash_normalization
https://www.expatcopilot.com/netherlands/first-30-days-netherlands/,sitemap,308,https://www.expatcopilot.com/netherlands/first-30-days-netherlands,https://www.expatcopilot.com/netherlands/first-30-days-netherlands,1,yes,yes,https://www.expatcopilot.com/netherlands/first-30-days-netherlands/,yes,P1,SITEMAP_LOC_IS_3XX; trailing_slash_normalization
https://www.expatcopilot.com/netherlands/government-services/,sitemap,308,https://www.expatcopilot.com/netherlands/government-services,https://www.expatcopilot.com/netherlands/government-services,1,yes,yes,https://www.expatcopilot.com/netherlands/government-services/,yes,P1,SITEMAP_LOC_IS_3XX; trailing_slash_normalization
https://www.expatcopilot.com/netherlands/first-90-days-netherlands/,sitemap,308,https://www.expatcopilot.com/netherlands/first-90-days-netherlands,https://www.expatcopilot.com/netherlands/first-90-days-netherlands,1,yes,yes,https://www.expatcopilot.com/netherlands/first-90-days-netherlands/,yes,P1,SITEMAP_LOC_IS_3XX; trailing_slash_normalization
https://www.expatcopilot.com/netherlands/family/tools/childcare-cost-estimator/,sitemap,308,https://www.expatcopilot.com/netherlands/family/tools/childcare-cost-estimator,https://www.expatcopilot.com/netherlands/family/tools/childcare-cost-estimator,1,yes,yes,https://www.expatcopilot.com/netherlands/family/tools/childcare-cost-estimator/,yes,P1,SITEMAP_LOC_IS_3XX; trailing_slash_normalization
https://www.expatcopilot.com/netherlands/first-60-days-netherlands/,sitemap,308,https://www.expatcopilot.com/netherlands/first-60-days-netherlands,https://www.expatcopilot.com/netherlands/first-60-days-netherlands,1,yes,yes,https://www.expatcopilot.com/netherlands/first-60-days-netherlands/,yes,P1,SITEMAP_LOC_IS_3XX; trailing_slash_normalization
https://www.expatcopilot.com/netherlands/groningen/,sitemap,308,https://www.expatcopilot.com/netherlands/groningen,https://www.expatcopilot.com/netherlands/groningen,1,yes,yes,https://www.expatcopilot.com/netherlands/groningen/,yes,P1,SITEMAP_LOC_IS_3XX; trailing_slash_normalization
https://www.expatcopilot.com/netherlands/health/dentists-netherlands/,sitemap,308,https://www.expatcopilot.com/netherlands/health/dentists-netherlands,https://www.expatcopilot.com/netherlands/health/dentists-netherlands,1,yes,yes,https://www.expatcopilot.com/netherlands/health/dentists-netherlands/,yes,P1,SITEMAP_LOC_IS_3XX; trailing_slash_normalization
https://www.expatcopilot.com/netherlands/health/emergency-healthcare-netherlands/,sitemap,308,https://www.expatcopilot.com/netherlands/health/emergency-healthcare-netherlands,https://www.expatcopilot.com/netherlands/health/emergency-healthcare-netherlands,1,yes,yes,https://www.expatcopilot.com/netherlands/health/emergency-healthcare-netherlands/,yes,P1,SITEMAP_LOC_IS_3XX; trailing_slash_normalization
https://www.expatcopilot.com/netherlands/health/gp-netherlands/,sitemap,308,https://www.expatcopilot.com/netherlands/health/gp-netherlands,https://www.expatcopilot.com/netherlands/health/gp-netherlands,1,yes,yes,https://www.expatcopilot.com/netherlands/health/gp-netherlands/,yes,P1,SITEMAP_LOC_IS_3XX; trailing_slash_normalization
https://www.expatcopilot.com/netherlands/health-insurance-netherlands/,sitemap,308,https://www.expatcopilot.com/netherlands/health-insurance-netherlands,https://www.expatcopilot.com/netherlands/health-insurance-netherlands,1,yes,yes,https://www.expatcopilot.com/netherlands/health-insurance-netherlands/,yes,P1,SITEMAP_LOC_IS_3XX; trailing_slash_normalization
https://www.expatcopilot.com/netherlands/haarlem/,sitemap,308,https://www.expatcopilot.com/netherlands/haarlem,https://www.expatcopilot.com/netherlands/haarlem,1,yes,yes,https://www.expatcopilot.com/netherlands/haarlem/,yes,P1,SITEMAP_LOC_IS_3XX; trailing_slash_normalization
https://www.expatcopilot.com/netherlands/health/health-insurance-comparison-netherlands/,sitemap,308,https://www.expatcopilot.com/netherlands/health/health-insurance-comparison-netherlands,https://www.expatcopilot.com/netherlands/health/health-insurance-comparison-netherlands,1,yes,yes,https://www.expatcopilot.com/netherlands/health/health-insurance-comparison-netherlands/,yes,P1,SITEMAP_LOC_IS_3XX; trailing_slash_normalization
https://www.expatcopilot.com/netherlands/health/hospitals-netherlands/,sitemap,308,https://www.expatcopilot.com/netherlands/health/hospitals-netherlands,https://www.expatcopilot.com/netherlands/health/hospitals-netherlands,1,yes,yes,https://www.expatcopilot.com/netherlands/health/hospitals-netherlands/,yes,P1,SITEMAP_LOC_IS_3XX; trailing_slash_normalization
https://www.expatcopilot.com/netherlands/health/maternity-care-netherlands/,sitemap,308,https://www.expatcopilot.com/netherlands/health/maternity-care-netherlands,https://www.expatcopilot.com/netherlands/health/maternity-care-netherlands,1,yes,yes,https://www.expatcopilot.com/netherlands/health/maternity-care-netherlands/,yes,P1,SITEMAP_LOC_IS_3XX; trailing_slash_normalization
https://www.expatcopilot.com/netherlands/health/pharmacies-netherlands/,sitemap,308,https://www.expatcopilot.com/netherlands/health/pharmacies-netherlands,https://www.expatcopilot.com/netherlands/health/pharmacies-netherlands,1,yes,yes,https://www.expatcopilot.com/netherlands/health/pharmacies-netherlands/,yes,P1,SITEMAP_LOC_IS_3XX; trailing_slash_normalization
https://www.expatcopilot.com/netherlands/health/mental-healthcare-netherlands/,sitemap,308,https://www.expatcopilot.com/netherlands/health/mental-healthcare-netherlands,https://www.expatcopilot.com/netherlands/health/mental-healthcare-netherlands,1,yes,yes,https://www.expatcopilot.com/netherlands/health/mental-healthcare-netherlands/,yes,P1,SITEMAP_LOC_IS_3XX; trailing_slash_normalization
https://www.expatcopilot.com/netherlands/health/physiotherapy-netherlands/,sitemap,308,https://www.expatcopilot.com/netherlands/health/physiotherapy-netherlands,https://www.expatcopilot.com/netherlands/health/physiotherapy-netherlands,1,yes,yes,https://www.expatcopilot.com/netherlands/health/physiotherapy-netherlands/,yes,P1,SITEMAP_LOC_IS_3XX; trailing_slash_normalization
https://www.expatcopilot.com/netherlands/health/prescriptions-netherlands/,sitemap,308,https://www.expatcopilot.com/netherlands/health/prescriptions-netherlands,https://www.expatcopilot.com/netherlands/health/prescriptions-netherlands,1,yes,yes,https://www.expatcopilot.com/netherlands/health/prescriptions-netherlands/,yes,P1,SITEMAP_LOC_IS_3XX; trailing_slash_normalization
https://www.expatcopilot.com/netherlands/health/tools/,sitemap,308,https://www.expatcopilot.com/netherlands/health/tools,https://www.expatcopilot.com/netherlands/health/tools,1,yes,yes,https://www.expatcopilot.com/netherlands/health/tools/,yes,P1,SITEMAP_LOC_IS_3XX; trailing_slash_normalization
https://www.expatcopilot.com/netherlands/housing/buying-a-house-netherlands/,sitemap,308,https://www.expatcopilot.com/netherlands/housing/buying-a-house-netherlands,https://www.expatcopilot.com/netherlands/housing/buying-a-house-netherlands,1,yes,yes,https://www.expatcopilot.com/netherlands/housing/buying-a-house-netherlands/,yes,P1,SITEMAP_LOC_IS_3XX; trailing_slash_normalization
https://www.expatcopilot.com/netherlands/housing/buy-vs-rent-netherlands/,sitemap,308,https://www.expatcopilot.com/netherlands/housing/buy-vs-rent-netherlands,https://www.expatcopilot.com/netherlands/housing/buy-vs-rent-netherlands,1,yes,yes,https://www.expatcopilot.com/netherlands/housing/buy-vs-rent-netherlands/,yes,P1,SITEMAP_LOC_IS_3XX; trailing_slash_normalization
https://www.expatcopilot.com/netherlands/housing/,sitemap,308,https://www.expatcopilot.com/netherlands/housing,https://www.expatcopilot.com/netherlands/housing,1,yes,yes,https://www.expatcopilot.com/netherlands/housing/,yes,P1,SITEMAP_LOC_IS_3XX; trailing_slash_normalization
https://www.expatcopilot.com/netherlands/housing/housing-costs-netherlands/,sitemap,308,https://www.expatcopilot.com/netherlands/housing/housing-costs-netherlands,https://www.expatcopilot.com/netherlands/housing/housing-costs-netherlands,1,yes,yes,https://www.expatcopilot.com/netherlands/housing/housing-costs-netherlands/,yes,P1,SITEMAP_LOC_IS_3XX; trailing_slash_normalization
https://www.expatcopilot.com/netherlands/housing/mortgages-netherlands-expats/,sitemap,308,https://www.expatcopilot.com/netherlands/housing/mortgages-netherlands-expats,https://www.expatcopilot.com/netherlands/housing/mortgages-netherlands-expats,1,yes,yes,https://www.expatcopilot.com/netherlands/housing/mortgages-netherlands-expats/,yes,P1,SITEMAP_LOC_IS_3XX; trailing_slash_normalization
https://www.expatcopilot.com/netherlands/housing/rental-contracts-and-deposits-netherlands/,sitemap,308,https://www.expatcopilot.com/netherlands/housing/rental-contracts-and-deposits-netherlands,https://www.expatcopilot.com/netherlands/housing/rental-contracts-and-deposits-netherlands,1,yes,yes,https://www.expatcopilot.com/netherlands/housing/rental-contracts-and-deposits-netherlands/,yes,P1,SITEMAP_LOC_IS_3XX; trailing_slash_normalization
https://www.expatcopilot.com/netherlands/housing/rental-scams-netherlands/,sitemap,308,https://www.expatcopilot.com/netherlands/housing/rental-scams-netherlands,https://www.expatcopilot.com/netherlands/housing/rental-scams-netherlands,1,yes,yes,https://www.expatcopilot.com/netherlands/housing/rental-scams-netherlands/,yes,P1,SITEMAP_LOC_IS_3XX; trailing_slash_normalization
https://www.expatcopilot.com/netherlands/housing/tools/,sitemap,308,https://www.expatcopilot.com/netherlands/housing/tools,https://www.expatcopilot.com/netherlands/housing/tools,1,yes,yes,https://www.expatcopilot.com/netherlands/housing/tools/,yes,P1,SITEMAP_LOC_IS_3XX; trailing_slash_normalization
https://www.expatcopilot.com/netherlands/integration/tools/,sitemap,308,https://www.expatcopilot.com/netherlands/integration/tools,https://www.expatcopilot.com/netherlands/integration/tools,1,yes,yes,https://www.expatcopilot.com/netherlands/integration/tools/,yes,P1,SITEMAP_LOC_IS_3XX; trailing_slash_normalization
https://www.expatcopilot.com/netherlands/integration/tools/inburgering-exam-readiness-checker/,sitemap,308,https://www.expatcopilot.com/netherlands/integration/tools/inburgering-exam-readiness-checker,https://www.expatcopilot.com/netherlands/integration/tools/inburgering-exam-readiness-checker,1,yes,yes,https://www.expatcopilot.com/netherlands/integration/tools/inburgering-exam-readiness-checker/,yes,P1,SITEMAP_LOC_IS_3XX; trailing_slash_normalization
https://www.expatcopilot.com/netherlands/integration/tools/integration-requirement-checker/,sitemap,308,https://www.expatcopilot.com/netherlands/integration/tools/integration-requirement-checker,https://www.expatcopilot.com/netherlands/integration/tools/integration-requirement-checker,1,yes,yes,https://www.expatcopilot.com/netherlands/integration/tools/integration-requirement-checker/,yes,P1,SITEMAP_LOC_IS_3XX; trailing_slash_normalization
https://www.expatcopilot.com/netherlands/housing/tools/rent-affordability-calculator/,sitemap,308,https://www.expatcopilot.com/netherlands/housing/tools/rent-affordability-calculator,https://www.expatcopilot.com/netherlands/housing/tools/rent-affordability-calculator,1,yes,yes,https://www.expatcopilot.com/netherlands/housing/tools/rent-affordability-calculator/,yes,P1,SITEMAP_LOC_IS_3XX; trailing_slash_normalization
https://www.expatcopilot.com/netherlands/integration/inburgering/,sitemap,308,https://www.expatcopilot.com/netherlands/integration/inburgering,https://www.expatcopilot.com/netherlands/integration/inburgering,1,yes,yes,https://www.expatcopilot.com/netherlands/integration/inburgering/,yes,P1,SITEMAP_LOC_IS_3XX; trailing_slash_normalization
https://www.expatcopilot.com/netherlands/jobs/dutch-directness-at-work/,sitemap,308,https://www.expatcopilot.com/netherlands/jobs/dutch-directness-at-work,https://www.expatcopilot.com/netherlands/jobs/dutch-directness-at-work,1,yes,yes,https://www.expatcopilot.com/netherlands/jobs/dutch-directness-at-work/,yes,P1,SITEMAP_LOC_IS_3XX; trailing_slash_normalization
https://www.expatcopilot.com/netherlands/jobs/contractor-vs-employee-netherlands/,sitemap,308,https://www.expatcopilot.com/netherlands/jobs/contractor-vs-employee-netherlands,https://www.expatcopilot.com/netherlands/jobs/contractor-vs-employee-netherlands,1,yes,yes,https://www.expatcopilot.com/netherlands/jobs/contractor-vs-employee-netherlands/,yes,P1,SITEMAP_LOC_IS_3XX; trailing_slash_normalization
https://www.expatcopilot.com/netherlands/jobs/dutch-workplace-culture/,sitemap,308,https://www.expatcopilot.com/netherlands/jobs/dutch-workplace-culture,https://www.expatcopilot.com/netherlands/jobs/dutch-workplace-culture,1,yes,yes,https://www.expatcopilot.com/netherlands/jobs/dutch-workplace-culture/,yes,P1,SITEMAP_LOC_IS_3XX; trailing_slash_normalization
https://www.expatcopilot.com/netherlands/jobs/employee-benefits-netherlands/,sitemap,308,https://www.expatcopilot.com/netherlands/jobs/employee-benefits-netherlands,https://www.expatcopilot.com/netherlands/jobs/employee-benefits-netherlands,1,yes,yes,https://www.expatcopilot.com/netherlands/jobs/employee-benefits-netherlands/,yes,P1,SITEMAP_LOC_IS_3XX; trailing_slash_normalization
https://www.expatcopilot.com/netherlands/jobs/employee-rights-netherlands/,sitemap,308,https://www.expatcopilot.com/netherlands/jobs/employee-rights-netherlands,https://www.expatcopilot.com/netherlands/jobs/employee-rights-netherlands,1,yes,yes,https://www.expatcopilot.com/netherlands/jobs/employee-rights-netherlands/,yes,P1,SITEMAP_LOC_IS_3XX; trailing_slash_normalization
https://www.expatcopilot.com/netherlands/jobs/employment-contract-netherlands/,sitemap,308,https://www.expatcopilot.com/netherlands/jobs/employment-contract-netherlands,https://www.expatcopilot.com/netherlands/jobs/employment-contract-netherlands,1,yes,yes,https://www.expatcopilot.com/netherlands/jobs/employment-contract-netherlands/,yes,P1,SITEMAP_LOC_IS_3XX; trailing_slash_normalization
https://www.expatcopilot.com/netherlands/jobs/finding-jobs-netherlands/,sitemap,308,https://www.expatcopilot.com/netherlands/jobs/finding-jobs-netherlands,https://www.expatcopilot.com/netherlands/jobs/finding-jobs-netherlands,1,yes,yes,https://www.expatcopilot.com/netherlands/jobs/finding-jobs-netherlands/,yes,P1,SITEMAP_LOC_IS_3XX; trailing_slash_normalization
https://www.expatcopilot.com/netherlands/jobs/expat-salary-netherlands/,sitemap,308,https://www.expatcopilot.com/netherlands/jobs/expat-salary-netherlands,https://www.expatcopilot.com/netherlands/jobs/expat-salary-netherlands,1,yes,yes,https://www.expatcopilot.com/netherlands/jobs/expat-salary-netherlands/,yes,P1,SITEMAP_LOC_IS_3XX; trailing_slash_normalization
https://www.expatcopilot.com/netherlands/jobs/freelancing-netherlands/,sitemap,308,https://www.expatcopilot.com/netherlands/jobs/freelancing-netherlands,https://www.expatcopilot.com/netherlands/jobs/freelancing-netherlands,1,yes,yes,https://www.expatcopilot.com/netherlands/jobs/freelancing-netherlands/,yes,P1,SITEMAP_LOC_IS_3XX; trailing_slash_normalization
https://www.expatcopilot.com/netherlands/jobs/holiday-allowance-netherlands/,sitemap,308,https://www.expatcopilot.com/netherlands/jobs/holiday-allowance-netherlands,https://www.expatcopilot.com/netherlands/jobs/holiday-allowance-netherlands,1,yes,yes,https://www.expatcopilot.com/netherlands/jobs/holiday-allowance-netherlands/,yes,P1,SITEMAP_LOC_IS_3XX; trailing_slash_normalization
https://www.expatcopilot.com/netherlands/jobs/minimum-wage-netherlands/,sitemap,308,https://www.expatcopilot.com/netherlands/jobs/minimum-wage-netherlands,https://www.expatcopilot.com/netherlands/jobs/minimum-wage-netherlands,1,yes,yes,https://www.expatcopilot.com/netherlands/jobs/minimum-wage-netherlands/,yes,P1,SITEMAP_LOC_IS_3XX; trailing_slash_normalization
https://www.expatcopilot.com/netherlands/jobs/pension-netherlands-expats/,sitemap,308,https://www.expatcopilot.com/netherlands/jobs/pension-netherlands-expats,https://www.expatcopilot.com/netherlands/jobs/pension-netherlands-expats,1,yes,yes,https://www.expatcopilot.com/netherlands/jobs/pension-netherlands-expats/,yes,P1,SITEMAP_LOC_IS_3XX; trailing_slash_normalization
https://www.expatcopilot.com/netherlands/jobs/notice-period-netherlands/,sitemap,308,https://www.expatcopilot.com/netherlands/jobs/notice-period-netherlands,https://www.expatcopilot.com/netherlands/jobs/notice-period-netherlands,1,yes,yes,https://www.expatcopilot.com/netherlands/jobs/notice-period-netherlands/,yes,P1,SITEMAP_LOC_IS_3XX; trailing_slash_normalization
https://www.expatcopilot.com/netherlands/jobs/salary-negotiation-netherlands/,sitemap,308,https://www.expatcopilot.com/netherlands/jobs/salary-negotiation-netherlands,https://www.expatcopilot.com/netherlands/jobs/salary-negotiation-netherlands,1,yes,yes,https://www.expatcopilot.com/netherlands/jobs/salary-negotiation-netherlands/,yes,P1,SITEMAP_LOC_IS_3XX; trailing_slash_normalization
https://www.expatcopilot.com/netherlands/jobs/probation-period-netherlands/,sitemap,308,https://www.expatcopilot.com/netherlands/jobs/probation-period-netherlands,https://www.expatcopilot.com/netherlands/jobs/probation-period-netherlands,1,yes,yes,https://www.expatcopilot.com/netherlands/jobs/probation-period-netherlands/,yes,P1,SITEMAP_LOC_IS_3XX; trailing_slash_normalization
https://www.expatcopilot.com/netherlands/leaving/,sitemap,308,https://www.expatcopilot.com/netherlands/leaving,https://www.expatcopilot.com/netherlands/leaving,1,yes,yes,https://www.expatcopilot.com/netherlands/leaving/,yes,P1,SITEMAP_LOC_IS_3XX; trailing_slash_normalization
https://www.expatcopilot.com/netherlands/leaving/tools/exit-readiness-checker/,sitemap,308,https://www.expatcopilot.com/netherlands/leaving/tools/exit-readiness-checker,https://www.expatcopilot.com/netherlands/leaving/tools/exit-readiness-checker,1,yes,yes,https://www.expatcopilot.com/netherlands/leaving/tools/exit-readiness-checker/,yes,P1,SITEMAP_LOC_IS_3XX; trailing_slash_normalization
https://www.expatcopilot.com/netherlands/leaving/tools/,sitemap,308,https://www.expatcopilot.com/netherlands/leaving/tools,https://www.expatcopilot.com/netherlands/leaving/tools,1,yes,yes,https://www.expatcopilot.com/netherlands/leaving/tools/,yes,P1,SITEMAP_LOC_IS_3XX; trailing_slash_normalization
https://www.expatcopilot.com/netherlands/leaving/tools/repatriation-cost-calculator/,sitemap,308,https://www.expatcopilot.com/netherlands/leaving/tools/repatriation-cost-calculator,https://www.expatcopilot.com/netherlands/leaving/tools/repatriation-cost-calculator,1,yes,yes,https://www.expatcopilot.com/netherlands/leaving/tools/repatriation-cost-calculator/,yes,P1,SITEMAP_LOC_IS_3XX; trailing_slash_normalization
https://www.expatcopilot.com/netherlands/life/,sitemap,308,https://www.expatcopilot.com/netherlands/life,https://www.expatcopilot.com/netherlands/life,1,yes,yes,https://www.expatcopilot.com/netherlands/life/,yes,P1,SITEMAP_LOC_IS_3XX; trailing_slash_normalization
https://www.expatcopilot.com/netherlands/life/dutch-birthday-traditions/,sitemap,308,https://www.expatcopilot.com/netherlands/life/dutch-birthday-traditions,https://www.expatcopilot.com/netherlands/life/dutch-birthday-traditions,1,yes,yes,https://www.expatcopilot.com/netherlands/life/dutch-birthday-traditions/,yes,P1,SITEMAP_LOC_IS_3XX; trailing_slash_normalization
https://www.expatcopilot.com/netherlands/life/dating-in-the-netherlands/,sitemap,308,https://www.expatcopilot.com/netherlands/life/dating-in-the-netherlands,https://www.expatcopilot.com/netherlands/life/dating-in-the-netherlands,1,yes,yes,https://www.expatcopilot.com/netherlands/life/dating-in-the-netherlands/,yes,P1,SITEMAP_LOC_IS_3XX; trailing_slash_normalization
https://www.expatcopilot.com/netherlands/life/dutch-culture/,sitemap,308,https://www.expatcopilot.com/netherlands/life/dutch-culture,https://www.expatcopilot.com/netherlands/life/dutch-culture,1,yes,yes,https://www.expatcopilot.com/netherlands/life/dutch-culture/,yes,P1,SITEMAP_LOC_IS_3XX; trailing_slash_normalization
https://www.expatcopilot.com/netherlands/life/community-basics-netherlands/,sitemap,308,https://www.expatcopilot.com/netherlands/life/community-basics-netherlands,https://www.expatcopilot.com/netherlands/life/community-basics-netherlands,1,yes,yes,https://www.expatcopilot.com/netherlands/life/community-basics-netherlands/,yes,P1,SITEMAP_LOC_IS_3XX; trailing_slash_normalization
https://www.expatcopilot.com/netherlands/life/dutch-etiquette/,sitemap,308,https://www.expatcopilot.com/netherlands/life/dutch-etiquette,https://www.expatcopilot.com/netherlands/life/dutch-etiquette,1,yes,yes,https://www.expatcopilot.com/netherlands/life/dutch-etiquette/,yes,P1,SITEMAP_LOC_IS_3XX; trailing_slash_normalization
https://www.expatcopilot.com/netherlands/leiden/,sitemap,308,https://www.expatcopilot.com/netherlands/leiden,https://www.expatcopilot.com/netherlands/leiden,1,yes,yes,https://www.expatcopilot.com/netherlands/leiden/,yes,P1,SITEMAP_LOC_IS_3XX; trailing_slash_normalization
https://www.expatcopilot.com/netherlands/life/dutch-holidays-and-traditions/,sitemap,308,https://www.expatcopilot.com/netherlands/life/dutch-holidays-and-traditions,https://www.expatcopilot.com/netherlands/life/dutch-holidays-and-traditions,1,yes,yes,https://www.expatcopilot.com/netherlands/life/dutch-holidays-and-traditions/,yes,P1,SITEMAP_LOC_IS_3XX; trailing_slash_normalization
https://www.expatcopilot.com/netherlands/life/dutch-social-norms/,sitemap,308,https://www.expatcopilot.com/netherlands/life/dutch-social-norms,https://www.expatcopilot.com/netherlands/life/dutch-social-norms,1,yes,yes,https://www.expatcopilot.com/netherlands/life/dutch-social-norms/,yes,P1,SITEMAP_LOC_IS_3XX; trailing_slash_normalization
https://www.expatcopilot.com/netherlands/life/expat-loneliness-netherlands/,sitemap,308,https://www.expatcopilot.com/netherlands/life/expat-loneliness-netherlands,https://www.expatcopilot.com/netherlands/life/expat-loneliness-netherlands,1,yes,yes,https://www.expatcopilot.com/netherlands/life/expat-loneliness-netherlands/,yes,P1,SITEMAP_LOC_IS_3XX; trailing_slash_normalization
https://www.expatcopilot.com/netherlands/life/dutch-humour/,sitemap,308,https://www.expatcopilot.com/netherlands/life/dutch-humour,https://www.expatcopilot.com/netherlands/life/dutch-humour,1,yes,yes,https://www.expatcopilot.com/netherlands/life/dutch-humour/,yes,P1,SITEMAP_LOC_IS_3XX; trailing_slash_normalization
https://www.expatcopilot.com/netherlands/life/making-dutch-friends/,sitemap,308,https://www.expatcopilot.com/netherlands/life/making-dutch-friends,https://www.expatcopilot.com/netherlands/life/making-dutch-friends,1,yes,yes,https://www.expatcopilot.com/netherlands/life/making-dutch-friends/,yes,P1,SITEMAP_LOC_IS_3XX; trailing_slash_normalization
https://www.expatcopilot.com/netherlands/living/apps/,sitemap,308,https://www.expatcopilot.com/netherlands/living/apps,https://www.expatcopilot.com/netherlands/living/apps,1,yes,yes,https://www.expatcopilot.com/netherlands/living/apps/,yes,P1,SITEMAP_LOC_IS_3XX; trailing_slash_normalization
https://www.expatcopilot.com/netherlands/living,sitemap_slash_variant,308,https://www.expatcopilot.com/netherlands/living/survival-guide/,https://www.expatcopilot.com/netherlands/living/survival-guide,2,yes,yes,https://www.expatcopilot.com/netherlands/living/survival-guide/,no,P1,SITEMAP_LOC_IS_3XX; unexpected_or_unclassified_redirect
https://www.expatcopilot.com/netherlands/living/car-insurance-netherlands/,sitemap,308,https://www.expatcopilot.com/netherlands/living/car-insurance-netherlands,https://www.expatcopilot.com/netherlands/living/car-insurance-netherlands,1,yes,yes,https://www.expatcopilot.com/netherlands/living/car-insurance-netherlands/,yes,P1,SITEMAP_LOC_IS_3XX; trailing_slash_normalization
https://www.expatcopilot.com/netherlands/living/buying-a-car-netherlands/,sitemap,308,https://www.expatcopilot.com/netherlands/living/buying-a-car-netherlands,https://www.expatcopilot.com/netherlands/living/buying-a-car-netherlands,1,yes,yes,https://www.expatcopilot.com/netherlands/living/buying-a-car-netherlands/,yes,P1,SITEMAP_LOC_IS_3XX; trailing_slash_normalization
https://www.expatcopilot.com/netherlands/living/,sitemap,308,https://www.expatcopilot.com/netherlands/living,https://www.expatcopilot.com/netherlands/living/survival-guide,3,yes,yes,https://www.expatcopilot.com/netherlands/living/survival-guide/,no,P1,SITEMAP_LOC_IS_3XX; unexpected_or_unclassified_redirect
https://www.expatcopilot.com/netherlands/living/daily-life/,sitemap,308,https://www.expatcopilot.com/netherlands/living/daily-life,https://www.expatcopilot.com/netherlands/living/daily-life,1,yes,yes,https://www.expatcopilot.com/netherlands/living/daily-life/,yes,P1,SITEMAP_LOC_IS_3XX; trailing_slash_normalization
https://www.expatcopilot.com/netherlands/living/emergencies-safety/,sitemap,308,https://www.expatcopilot.com/netherlands/living/emergencies-safety,https://www.expatcopilot.com/netherlands/living/emergencies-safety,1,yes,yes,https://www.expatcopilot.com/netherlands/living/emergencies-safety/,yes,P1,SITEMAP_LOC_IS_3XX; trailing_slash_normalization
https://www.expatcopilot.com/netherlands/living/driving-licence-exchange-netherlands/,sitemap,308,https://www.expatcopilot.com/netherlands/living/driving-licence-exchange-netherlands,https://www.expatcopilot.com/netherlands/living/driving-licence-exchange-netherlands,1,yes,yes,https://www.expatcopilot.com/netherlands/living/driving-licence-exchange-netherlands/,yes,P1,SITEMAP_LOC_IS_3XX; trailing_slash_normalization
https://www.expatcopilot.com/netherlands/living/electric-vehicles-netherlands/,sitemap,308,https://www.expatcopilot.com/netherlands/living/electric-vehicles-netherlands,https://www.expatcopilot.com/netherlands/living/electric-vehicles-netherlands,1,yes,yes,https://www.expatcopilot.com/netherlands/living/electric-vehicles-netherlands/,yes,P1,SITEMAP_LOC_IS_3XX; trailing_slash_normalization
https://www.expatcopilot.com/netherlands/living/getting-around/,sitemap,308,https://www.expatcopilot.com/netherlands/living/getting-around,https://www.expatcopilot.com/netherlands/living/getting-around,1,yes,yes,https://www.expatcopilot.com/netherlands/living/getting-around/,yes,P1,SITEMAP_LOC_IS_3XX; trailing_slash_normalization
https://www.expatcopilot.com/netherlands/living/car-sharing-netherlands/,sitemap,308,https://www.expatcopilot.com/netherlands/living/car-sharing-netherlands,https://www.expatcopilot.com/netherlands/living/car-sharing-netherlands,1,yes,yes,https://www.expatcopilot.com/netherlands/living/car-sharing-netherlands/,yes,P1,SITEMAP_LOC_IS_3XX; trailing_slash_normalization
https://www.expatcopilot.com/netherlands/living/government-portals-overview/,sitemap,308,https://www.expatcopilot.com/netherlands/living/government-portals-overview,https://www.expatcopilot.com/netherlands/living/government-portals-overview,1,yes,yes,https://www.expatcopilot.com/netherlands/living/government-portals-overview/,yes,P1,SITEMAP_LOC_IS_3XX; trailing_slash_normalization
https://www.expatcopilot.com/netherlands/living/healthcare-basics/,sitemap,308,https://www.expatcopilot.com/netherlands/living/healthcare-basics,https://www.expatcopilot.com/netherlands/living/healthcare-basics,1,yes,yes,https://www.expatcopilot.com/netherlands/living/healthcare-basics/,yes,P1,SITEMAP_LOC_IS_3XX; trailing_slash_normalization
https://www.expatcopilot.com/netherlands/living/lease-cars-netherlands/,sitemap,308,https://www.expatcopilot.com/netherlands/living/lease-cars-netherlands,https://www.expatcopilot.com/netherlands/living/lease-cars-netherlands,1,yes,yes,https://www.expatcopilot.com/netherlands/living/lease-cars-netherlands/,yes,P1,SITEMAP_LOC_IS_3XX; trailing_slash_normalization
https://www.expatcopilot.com/netherlands/living/language/,sitemap,308,https://www.expatcopilot.com/netherlands/living/language,https://www.expatcopilot.com/netherlands/living/language,1,yes,yes,https://www.expatcopilot.com/netherlands/living/language/,yes,P1,SITEMAP_LOC_IS_3XX; trailing_slash_normalization
https://www.expatcopilot.com/netherlands/living/payments/,sitemap,308,https://www.expatcopilot.com/netherlands/living/payments,https://www.expatcopilot.com/netherlands/living/payments,1,yes,yes,https://www.expatcopilot.com/netherlands/living/payments/,yes,P1,SITEMAP_LOC_IS_3XX; trailing_slash_normalization
https://www.expatcopilot.com/netherlands/living/rental-market/,sitemap,308,https://www.expatcopilot.com/netherlands/living/rental-market,https://www.expatcopilot.com/netherlands/living/rental-market,1,yes,yes,https://www.expatcopilot.com/netherlands/living/rental-market/,yes,P1,SITEMAP_LOC_IS_3XX; trailing_slash_normalization
https://www.expatcopilot.com/netherlands/living/shopping-groceries/,sitemap,308,https://www.expatcopilot.com/netherlands/living/shopping-groceries,https://www.expatcopilot.com/netherlands/living/shopping-groceries,1,yes,yes,https://www.expatcopilot.com/netherlands/living/shopping-groceries/,yes,P1,SITEMAP_LOC_IS_3XX; trailing_slash_normalization
https://www.expatcopilot.com/netherlands/living/survival-guide/,sitemap,308,https://www.expatcopilot.com/netherlands/living/survival-guide,https://www.expatcopilot.com/netherlands/living/survival-guide,1,yes,yes,https://www.expatcopilot.com/netherlands/living/survival-guide/,yes,P1,SITEMAP_LOC_IS_3XX; trailing_slash_normalization
https://www.expatcopilot.com/netherlands/living/mot-apk-netherlands/,sitemap,308,https://www.expatcopilot.com/netherlands/living/mot-apk-netherlands,https://www.expatcopilot.com/netherlands/living/mot-apk-netherlands,1,yes,yes,https://www.expatcopilot.com/netherlands/living/mot-apk-netherlands/,yes,P1,SITEMAP_LOC_IS_3XX; trailing_slash_normalization
https://www.expatcopilot.com/netherlands/living/weather/,sitemap,308,https://www.expatcopilot.com/netherlands/living/weather,https://www.expatcopilot.com/netherlands/living/weather,1,yes,yes,https://www.expatcopilot.com/netherlands/living/weather/,yes,P1,SITEMAP_LOC_IS_3XX; trailing_slash_normalization
https://www.expatcopilot.com/netherlands/money/,sitemap,308,https://www.expatcopilot.com/netherlands/money,https://www.expatcopilot.com/netherlands/money,1,yes,yes,https://www.expatcopilot.com/netherlands/money/,yes,P1,SITEMAP_LOC_IS_3XX; trailing_slash_normalization
https://www.expatcopilot.com/netherlands/living/road-tax-netherlands/,sitemap,308,https://www.expatcopilot.com/netherlands/living/road-tax-netherlands,https://www.expatcopilot.com/netherlands/living/road-tax-netherlands,1,yes,yes,https://www.expatcopilot.com/netherlands/living/road-tax-netherlands/,yes,P1,SITEMAP_LOC_IS_3XX; trailing_slash_normalization
https://www.expatcopilot.com/netherlands/living/tools/utilities-services-comparison/,sitemap,308,https://www.expatcopilot.com/netherlands/living/tools/utilities-services-comparison,https://www.expatcopilot.com/netherlands/living/tools/utilities-services-comparison,1,yes,yes,https://www.expatcopilot.com/netherlands/living/tools/utilities-services-comparison/,yes,P1,SITEMAP_LOC_IS_3XX; trailing_slash_normalization
https://www.expatcopilot.com/netherlands/money/banking/,sitemap,308,https://www.expatcopilot.com/netherlands/money/banking,https://www.expatcopilot.com/netherlands/money/banking,1,yes,yes,https://www.expatcopilot.com/netherlands/money/banking/,yes,P1,SITEMAP_LOC_IS_3XX; trailing_slash_normalization
https://www.expatcopilot.com/netherlands/living/speed-cameras-netherlands/,sitemap,308,https://www.expatcopilot.com/netherlands/living/speed-cameras-netherlands,https://www.expatcopilot.com/netherlands/living/speed-cameras-netherlands,1,yes,yes,https://www.expatcopilot.com/netherlands/living/speed-cameras-netherlands/,yes,P1,SITEMAP_LOC_IS_3XX; trailing_slash_normalization
https://www.expatcopilot.com/netherlands/maastricht/,sitemap,308,https://www.expatcopilot.com/netherlands/maastricht,https://www.expatcopilot.com/netherlands/maastricht,1,yes,yes,https://www.expatcopilot.com/netherlands/maastricht/,yes,P1,SITEMAP_LOC_IS_3XX; trailing_slash_normalization
https://www.expatcopilot.com/netherlands/money/banking/account-rejection/,sitemap,308,https://www.expatcopilot.com/netherlands/money/banking/account-rejection,https://www.expatcopilot.com/netherlands/money/banking/account-rejection,1,yes,yes,https://www.expatcopilot.com/netherlands/money/banking/account-rejection/,yes,P1,SITEMAP_LOC_IS_3XX; trailing_slash_normalization
https://www.expatcopilot.com/netherlands/money/banking/best-banks-expats/,sitemap,308,https://www.expatcopilot.com/netherlands/money/banking/best-banks-expats,https://www.expatcopilot.com/netherlands/money/banking/best-banks-expats,1,yes,yes,https://www.expatcopilot.com/netherlands/money/banking/best-banks-expats/,yes,P1,SITEMAP_LOC_IS_3XX; trailing_slash_normalization
https://www.expatcopilot.com/netherlands/money/banking/cash-vs-card/,sitemap,308,https://www.expatcopilot.com/netherlands/money/banking/cash-vs-card,https://www.expatcopilot.com/netherlands/money/banking/cash-vs-card,1,yes,yes,https://www.expatcopilot.com/netherlands/money/banking/cash-vs-card/,yes,P1,SITEMAP_LOC_IS_3XX; trailing_slash_normalization
https://www.expatcopilot.com/netherlands/money/banking/best-bank-zzp/,sitemap,308,https://www.expatcopilot.com/netherlands/money/banking/best-bank-zzp,https://www.expatcopilot.com/netherlands/money/banking/best-bank-zzp,1,yes,yes,https://www.expatcopilot.com/netherlands/money/banking/best-bank-zzp/,yes,P1,SITEMAP_LOC_IS_3XX; trailing_slash_normalization
https://www.expatcopilot.com/netherlands/money/banking/cheapest-accounts/,sitemap,308,https://www.expatcopilot.com/netherlands/money/banking/cheapest-accounts,https://www.expatcopilot.com/netherlands/money/banking/cheapest-accounts,1,yes,yes,https://www.expatcopilot.com/netherlands/money/banking/cheapest-accounts/,yes,P1,SITEMAP_LOC_IS_3XX; trailing_slash_normalization
https://www.expatcopilot.com/netherlands/money/banking/credit-cards/,sitemap,308,https://www.expatcopilot.com/netherlands/money/banking/credit-cards,https://www.expatcopilot.com/netherlands/money/banking/credit-cards,1,yes,yes,https://www.expatcopilot.com/netherlands/money/banking/credit-cards/,yes,P1,SITEMAP_LOC_IS_3XX; trailing_slash_normalization
https://www.expatcopilot.com/netherlands/money/banking/fees/,sitemap,308,https://www.expatcopilot.com/netherlands/money/banking/fees,https://www.expatcopilot.com/netherlands/money/banking/fees,1,yes,yes,https://www.expatcopilot.com/netherlands/money/banking/fees/,yes,P1,SITEMAP_LOC_IS_3XX; trailing_slash_normalization
https://www.expatcopilot.com/netherlands/money/banking/how-payments-work/,sitemap,308,https://www.expatcopilot.com/netherlands/money/banking/how-payments-work,https://www.expatcopilot.com/netherlands/money/banking/how-payments-work,1,yes,yes,https://www.expatcopilot.com/netherlands/money/banking/how-payments-work/,yes,P1,SITEMAP_LOC_IS_3XX; trailing_slash_normalization
https://www.expatcopilot.com/netherlands/money/banking/debit-cards/,sitemap,308,https://www.expatcopilot.com/netherlands/money/banking/debit-cards,https://www.expatcopilot.com/netherlands/money/banking/debit-cards,1,yes,yes,https://www.expatcopilot.com/netherlands/money/banking/debit-cards/,yes,P1,SITEMAP_LOC_IS_3XX; trailing_slash_normalization
https://www.expatcopilot.com/netherlands/money/banking/international-transfers/,sitemap,308,https://www.expatcopilot.com/netherlands/money/banking/international-transfers,https://www.expatcopilot.com/netherlands/money/banking/international-transfers,1,yes,yes,https://www.expatcopilot.com/netherlands/money/banking/international-transfers/,yes,P1,SITEMAP_LOC_IS_3XX; trailing_slash_normalization
https://www.expatcopilot.com/netherlands/money/banking/security/,sitemap,308,https://www.expatcopilot.com/netherlands/money/banking/security,https://www.expatcopilot.com/netherlands/money/banking/security,1,yes,yes,https://www.expatcopilot.com/netherlands/money/banking/security/,yes,P1,SITEMAP_LOC_IS_3XX; trailing_slash_normalization
https://www.expatcopilot.com/netherlands/money/banking/traditional-vs-digital/,sitemap,308,https://www.expatcopilot.com/netherlands/money/banking/traditional-vs-digital,https://www.expatcopilot.com/netherlands/money/banking/traditional-vs-digital,1,yes,yes,https://www.expatcopilot.com/netherlands/money/banking/traditional-vs-digital/,yes,P1,SITEMAP_LOC_IS_3XX; trailing_slash_normalization
https://www.expatcopilot.com/netherlands/money/banking/types-of-accounts/,sitemap,308,https://www.expatcopilot.com/netherlands/money/banking/types-of-accounts,https://www.expatcopilot.com/netherlands/money/banking/types-of-accounts,1,yes,yes,https://www.expatcopilot.com/netherlands/money/banking/types-of-accounts/,yes,P1,SITEMAP_LOC_IS_3XX; trailing_slash_normalization
https://www.expatcopilot.com/netherlands/money/banking/wise-vs-revolut/,sitemap,308,https://www.expatcopilot.com/netherlands/money/banking/wise-vs-revolut,https://www.expatcopilot.com/netherlands/money/banking/wise-vs-revolut,1,yes,yes,https://www.expatcopilot.com/netherlands/money/banking/wise-vs-revolut/,yes,P1,SITEMAP_LOC_IS_3XX; trailing_slash_normalization
https://www.expatcopilot.com/netherlands/money/expat-taxes-netherlands/,sitemap,308,https://www.expatcopilot.com/netherlands/money/expat-taxes-netherlands,https://www.expatcopilot.com/netherlands/money/expat-taxes-netherlands,1,yes,yes,https://www.expatcopilot.com/netherlands/money/expat-taxes-netherlands/,yes,P1,SITEMAP_LOC_IS_3XX; trailing_slash_normalization
https://www.expatcopilot.com/netherlands/money/banking/joint-accounts/,sitemap,308,https://www.expatcopilot.com/netherlands/money/banking/joint-accounts,https://www.expatcopilot.com/netherlands/money/banking/joint-accounts,1,yes,yes,https://www.expatcopilot.com/netherlands/money/banking/joint-accounts/,yes,P1,SITEMAP_LOC_IS_3XX; trailing_slash_normalization
https://www.expatcopilot.com/netherlands/money/banking/student-accounts/,sitemap,308,https://www.expatcopilot.com/netherlands/money/banking/student-accounts,https://www.expatcopilot.com/netherlands/money/banking/student-accounts,1,yes,yes,https://www.expatcopilot.com/netherlands/money/banking/student-accounts/,yes,P1,SITEMAP_LOC_IS_3XX; trailing_slash_normalization
https://www.expatcopilot.com/netherlands/money/how-taxes-work-in-the-netherlands/,sitemap,308,https://www.expatcopilot.com/netherlands/money/how-taxes-work-in-the-netherlands,https://www.expatcopilot.com/netherlands/money/how-taxes-work-in-the-netherlands,1,yes,yes,https://www.expatcopilot.com/netherlands/money/how-taxes-work-in-the-netherlands/,yes,P1,SITEMAP_LOC_IS_3XX; trailing_slash_normalization
https://www.expatcopilot.com/netherlands/money/financial-checklist-netherlands/,sitemap,308,https://www.expatcopilot.com/netherlands/money/financial-checklist-netherlands,https://www.expatcopilot.com/netherlands/money/financial-checklist-netherlands,1,yes,yes,https://www.expatcopilot.com/netherlands/money/financial-checklist-netherlands/,yes,P1,SITEMAP_LOC_IS_3XX; trailing_slash_normalization
https://www.expatcopilot.com/netherlands/money/hidden-costs-netherlands/,sitemap,308,https://www.expatcopilot.com/netherlands/money/hidden-costs-netherlands,https://www.expatcopilot.com/netherlands/money/hidden-costs-netherlands,1,yes,yes,https://www.expatcopilot.com/netherlands/money/hidden-costs-netherlands/,yes,P1,SITEMAP_LOC_IS_3XX; trailing_slash_normalization
https://www.expatcopilot.com/netherlands/money/cost-of-living-netherlands/,sitemap,308,https://www.expatcopilot.com/netherlands/money/cost-of-living-netherlands,https://www.expatcopilot.com/netherlands/money/cost-of-living-netherlands,1,yes,yes,https://www.expatcopilot.com/netherlands/money/cost-of-living-netherlands/,yes,P1,SITEMAP_LOC_IS_3XX; trailing_slash_normalization
https://www.expatcopilot.com/netherlands/money/tax-guide-for-expats/,sitemap,308,https://www.expatcopilot.com/netherlands/money/tax-guide-for-expats,https://www.expatcopilot.com/netherlands/money/tax-guide-for-expats,1,yes,yes,https://www.expatcopilot.com/netherlands/money/tax-guide-for-expats/,yes,P1,SITEMAP_LOC_IS_3XX; trailing_slash_normalization
https://www.expatcopilot.com/netherlands/money/monthly-budget-netherlands/,sitemap,308,https://www.expatcopilot.com/netherlands/money/monthly-budget-netherlands,https://www.expatcopilot.com/netherlands/money/monthly-budget-netherlands,1,yes,yes,https://www.expatcopilot.com/netherlands/money/monthly-budget-netherlands/,yes,P1,SITEMAP_LOC_IS_3XX; trailing_slash_normalization
https://www.expatcopilot.com/netherlands/money/tax-residency-netherlands/,sitemap,308,https://www.expatcopilot.com/netherlands/money/tax-residency-netherlands,https://www.expatcopilot.com/netherlands/money/tax-residency-netherlands,1,yes,yes,https://www.expatcopilot.com/netherlands/money/tax-residency-netherlands/,yes,P1,SITEMAP_LOC_IS_3XX; trailing_slash_normalization
https://www.expatcopilot.com/netherlands/money/tax-return-netherlands/,sitemap,308,https://www.expatcopilot.com/netherlands/money/tax-return-netherlands,https://www.expatcopilot.com/netherlands/money/tax-return-netherlands,1,yes,yes,https://www.expatcopilot.com/netherlands/money/tax-return-netherlands/,yes,P1,SITEMAP_LOC_IS_3XX; trailing_slash_normalization
https://www.expatcopilot.com/netherlands/money/saving-money-netherlands/,sitemap,308,https://www.expatcopilot.com/netherlands/money/saving-money-netherlands,https://www.expatcopilot.com/netherlands/money/saving-money-netherlands,1,yes,yes,https://www.expatcopilot.com/netherlands/money/saving-money-netherlands/,yes,P1,SITEMAP_LOC_IS_3XX; trailing_slash_normalization
https://www.expatcopilot.com/netherlands/money/taxes/tax-advisors/,sitemap,308,https://www.expatcopilot.com/netherlands/money/taxes/tax-advisors,https://www.expatcopilot.com/netherlands/money/taxes/tax-advisors,1,yes,yes,https://www.expatcopilot.com/netherlands/money/taxes/tax-advisors/,yes,P1,SITEMAP_LOC_IS_3XX; trailing_slash_normalization
https://www.expatcopilot.com/netherlands/money/tools/,sitemap,308,https://www.expatcopilot.com/netherlands/money/tools,https://www.expatcopilot.com/netherlands/money/tools,1,yes,yes,https://www.expatcopilot.com/netherlands/money/tools/,yes,P1,SITEMAP_LOC_IS_3XX; trailing_slash_normalization
https://www.expatcopilot.com/netherlands/moving-mistakes-netherlands/,sitemap,308,https://www.expatcopilot.com/netherlands/moving-mistakes-netherlands,https://www.expatcopilot.com/netherlands/moving-mistakes-netherlands,1,yes,yes,https://www.expatcopilot.com/netherlands/moving-mistakes-netherlands/,yes,P1,SITEMAP_LOC_IS_3XX; trailing_slash_normalization
https://www.expatcopilot.com/netherlands/move-to-netherlands-without-job/,sitemap,308,https://www.expatcopilot.com/netherlands/move-to-netherlands-without-job,https://www.expatcopilot.com/netherlands/move-to-netherlands-without-job,1,yes,yes,https://www.expatcopilot.com/netherlands/move-to-netherlands-without-job/,yes,P1,SITEMAP_LOC_IS_3XX; trailing_slash_normalization
https://www.expatcopilot.com/netherlands/money/tools/cost-of-living-calculator/,sitemap,308,https://www.expatcopilot.com/netherlands/money/tools/cost-of-living-calculator,https://www.expatcopilot.com/netherlands/money/tools/cost-of-living-calculator,1,yes,yes,https://www.expatcopilot.com/netherlands/money/tools/cost-of-living-calculator/,yes,P1,SITEMAP_LOC_IS_3XX; trailing_slash_normalization
https://www.expatcopilot.com/netherlands/moving-requirements-netherlands/,sitemap,308,https://www.expatcopilot.com/netherlands/moving-requirements-netherlands,https://www.expatcopilot.com/netherlands/moving-requirements-netherlands,1,yes,yes,https://www.expatcopilot.com/netherlands/moving-requirements-netherlands/,yes,P1,SITEMAP_LOC_IS_3XX; trailing_slash_normalization
https://www.expatcopilot.com/netherlands/moving-to-netherlands-cost/,sitemap,308,https://www.expatcopilot.com/netherlands/moving-to-netherlands-cost,https://www.expatcopilot.com/netherlands/moving-to-netherlands-cost,1,yes,yes,https://www.expatcopilot.com/netherlands/moving-to-netherlands-cost/,yes,P1,SITEMAP_LOC_IS_3XX; trailing_slash_normalization
https://www.expatcopilot.com/netherlands/moving-checklist-netherlands/,sitemap,308,https://www.expatcopilot.com/netherlands/moving-checklist-netherlands,https://www.expatcopilot.com/netherlands/moving-checklist-netherlands,1,yes,yes,https://www.expatcopilot.com/netherlands/moving-checklist-netherlands/,yes,P1,SITEMAP_LOC_IS_3XX; trailing_slash_normalization
https://www.expatcopilot.com/netherlands/moving-to-netherlands-from/,sitemap,308,https://www.expatcopilot.com/netherlands/moving-to-netherlands-from,https://www.expatcopilot.com/netherlands/moving-to-netherlands-from,1,yes,yes,https://www.expatcopilot.com/netherlands/moving-to-netherlands-from/,yes,P1,SITEMAP_LOC_IS_3XX; trailing_slash_normalization
https://www.expatcopilot.com/netherlands/moving-to-the-netherlands/,sitemap,308,https://www.expatcopilot.com/netherlands/moving-to-the-netherlands,https://www.expatcopilot.com/netherlands/moving-to-the-netherlands,1,yes,yes,https://www.expatcopilot.com/netherlands/moving-to-the-netherlands/,yes,P1,SITEMAP_LOC_IS_3XX; trailing_slash_normalization
https://www.expatcopilot.com/netherlands/moving-to-netherlands-steps/,sitemap,308,https://www.expatcopilot.com/netherlands/moving-to-netherlands-steps,https://www.expatcopilot.com/netherlands/moving-to-netherlands-steps,1,yes,yes,https://www.expatcopilot.com/netherlands/moving-to-netherlands-steps/,yes,P1,SITEMAP_LOC_IS_3XX; trailing_slash_normalization
https://www.expatcopilot.com/netherlands/moving-to-netherlands-timeline/,sitemap,308,https://www.expatcopilot.com/netherlands/moving-to-netherlands-timeline,https://www.expatcopilot.com/netherlands/moving-to-netherlands-timeline,1,yes,yes,https://www.expatcopilot.com/netherlands/moving-to-netherlands-timeline/,yes,P1,SITEMAP_LOC_IS_3XX; trailing_slash_normalization
https://www.expatcopilot.com/netherlands/moving-to-netherlands-with-family/,sitemap,308,https://www.expatcopilot.com/netherlands/moving-to-netherlands-with-family,https://www.expatcopilot.com/netherlands/moving-to-netherlands-with-family,1,yes,yes,https://www.expatcopilot.com/netherlands/moving-to-netherlands-with-family/,yes,P1,SITEMAP_LOC_IS_3XX; trailing_slash_normalization
https://www.expatcopilot.com/netherlands/moving-to-netherlands-with-kids/,sitemap,308,https://www.expatcopilot.com/netherlands/moving-to-netherlands-with-kids,https://www.expatcopilot.com/netherlands/moving-to-netherlands-with-kids,1,yes,yes,https://www.expatcopilot.com/netherlands/moving-to-netherlands-with-kids/,yes,P1,SITEMAP_LOC_IS_3XX; trailing_slash_normalization
https://www.expatcopilot.com/netherlands/moving/extensions-changes/,sitemap,308,https://www.expatcopilot.com/netherlands/moving/extensions-changes,https://www.expatcopilot.com/netherlands/moving/extensions-changes,1,yes,yes,https://www.expatcopilot.com/netherlands/moving/extensions-changes/,yes,P1,SITEMAP_LOC_IS_3XX; trailing_slash_normalization
https://www.expatcopilot.com/netherlands/moving-to-netherlands-with-partner/,sitemap,308,https://www.expatcopilot.com/netherlands/moving-to-netherlands-with-partner,https://www.expatcopilot.com/netherlands/moving-to-netherlands-with-partner,1,yes,yes,https://www.expatcopilot.com/netherlands/moving-to-netherlands-with-partner/,yes,P1,SITEMAP_LOC_IS_3XX; trailing_slash_normalization
https://www.expatcopilot.com/netherlands/moving/changing-jobs-netherlands/,sitemap,308,https://www.expatcopilot.com/netherlands/moving/changing-jobs-netherlands,https://www.expatcopilot.com/netherlands/moving/changing-jobs-netherlands,1,yes,yes,https://www.expatcopilot.com/netherlands/moving/changing-jobs-netherlands/,yes,P1,SITEMAP_LOC_IS_3XX; trailing_slash_normalization
https://www.expatcopilot.com/netherlands/moving/moving-to-netherlands-from/argentina/,sitemap,308,https://www.expatcopilot.com/netherlands/moving/moving-to-netherlands-from/argentina,https://www.expatcopilot.com/netherlands/moving/moving-to-netherlands-from/argentina,1,yes,yes,https://www.expatcopilot.com/netherlands/moving/moving-to-netherlands-from/argentina/,yes,P1,SITEMAP_LOC_IS_3XX; trailing_slash_normalization
https://www.expatcopilot.com/netherlands/moving/moving-to-netherlands-from/australia/,sitemap,308,https://www.expatcopilot.com/netherlands/moving/moving-to-netherlands-from/australia,https://www.expatcopilot.com/netherlands/moving/moving-to-netherlands-from/australia,1,yes,yes,https://www.expatcopilot.com/netherlands/moving/moving-to-netherlands-from/australia/,yes,P1,SITEMAP_LOC_IS_3XX; trailing_slash_normalization
https://www.expatcopilot.com/netherlands/moving/moving-to-netherlands-from/canada/,sitemap,308,https://www.expatcopilot.com/netherlands/moving/moving-to-netherlands-from/canada,https://www.expatcopilot.com/netherlands/moving/moving-to-netherlands-from/canada,1,yes,yes,https://www.expatcopilot.com/netherlands/moving/moving-to-netherlands-from/canada/,yes,P1,SITEMAP_LOC_IS_3XX; trailing_slash_normalization
https://www.expatcopilot.com/netherlands/moving/layoffs-netherlands/,sitemap,308,https://www.expatcopilot.com/netherlands/moving/layoffs-netherlands,https://www.expatcopilot.com/netherlands/moving/layoffs-netherlands,1,yes,yes,https://www.expatcopilot.com/netherlands/moving/layoffs-netherlands/,yes,P1,SITEMAP_LOC_IS_3XX; trailing_slash_normalization
https://www.expatcopilot.com/netherlands/moving/moving-to-netherlands-from/brazil/,sitemap,308,https://www.expatcopilot.com/netherlands/moving/moving-to-netherlands-from/brazil,https://www.expatcopilot.com/netherlands/moving/moving-to-netherlands-from/brazil,1,yes,yes,https://www.expatcopilot.com/netherlands/moving/moving-to-netherlands-from/brazil/,yes,P1,SITEMAP_LOC_IS_3XX; trailing_slash_normalization
https://www.expatcopilot.com/netherlands/moving/moving-to-netherlands-from/chile/,sitemap,308,https://www.expatcopilot.com/netherlands/moving/moving-to-netherlands-from/chile,https://www.expatcopilot.com/netherlands/moving/moving-to-netherlands-from/chile,1,yes,yes,https://www.expatcopilot.com/netherlands/moving/moving-to-netherlands-from/chile/,yes,P1,SITEMAP_LOC_IS_3XX; trailing_slash_normalization
https://www.expatcopilot.com/netherlands/moving/moving-to-netherlands-from/denmark/,sitemap,308,https://www.expatcopilot.com/netherlands/moving/moving-to-netherlands-from/denmark,https://www.expatcopilot.com/netherlands/moving/moving-to-netherlands-from/denmark,1,yes,yes,https://www.expatcopilot.com/netherlands/moving/moving-to-netherlands-from/denmark/,yes,P1,SITEMAP_LOC_IS_3XX; trailing_slash_normalization
https://www.expatcopilot.com/netherlands/moving/moving-to-netherlands-from/india/,sitemap,308,https://www.expatcopilot.com/netherlands/moving/moving-to-netherlands-from/india,https://www.expatcopilot.com/netherlands/moving/moving-to-netherlands-from/india,1,yes,yes,https://www.expatcopilot.com/netherlands/moving/moving-to-netherlands-from/india/,yes,P1,SITEMAP_LOC_IS_3XX; trailing_slash_normalization
https://www.expatcopilot.com/netherlands/moving/moving-to-netherlands-from/indonesia/,sitemap,308,https://www.expatcopilot.com/netherlands/moving/moving-to-netherlands-from/indonesia,https://www.expatcopilot.com/netherlands/moving/moving-to-netherlands-from/indonesia,1,yes,yes,https://www.expatcopilot.com/netherlands/moving/moving-to-netherlands-from/indonesia/,yes,P1,SITEMAP_LOC_IS_3XX; trailing_slash_normalization
https://www.expatcopilot.com/netherlands/moving/moving-to-netherlands-from/france/,sitemap,308,https://www.expatcopilot.com/netherlands/moving/moving-to-netherlands-from/france,https://www.expatcopilot.com/netherlands/moving/moving-to-netherlands-from/france,1,yes,yes,https://www.expatcopilot.com/netherlands/moving/moving-to-netherlands-from/france/,yes,P1,SITEMAP_LOC_IS_3XX; trailing_slash_normalization
https://www.expatcopilot.com/netherlands/moving/moving-to-netherlands-from/germany/,sitemap,308,https://www.expatcopilot.com/netherlands/moving/moving-to-netherlands-from/germany,https://www.expatcopilot.com/netherlands/moving/moving-to-netherlands-from/germany,1,yes,yes,https://www.expatcopilot.com/netherlands/moving/moving-to-netherlands-from/germany/,yes,P1,SITEMAP_LOC_IS_3XX; trailing_slash_normalization
https://www.expatcopilot.com/netherlands/moving/moving-to-netherlands-from/ireland/,sitemap,308,https://www.expatcopilot.com/netherlands/moving/moving-to-netherlands-from/ireland,https://www.expatcopilot.com/netherlands/moving/moving-to-netherlands-from/ireland,1,yes,yes,https://www.expatcopilot.com/netherlands/moving/moving-to-netherlands-from/ireland/,yes,P1,SITEMAP_LOC_IS_3XX; trailing_slash_normalization
https://www.expatcopilot.com/netherlands/moving/moving-to-netherlands-from/italy/,sitemap,308,https://www.expatcopilot.com/netherlands/moving/moving-to-netherlands-from/italy,https://www.expatcopilot.com/netherlands/moving/moving-to-netherlands-from/italy,1,yes,yes,https://www.expatcopilot.com/netherlands/moving/moving-to-netherlands-from/italy/,yes,P1,SITEMAP_LOC_IS_3XX; trailing_slash_normalization
https://www.expatcopilot.com/netherlands/moving/moving-to-netherlands-from/japan/,sitemap,308,https://www.expatcopilot.com/netherlands/moving/moving-to-netherlands-from/japan,https://www.expatcopilot.com/netherlands/moving/moving-to-netherlands-from/japan,1,yes,yes,https://www.expatcopilot.com/netherlands/moving/moving-to-netherlands-from/japan/,yes,P1,SITEMAP_LOC_IS_3XX; trailing_slash_normalization
https://www.expatcopilot.com/netherlands/moving/moving-to-netherlands-from/kenya/,sitemap,308,https://www.expatcopilot.com/netherlands/moving/moving-to-netherlands-from/kenya,https://www.expatcopilot.com/netherlands/moving/moving-to-netherlands-from/kenya,1,yes,yes,https://www.expatcopilot.com/netherlands/moving/moving-to-netherlands-from/kenya/,yes,P1,SITEMAP_LOC_IS_3XX; trailing_slash_normalization
https://www.expatcopilot.com/netherlands/moving/moving-to-netherlands-from/mexico/,sitemap,308,https://www.expatcopilot.com/netherlands/moving/moving-to-netherlands-from/mexico,https://www.expatcopilot.com/netherlands/moving/moving-to-netherlands-from/mexico,1,yes,yes,https://www.expatcopilot.com/netherlands/moving/moving-to-netherlands-from/mexico/,yes,P1,SITEMAP_LOC_IS_3XX; trailing_slash_normalization
https://www.expatcopilot.com/netherlands/moving/moving-to-netherlands-from/new-zealand/,sitemap,308,https://www.expatcopilot.com/netherlands/moving/moving-to-netherlands-from/new-zealand,https://www.expatcopilot.com/netherlands/moving/moving-to-netherlands-from/new-zealand,1,yes,yes,https://www.expatcopilot.com/netherlands/moving/moving-to-netherlands-from/new-zealand/,yes,P1,SITEMAP_LOC_IS_3XX; trailing_slash_normalization
https://www.expatcopilot.com/netherlands/moving/moving-to-netherlands-from/nigeria/,sitemap,308,https://www.expatcopilot.com/netherlands/moving/moving-to-netherlands-from/nigeria,https://www.expatcopilot.com/netherlands/moving/moving-to-netherlands-from/nigeria,1,yes,yes,https://www.expatcopilot.com/netherlands/moving/moving-to-netherlands-from/nigeria/,yes,P1,SITEMAP_LOC_IS_3XX; trailing_slash_normalization
https://www.expatcopilot.com/netherlands/moving/moving-to-netherlands-from/norway/,sitemap,308,https://www.expatcopilot.com/netherlands/moving/moving-to-netherlands-from/norway,https://www.expatcopilot.com/netherlands/moving/moving-to-netherlands-from/norway,1,yes,yes,https://www.expatcopilot.com/netherlands/moving/moving-to-netherlands-from/norway/,yes,P1,SITEMAP_LOC_IS_3XX; trailing_slash_normalization
https://www.expatcopilot.com/netherlands/moving/moving-to-netherlands-from/pakistan/,sitemap,308,https://www.expatcopilot.com/netherlands/moving/moving-to-netherlands-from/pakistan,https://www.expatcopilot.com/netherlands/moving/moving-to-netherlands-from/pakistan,1,yes,yes,https://www.expatcopilot.com/netherlands/moving/moving-to-netherlands-from/pakistan/,yes,P1,SITEMAP_LOC_IS_3XX; trailing_slash_normalization
https://www.expatcopilot.com/netherlands/moving/moving-to-netherlands-from/philippines/,sitemap,308,https://www.expatcopilot.com/netherlands/moving/moving-to-netherlands-from/philippines,https://www.expatcopilot.com/netherlands/moving/moving-to-netherlands-from/philippines,1,yes,yes,https://www.expatcopilot.com/netherlands/moving/moving-to-netherlands-from/philippines/,yes,P1,SITEMAP_LOC_IS_3XX; trailing_slash_normalization
https://www.expatcopilot.com/netherlands/moving/moving-to-netherlands-from/singapore/,sitemap,308,https://www.expatcopilot.com/netherlands/moving/moving-to-netherlands-from/singapore,https://www.expatcopilot.com/netherlands/moving/moving-to-netherlands-from/singapore,1,yes,yes,https://www.expatcopilot.com/netherlands/moving/moving-to-netherlands-from/singapore/,yes,P1,SITEMAP_LOC_IS_3XX; trailing_slash_normalization
https://www.expatcopilot.com/netherlands/moving/moving-to-netherlands-from/south-africa/,sitemap,308,https://www.expatcopilot.com/netherlands/moving/moving-to-netherlands-from/south-africa,https://www.expatcopilot.com/netherlands/moving/moving-to-netherlands-from/south-africa,1,yes,yes,https://www.expatcopilot.com/netherlands/moving/moving-to-netherlands-from/south-africa/,yes,P1,SITEMAP_LOC_IS_3XX; trailing_slash_normalization
https://www.expatcopilot.com/netherlands/moving/moving-to-netherlands-from/south-korea/,sitemap,308,https://www.expatcopilot.com/netherlands/moving/moving-to-netherlands-from/south-korea,https://www.expatcopilot.com/netherlands/moving/moving-to-netherlands-from/south-korea,1,yes,yes,https://www.expatcopilot.com/netherlands/moving/moving-to-netherlands-from/south-korea/,yes,P1,SITEMAP_LOC_IS_3XX; trailing_slash_normalization
https://www.expatcopilot.com/netherlands/moving/moving-to-netherlands-from/spain/,sitemap,308,https://www.expatcopilot.com/netherlands/moving/moving-to-netherlands-from/spain,https://www.expatcopilot.com/netherlands/moving/moving-to-netherlands-from/spain,1,yes,yes,https://www.expatcopilot.com/netherlands/moving/moving-to-netherlands-from/spain/,yes,P1,SITEMAP_LOC_IS_3XX; trailing_slash_normalization
https://www.expatcopilot.com/netherlands/moving/moving-to-netherlands-from/sweden/,sitemap,308,https://www.expatcopilot.com/netherlands/moving/moving-to-netherlands-from/sweden,https://www.expatcopilot.com/netherlands/moving/moving-to-netherlands-from/sweden,1,yes,yes,https://www.expatcopilot.com/netherlands/moving/moving-to-netherlands-from/sweden/,yes,P1,SITEMAP_LOC_IS_3XX; trailing_slash_normalization
https://www.expatcopilot.com/netherlands/moving/moving-to-netherlands-from/switzerland/,sitemap,308,https://www.expatcopilot.com/netherlands/moving/moving-to-netherlands-from/switzerland,https://www.expatcopilot.com/netherlands/moving/moving-to-netherlands-from/switzerland,1,yes,yes,https://www.expatcopilot.com/netherlands/moving/moving-to-netherlands-from/switzerland/,yes,P1,SITEMAP_LOC_IS_3XX; trailing_slash_normalization
https://www.expatcopilot.com/netherlands/moving/moving-to-netherlands-from/turkey/,sitemap,308,https://www.expatcopilot.com/netherlands/moving/moving-to-netherlands-from/turkey,https://www.expatcopilot.com/netherlands/moving/moving-to-netherlands-from/turkey,1,yes,yes,https://www.expatcopilot.com/netherlands/moving/moving-to-netherlands-from/turkey/,yes,P1,SITEMAP_LOC_IS_3XX; trailing_slash_normalization
https://www.expatcopilot.com/netherlands/moving/moving-to-netherlands-from/united-kingdom/,sitemap,308,https://www.expatcopilot.com/netherlands/moving/moving-to-netherlands-from/united-kingdom,https://www.expatcopilot.com/netherlands/moving/moving-to-netherlands-from/united-kingdom,1,yes,yes,https://www.expatcopilot.com/netherlands/moving/moving-to-netherlands-from/united-kingdom/,yes,P1,SITEMAP_LOC_IS_3XX; trailing_slash_normalization
https://www.expatcopilot.com/netherlands/moving/moving-to-netherlands-from/uae/,sitemap,308,https://www.expatcopilot.com/netherlands/moving/moving-to-netherlands-from/uae,https://www.expatcopilot.com/netherlands/moving/moving-to-netherlands-from/uae,1,yes,yes,https://www.expatcopilot.com/netherlands/moving/moving-to-netherlands-from/uae/,yes,P1,SITEMAP_LOC_IS_3XX; trailing_slash_normalization
https://www.expatcopilot.com/netherlands/moving/moving-to-netherlands-from/united-states/,sitemap,308,https://www.expatcopilot.com/netherlands/moving/moving-to-netherlands-from/united-states,https://www.expatcopilot.com/netherlands/moving/moving-to-netherlands-from/united-states,1,yes,yes,https://www.expatcopilot.com/netherlands/moving/moving-to-netherlands-from/united-states/,yes,P1,SITEMAP_LOC_IS_3XX; trailing_slash_normalization
https://www.expatcopilot.com/netherlands/moving/residence-permits/,sitemap,308,https://www.expatcopilot.com/netherlands/moving/residence-permits,https://www.expatcopilot.com/netherlands/moving/residence-permits,1,yes,yes,https://www.expatcopilot.com/netherlands/moving/residence-permits/,yes,P1,SITEMAP_LOC_IS_3XX; trailing_slash_normalization
https://www.expatcopilot.com/netherlands/moving/resigning-job-netherlands/,sitemap,308,https://www.expatcopilot.com/netherlands/moving/resigning-job-netherlands,https://www.expatcopilot.com/netherlands/moving/resigning-job-netherlands,1,yes,yes,https://www.expatcopilot.com/netherlands/moving/resigning-job-netherlands/,yes,P1,SITEMAP_LOC_IS_3XX; trailing_slash_normalization
https://www.expatcopilot.com/netherlands/moving/status-changes/,sitemap,308,https://www.expatcopilot.com/netherlands/moving/status-changes,https://www.expatcopilot.com/netherlands/moving/status-changes,1,yes,yes,https://www.expatcopilot.com/netherlands/moving/status-changes/,yes,P1,SITEMAP_LOC_IS_3XX; trailing_slash_normalization
https://www.expatcopilot.com/netherlands/moving/tools/,sitemap,308,https://www.expatcopilot.com/netherlands/moving/tools,https://www.expatcopilot.com/netherlands/moving/tools,1,yes,yes,https://www.expatcopilot.com/netherlands/moving/tools/,yes,P1,SITEMAP_LOC_IS_3XX; trailing_slash_normalization
https://www.expatcopilot.com/netherlands/moving/tools/arrival-planner/from/argentina/,sitemap,308,https://www.expatcopilot.com/netherlands/moving/tools/arrival-planner/from/argentina,https://www.expatcopilot.com/netherlands/moving/tools/arrival-planner/from/argentina,1,no,yes,https://www.expatcopilot.com/netherlands/moving/tools/arrival-planner/from/argentina/,yes,P1,SITEMAP_LOC_IS_3XX; trailing_slash_normalization
https://www.expatcopilot.com/netherlands/moving/tools/arrival-planner/from/australia/,sitemap,308,https://www.expatcopilot.com/netherlands/moving/tools/arrival-planner/from/australia,https://www.expatcopilot.com/netherlands/moving/tools/arrival-planner/from/australia,1,no,yes,https://www.expatcopilot.com/netherlands/moving/tools/arrival-planner/from/australia/,yes,P1,SITEMAP_LOC_IS_3XX; trailing_slash_normalization
https://www.expatcopilot.com/netherlands/moving/tools/arrival-planner/,sitemap,308,https://www.expatcopilot.com/netherlands/moving/tools/arrival-planner,https://www.expatcopilot.com/netherlands/moving/tools/arrival-planner,1,yes,yes,https://www.expatcopilot.com/netherlands/moving/tools/arrival-planner/,yes,P1,SITEMAP_LOC_IS_3XX; trailing_slash_normalization
https://www.expatcopilot.com/netherlands/moving/tools/arrival-planner/from/canada/,sitemap,308,https://www.expatcopilot.com/netherlands/moving/tools/arrival-planner/from/canada,https://www.expatcopilot.com/netherlands/moving/tools/arrival-planner/from/canada,1,no,yes,https://www.expatcopilot.com/netherlands/moving/tools/arrival-planner/from/canada/,yes,P1,SITEMAP_LOC_IS_3XX; trailing_slash_normalization
https://www.expatcopilot.com/netherlands/moving/tools/arrival-planner/from/brazil/,sitemap,308,https://www.expatcopilot.com/netherlands/moving/tools/arrival-planner/from/brazil,https://www.expatcopilot.com/netherlands/moving/tools/arrival-planner/from/brazil,1,no,yes,https://www.expatcopilot.com/netherlands/moving/tools/arrival-planner/from/brazil/,yes,P1,SITEMAP_LOC_IS_3XX; trailing_slash_normalization
https://www.expatcopilot.com/netherlands/moving/tools/arrival-planner/from/chile/,sitemap,308,https://www.expatcopilot.com/netherlands/moving/tools/arrival-planner/from/chile,https://www.expatcopilot.com/netherlands/moving/tools/arrival-planner/from/chile,1,no,yes,https://www.expatcopilot.com/netherlands/moving/tools/arrival-planner/from/chile/,yes,P1,SITEMAP_LOC_IS_3XX; trailing_slash_normalization
https://www.expatcopilot.com/netherlands/moving/tools/arrival-planner/from/denmark/,sitemap,308,https://www.expatcopilot.com/netherlands/moving/tools/arrival-planner/from/denmark,https://www.expatcopilot.com/netherlands/moving/tools/arrival-planner/from/denmark,1,no,yes,https://www.expatcopilot.com/netherlands/moving/tools/arrival-planner/from/denmark/,yes,P1,SITEMAP_LOC_IS_3XX; trailing_slash_normalization
https://www.expatcopilot.com/netherlands/moving/tools/arrival-planner/from/france/,sitemap,308,https://www.expatcopilot.com/netherlands/moving/tools/arrival-planner/from/france,https://www.expatcopilot.com/netherlands/moving/tools/arrival-planner/from/france,1,no,yes,https://www.expatcopilot.com/netherlands/moving/tools/arrival-planner/from/france/,yes,P1,SITEMAP_LOC_IS_3XX; trailing_slash_normalization
https://www.expatcopilot.com/netherlands/moving/tools/arrival-planner/from/germany/,sitemap,308,https://www.expatcopilot.com/netherlands/moving/tools/arrival-planner/from/germany,https://www.expatcopilot.com/netherlands/moving/tools/arrival-planner/from/germany,1,no,yes,https://www.expatcopilot.com/netherlands/moving/tools/arrival-planner/from/germany/,yes,P1,SITEMAP_LOC_IS_3XX; trailing_slash_normalization
https://www.expatcopilot.com/netherlands/moving/tools/arrival-planner/from/india/,sitemap,308,https://www.expatcopilot.com/netherlands/moving/tools/arrival-planner/from/india,https://www.expatcopilot.com/netherlands/moving/tools/arrival-planner/from/india,1,no,yes,https://www.expatcopilot.com/netherlands/moving/tools/arrival-planner/from/india/,yes,P1,SITEMAP_LOC_IS_3XX; trailing_slash_normalization
https://www.expatcopilot.com/netherlands/moving/tools/arrival-planner/from/indonesia/,sitemap,308,https://www.expatcopilot.com/netherlands/moving/tools/arrival-planner/from/indonesia,https://www.expatcopilot.com/netherlands/moving/tools/arrival-planner/from/indonesia,1,no,yes,https://www.expatcopilot.com/netherlands/moving/tools/arrival-planner/from/indonesia/,yes,P1,SITEMAP_LOC_IS_3XX; trailing_slash_normalization
https://www.expatcopilot.com/netherlands/moving/tools/arrival-planner/from/ireland/,sitemap,308,https://www.expatcopilot.com/netherlands/moving/tools/arrival-planner/from/ireland,https://www.expatcopilot.com/netherlands/moving/tools/arrival-planner/from/ireland,1,no,yes,https://www.expatcopilot.com/netherlands/moving/tools/arrival-planner/from/ireland/,yes,P1,SITEMAP_LOC_IS_3XX; trailing_slash_normalization
https://www.expatcopilot.com/netherlands/moving/tools/arrival-planner/from/italy/,sitemap,308,https://www.expatcopilot.com/netherlands/moving/tools/arrival-planner/from/italy,https://www.expatcopilot.com/netherlands/moving/tools/arrival-planner/from/italy,1,no,yes,https://www.expatcopilot.com/netherlands/moving/tools/arrival-planner/from/italy/,yes,P1,SITEMAP_LOC_IS_3XX; trailing_slash_normalization
https://www.expatcopilot.com/netherlands/moving/tools/arrival-planner/from/japan/,sitemap,308,https://www.expatcopilot.com/netherlands/moving/tools/arrival-planner/from/japan,https://www.expatcopilot.com/netherlands/moving/tools/arrival-planner/from/japan,1,no,yes,https://www.expatcopilot.com/netherlands/moving/tools/arrival-planner/from/japan/,yes,P1,SITEMAP_LOC_IS_3XX; trailing_slash_normalization
https://www.expatcopilot.com/netherlands/moving/tools/arrival-planner/from/kenya/,sitemap,308,https://www.expatcopilot.com/netherlands/moving/tools/arrival-planner/from/kenya,https://www.expatcopilot.com/netherlands/moving/tools/arrival-planner/from/kenya,1,no,yes,https://www.expatcopilot.com/netherlands/moving/tools/arrival-planner/from/kenya/,yes,P1,SITEMAP_LOC_IS_3XX; trailing_slash_normalization
https://www.expatcopilot.com/netherlands/moving/tools/arrival-planner/from/mexico/,sitemap,308,https://www.expatcopilot.com/netherlands/moving/tools/arrival-planner/from/mexico,https://www.expatcopilot.com/netherlands/moving/tools/arrival-planner/from/mexico,1,no,yes,https://www.expatcopilot.com/netherlands/moving/tools/arrival-planner/from/mexico/,yes,P1,SITEMAP_LOC_IS_3XX; trailing_slash_normalization
https://www.expatcopilot.com/netherlands/moving/tools/arrival-planner/from/new-zealand/,sitemap,308,https://www.expatcopilot.com/netherlands/moving/tools/arrival-planner/from/new-zealand,https://www.expatcopilot.com/netherlands/moving/tools/arrival-planner/from/new-zealand,1,no,yes,https://www.expatcopilot.com/netherlands/moving/tools/arrival-planner/from/new-zealand/,yes,P1,SITEMAP_LOC_IS_3XX; trailing_slash_normalization
https://www.expatcopilot.com/netherlands/moving/tools/arrival-planner/from/norway/,sitemap,308,https://www.expatcopilot.com/netherlands/moving/tools/arrival-planner/from/norway,https://www.expatcopilot.com/netherlands/moving/tools/arrival-planner/from/norway,1,no,yes,https://www.expatcopilot.com/netherlands/moving/tools/arrival-planner/from/norway/,yes,P1,SITEMAP_LOC_IS_3XX; trailing_slash_normalization
https://www.expatcopilot.com/netherlands/moving/tools/arrival-planner/from/pakistan/,sitemap,308,https://www.expatcopilot.com/netherlands/moving/tools/arrival-planner/from/pakistan,https://www.expatcopilot.com/netherlands/moving/tools/arrival-planner/from/pakistan,1,no,yes,https://www.expatcopilot.com/netherlands/moving/tools/arrival-planner/from/pakistan/,yes,P1,SITEMAP_LOC_IS_3XX; trailing_slash_normalization
https://www.expatcopilot.com/netherlands/moving/tools/arrival-planner/from/nigeria/,sitemap,308,https://www.expatcopilot.com/netherlands/moving/tools/arrival-planner/from/nigeria,https://www.expatcopilot.com/netherlands/moving/tools/arrival-planner/from/nigeria,1,no,yes,,yes,P1,SITEMAP_LOC_IS_3XX; trailing_slash_normalization
https://www.expatcopilot.com/netherlands/moving/tools/arrival-planner/from/singapore/,sitemap,308,https://www.expatcopilot.com/netherlands/moving/tools/arrival-planner/from/singapore,https://www.expatcopilot.com/netherlands/moving/tools/arrival-planner/from/singapore,1,no,yes,https://www.expatcopilot.com/netherlands/moving/tools/arrival-planner/from/singapore/,yes,P1,SITEMAP_LOC_IS_3XX; trailing_slash_normalization
https://www.expatcopilot.com/netherlands/moving/tools/arrival-planner/from/south-africa/,sitemap,308,https://www.expatcopilot.com/netherlands/moving/tools/arrival-planner/from/south-africa,https://www.expatcopilot.com/netherlands/moving/tools/arrival-planner/from/south-africa,1,no,yes,https://www.expatcopilot.com/netherlands/moving/tools/arrival-planner/from/south-africa/,yes,P1,SITEMAP_LOC_IS_3XX; trailing_slash_normalization
https://www.expatcopilot.com/netherlands/moving/tools/arrival-planner/from/philippines/,sitemap,308,https://www.expatcopilot.com/netherlands/moving/tools/arrival-planner/from/philippines,https://www.expatcopilot.com/netherlands/moving/tools/arrival-planner/from/philippines,1,no,yes,,yes,P1,SITEMAP_LOC_IS_3XX; trailing_slash_normalization
https://www.expatcopilot.com/netherlands/moving/tools/arrival-planner/from/south-korea/,sitemap,308,https://www.expatcopilot.com/netherlands/moving/tools/arrival-planner/from/south-korea,https://www.expatcopilot.com/netherlands/moving/tools/arrival-planner/from/south-korea,1,no,yes,https://www.expatcopilot.com/netherlands/moving/tools/arrival-planner/from/south-korea/,yes,P1,SITEMAP_LOC_IS_3XX; trailing_slash_normalization
https://www.expatcopilot.com/netherlands/moving/tools/arrival-planner/from/switzerland/,sitemap,308,https://www.expatcopilot.com/netherlands/moving/tools/arrival-planner/from/switzerland,https://www.expatcopilot.com/netherlands/moving/tools/arrival-planner/from/switzerland,1,no,yes,https://www.expatcopilot.com/netherlands/moving/tools/arrival-planner/from/switzerland/,yes,P1,SITEMAP_LOC_IS_3XX; trailing_slash_normalization
https://www.expatcopilot.com/netherlands/moving/tools/arrival-planner/from/spain/,sitemap,308,https://www.expatcopilot.com/netherlands/moving/tools/arrival-planner/from/spain,https://www.expatcopilot.com/netherlands/moving/tools/arrival-planner/from/spain,1,no,yes,https://www.expatcopilot.com/netherlands/moving/tools/arrival-planner/from/spain/,yes,P1,SITEMAP_LOC_IS_3XX; trailing_slash_normalization
https://www.expatcopilot.com/netherlands/moving/tools/arrival-planner/from/sweden/,sitemap,308,https://www.expatcopilot.com/netherlands/moving/tools/arrival-planner/from/sweden,https://www.expatcopilot.com/netherlands/moving/tools/arrival-planner/from/sweden,1,no,yes,https://www.expatcopilot.com/netherlands/moving/tools/arrival-planner/from/sweden/,yes,P1,SITEMAP_LOC_IS_3XX; trailing_slash_normalization
https://www.expatcopilot.com/netherlands/moving/tools/arrival-planner/from/turkey/,sitemap,308,https://www.expatcopilot.com/netherlands/moving/tools/arrival-planner/from/turkey,https://www.expatcopilot.com/netherlands/moving/tools/arrival-planner/from/turkey,1,no,yes,https://www.expatcopilot.com/netherlands/moving/tools/arrival-planner/from/turkey/,yes,P1,SITEMAP_LOC_IS_3XX; trailing_slash_normalization
https://www.expatcopilot.com/netherlands/moving/tools/arrival-planner/from/uae/,sitemap,308,https://www.expatcopilot.com/netherlands/moving/tools/arrival-planner/from/uae,https://www.expatcopilot.com/netherlands/moving/tools/arrival-planner/from/uae,1,no,yes,https://www.expatcopilot.com/netherlands/moving/tools/arrival-planner/from/uae/,yes,P1,SITEMAP_LOC_IS_3XX; trailing_slash_normalization
https://www.expatcopilot.com/netherlands/moving/tools/arrival-planner/from/united-kingdom/,sitemap,308,https://www.expatcopilot.com/netherlands/moving/tools/arrival-planner/from/united-kingdom,https://www.expatcopilot.com/netherlands/moving/tools/arrival-planner/from/united-kingdom,1,no,yes,https://www.expatcopilot.com/netherlands/moving/tools/arrival-planner/from/united-kingdom/,yes,P1,SITEMAP_LOC_IS_3XX; trailing_slash_normalization
https://www.expatcopilot.com/netherlands/moving/tools/arrival-planner/from/united-states/,sitemap,308,https://www.expatcopilot.com/netherlands/moving/tools/arrival-planner/from/united-states,https://www.expatcopilot.com/netherlands/moving/tools/arrival-planner/from/united-states,1,no,yes,https://www.expatcopilot.com/netherlands/moving/tools/arrival-planner/from/united-states/,yes,P1,SITEMAP_LOC_IS_3XX; trailing_slash_normalization
https://www.expatcopilot.com/netherlands/moving/tools/document-readiness/from/argentina/,sitemap,308,https://www.expatcopilot.com/netherlands/moving/tools/document-readiness/from/argentina,https://www.expatcopilot.com/netherlands/moving/tools/document-readiness/from/argentina,1,no,yes,https://www.expatcopilot.com/netherlands/moving/tools/document-readiness/from/argentina/,yes,P1,SITEMAP_LOC_IS_3XX; trailing_slash_normalization
https://www.expatcopilot.com/netherlands/moving/tools/document-readiness/from/australia/,sitemap,308,https://www.expatcopilot.com/netherlands/moving/tools/document-readiness/from/australia,https://www.expatcopilot.com/netherlands/moving/tools/document-readiness/from/australia,1,no,yes,https://www.expatcopilot.com/netherlands/moving/tools/document-readiness/from/australia/,yes,P1,SITEMAP_LOC_IS_3XX; trailing_slash_normalization
https://www.expatcopilot.com/netherlands/moving/tools/document-readiness/from/brazil/,sitemap,308,https://www.expatcopilot.com/netherlands/moving/tools/document-readiness/from/brazil,https://www.expatcopilot.com/netherlands/moving/tools/document-readiness/from/brazil,1,no,yes,https://www.expatcopilot.com/netherlands/moving/tools/document-readiness/from/brazil/,yes,P1,SITEMAP_LOC_IS_3XX; trailing_slash_normalization
https://www.expatcopilot.com/netherlands/moving/tools/document-readiness/from/canada/,sitemap,308,https://www.expatcopilot.com/netherlands/moving/tools/document-readiness/from/canada,https://www.expatcopilot.com/netherlands/moving/tools/document-readiness/from/canada,1,no,yes,https://www.expatcopilot.com/netherlands/moving/tools/document-readiness/from/canada/,yes,P1,SITEMAP_LOC_IS_3XX; trailing_slash_normalization
https://www.expatcopilot.com/netherlands/moving/tools/document-readiness/from/chile/,sitemap,308,https://www.expatcopilot.com/netherlands/moving/tools/document-readiness/from/chile,https://www.expatcopilot.com/netherlands/moving/tools/document-readiness/from/chile,1,no,yes,https://www.expatcopilot.com/netherlands/moving/tools/document-readiness/from/chile/,yes,P1,SITEMAP_LOC_IS_3XX; trailing_slash_normalization
https://www.expatcopilot.com/netherlands/moving/tools/document-readiness/from/denmark/,sitemap,308,https://www.expatcopilot.com/netherlands/moving/tools/document-readiness/from/denmark,https://www.expatcopilot.com/netherlands/moving/tools/document-readiness/from/denmark,1,no,yes,https://www.expatcopilot.com/netherlands/moving/tools/document-readiness/from/denmark/,yes,P1,SITEMAP_LOC_IS_3XX; trailing_slash_normalization
https://www.expatcopilot.com/netherlands/moving/tools/document-readiness/from/france/,sitemap,308,https://www.expatcopilot.com/netherlands/moving/tools/document-readiness/from/france,https://www.expatcopilot.com/netherlands/moving/tools/document-readiness/from/france,1,no,yes,https://www.expatcopilot.com/netherlands/moving/tools/document-readiness/from/france/,yes,P1,SITEMAP_LOC_IS_3XX; trailing_slash_normalization
https://www.expatcopilot.com/netherlands/moving/tools/document-readiness/from/india/,sitemap,308,https://www.expatcopilot.com/netherlands/moving/tools/document-readiness/from/india,https://www.expatcopilot.com/netherlands/moving/tools/document-readiness/from/india,1,no,yes,https://www.expatcopilot.com/netherlands/moving/tools/document-readiness/from/india/,yes,P1,SITEMAP_LOC_IS_3XX; trailing_slash_normalization
https://www.expatcopilot.com/netherlands/moving/tools/document-readiness/from/germany/,sitemap,308,https://www.expatcopilot.com/netherlands/moving/tools/document-readiness/from/germany,https://www.expatcopilot.com/netherlands/moving/tools/document-readiness/from/germany,1,no,yes,https://www.expatcopilot.com/netherlands/moving/tools/document-readiness/from/germany/,yes,P1,SITEMAP_LOC_IS_3XX; trailing_slash_normalization
https://www.expatcopilot.com/netherlands/moving/tools/document-readiness/from/indonesia/,sitemap,308,https://www.expatcopilot.com/netherlands/moving/tools/document-readiness/from/indonesia,https://www.expatcopilot.com/netherlands/moving/tools/document-readiness/from/indonesia,1,no,yes,https://www.expatcopilot.com/netherlands/moving/tools/document-readiness/from/indonesia/,yes,P1,SITEMAP_LOC_IS_3XX; trailing_slash_normalization
https://www.expatcopilot.com/netherlands/moving/tools/document-readiness/from/ireland/,sitemap,308,https://www.expatcopilot.com/netherlands/moving/tools/document-readiness/from/ireland,https://www.expatcopilot.com/netherlands/moving/tools/document-readiness/from/ireland,1,no,yes,https://www.expatcopilot.com/netherlands/moving/tools/document-readiness/from/ireland/,yes,P1,SITEMAP_LOC_IS_3XX; trailing_slash_normalization
https://www.expatcopilot.com/netherlands/moving/tools/document-readiness/from/kenya/,sitemap,308,https://www.expatcopilot.com/netherlands/moving/tools/document-readiness/from/kenya,https://www.expatcopilot.com/netherlands/moving/tools/document-readiness/from/kenya,1,no,yes,https://www.expatcopilot.com/netherlands/moving/tools/document-readiness/from/kenya/,yes,P1,SITEMAP_LOC_IS_3XX; trailing_slash_normalization
https://www.expatcopilot.com/netherlands/moving/tools/document-readiness/from/italy/,sitemap,308,https://www.expatcopilot.com/netherlands/moving/tools/document-readiness/from/italy,https://www.expatcopilot.com/netherlands/moving/tools/document-readiness/from/italy,1,no,yes,https://www.expatcopilot.com/netherlands/moving/tools/document-readiness/from/italy/,yes,P1,SITEMAP_LOC_IS_3XX; trailing_slash_normalization
https://www.expatcopilot.com/netherlands/moving/tools/document-readiness/from/japan/,sitemap,308,https://www.expatcopilot.com/netherlands/moving/tools/document-readiness/from/japan,https://www.expatcopilot.com/netherlands/moving/tools/document-readiness/from/japan,1,no,yes,https://www.expatcopilot.com/netherlands/moving/tools/document-readiness/from/japan/,yes,P1,SITEMAP_LOC_IS_3XX; trailing_slash_normalization
https://www.expatcopilot.com/netherlands/moving/tools/document-readiness/from/mexico/,sitemap,308,https://www.expatcopilot.com/netherlands/moving/tools/document-readiness/from/mexico,https://www.expatcopilot.com/netherlands/moving/tools/document-readiness/from/mexico,1,no,yes,https://www.expatcopilot.com/netherlands/moving/tools/document-readiness/from/mexico/,yes,P1,SITEMAP_LOC_IS_3XX; trailing_slash_normalization
https://www.expatcopilot.com/netherlands/moving/tools/document-readiness/from/new-zealand/,sitemap,308,https://www.expatcopilot.com/netherlands/moving/tools/document-readiness/from/new-zealand,https://www.expatcopilot.com/netherlands/moving/tools/document-readiness/from/new-zealand,1,no,yes,https://www.expatcopilot.com/netherlands/moving/tools/document-readiness/from/new-zealand/,yes,P1,SITEMAP_LOC_IS_3XX; trailing_slash_normalization
https://www.expatcopilot.com/netherlands/moving/tools/document-readiness/from/norway/,sitemap,308,https://www.expatcopilot.com/netherlands/moving/tools/document-readiness/from/norway,https://www.expatcopilot.com/netherlands/moving/tools/document-readiness/from/norway,1,no,yes,https://www.expatcopilot.com/netherlands/moving/tools/document-readiness/from/norway/,yes,P1,SITEMAP_LOC_IS_3XX; trailing_slash_normalization
https://www.expatcopilot.com/netherlands/moving/tools/document-readiness/from/nigeria/,sitemap,308,https://www.expatcopilot.com/netherlands/moving/tools/document-readiness/from/nigeria,https://www.expatcopilot.com/netherlands/moving/tools/document-readiness/from/nigeria,1,no,yes,,yes,P1,SITEMAP_LOC_IS_3XX; trailing_slash_normalization
https://www.expatcopilot.com/netherlands/moving/tools/document-readiness/from/pakistan/,sitemap,308,https://www.expatcopilot.com/netherlands/moving/tools/document-readiness/from/pakistan,https://www.expatcopilot.com/netherlands/moving/tools/document-readiness/from/pakistan,1,no,yes,https://www.expatcopilot.com/netherlands/moving/tools/document-readiness/from/pakistan/,yes,P1,SITEMAP_LOC_IS_3XX; trailing_slash_normalization
https://www.expatcopilot.com/netherlands/moving/tools/document-readiness/from/singapore/,sitemap,308,https://www.expatcopilot.com/netherlands/moving/tools/document-readiness/from/singapore,https://www.expatcopilot.com/netherlands/moving/tools/document-readiness/from/singapore,1,no,yes,https://www.expatcopilot.com/netherlands/moving/tools/document-readiness/from/singapore/,yes,P1,SITEMAP_LOC_IS_3XX; trailing_slash_normalization
https://www.expatcopilot.com/netherlands/moving/tools/document-readiness/from/south-africa/,sitemap,308,https://www.expatcopilot.com/netherlands/moving/tools/document-readiness/from/south-africa,https://www.expatcopilot.com/netherlands/moving/tools/document-readiness/from/south-africa,1,no,yes,https://www.expatcopilot.com/netherlands/moving/tools/document-readiness/from/south-africa/,yes,P1,SITEMAP_LOC_IS_3XX; trailing_slash_normalization
https://www.expatcopilot.com/netherlands/moving/tools/document-readiness/from/south-korea/,sitemap,308,https://www.expatcopilot.com/netherlands/moving/tools/document-readiness/from/south-korea,https://www.expatcopilot.com/netherlands/moving/tools/document-readiness/from/south-korea,1,no,yes,https://www.expatcopilot.com/netherlands/moving/tools/document-readiness/from/south-korea/,yes,P1,SITEMAP_LOC_IS_3XX; trailing_slash_normalization
https://www.expatcopilot.com/netherlands/moving/tools/document-readiness/from/philippines/,sitemap,308,https://www.expatcopilot.com/netherlands/moving/tools/document-readiness/from/philippines,https://www.expatcopilot.com/netherlands/moving/tools/document-readiness/from/philippines,1,no,yes,,yes,P1,SITEMAP_LOC_IS_3XX; trailing_slash_normalization
https://www.expatcopilot.com/netherlands/moving/tools/document-readiness/from/spain/,sitemap,308,https://www.expatcopilot.com/netherlands/moving/tools/document-readiness/from/spain,https://www.expatcopilot.com/netherlands/moving/tools/document-readiness/from/spain,1,no,yes,https://www.expatcopilot.com/netherlands/moving/tools/document-readiness/from/spain/,yes,P1,SITEMAP_LOC_IS_3XX; trailing_slash_normalization
https://www.expatcopilot.com/netherlands/moving/tools/document-readiness/from/switzerland/,sitemap,308,https://www.expatcopilot.com/netherlands/moving/tools/document-readiness/from/switzerland,https://www.expatcopilot.com/netherlands/moving/tools/document-readiness/from/switzerland,1,no,yes,https://www.expatcopilot.com/netherlands/moving/tools/document-readiness/from/switzerland/,yes,P1,SITEMAP_LOC_IS_3XX; trailing_slash_normalization
https://www.expatcopilot.com/netherlands/moving/tools/document-readiness/from/sweden/,sitemap,308,https://www.expatcopilot.com/netherlands/moving/tools/document-readiness/from/sweden,https://www.expatcopilot.com/netherlands/moving/tools/document-readiness/from/sweden,1,no,yes,https://www.expatcopilot.com/netherlands/moving/tools/document-readiness/from/sweden/,yes,P1,SITEMAP_LOC_IS_3XX; trailing_slash_normalization
https://www.expatcopilot.com/netherlands/moving/tools/document-readiness/from/uae/,sitemap,308,https://www.expatcopilot.com/netherlands/moving/tools/document-readiness/from/uae,https://www.expatcopilot.com/netherlands/moving/tools/document-readiness/from/uae,1,no,yes,https://www.expatcopilot.com/netherlands/moving/tools/document-readiness/from/uae/,yes,P1,SITEMAP_LOC_IS_3XX; trailing_slash_normalization
https://www.expatcopilot.com/netherlands/moving/tools/document-readiness/from/turkey/,sitemap,308,https://www.expatcopilot.com/netherlands/moving/tools/document-readiness/from/turkey,https://www.expatcopilot.com/netherlands/moving/tools/document-readiness/from/turkey,1,no,yes,https://www.expatcopilot.com/netherlands/moving/tools/document-readiness/from/turkey/,yes,P1,SITEMAP_LOC_IS_3XX; trailing_slash_normalization
https://www.expatcopilot.com/netherlands/moving/tools/document-readiness/from/united-kingdom/,sitemap,308,https://www.expatcopilot.com/netherlands/moving/tools/document-readiness/from/united-kingdom,https://www.expatcopilot.com/netherlands/moving/tools/document-readiness/from/united-kingdom,1,no,yes,https://www.expatcopilot.com/netherlands/moving/tools/document-readiness/from/united-kingdom/,yes,P1,SITEMAP_LOC_IS_3XX; trailing_slash_normalization
https://www.expatcopilot.com/netherlands/moving/tools/document-readiness/from/united-states/,sitemap,308,https://www.expatcopilot.com/netherlands/moving/tools/document-readiness/from/united-states,https://www.expatcopilot.com/netherlands/moving/tools/document-readiness/from/united-states,1,no,yes,https://www.expatcopilot.com/netherlands/moving/tools/document-readiness/from/united-states/,yes,P1,SITEMAP_LOC_IS_3XX; trailing_slash_normalization
https://www.expatcopilot.com/netherlands/moving/tools/first-90-days/from/argentina/,sitemap,308,https://www.expatcopilot.com/netherlands/moving/tools/first-90-days/from/argentina,https://www.expatcopilot.com/netherlands/moving/tools/first-90-days/from/argentina,1,no,yes,https://www.expatcopilot.com/netherlands/moving/tools/first-90-days/from/argentina/,yes,P1,SITEMAP_LOC_IS_3XX; trailing_slash_normalization
https://www.expatcopilot.com/netherlands/moving/tools/first-90-days/from/brazil/,sitemap,308,https://www.expatcopilot.com/netherlands/moving/tools/first-90-days/from/brazil,https://www.expatcopilot.com/netherlands/moving/tools/first-90-days/from/brazil,1,no,yes,https://www.expatcopilot.com/netherlands/moving/tools/first-90-days/from/brazil/,yes,P1,SITEMAP_LOC_IS_3XX; trailing_slash_normalization
https://www.expatcopilot.com/netherlands/moving/tools/first-90-days/from/australia/,sitemap,308,https://www.expatcopilot.com/netherlands/moving/tools/first-90-days/from/australia,https://www.expatcopilot.com/netherlands/moving/tools/first-90-days/from/australia,1,no,yes,https://www.expatcopilot.com/netherlands/moving/tools/first-90-days/from/australia/,yes,P1,SITEMAP_LOC_IS_3XX; trailing_slash_normalization
https://www.expatcopilot.com/netherlands/moving/tools/first-90-days/,sitemap,308,https://www.expatcopilot.com/netherlands/moving/tools/first-90-days,https://www.expatcopilot.com/netherlands/moving/tools/first-90-days,1,yes,yes,https://www.expatcopilot.com/netherlands/moving/tools/first-90-days/,yes,P1,SITEMAP_LOC_IS_3XX; trailing_slash_normalization
https://www.expatcopilot.com/netherlands/moving/tools/first-90-days/from/canada/,sitemap,308,https://www.expatcopilot.com/netherlands/moving/tools/first-90-days/from/canada,https://www.expatcopilot.com/netherlands/moving/tools/first-90-days/from/canada,1,no,yes,https://www.expatcopilot.com/netherlands/moving/tools/first-90-days/from/canada/,yes,P1,SITEMAP_LOC_IS_3XX; trailing_slash_normalization
https://www.expatcopilot.com/netherlands/moving/tools/first-90-days/from/chile/,sitemap,308,https://www.expatcopilot.com/netherlands/moving/tools/first-90-days/from/chile,https://www.expatcopilot.com/netherlands/moving/tools/first-90-days/from/chile,1,no,yes,https://www.expatcopilot.com/netherlands/moving/tools/first-90-days/from/chile/,yes,P1,SITEMAP_LOC_IS_3XX; trailing_slash_normalization
https://www.expatcopilot.com/netherlands/moving/tools/first-90-days/from/denmark/,sitemap,308,https://www.expatcopilot.com/netherlands/moving/tools/first-90-days/from/denmark,https://www.expatcopilot.com/netherlands/moving/tools/first-90-days/from/denmark,1,no,yes,https://www.expatcopilot.com/netherlands/moving/tools/first-90-days/from/denmark/,yes,P1,SITEMAP_LOC_IS_3XX; trailing_slash_normalization
https://www.expatcopilot.com/netherlands/moving/tools/first-90-days/from/germany/,sitemap,308,https://www.expatcopilot.com/netherlands/moving/tools/first-90-days/from/germany,https://www.expatcopilot.com/netherlands/moving/tools/first-90-days/from/germany,1,no,yes,https://www.expatcopilot.com/netherlands/moving/tools/first-90-days/from/germany/,yes,P1,SITEMAP_LOC_IS_3XX; trailing_slash_normalization
https://www.expatcopilot.com/netherlands/moving/tools/first-90-days/from/france/,sitemap,308,https://www.expatcopilot.com/netherlands/moving/tools/first-90-days/from/france,https://www.expatcopilot.com/netherlands/moving/tools/first-90-days/from/france,1,no,yes,https://www.expatcopilot.com/netherlands/moving/tools/first-90-days/from/france/,yes,P1,SITEMAP_LOC_IS_3XX; trailing_slash_normalization
https://www.expatcopilot.com/netherlands/moving/tools/first-90-days/from/india/,sitemap,308,https://www.expatcopilot.com/netherlands/moving/tools/first-90-days/from/india,https://www.expatcopilot.com/netherlands/moving/tools/first-90-days/from/india,1,no,yes,https://www.expatcopilot.com/netherlands/moving/tools/first-90-days/from/india/,yes,P1,SITEMAP_LOC_IS_3XX; trailing_slash_normalization
https://www.expatcopilot.com/netherlands/moving/tools/first-90-days/from/indonesia/,sitemap,308,https://www.expatcopilot.com/netherlands/moving/tools/first-90-days/from/indonesia,https://www.expatcopilot.com/netherlands/moving/tools/first-90-days/from/indonesia,1,no,yes,https://www.expatcopilot.com/netherlands/moving/tools/first-90-days/from/indonesia/,yes,P1,SITEMAP_LOC_IS_3XX; trailing_slash_normalization
https://www.expatcopilot.com/netherlands/moving/tools/first-90-days/from/ireland/,sitemap,308,https://www.expatcopilot.com/netherlands/moving/tools/first-90-days/from/ireland,https://www.expatcopilot.com/netherlands/moving/tools/first-90-days/from/ireland,1,no,yes,https://www.expatcopilot.com/netherlands/moving/tools/first-90-days/from/ireland/,yes,P1,SITEMAP_LOC_IS_3XX; trailing_slash_normalization
https://www.expatcopilot.com/netherlands/moving/tools/first-90-days/from/italy/,sitemap,308,https://www.expatcopilot.com/netherlands/moving/tools/first-90-days/from/italy,https://www.expatcopilot.com/netherlands/moving/tools/first-90-days/from/italy,1,no,yes,https://www.expatcopilot.com/netherlands/moving/tools/first-90-days/from/italy/,yes,P1,SITEMAP_LOC_IS_3XX; trailing_slash_normalization
https://www.expatcopilot.com/netherlands/moving/tools/first-90-days/from/japan/,sitemap,308,https://www.expatcopilot.com/netherlands/moving/tools/first-90-days/from/japan,https://www.expatcopilot.com/netherlands/moving/tools/first-90-days/from/japan,1,no,yes,https://www.expatcopilot.com/netherlands/moving/tools/first-90-days/from/japan/,yes,P1,SITEMAP_LOC_IS_3XX; trailing_slash_normalization
https://www.expatcopilot.com/netherlands/moving/tools/first-90-days/from/kenya/,sitemap,308,https://www.expatcopilot.com/netherlands/moving/tools/first-90-days/from/kenya,https://www.expatcopilot.com/netherlands/moving/tools/first-90-days/from/kenya,1,no,yes,https://www.expatcopilot.com/netherlands/moving/tools/first-90-days/from/kenya/,yes,P1,SITEMAP_LOC_IS_3XX; trailing_slash_normalization
https://www.expatcopilot.com/netherlands/moving/tools/first-90-days/from/mexico/,sitemap,308,https://www.expatcopilot.com/netherlands/moving/tools/first-90-days/from/mexico,https://www.expatcopilot.com/netherlands/moving/tools/first-90-days/from/mexico,1,no,yes,https://www.expatcopilot.com/netherlands/moving/tools/first-90-days/from/mexico/,yes,P1,SITEMAP_LOC_IS_3XX; trailing_slash_normalization
https://www.expatcopilot.com/netherlands/moving/tools/first-90-days/from/new-zealand/,sitemap,308,https://www.expatcopilot.com/netherlands/moving/tools/first-90-days/from/new-zealand,https://www.expatcopilot.com/netherlands/moving/tools/first-90-days/from/new-zealand,1,no,yes,https://www.expatcopilot.com/netherlands/moving/tools/first-90-days/from/new-zealand/,yes,P1,SITEMAP_LOC_IS_3XX; trailing_slash_normalization
https://www.expatcopilot.com/netherlands/moving/tools/first-90-days/from/norway/,sitemap,308,https://www.expatcopilot.com/netherlands/moving/tools/first-90-days/from/norway,https://www.expatcopilot.com/netherlands/moving/tools/first-90-days/from/norway,1,no,yes,https://www.expatcopilot.com/netherlands/moving/tools/first-90-days/from/norway/,yes,P1,SITEMAP_LOC_IS_3XX; trailing_slash_normalization
https://www.expatcopilot.com/netherlands/moving/tools/first-90-days/from/pakistan/,sitemap,308,https://www.expatcopilot.com/netherlands/moving/tools/first-90-days/from/pakistan,https://www.expatcopilot.com/netherlands/moving/tools/first-90-days/from/pakistan,1,no,yes,https://www.expatcopilot.com/netherlands/moving/tools/first-90-days/from/pakistan/,yes,P1,SITEMAP_LOC_IS_3XX; trailing_slash_normalization
https://www.expatcopilot.com/netherlands/moving/tools/first-90-days/from/nigeria/,sitemap,308,https://www.expatcopilot.com/netherlands/moving/tools/first-90-days/from/nigeria,https://www.expatcopilot.com/netherlands/moving/tools/first-90-days/from/nigeria,1,no,yes,,yes,P1,SITEMAP_LOC_IS_3XX; trailing_slash_normalization
https://www.expatcopilot.com/netherlands/moving/tools/first-90-days/from/singapore/,sitemap,308,https://www.expatcopilot.com/netherlands/moving/tools/first-90-days/from/singapore,https://www.expatcopilot.com/netherlands/moving/tools/first-90-days/from/singapore,1,no,yes,https://www.expatcopilot.com/netherlands/moving/tools/first-90-days/from/singapore/,yes,P1,SITEMAP_LOC_IS_3XX; trailing_slash_normalization
https://www.expatcopilot.com/netherlands/moving/tools/first-90-days/from/philippines/,sitemap,308,https://www.expatcopilot.com/netherlands/moving/tools/first-90-days/from/philippines,https://www.expatcopilot.com/netherlands/moving/tools/first-90-days/from/philippines,1,no,yes,,yes,P1,SITEMAP_LOC_IS_3XX; trailing_slash_normalization
https://www.expatcopilot.com/netherlands/moving/tools/first-90-days/from/south-africa/,sitemap,308,https://www.expatcopilot.com/netherlands/moving/tools/first-90-days/from/south-africa,https://www.expatcopilot.com/netherlands/moving/tools/first-90-days/from/south-africa,1,no,yes,https://www.expatcopilot.com/netherlands/moving/tools/first-90-days/from/south-africa/,yes,P1,SITEMAP_LOC_IS_3XX; trailing_slash_normalization
https://www.expatcopilot.com/netherlands/moving/tools/first-90-days/from/south-korea/,sitemap,308,https://www.expatcopilot.com/netherlands/moving/tools/first-90-days/from/south-korea,https://www.expatcopilot.com/netherlands/moving/tools/first-90-days/from/south-korea,1,no,yes,https://www.expatcopilot.com/netherlands/moving/tools/first-90-days/from/south-korea/,yes,P1,SITEMAP_LOC_IS_3XX; trailing_slash_normalization
https://www.expatcopilot.com/netherlands/moving/tools/first-90-days/from/spain/,sitemap,308,https://www.expatcopilot.com/netherlands/moving/tools/first-90-days/from/spain,https://www.expatcopilot.com/netherlands/moving/tools/first-90-days/from/spain,1,no,yes,https://www.expatcopilot.com/netherlands/moving/tools/first-90-days/from/spain/,yes,P1,SITEMAP_LOC_IS_3XX; trailing_slash_normalization
https://www.expatcopilot.com/netherlands/moving/tools/first-90-days/from/sweden/,sitemap,308,https://www.expatcopilot.com/netherlands/moving/tools/first-90-days/from/sweden,https://www.expatcopilot.com/netherlands/moving/tools/first-90-days/from/sweden,1,no,yes,https://www.expatcopilot.com/netherlands/moving/tools/first-90-days/from/sweden/,yes,P1,SITEMAP_LOC_IS_3XX; trailing_slash_normalization
https://www.expatcopilot.com/netherlands/moving/tools/first-90-days/from/switzerland/,sitemap,308,https://www.expatcopilot.com/netherlands/moving/tools/first-90-days/from/switzerland,https://www.expatcopilot.com/netherlands/moving/tools/first-90-days/from/switzerland,1,no,yes,https://www.expatcopilot.com/netherlands/moving/tools/first-90-days/from/switzerland/,yes,P1,SITEMAP_LOC_IS_3XX; trailing_slash_normalization
https://www.expatcopilot.com/netherlands/moving/tools/first-90-days/from/united-kingdom/,sitemap,308,https://www.expatcopilot.com/netherlands/moving/tools/first-90-days/from/united-kingdom,https://www.expatcopilot.com/netherlands/moving/tools/first-90-days/from/united-kingdom,1,no,yes,https://www.expatcopilot.com/netherlands/moving/tools/first-90-days/from/united-kingdom/,yes,P1,SITEMAP_LOC_IS_3XX; trailing_slash_normalization
https://www.expatcopilot.com/netherlands/moving/tools/first-90-days/from/turkey/,sitemap,308,https://www.expatcopilot.com/netherlands/moving/tools/first-90-days/from/turkey,https://www.expatcopilot.com/netherlands/moving/tools/first-90-days/from/turkey,1,no,yes,https://www.expatcopilot.com/netherlands/moving/tools/first-90-days/from/turkey/,yes,P1,SITEMAP_LOC_IS_3XX; trailing_slash_normalization
https://www.expatcopilot.com/netherlands/moving/tools/first-90-days/from/uae/,sitemap,308,https://www.expatcopilot.com/netherlands/moving/tools/first-90-days/from/uae,https://www.expatcopilot.com/netherlands/moving/tools/first-90-days/from/uae,1,no,yes,https://www.expatcopilot.com/netherlands/moving/tools/first-90-days/from/uae/,yes,P1,SITEMAP_LOC_IS_3XX; trailing_slash_normalization
https://www.expatcopilot.com/netherlands/moving/tools/hsm-salary-checker/,sitemap,308,https://www.expatcopilot.com/netherlands/moving/tools/hsm-salary-checker,https://www.expatcopilot.com/netherlands/moving/tools/hsm-salary-checker,1,yes,yes,https://www.expatcopilot.com/netherlands/moving/tools/hsm-salary-checker/,yes,P1,SITEMAP_LOC_IS_3XX; trailing_slash_normalization
https://www.expatcopilot.com/netherlands/moving/tools/first-90-days/from/united-states/,sitemap,308,https://www.expatcopilot.com/netherlands/moving/tools/first-90-days/from/united-states,https://www.expatcopilot.com/netherlands/moving/tools/first-90-days/from/united-states,1,no,yes,https://www.expatcopilot.com/netherlands/moving/tools/first-90-days/from/united-states/,yes,P1,SITEMAP_LOC_IS_3XX; trailing_slash_normalization
https://www.expatcopilot.com/netherlands/moving/tools/moving-checklist/,sitemap,308,https://www.expatcopilot.com/netherlands/moving/tools/moving-checklist,https://www.expatcopilot.com/netherlands/moving/tools/moving-checklist,1,yes,yes,https://www.expatcopilot.com/netherlands/moving/tools/moving-checklist/,yes,P1,SITEMAP_LOC_IS_3XX; trailing_slash_normalization
https://www.expatcopilot.com/netherlands/moving/tools/moving-checklist/from/australia/,sitemap,308,https://www.expatcopilot.com/netherlands/moving/tools/moving-checklist/from/australia,https://www.expatcopilot.com/netherlands/moving/tools/moving-checklist/from/australia,1,no,yes,https://www.expatcopilot.com/netherlands/moving/tools/moving-checklist/from/australia/,yes,P1,SITEMAP_LOC_IS_3XX; trailing_slash_normalization
https://www.expatcopilot.com/netherlands/moving/tools/moving-checklist/from/argentina/,sitemap,308,https://www.expatcopilot.com/netherlands/moving/tools/moving-checklist/from/argentina,https://www.expatcopilot.com/netherlands/moving/tools/moving-checklist/from/argentina,1,no,yes,https://www.expatcopilot.com/netherlands/moving/tools/moving-checklist/from/argentina/,yes,P1,SITEMAP_LOC_IS_3XX; trailing_slash_normalization
https://www.expatcopilot.com/netherlands/moving/tools/moving-checklist/from/brazil/,sitemap,308,https://www.expatcopilot.com/netherlands/moving/tools/moving-checklist/from/brazil,https://www.expatcopilot.com/netherlands/moving/tools/moving-checklist/from/brazil,1,no,yes,https://www.expatcopilot.com/netherlands/moving/tools/moving-checklist/from/brazil/,yes,P1,SITEMAP_LOC_IS_3XX; trailing_slash_normalization
https://www.expatcopilot.com/netherlands/moving/tools/moving-checklist/from/canada/,sitemap,308,https://www.expatcopilot.com/netherlands/moving/tools/moving-checklist/from/canada,https://www.expatcopilot.com/netherlands/moving/tools/moving-checklist/from/canada,1,no,yes,https://www.expatcopilot.com/netherlands/moving/tools/moving-checklist/from/canada/,yes,P1,SITEMAP_LOC_IS_3XX; trailing_slash_normalization
https://www.expatcopilot.com/netherlands/moving/tools/moving-checklist/from/chile/,sitemap,308,https://www.expatcopilot.com/netherlands/moving/tools/moving-checklist/from/chile,https://www.expatcopilot.com/netherlands/moving/tools/moving-checklist/from/chile,1,no,yes,https://www.expatcopilot.com/netherlands/moving/tools/moving-checklist/from/chile/,yes,P1,SITEMAP_LOC_IS_3XX; trailing_slash_normalization
https://www.expatcopilot.com/netherlands/moving/tools/moving-checklist/from/denmark/,sitemap,308,https://www.expatcopilot.com/netherlands/moving/tools/moving-checklist/from/denmark,https://www.expatcopilot.com/netherlands/moving/tools/moving-checklist/from/denmark,1,no,yes,https://www.expatcopilot.com/netherlands/moving/tools/moving-checklist/from/denmark/,yes,P1,SITEMAP_LOC_IS_3XX; trailing_slash_normalization
https://www.expatcopilot.com/netherlands/moving/tools/moving-checklist/from/germany/,sitemap,308,https://www.expatcopilot.com/netherlands/moving/tools/moving-checklist/from/germany,https://www.expatcopilot.com/netherlands/moving/tools/moving-checklist/from/germany,1,no,yes,https://www.expatcopilot.com/netherlands/moving/tools/moving-checklist/from/germany/,yes,P1,SITEMAP_LOC_IS_3XX; trailing_slash_normalization
https://www.expatcopilot.com/netherlands/moving/tools/moving-checklist/from/france/,sitemap,308,https://www.expatcopilot.com/netherlands/moving/tools/moving-checklist/from/france,https://www.expatcopilot.com/netherlands/moving/tools/moving-checklist/from/france,1,no,yes,https://www.expatcopilot.com/netherlands/moving/tools/moving-checklist/from/france/,yes,P1,SITEMAP_LOC_IS_3XX; trailing_slash_normalization
https://www.expatcopilot.com/netherlands/moving/tools/moving-checklist/from/india/,sitemap,308,https://www.expatcopilot.com/netherlands/moving/tools/moving-checklist/from/india,https://www.expatcopilot.com/netherlands/moving/tools/moving-checklist/from/india,1,no,yes,https://www.expatcopilot.com/netherlands/moving/tools/moving-checklist/from/india/,yes,P1,SITEMAP_LOC_IS_3XX; trailing_slash_normalization
https://www.expatcopilot.com/netherlands/moving/tools/moving-checklist/from/ireland/,sitemap,308,https://www.expatcopilot.com/netherlands/moving/tools/moving-checklist/from/ireland,https://www.expatcopilot.com/netherlands/moving/tools/moving-checklist/from/ireland,1,no,yes,https://www.expatcopilot.com/netherlands/moving/tools/moving-checklist/from/ireland/,yes,P1,SITEMAP_LOC_IS_3XX; trailing_slash_normalization
https://www.expatcopilot.com/netherlands/moving/tools/moving-checklist/from/indonesia/,sitemap,308,https://www.expatcopilot.com/netherlands/moving/tools/moving-checklist/from/indonesia,https://www.expatcopilot.com/netherlands/moving/tools/moving-checklist/from/indonesia,1,no,yes,https://www.expatcopilot.com/netherlands/moving/tools/moving-checklist/from/indonesia/,yes,P1,SITEMAP_LOC_IS_3XX; trailing_slash_normalization
https://www.expatcopilot.com/netherlands/moving/tools/moving-checklist/from/italy/,sitemap,308,https://www.expatcopilot.com/netherlands/moving/tools/moving-checklist/from/italy,https://www.expatcopilot.com/netherlands/moving/tools/moving-checklist/from/italy,1,no,yes,https://www.expatcopilot.com/netherlands/moving/tools/moving-checklist/from/italy/,yes,P1,SITEMAP_LOC_IS_3XX; trailing_slash_normalization
https://www.expatcopilot.com/netherlands/moving/tools/moving-checklist/from/mexico/,sitemap,308,https://www.expatcopilot.com/netherlands/moving/tools/moving-checklist/from/mexico,https://www.expatcopilot.com/netherlands/moving/tools/moving-checklist/from/mexico,1,no,yes,https://www.expatcopilot.com/netherlands/moving/tools/moving-checklist/from/mexico/,yes,P1,SITEMAP_LOC_IS_3XX; trailing_slash_normalization
https://www.expatcopilot.com/netherlands/moving/tools/moving-checklist/from/japan/,sitemap,308,https://www.expatcopilot.com/netherlands/moving/tools/moving-checklist/from/japan,https://www.expatcopilot.com/netherlands/moving/tools/moving-checklist/from/japan,1,no,yes,https://www.expatcopilot.com/netherlands/moving/tools/moving-checklist/from/japan/,yes,P1,SITEMAP_LOC_IS_3XX; trailing_slash_normalization
https://www.expatcopilot.com/netherlands/moving/tools/moving-checklist/from/kenya/,sitemap,308,https://www.expatcopilot.com/netherlands/moving/tools/moving-checklist/from/kenya,https://www.expatcopilot.com/netherlands/moving/tools/moving-checklist/from/kenya,1,no,yes,https://www.expatcopilot.com/netherlands/moving/tools/moving-checklist/from/kenya/,yes,P1,SITEMAP_LOC_IS_3XX; trailing_slash_normalization
https://www.expatcopilot.com/netherlands/moving/tools/moving-checklist/from/new-zealand/,sitemap,308,https://www.expatcopilot.com/netherlands/moving/tools/moving-checklist/from/new-zealand,https://www.expatcopilot.com/netherlands/moving/tools/moving-checklist/from/new-zealand,1,no,yes,https://www.expatcopilot.com/netherlands/moving/tools/moving-checklist/from/new-zealand/,yes,P1,SITEMAP_LOC_IS_3XX; trailing_slash_normalization
https://www.expatcopilot.com/netherlands/moving/tools/moving-checklist/from/norway/,sitemap,308,https://www.expatcopilot.com/netherlands/moving/tools/moving-checklist/from/norway,https://www.expatcopilot.com/netherlands/moving/tools/moving-checklist/from/norway,1,no,yes,https://www.expatcopilot.com/netherlands/moving/tools/moving-checklist/from/norway/,yes,P1,SITEMAP_LOC_IS_3XX; trailing_slash_normalization
https://www.expatcopilot.com/netherlands/moving/tools/moving-checklist/from/pakistan/,sitemap,308,https://www.expatcopilot.com/netherlands/moving/tools/moving-checklist/from/pakistan,https://www.expatcopilot.com/netherlands/moving/tools/moving-checklist/from/pakistan,1,no,yes,https://www.expatcopilot.com/netherlands/moving/tools/moving-checklist/from/pakistan/,yes,P1,SITEMAP_LOC_IS_3XX; trailing_slash_normalization
https://www.expatcopilot.com/netherlands/moving/tools/moving-checklist/from/nigeria/,sitemap,308,https://www.expatcopilot.com/netherlands/moving/tools/moving-checklist/from/nigeria,https://www.expatcopilot.com/netherlands/moving/tools/moving-checklist/from/nigeria,1,no,yes,,yes,P1,SITEMAP_LOC_IS_3XX; trailing_slash_normalization
https://www.expatcopilot.com/netherlands/moving/tools/moving-checklist/from/singapore/,sitemap,308,https://www.expatcopilot.com/netherlands/moving/tools/moving-checklist/from/singapore,https://www.expatcopilot.com/netherlands/moving/tools/moving-checklist/from/singapore,1,no,yes,https://www.expatcopilot.com/netherlands/moving/tools/moving-checklist/from/singapore/,yes,P1,SITEMAP_LOC_IS_3XX; trailing_slash_normalization
https://www.expatcopilot.com/netherlands/moving/tools/moving-checklist/from/south-africa/,sitemap,308,https://www.expatcopilot.com/netherlands/moving/tools/moving-checklist/from/south-africa,https://www.expatcopilot.com/netherlands/moving/tools/moving-checklist/from/south-africa,1,no,yes,https://www.expatcopilot.com/netherlands/moving/tools/moving-checklist/from/south-africa/,yes,P1,SITEMAP_LOC_IS_3XX; trailing_slash_normalization
https://www.expatcopilot.com/netherlands/moving/tools/moving-checklist/from/philippines/,sitemap,308,https://www.expatcopilot.com/netherlands/moving/tools/moving-checklist/from/philippines,https://www.expatcopilot.com/netherlands/moving/tools/moving-checklist/from/philippines,1,no,yes,,yes,P1,SITEMAP_LOC_IS_3XX; trailing_slash_normalization
https://www.expatcopilot.com/netherlands/moving/tools/moving-checklist/from/south-korea/,sitemap,308,https://www.expatcopilot.com/netherlands/moving/tools/moving-checklist/from/south-korea,https://www.expatcopilot.com/netherlands/moving/tools/moving-checklist/from/south-korea,1,no,yes,https://www.expatcopilot.com/netherlands/moving/tools/moving-checklist/from/south-korea/,yes,P1,SITEMAP_LOC_IS_3XX; trailing_slash_normalization
https://www.expatcopilot.com/netherlands/moving/tools/moving-checklist/from/sweden/,sitemap,308,https://www.expatcopilot.com/netherlands/moving/tools/moving-checklist/from/sweden,https://www.expatcopilot.com/netherlands/moving/tools/moving-checklist/from/sweden,1,no,yes,https://www.expatcopilot.com/netherlands/moving/tools/moving-checklist/from/sweden/,yes,P1,SITEMAP_LOC_IS_3XX; trailing_slash_normalization
https://www.expatcopilot.com/netherlands/moving/tools/moving-checklist/from/spain/,sitemap,308,https://www.expatcopilot.com/netherlands/moving/tools/moving-checklist/from/spain,https://www.expatcopilot.com/netherlands/moving/tools/moving-checklist/from/spain,1,no,yes,https://www.expatcopilot.com/netherlands/moving/tools/moving-checklist/from/spain/,yes,P1,SITEMAP_LOC_IS_3XX; trailing_slash_normalization
https://www.expatcopilot.com/netherlands/moving/tools/moving-checklist/from/switzerland/,sitemap,308,https://www.expatcopilot.com/netherlands/moving/tools/moving-checklist/from/switzerland,https://www.expatcopilot.com/netherlands/moving/tools/moving-checklist/from/switzerland,1,no,yes,https://www.expatcopilot.com/netherlands/moving/tools/moving-checklist/from/switzerland/,yes,P1,SITEMAP_LOC_IS_3XX; trailing_slash_normalization
https://www.expatcopilot.com/netherlands/moving/tools/moving-checklist/from/turkey/,sitemap,308,https://www.expatcopilot.com/netherlands/moving/tools/moving-checklist/from/turkey,https://www.expatcopilot.com/netherlands/moving/tools/moving-checklist/from/turkey,1,no,yes,https://www.expatcopilot.com/netherlands/moving/tools/moving-checklist/from/turkey/,yes,P1,SITEMAP_LOC_IS_3XX; trailing_slash_normalization
https://www.expatcopilot.com/netherlands/moving/tools/moving-checklist/from/uae/,sitemap,308,https://www.expatcopilot.com/netherlands/moving/tools/moving-checklist/from/uae,https://www.expatcopilot.com/netherlands/moving/tools/moving-checklist/from/uae,1,no,yes,https://www.expatcopilot.com/netherlands/moving/tools/moving-checklist/from/uae/,yes,P1,SITEMAP_LOC_IS_3XX; trailing_slash_normalization
https://www.expatcopilot.com/netherlands/moving/tools/moving-checklist/from/united-kingdom/,sitemap,308,https://www.expatcopilot.com/netherlands/moving/tools/moving-checklist/from/united-kingdom,https://www.expatcopilot.com/netherlands/moving/tools/moving-checklist/from/united-kingdom,1,no,yes,https://www.expatcopilot.com/netherlands/moving/tools/moving-checklist/from/united-kingdom/,yes,P1,SITEMAP_LOC_IS_3XX; trailing_slash_normalization
https://www.expatcopilot.com/netherlands/moving/tools/moving-checklist/from/united-states/,sitemap,308,https://www.expatcopilot.com/netherlands/moving/tools/moving-checklist/from/united-states,https://www.expatcopilot.com/netherlands/moving/tools/moving-checklist/from/united-states,1,no,yes,https://www.expatcopilot.com/netherlands/moving/tools/moving-checklist/from/united-states/,yes,P1,SITEMAP_LOC_IS_3XX; trailing_slash_normalization
https://www.expatcopilot.com/netherlands/moving/tools/relocation-cost-estimator/,sitemap,308,https://www.expatcopilot.com/netherlands/moving/tools/relocation-cost-estimator,https://www.expatcopilot.com/netherlands/moving/tools/relocation-cost-estimator,1,yes,yes,https://www.expatcopilot.com/netherlands/moving/tools/relocation-cost-estimator/,yes,P1,SITEMAP_LOC_IS_3XX; trailing_slash_normalization
https://www.expatcopilot.com/netherlands/moving/visas-residency/,sitemap,308,https://www.expatcopilot.com/netherlands/moving/visas-residency,https://www.expatcopilot.com/netherlands/moving/visas-residency,1,yes,yes,https://www.expatcopilot.com/netherlands/moving/visas-residency/,yes,P1,SITEMAP_LOC_IS_3XX; trailing_slash_normalization
https://www.expatcopilot.com/netherlands/moving/twv-work-permit/,sitemap,308,https://www.expatcopilot.com/netherlands/moving/twv-work-permit,https://www.expatcopilot.com/netherlands/moving/twv-work-permit,1,yes,yes,https://www.expatcopilot.com/netherlands/moving/twv-work-permit/,yes,P1,SITEMAP_LOC_IS_3XX; trailing_slash_normalization
https://www.expatcopilot.com/netherlands/moving/working-in-the-netherlands/,sitemap,308,https://www.expatcopilot.com/netherlands/moving/working-in-the-netherlands,https://www.expatcopilot.com/netherlands/moving/working-in-the-netherlands,1,yes,yes,https://www.expatcopilot.com/netherlands/moving/working-in-the-netherlands/,yes,P1,SITEMAP_LOC_IS_3XX; trailing_slash_normalization
https://www.expatcopilot.com/netherlands/official-figures/,sitemap,308,https://www.expatcopilot.com/netherlands/official-figures,https://www.expatcopilot.com/netherlands/official-figures,1,yes,yes,https://www.expatcopilot.com/netherlands/official-figures/,yes,P1,SITEMAP_LOC_IS_3XX; trailing_slash_normalization
https://www.expatcopilot.com/netherlands/open-bank-account-netherlands/,sitemap,308,https://www.expatcopilot.com/netherlands/open-bank-account-netherlands,https://www.expatcopilot.com/netherlands/open-bank-account-netherlands,1,yes,yes,https://www.expatcopilot.com/netherlands/open-bank-account-netherlands/,yes,P1,SITEMAP_LOC_IS_3XX; trailing_slash_normalization
https://www.expatcopilot.com/netherlands/practical-life/digid-netherlands/,sitemap,308,https://www.expatcopilot.com/netherlands/practical-life/digid-netherlands,https://www.expatcopilot.com/netherlands/practical-life/digid-netherlands,1,yes,yes,https://www.expatcopilot.com/netherlands/practical-life/digid-netherlands/,yes,P1,SITEMAP_LOC_IS_3XX; trailing_slash_normalization
https://www.expatcopilot.com/netherlands/municipality-registration-netherlands/,sitemap,308,https://www.expatcopilot.com/netherlands/municipality-registration-netherlands,https://www.expatcopilot.com/netherlands/municipality-registration-netherlands,1,yes,yes,https://www.expatcopilot.com/netherlands/municipality-registration-netherlands/,yes,P1,SITEMAP_LOC_IS_3XX; trailing_slash_normalization
https://www.expatcopilot.com/netherlands/nijmegen/,sitemap,308,https://www.expatcopilot.com/netherlands/nijmegen,https://www.expatcopilot.com/netherlands/nijmegen,1,yes,yes,https://www.expatcopilot.com/netherlands/nijmegen/,yes,P1,SITEMAP_LOC_IS_3XX; trailing_slash_normalization
https://www.expatcopilot.com/netherlands/practical-life/government-portals-netherlands/,sitemap,308,https://www.expatcopilot.com/netherlands/practical-life/government-portals-netherlands,https://www.expatcopilot.com/netherlands/practical-life/government-portals-netherlands,1,yes,yes,https://www.expatcopilot.com/netherlands/practical-life/government-portals-netherlands/,yes,P1,SITEMAP_LOC_IS_3XX; trailing_slash_normalization
https://www.expatcopilot.com/netherlands/practical-life/municipality-services-netherlands/,sitemap,308,https://www.expatcopilot.com/netherlands/practical-life/municipality-services-netherlands,https://www.expatcopilot.com/netherlands/practical-life/municipality-services-netherlands,1,yes,yes,https://www.expatcopilot.com/netherlands/practical-life/municipality-services-netherlands/,yes,P1,SITEMAP_LOC_IS_3XX; trailing_slash_normalization
https://www.expatcopilot.com/netherlands/practical-life/privacy-and-safety-basics-netherlands/,sitemap,308,https://www.expatcopilot.com/netherlands/practical-life/privacy-and-safety-basics-netherlands,https://www.expatcopilot.com/netherlands/practical-life/privacy-and-safety-basics-netherlands,1,yes,yes,https://www.expatcopilot.com/netherlands/practical-life/privacy-and-safety-basics-netherlands/,yes,P1,SITEMAP_LOC_IS_3XX; trailing_slash_normalization
https://www.expatcopilot.com/netherlands/practical-life/parking-and-local-permits-netherlands/,sitemap,308,https://www.expatcopilot.com/netherlands/practical-life/parking-and-local-permits-netherlands,https://www.expatcopilot.com/netherlands/practical-life/parking-and-local-permits-netherlands,1,yes,yes,https://www.expatcopilot.com/netherlands/practical-life/parking-and-local-permits-netherlands/,yes,P1,SITEMAP_LOC_IS_3XX; trailing_slash_normalization
https://www.expatcopilot.com/netherlands/practical-life/registering-your-address-netherlands/,sitemap,308,https://www.expatcopilot.com/netherlands/practical-life/registering-your-address-netherlands,https://www.expatcopilot.com/netherlands/practical-life/registering-your-address-netherlands,1,yes,yes,https://www.expatcopilot.com/netherlands/practical-life/registering-your-address-netherlands/,yes,P1,SITEMAP_LOC_IS_3XX; trailing_slash_normalization
https://www.expatcopilot.com/netherlands/practical-life/subscriptions-and-cancellations-netherlands/,sitemap,308,https://www.expatcopilot.com/netherlands/practical-life/subscriptions-and-cancellations-netherlands,https://www.expatcopilot.com/netherlands/practical-life/subscriptions-and-cancellations-netherlands,1,yes,yes,https://www.expatcopilot.com/netherlands/practical-life/subscriptions-and-cancellations-netherlands/,yes,P1,SITEMAP_LOC_IS_3XX; trailing_slash_normalization
https://www.expatcopilot.com/netherlands/randstad/,sitemap,308,https://www.expatcopilot.com/netherlands/randstad,https://www.expatcopilot.com/netherlands/randstad,1,yes,yes,https://www.expatcopilot.com/netherlands/randstad/,yes,P1,SITEMAP_LOC_IS_3XX; trailing_slash_normalization
https://www.expatcopilot.com/netherlands/practical-life/waste-and-recycling-netherlands/,sitemap,308,https://www.expatcopilot.com/netherlands/practical-life/waste-and-recycling-netherlands,https://www.expatcopilot.com/netherlands/practical-life/waste-and-recycling-netherlands,1,yes,yes,https://www.expatcopilot.com/netherlands/practical-life/waste-and-recycling-netherlands/,yes,P1,SITEMAP_LOC_IS_3XX; trailing_slash_normalization
https://www.expatcopilot.com/netherlands/services/financial-advisors/,sitemap,308,https://www.expatcopilot.com/netherlands/services/financial-advisors,https://www.expatcopilot.com/netherlands/services/financial-advisors,1,yes,yes,https://www.expatcopilot.com/netherlands/services/financial-advisors/,yes,P1,SITEMAP_LOC_IS_3XX; trailing_slash_normalization
https://www.expatcopilot.com/netherlands/services/,sitemap,308,https://www.expatcopilot.com/netherlands/services,https://www.expatcopilot.com/netherlands/services,1,yes,yes,https://www.expatcopilot.com/netherlands/services/,yes,P1,SITEMAP_LOC_IS_3XX; trailing_slash_normalization
https://www.expatcopilot.com/netherlands/services/banks/,sitemap,308,https://www.expatcopilot.com/netherlands/services/banks,https://www.expatcopilot.com/netherlands/services/banks,1,yes,yes,https://www.expatcopilot.com/netherlands/services/banks/,yes,P1,SITEMAP_LOC_IS_3XX; trailing_slash_normalization
https://www.expatcopilot.com/netherlands/rotterdam/,sitemap,308,https://www.expatcopilot.com/netherlands/rotterdam,https://www.expatcopilot.com/netherlands/rotterdam,1,yes,yes,https://www.expatcopilot.com/netherlands/rotterdam/,yes,P1,SITEMAP_LOC_IS_3XX; trailing_slash_normalization
https://www.expatcopilot.com/netherlands/services/health-insurance/,sitemap,308,https://www.expatcopilot.com/netherlands/services/health-insurance,https://www.expatcopilot.com/netherlands/services/health-insurance,1,yes,yes,https://www.expatcopilot.com/netherlands/services/health-insurance/,yes,P1,SITEMAP_LOC_IS_3XX; trailing_slash_normalization
https://www.expatcopilot.com/netherlands/services/immigration-lawyers/,sitemap,308,https://www.expatcopilot.com/netherlands/services/immigration-lawyers,https://www.expatcopilot.com/netherlands/services/immigration-lawyers,1,yes,yes,https://www.expatcopilot.com/netherlands/services/immigration-lawyers/,yes,P1,SITEMAP_LOC_IS_3XX; trailing_slash_normalization
https://www.expatcopilot.com/netherlands/services/housing-platforms/,sitemap,308,https://www.expatcopilot.com/netherlands/services/housing-platforms,https://www.expatcopilot.com/netherlands/services/housing-platforms,1,yes,yes,https://www.expatcopilot.com/netherlands/services/housing-platforms/,yes,P1,SITEMAP_LOC_IS_3XX; trailing_slash_normalization
https://www.expatcopilot.com/netherlands/services/highly-skilled-migrant-sponsors/,sitemap,308,https://www.expatcopilot.com/netherlands/services/highly-skilled-migrant-sponsors,https://www.expatcopilot.com/netherlands/services/highly-skilled-migrant-sponsors,1,yes,yes,https://www.expatcopilot.com/netherlands/services/highly-skilled-migrant-sponsors/,yes,P1,SITEMAP_LOC_IS_3XX; trailing_slash_normalization
https://www.expatcopilot.com/netherlands/services/insurance-providers/,sitemap,308,https://www.expatcopilot.com/netherlands/services/insurance-providers,https://www.expatcopilot.com/netherlands/services/insurance-providers,1,yes,yes,https://www.expatcopilot.com/netherlands/services/insurance-providers/,yes,P1,SITEMAP_LOC_IS_3XX; trailing_slash_normalization
https://www.expatcopilot.com/netherlands/services/mortgage-advisors/,sitemap,308,https://www.expatcopilot.com/netherlands/services/mortgage-advisors,https://www.expatcopilot.com/netherlands/services/mortgage-advisors,1,yes,yes,https://www.expatcopilot.com/netherlands/services/mortgage-advisors/,yes,P1,SITEMAP_LOC_IS_3XX; trailing_slash_normalization
https://www.expatcopilot.com/netherlands/services/mobile-connectivity/,sitemap,308,https://www.expatcopilot.com/netherlands/services/mobile-connectivity,https://www.expatcopilot.com/netherlands/services/mobile-connectivity,1,yes,yes,https://www.expatcopilot.com/netherlands/services/mobile-connectivity/,yes,P1,SITEMAP_LOC_IS_3XX; trailing_slash_normalization
https://www.expatcopilot.com/netherlands/services/tax-advisors/,sitemap,308,https://www.expatcopilot.com/netherlands/services/tax-advisors,https://www.expatcopilot.com/netherlands/services/tax-advisors,1,yes,yes,https://www.expatcopilot.com/netherlands/services/tax-advisors/,yes,P1,SITEMAP_LOC_IS_3XX; trailing_slash_normalization
https://www.expatcopilot.com/netherlands/services/relocation-services/,sitemap,308,https://www.expatcopilot.com/netherlands/services/relocation-services,https://www.expatcopilot.com/netherlands/services/relocation-services,1,yes,yes,https://www.expatcopilot.com/netherlands/services/relocation-services/,yes,P1,SITEMAP_LOC_IS_3XX; trailing_slash_normalization
https://www.expatcopilot.com/netherlands/services/relocation-agencies/,sitemap,308,https://www.expatcopilot.com/netherlands/services/relocation-agencies,https://www.expatcopilot.com/netherlands/services/relocation-agencies,1,yes,yes,https://www.expatcopilot.com/netherlands/services/relocation-agencies/,yes,P1,SITEMAP_LOC_IS_3XX; trailing_slash_normalization
https://www.expatcopilot.com/netherlands/services/rental-agencies/,sitemap,308,https://www.expatcopilot.com/netherlands/services/rental-agencies,https://www.expatcopilot.com/netherlands/services/rental-agencies,1,yes,yes,https://www.expatcopilot.com/netherlands/services/rental-agencies/,yes,P1,SITEMAP_LOC_IS_3XX; trailing_slash_normalization
https://www.expatcopilot.com/netherlands/services/startup-visa-advisors/,sitemap,308,https://www.expatcopilot.com/netherlands/services/startup-visa-advisors,https://www.expatcopilot.com/netherlands/services/startup-visa-advisors,1,yes,yes,https://www.expatcopilot.com/netherlands/services/startup-visa-advisors/,yes,P1,SITEMAP_LOC_IS_3XX; trailing_slash_normalization
https://www.expatcopilot.com/netherlands/services/visa-consultants/,sitemap,308,https://www.expatcopilot.com/netherlands/services/visa-consultants,https://www.expatcopilot.com/netherlands/services/visa-consultants,1,yes,yes,https://www.expatcopilot.com/netherlands/services/visa-consultants/,yes,P1,SITEMAP_LOC_IS_3XX; trailing_slash_normalization
https://www.expatcopilot.com/netherlands/taxes/,sitemap,308,https://www.expatcopilot.com/netherlands/taxes,https://www.expatcopilot.com/netherlands/taxes,1,yes,yes,https://www.expatcopilot.com/netherlands/taxes/,yes,P1,SITEMAP_LOC_IS_3XX; trailing_slash_normalization
https://www.expatcopilot.com/netherlands/shipping-household-goods-netherlands/,sitemap,308,https://www.expatcopilot.com/netherlands/shipping-household-goods-netherlands,https://www.expatcopilot.com/netherlands/shipping-household-goods-netherlands,1,yes,yes,https://www.expatcopilot.com/netherlands/shipping-household-goods-netherlands/,yes,P1,SITEMAP_LOC_IS_3XX; trailing_slash_normalization
https://www.expatcopilot.com/netherlands/taxes/bonus-tax-netherlands/,sitemap,308,https://www.expatcopilot.com/netherlands/taxes/bonus-tax-netherlands,https://www.expatcopilot.com/netherlands/taxes/bonus-tax-netherlands,1,yes,yes,https://www.expatcopilot.com/netherlands/taxes/bonus-tax-netherlands/,yes,P1,SITEMAP_LOC_IS_3XX; trailing_slash_normalization
https://www.expatcopilot.com/netherlands/taxes/average-salary-netherlands/,sitemap,308,https://www.expatcopilot.com/netherlands/taxes/average-salary-netherlands,https://www.expatcopilot.com/netherlands/taxes/average-salary-netherlands,1,yes,yes,https://www.expatcopilot.com/netherlands/taxes/average-salary-netherlands/,yes,P1,SITEMAP_LOC_IS_3XX; trailing_slash_normalization
https://www.expatcopilot.com/netherlands/taxes/30-percent-ruling/,sitemap,308,https://www.expatcopilot.com/netherlands/taxes/30-percent-ruling,https://www.expatcopilot.com/netherlands/taxes/30-percent-ruling,1,yes,yes,https://www.expatcopilot.com/netherlands/taxes/30-percent-ruling/,yes,P1,SITEMAP_LOC_IS_3XX; trailing_slash_normalization
https://www.expatcopilot.com/netherlands/taxes/childcare-allowance-netherlands/,sitemap,308,https://www.expatcopilot.com/netherlands/taxes/childcare-allowance-netherlands,https://www.expatcopilot.com/netherlands/taxes/childcare-allowance-netherlands,1,yes,yes,https://www.expatcopilot.com/netherlands/taxes/childcare-allowance-netherlands/,yes,P1,SITEMAP_LOC_IS_3XX; trailing_slash_normalization
https://www.expatcopilot.com/netherlands/taxes/foreign-income-netherlands/,sitemap,308,https://www.expatcopilot.com/netherlands/taxes/foreign-income-netherlands,https://www.expatcopilot.com/netherlands/taxes/foreign-income-netherlands,1,yes,yes,https://www.expatcopilot.com/netherlands/taxes/foreign-income-netherlands/,yes,P1,SITEMAP_LOC_IS_3XX; trailing_slash_normalization
https://www.expatcopilot.com/netherlands/taxes/double-taxation-netherlands/,sitemap,308,https://www.expatcopilot.com/netherlands/taxes/double-taxation-netherlands,https://www.expatcopilot.com/netherlands/taxes/double-taxation-netherlands,1,yes,yes,https://www.expatcopilot.com/netherlands/taxes/double-taxation-netherlands/,yes,P1,SITEMAP_LOC_IS_3XX; trailing_slash_normalization
https://www.expatcopilot.com/netherlands/taxes/leaving-netherlands-tax/,sitemap,308,https://www.expatcopilot.com/netherlands/taxes/leaving-netherlands-tax,https://www.expatcopilot.com/netherlands/taxes/leaving-netherlands-tax,1,yes,yes,https://www.expatcopilot.com/netherlands/taxes/leaving-netherlands-tax/,yes,P1,SITEMAP_LOC_IS_3XX; trailing_slash_normalization
https://www.expatcopilot.com/netherlands/taxes/gross-vs-net-salary/,sitemap,308,https://www.expatcopilot.com/netherlands/taxes/gross-vs-net-salary,https://www.expatcopilot.com/netherlands/taxes/gross-vs-net-salary,1,yes,yes,https://www.expatcopilot.com/netherlands/taxes/gross-vs-net-salary/,yes,P1,SITEMAP_LOC_IS_3XX; trailing_slash_normalization
https://www.expatcopilot.com/netherlands/taxes/healthcare-allowance-netherlands/,sitemap,308,https://www.expatcopilot.com/netherlands/taxes/healthcare-allowance-netherlands,https://www.expatcopilot.com/netherlands/taxes/healthcare-allowance-netherlands,1,yes,yes,https://www.expatcopilot.com/netherlands/taxes/healthcare-allowance-netherlands/,yes,P1,SITEMAP_LOC_IS_3XX; trailing_slash_normalization
https://www.expatcopilot.com/netherlands/taxes/net-salary-netherlands/,sitemap,308,https://www.expatcopilot.com/netherlands/taxes/net-salary-netherlands,https://www.expatcopilot.com/netherlands/taxes/net-salary-netherlands,1,yes,yes,https://www.expatcopilot.com/netherlands/taxes/net-salary-netherlands/,yes,P1,SITEMAP_LOC_IS_3XX; trailing_slash_normalization
https://www.expatcopilot.com/netherlands/taxes/payroll-tax-netherlands/,sitemap,308,https://www.expatcopilot.com/netherlands/taxes/payroll-tax-netherlands,https://www.expatcopilot.com/netherlands/taxes/payroll-tax-netherlands,1,yes,yes,https://www.expatcopilot.com/netherlands/taxes/payroll-tax-netherlands/,yes,P1,SITEMAP_LOC_IS_3XX; trailing_slash_normalization
https://www.expatcopilot.com/netherlands/taxes/property-tax-netherlands/,sitemap,308,https://www.expatcopilot.com/netherlands/taxes/property-tax-netherlands,https://www.expatcopilot.com/netherlands/taxes/property-tax-netherlands,1,yes,yes,https://www.expatcopilot.com/netherlands/taxes/property-tax-netherlands/,yes,P1,SITEMAP_LOC_IS_3XX; trailing_slash_normalization
https://www.expatcopilot.com/netherlands/taxes/taxes-after-moving-netherlands/,sitemap,308,https://www.expatcopilot.com/netherlands/taxes/taxes-after-moving-netherlands,https://www.expatcopilot.com/netherlands/taxes/taxes-after-moving-netherlands,1,yes,yes,https://www.expatcopilot.com/netherlands/taxes/taxes-after-moving-netherlands/,yes,P1,SITEMAP_LOC_IS_3XX; trailing_slash_normalization
https://www.expatcopilot.com/netherlands/taxes/rent-allowance-netherlands/,sitemap,308,https://www.expatcopilot.com/netherlands/taxes/rent-allowance-netherlands,https://www.expatcopilot.com/netherlands/taxes/rent-allowance-netherlands,1,yes,yes,https://www.expatcopilot.com/netherlands/taxes/rent-allowance-netherlands/,yes,P1,SITEMAP_LOC_IS_3XX; trailing_slash_normalization
https://www.expatcopilot.com/netherlands/taxes/tools/,sitemap,308,https://www.expatcopilot.com/netherlands/taxes/tools,https://www.expatcopilot.com/netherlands/taxes/tools,1,yes,yes,https://www.expatcopilot.com/netherlands/taxes/tools/,yes,P1,SITEMAP_LOC_IS_3XX; trailing_slash_normalization
https://www.expatcopilot.com/netherlands/taxes/tools/30-ruling-calculator/,sitemap,308,https://www.expatcopilot.com/netherlands/taxes/tools/30-ruling-calculator,https://www.expatcopilot.com/netherlands/taxes/tools/30-ruling-calculator,1,yes,yes,https://www.expatcopilot.com/netherlands/taxes/tools/30-ruling-calculator/,yes,P1,SITEMAP_LOC_IS_3XX; trailing_slash_normalization
https://www.expatcopilot.com/netherlands/taxes/tools/dutch-salary-net-calculator/,sitemap,308,https://www.expatcopilot.com/netherlands/taxes/tools/dutch-salary-net-calculator,https://www.expatcopilot.com/netherlands/taxes/tools/dutch-salary-net-calculator,1,yes,yes,https://www.expatcopilot.com/netherlands/taxes/tools/dutch-salary-net-calculator/,yes,P1,SITEMAP_LOC_IS_3XX; trailing_slash_normalization
https://www.expatcopilot.com/netherlands/taxes/tools/double-tax-awareness-tool/,sitemap,308,https://www.expatcopilot.com/netherlands/taxes/tools/double-tax-awareness-tool,https://www.expatcopilot.com/netherlands/taxes/tools/double-tax-awareness-tool,1,yes,yes,https://www.expatcopilot.com/netherlands/taxes/tools/double-tax-awareness-tool/,yes,P1,SITEMAP_LOC_IS_3XX; trailing_slash_normalization
https://www.expatcopilot.com/netherlands/taxes/tools/healthcare-allowance-estimator/,sitemap,308,https://www.expatcopilot.com/netherlands/taxes/tools/healthcare-allowance-estimator,https://www.expatcopilot.com/netherlands/taxes/tools/healthcare-allowance-estimator,1,yes,yes,https://www.expatcopilot.com/netherlands/taxes/tools/healthcare-allowance-estimator/,yes,P1,SITEMAP_LOC_IS_3XX; trailing_slash_normalization
https://www.expatcopilot.com/netherlands/tilburg/,sitemap,308,https://www.expatcopilot.com/netherlands/tilburg,https://www.expatcopilot.com/netherlands/tilburg,1,yes,yes,https://www.expatcopilot.com/netherlands/tilburg/,yes,P1,SITEMAP_LOC_IS_3XX; trailing_slash_normalization
https://www.expatcopilot.com/netherlands/the-hague/,sitemap,308,https://www.expatcopilot.com/netherlands/the-hague,https://www.expatcopilot.com/netherlands/the-hague,1,yes,yes,https://www.expatcopilot.com/netherlands/the-hague/,yes,P1,SITEMAP_LOC_IS_3XX; trailing_slash_normalization
https://www.expatcopilot.com/netherlands/tools/,sitemap,308,https://www.expatcopilot.com/netherlands/tools,https://www.expatcopilot.com/netherlands/tools,1,yes,yes,https://www.expatcopilot.com/netherlands/tools/,yes,P1,SITEMAP_LOC_IS_3XX; trailing_slash_normalization
https://www.expatcopilot.com/netherlands/tools/advanced/,sitemap,308,https://www.expatcopilot.com/netherlands/tools/advanced,https://www.expatcopilot.com/netherlands/tools/advanced,1,yes,yes,https://www.expatcopilot.com/netherlands/tools/advanced/,yes,P1,SITEMAP_LOC_IS_3XX; trailing_slash_normalization
https://www.expatcopilot.com/netherlands/tools/bank-comparison/,sitemap,308,https://www.expatcopilot.com/netherlands/tools/bank-comparison,https://www.expatcopilot.com/netherlands/tools/bank-comparison,1,yes,yes,https://www.expatcopilot.com/netherlands/tools/bank-comparison/,yes,P1,SITEMAP_LOC_IS_3XX; trailing_slash_normalization
https://www.expatcopilot.com/netherlands/tools/banking-cost-estimator/,sitemap,308,https://www.expatcopilot.com/netherlands/tools/banking-cost-estimator,https://www.expatcopilot.com/netherlands/tools/banking-cost-estimator,1,yes,yes,https://www.expatcopilot.com/netherlands/tools/banking-cost-estimator/,yes,P1,SITEMAP_LOC_IS_3XX; trailing_slash_normalization
https://www.expatcopilot.com/netherlands/tools/transfer-cost-calculator/,sitemap,308,https://www.expatcopilot.com/netherlands/tools/transfer-cost-calculator,https://www.expatcopilot.com/netherlands/tools/transfer-cost-calculator,1,yes,yes,https://www.expatcopilot.com/netherlands/tools/transfer-cost-calculator/,yes,P1,SITEMAP_LOC_IS_3XX; trailing_slash_normalization
https://www.expatcopilot.com/netherlands/utilities/,sitemap,308,https://www.expatcopilot.com/netherlands/utilities,https://www.expatcopilot.com/netherlands/utilities,1,yes,yes,https://www.expatcopilot.com/netherlands/utilities/,yes,P1,SITEMAP_LOC_IS_3XX; trailing_slash_normalization
https://www.expatcopilot.com/netherlands/tools/city-comparison/,sitemap,308,https://www.expatcopilot.com/netherlands/tools/city-comparison,https://www.expatcopilot.com/netherlands/tools/city-comparison,1,yes,yes,https://www.expatcopilot.com/netherlands/tools/city-comparison/,yes,P1,SITEMAP_LOC_IS_3XX; trailing_slash_normalization
https://www.expatcopilot.com/netherlands/transport/tools/,sitemap,308,https://www.expatcopilot.com/netherlands/transport/tools,https://www.expatcopilot.com/netherlands/transport/tools,1,yes,yes,https://www.expatcopilot.com/netherlands/transport/tools/,yes,P1,SITEMAP_LOC_IS_3XX; trailing_slash_normalization
https://www.expatcopilot.com/netherlands/utilities/energy-and-water-netherlands/,sitemap,308,https://www.expatcopilot.com/netherlands/utilities/energy-and-water-netherlands,https://www.expatcopilot.com/netherlands/utilities/energy-and-water-netherlands,1,yes,yes,https://www.expatcopilot.com/netherlands/utilities/energy-and-water-netherlands/,yes,P1,SITEMAP_LOC_IS_3XX; trailing_slash_normalization
https://www.expatcopilot.com/netherlands/utilities/internet-and-mobile-netherlands/,sitemap,308,https://www.expatcopilot.com/netherlands/utilities/internet-and-mobile-netherlands,https://www.expatcopilot.com/netherlands/utilities/internet-and-mobile-netherlands,1,yes,yes,https://www.expatcopilot.com/netherlands/utilities/internet-and-mobile-netherlands/,yes,P1,SITEMAP_LOC_IS_3XX; trailing_slash_normalization
https://www.expatcopilot.com/netherlands/utilities/utilities-netherlands/,sitemap,308,https://www.expatcopilot.com/netherlands/utilities/utilities-netherlands,https://www.expatcopilot.com/netherlands/utilities/utilities-netherlands,1,yes,yes,https://www.expatcopilot.com/netherlands/utilities/utilities-netherlands/,yes,P1,SITEMAP_LOC_IS_3XX; trailing_slash_normalization
https://www.expatcopilot.com/netherlands/visa-application-plan/,sitemap,308,https://www.expatcopilot.com/netherlands/visa-application-plan,https://www.expatcopilot.com/netherlands/visa-application-plan,1,yes,yes,https://www.expatcopilot.com/netherlands/visa-application-plan/,yes,P1,SITEMAP_LOC_IS_3XX; trailing_slash_normalization
https://www.expatcopilot.com/netherlands/utrecht/,sitemap,308,https://www.expatcopilot.com/netherlands/utrecht,https://www.expatcopilot.com/netherlands/utrecht,1,yes,yes,https://www.expatcopilot.com/netherlands/utrecht/,yes,P1,SITEMAP_LOC_IS_3XX; trailing_slash_normalization
https://www.expatcopilot.com/netherlands/visa-checker/,sitemap,308,https://www.expatcopilot.com/netherlands/visa-checker,https://www.expatcopilot.com/netherlands/visa-checker,1,yes,yes,https://www.expatcopilot.com/netherlands/visa-checker/,yes,P1,SITEMAP_LOC_IS_3XX; trailing_slash_normalization
https://www.expatcopilot.com/netherlands/visa-timeline-estimator/,sitemap,308,https://www.expatcopilot.com/netherlands/visa-timeline-estimator,https://www.expatcopilot.com/netherlands/visa-timeline-estimator,1,yes,yes,https://www.expatcopilot.com/netherlands/visa-timeline-estimator/,yes,P1,SITEMAP_LOC_IS_3XX; trailing_slash_normalization
https://www.expatcopilot.com/netherlands/visa-cost-calculator/,sitemap,308,https://www.expatcopilot.com/netherlands/visa-cost-calculator,https://www.expatcopilot.com/netherlands/visa-cost-calculator,1,yes,yes,https://www.expatcopilot.com/netherlands/visa-cost-calculator/,yes,P1,SITEMAP_LOC_IS_3XX; trailing_slash_normalization
https://www.expatcopilot.com/netherlands/visa/compare-visas/,sitemap,308,https://www.expatcopilot.com/netherlands/visa/compare-visas,https://www.expatcopilot.com/netherlands/visa/compare-visas,1,yes,yes,https://www.expatcopilot.com/netherlands/visa/compare-visas/,yes,P1,SITEMAP_LOC_IS_3XX; trailing_slash_normalization
https://www.expatcopilot.com/netherlands/visa/dutch-american-friendship-treaty/,sitemap,308,https://www.expatcopilot.com/netherlands/visa/dutch-american-friendship-treaty,https://www.expatcopilot.com/netherlands/visa/dutch-american-friendship-treaty,1,yes,yes,https://www.expatcopilot.com/netherlands/visa/dutch-american-friendship-treaty/,yes,P1,SITEMAP_LOC_IS_3XX; trailing_slash_normalization
https://www.expatcopilot.com/netherlands/visa/eu-blue-card/,sitemap,308,https://www.expatcopilot.com/netherlands/visa/eu-blue-card,https://www.expatcopilot.com/netherlands/visa/eu-blue-card,1,yes,yes,https://www.expatcopilot.com/netherlands/visa/eu-blue-card/,yes,P1,SITEMAP_LOC_IS_3XX; trailing_slash_normalization
https://www.expatcopilot.com/netherlands/visa/partner-family-visa/,sitemap,308,https://www.expatcopilot.com/netherlands/visa/partner-family-visa,https://www.expatcopilot.com/netherlands/visa/partner-family-visa,1,yes,yes,https://www.expatcopilot.com/netherlands/visa/partner-family-visa/,yes,P1,SITEMAP_LOC_IS_3XX; trailing_slash_normalization
https://www.expatcopilot.com/netherlands/visa/self-employed-visa/,sitemap,308,https://www.expatcopilot.com/netherlands/visa/self-employed-visa,https://www.expatcopilot.com/netherlands/visa/self-employed-visa,1,yes,yes,https://www.expatcopilot.com/netherlands/visa/self-employed-visa/,yes,P1,SITEMAP_LOC_IS_3XX; trailing_slash_normalization
https://www.expatcopilot.com/netherlands/visa/highly-skilled-migrant/,sitemap,308,https://www.expatcopilot.com/netherlands/visa/highly-skilled-migrant,https://www.expatcopilot.com/netherlands/visa/highly-skilled-migrant,1,yes,yes,https://www.expatcopilot.com/netherlands/visa/highly-skilled-migrant/,yes,P1,SITEMAP_LOC_IS_3XX; trailing_slash_normalization
https://www.expatcopilot.com/netherlands/visa/student-visa/,sitemap,308,https://www.expatcopilot.com/netherlands/visa/student-visa,https://www.expatcopilot.com/netherlands/visa/student-visa,1,yes,yes,https://www.expatcopilot.com/netherlands/visa/student-visa/,yes,P1,SITEMAP_LOC_IS_3XX; trailing_slash_normalization
https://www.expatcopilot.com/netherlands/work/tools/,sitemap,308,https://www.expatcopilot.com/netherlands/work/tools,https://www.expatcopilot.com/netherlands/work/tools,1,yes,yes,https://www.expatcopilot.com/netherlands/work/tools/,yes,P1,SITEMAP_LOC_IS_3XX; trailing_slash_normalization
https://www.expatcopilot.com/netherlands/work/tools/employment-contract-risk-scanner/,sitemap,308,https://www.expatcopilot.com/netherlands/work/tools/employment-contract-risk-scanner,https://www.expatcopilot.com/netherlands/work/tools/employment-contract-risk-scanner,1,yes,yes,https://www.expatcopilot.com/netherlands/work/tools/employment-contract-risk-scanner/,yes,P1,SITEMAP_LOC_IS_3XX; trailing_slash_normalization
https://www.expatcopilot.com/netherlands/work/tools/employment-type-scenario-tool/,sitemap,308,https://www.expatcopilot.com/netherlands/work/tools/employment-type-scenario-tool,https://www.expatcopilot.com/netherlands/work/tools/employment-type-scenario-tool,1,yes,yes,https://www.expatcopilot.com/netherlands/work/tools/employment-type-scenario-tool/,yes,P1,SITEMAP_LOC_IS_3XX; trailing_slash_normalization
https://www.expatcopilot.com/sources/,sitemap,308,https://www.expatcopilot.com/sources,https://www.expatcopilot.com/sources,1,yes,yes,https://www.expatcopilot.com/sources/,yes,P1,SITEMAP_LOC_IS_3XX; trailing_slash_normalization
https://www.expatcopilot.com/privacy/,sitemap,308,https://www.expatcopilot.com/privacy,https://www.expatcopilot.com/privacy,1,yes,yes,https://www.expatcopilot.com/privacy/,yes,P1,SITEMAP_LOC_IS_3XX; trailing_slash_normalization
https://www.expatcopilot.com/terms/,sitemap,308,https://www.expatcopilot.com/terms,https://www.expatcopilot.com/terms,1,yes,yes,https://www.expatcopilot.com/terms/,yes,P1,SITEMAP_LOC_IS_3XX; trailing_slash_normalization
https://www.expatcopilot.com/sitemap/,sitemap,308,https://www.expatcopilot.com/sitemap,https://www.expatcopilot.com/sitemap,1,yes,yes,https://www.expatcopilot.com/sitemap/,yes,P1,SITEMAP_LOC_IS_3XX; trailing_slash_normalization
https://www.expatcopilot.com/netherlands/work/tools/job-offer-comparison/,sitemap,308,https://www.expatcopilot.com/netherlands/work/tools/job-offer-comparison,https://www.expatcopilot.com/netherlands/work/tools/job-offer-comparison,1,yes,yes,https://www.expatcopilot.com/netherlands/work/tools/job-offer-comparison/,yes,P1,SITEMAP_LOC_IS_3XX; trailing_slash_normalization
https://www.expatcopilot.com/netherlands/work/tools/payslip-decoder/,sitemap,308,https://www.expatcopilot.com/netherlands/work/tools/payslip-decoder,https://www.expatcopilot.com/netherlands/work/tools/payslip-decoder,1,yes,yes,https://www.expatcopilot.com/netherlands/work/tools/payslip-decoder/,yes,P1,SITEMAP_LOC_IS_3XX; trailing_slash_normalization
https://www.expatcopilot.com/netherlands/best/banks-for-expats,redirect_inventory,308,https://www.expatcopilot.com/netherlands/money/banking/best-banks-expats/,https://www.expatcopilot.com/netherlands/money/banking/best-banks-expats,2,no,no,https://www.expatcopilot.com/netherlands/money/banking/best-banks-expats/,yes,INFO,expected: next_config_permanent_redirect
https://www.expatcopilot.com/netherlands/buy-vs-rent-netherlands,redirect_inventory,308,https://www.expatcopilot.com/netherlands/housing/buy-vs-rent-netherlands/,https://www.expatcopilot.com/netherlands/housing/buy-vs-rent-netherlands,2,no,no,https://www.expatcopilot.com/netherlands/housing/buy-vs-rent-netherlands/,yes,INFO,expected: next_config_permanent_redirect
https://www.expatcopilot.com/netherlands/buying-house-netherlands,redirect_inventory,308,https://www.expatcopilot.com/netherlands/housing/buying-a-house-netherlands/,https://www.expatcopilot.com/netherlands/housing/buying-a-house-netherlands,2,no,no,https://www.expatcopilot.com/netherlands/housing/buying-a-house-netherlands/,yes,INFO,expected: next_config_permanent_redirect
https://www.expatcopilot.com/moving-to-netherlands-from,redirect_inventory,308,https://www.expatcopilot.com/netherlands/moving-to-netherlands-from/,https://www.expatcopilot.com/netherlands/moving-to-netherlands-from,2,no,no,https://www.expatcopilot.com/netherlands/moving-to-netherlands-from/,yes,INFO,expected: next_config_permanent_redirect
https://www.expatcopilot.com/netherlands/can-i-open-bank-account-before-bsn,redirect_inventory,308,https://www.expatcopilot.com/netherlands/open-bank-account-netherlands/#bsn,https://www.expatcopilot.com/netherlands/open-bank-account-netherlands,2,yes,no,https://www.expatcopilot.com/netherlands/open-bank-account-netherlands/,yes,P2,internal_link_targets_redirect_alias (config redirect)
https://www.expatcopilot.com/netherlands/culture/dating-in-the-netherlands,redirect_inventory,308,https://www.expatcopilot.com/netherlands/life/dating-in-the-netherlands/,https://www.expatcopilot.com/netherlands/life/dating-in-the-netherlands,2,no,no,https://www.expatcopilot.com/netherlands/life/dating-in-the-netherlands/,yes,INFO,expected: next_config_permanent_redirect
https://www.expatcopilot.com/netherlands/citizenship/naturalisation,redirect_inventory,308,https://www.expatcopilot.com/netherlands/citizenship/dutch-citizenship/,https://www.expatcopilot.com/netherlands/citizenship/dutch-citizenship,2,no,no,https://www.expatcopilot.com/netherlands/citizenship/dutch-citizenship/,yes,INFO,expected: next_config_permanent_redirect
https://www.expatcopilot.com/netherlands/citizenship/naturalization,redirect_inventory,308,https://www.expatcopilot.com/netherlands/citizenship/dutch-citizenship/,https://www.expatcopilot.com/netherlands/citizenship/dutch-citizenship,2,no,no,https://www.expatcopilot.com/netherlands/citizenship/dutch-citizenship/,yes,INFO,expected: next_config_permanent_redirect
https://www.expatcopilot.com/netherlands/culture/dutch-culture,redirect_inventory,308,https://www.expatcopilot.com/netherlands/life/dutch-culture/,https://www.expatcopilot.com/netherlands/life/dutch-culture,2,no,no,https://www.expatcopilot.com/netherlands/life/dutch-culture/,yes,INFO,expected: next_config_permanent_redirect
https://www.expatcopilot.com/netherlands/culture/dutch-birthday-traditions,redirect_inventory,308,https://www.expatcopilot.com/netherlands/life/dutch-birthday-traditions/,https://www.expatcopilot.com/netherlands/life/dutch-birthday-traditions,2,no,no,https://www.expatcopilot.com/netherlands/life/dutch-birthday-traditions/,yes,INFO,expected: next_config_permanent_redirect
https://www.expatcopilot.com/netherlands/cost-of-living-calculator,redirect_inventory,308,https://www.expatcopilot.com/netherlands/money/tools/cost-of-living-calculator/,https://www.expatcopilot.com/netherlands/money/tools/cost-of-living-calculator,2,no,no,https://www.expatcopilot.com/netherlands/money/tools/cost-of-living-calculator/,yes,INFO,expected: next_config_permanent_redirect
https://www.expatcopilot.com/netherlands/culture/dutch-directness-at-work,redirect_inventory,308,https://www.expatcopilot.com/netherlands/jobs/dutch-directness-at-work/,https://www.expatcopilot.com/netherlands/jobs/dutch-directness-at-work,2,yes,no,https://www.expatcopilot.com/netherlands/jobs/dutch-directness-at-work/,yes,P2,internal_link_targets_redirect_alias (config redirect)
https://www.expatcopilot.com/netherlands/culture/dutch-etiquette,redirect_inventory,308,https://www.expatcopilot.com/netherlands/life/dutch-etiquette/,https://www.expatcopilot.com/netherlands/life/dutch-etiquette,2,no,no,https://www.expatcopilot.com/netherlands/life/dutch-etiquette/,yes,INFO,expected: next_config_permanent_redirect
https://www.expatcopilot.com/netherlands/culture/dutch-humour,redirect_inventory,308,https://www.expatcopilot.com/netherlands/life/dutch-humour/,https://www.expatcopilot.com/netherlands/life/dutch-humour,2,no,no,https://www.expatcopilot.com/netherlands/life/dutch-humour/,yes,INFO,expected: next_config_permanent_redirect
https://www.expatcopilot.com/netherlands/culture/dutch-workplace-culture,redirect_inventory,308,https://www.expatcopilot.com/netherlands/jobs/dutch-workplace-culture/,https://www.expatcopilot.com/netherlands/jobs/dutch-workplace-culture,2,no,no,https://www.expatcopilot.com/netherlands/jobs/dutch-workplace-culture/,yes,INFO,expected: next_config_permanent_redirect
https://www.expatcopilot.com/netherlands/culture/dutch-holidays-and-traditions,redirect_inventory,308,https://www.expatcopilot.com/netherlands/life/dutch-holidays-and-traditions/,https://www.expatcopilot.com/netherlands/life/dutch-holidays-and-traditions,2,no,no,https://www.expatcopilot.com/netherlands/life/dutch-holidays-and-traditions/,yes,INFO,expected: next_config_permanent_redirect
https://www.expatcopilot.com/netherlands/culture/making-dutch-friends,redirect_inventory,308,https://www.expatcopilot.com/netherlands/life/making-dutch-friends/,https://www.expatcopilot.com/netherlands/life/making-dutch-friends,2,no,no,https://www.expatcopilot.com/netherlands/life/making-dutch-friends/,yes,INFO,expected: next_config_permanent_redirect
https://www.expatcopilot.com/netherlands/culture/dutch-social-norms,redirect_inventory,308,https://www.expatcopilot.com/netherlands/life/dutch-social-norms/,https://www.expatcopilot.com/netherlands/life/dutch-social-norms,2,no,no,https://www.expatcopilot.com/netherlands/life/dutch-social-norms/,yes,INFO,expected: next_config_permanent_redirect
https://www.expatcopilot.com/netherlands/double-taxation-netherlands,redirect_inventory,308,https://www.expatcopilot.com/netherlands/taxes/double-taxation-netherlands/,https://www.expatcopilot.com/netherlands/taxes/double-taxation-netherlands,2,no,no,https://www.expatcopilot.com/netherlands/taxes/double-taxation-netherlands/,yes,INFO,expected: next_config_permanent_redirect
https://www.expatcopilot.com/netherlands/family/child-benefit-netherlands,redirect_inventory,308,https://www.expatcopilot.com/netherlands/family/child-benefits-netherlands/,https://www.expatcopilot.com/netherlands/family/child-benefits-netherlands,2,no,no,https://www.expatcopilot.com/netherlands/family/child-benefits-netherlands/,yes,INFO,expected: next_config_permanent_redirect
https://www.expatcopilot.com/netherlands/culture/inburgering-exams,redirect_inventory,308,https://www.expatcopilot.com/netherlands/integration/inburgering/,https://www.expatcopilot.com/netherlands/integration/inburgering,2,no,no,https://www.expatcopilot.com/netherlands/integration/inburgering/,yes,INFO,expected: next_config_permanent_redirect
https://www.expatcopilot.com/netherlands/dutch-citizenship-netherlands,redirect_inventory,308,https://www.expatcopilot.com/netherlands/citizenship/dutch-citizenship/,https://www.expatcopilot.com/netherlands/citizenship/dutch-citizenship,2,no,no,https://www.expatcopilot.com/netherlands/citizenship/dutch-citizenship/,yes,INFO,expected: next_config_permanent_redirect
https://www.expatcopilot.com/netherlands/health/tools/healthcare-allowance-estimator,redirect_inventory,308,https://www.expatcopilot.com/netherlands/taxes/tools/healthcare-allowance-estimator/,https://www.expatcopilot.com/netherlands/taxes/tools/healthcare-allowance-estimator,2,no,no,https://www.expatcopilot.com/netherlands/taxes/tools/healthcare-allowance-estimator/,yes,INFO,expected: next_config_permanent_redirect
https://www.expatcopilot.com/netherlands/housing/tools/utilities-services-comparison-tool,redirect_inventory,308,https://www.expatcopilot.com/netherlands/living/tools/utilities-services-comparison/,https://www.expatcopilot.com/netherlands/living/tools/utilities-services-comparison,2,no,no,https://www.expatcopilot.com/netherlands/living/tools/utilities-services-comparison/,yes,INFO,expected: next_config_permanent_redirect
https://www.expatcopilot.com/netherlands/language/inburgering-exams,redirect_inventory,308,https://www.expatcopilot.com/netherlands/integration/inburgering/,https://www.expatcopilot.com/netherlands/integration/inburgering,2,no,no,https://www.expatcopilot.com/netherlands/integration/inburgering/,yes,INFO,expected: next_config_permanent_redirect
https://www.expatcopilot.com/netherlands/life/making-friends,redirect_inventory,308,https://www.expatcopilot.com/netherlands/life/making-dutch-friends/,https://www.expatcopilot.com/netherlands/life/making-dutch-friends,2,no,no,https://www.expatcopilot.com/netherlands/life/making-dutch-friends/,yes,INFO,expected: next_config_permanent_redirect
https://www.expatcopilot.com/netherlands/living/community-basics,redirect_inventory,308,https://www.expatcopilot.com/netherlands/life/community-basics-netherlands/,https://www.expatcopilot.com/netherlands/life/community-basics-netherlands,2,no,no,https://www.expatcopilot.com/netherlands/life/community-basics-netherlands/,yes,INFO,expected: next_config_permanent_redirect
https://www.expatcopilot.com/netherlands/living/culture-etiquette,redirect_inventory,308,https://www.expatcopilot.com/netherlands/life/dutch-etiquette/,https://www.expatcopilot.com/netherlands/life/dutch-etiquette,2,yes,no,https://www.expatcopilot.com/netherlands/life/dutch-etiquette/,yes,P2,internal_link_targets_redirect_alias (config redirect)
https://www.expatcopilot.com/netherlands/living/making-dutch-friends,redirect_inventory,308,https://www.expatcopilot.com/netherlands/life/making-dutch-friends/,https://www.expatcopilot.com/netherlands/life/making-dutch-friends,2,no,no,https://www.expatcopilot.com/netherlands/life/making-dutch-friends/,yes,INFO,expected: next_config_permanent_redirect
https://www.expatcopilot.com/netherlands/living/digid-awareness,redirect_inventory,308,https://www.expatcopilot.com/netherlands/digid-awareness/,https://www.expatcopilot.com/netherlands/digid-awareness,2,no,no,https://www.expatcopilot.com/netherlands/digid-awareness/,yes,INFO,expected: next_config_permanent_redirect
https://www.expatcopilot.com/netherlands/living/energy-and-water,redirect_inventory,308,https://www.expatcopilot.com/netherlands/utilities/energy-and-water-netherlands/,https://www.expatcopilot.com/netherlands/utilities/energy-and-water-netherlands,2,yes,no,https://www.expatcopilot.com/netherlands/utilities/energy-and-water-netherlands/,yes,P2,internal_link_targets_redirect_alias (config redirect)
https://www.expatcopilot.com/netherlands/living/housing-costs,redirect_inventory,308,https://www.expatcopilot.com/netherlands/housing/housing-costs-netherlands/,https://www.expatcopilot.com/netherlands/housing/housing-costs-netherlands,2,no,no,https://www.expatcopilot.com/netherlands/housing/housing-costs-netherlands/,yes,INFO,expected: next_config_permanent_redirect
https://www.expatcopilot.com/netherlands/living/municipality-services,redirect_inventory,308,https://www.expatcopilot.com/netherlands/practical-life/municipality-services-netherlands/,https://www.expatcopilot.com/netherlands/practical-life/municipality-services-netherlands,2,no,no,https://www.expatcopilot.com/netherlands/practical-life/municipality-services-netherlands/,yes,INFO,expected: next_config_permanent_redirect
https://www.expatcopilot.com/netherlands/living/internet-and-mobile,redirect_inventory,308,https://www.expatcopilot.com/netherlands/utilities/internet-and-mobile-netherlands/,https://www.expatcopilot.com/netherlands/utilities/internet-and-mobile-netherlands,2,no,no,https://www.expatcopilot.com/netherlands/utilities/internet-and-mobile-netherlands/,yes,INFO,expected: next_config_permanent_redirect
https://www.expatcopilot.com/netherlands/living/housing,redirect_inventory,308,https://www.expatcopilot.com/netherlands/housing/,https://www.expatcopilot.com/netherlands/housing,2,no,no,https://www.expatcopilot.com/netherlands/housing/,yes,INFO,expected: next_config_permanent_redirect
https://www.expatcopilot.com/netherlands/living/parking-and-local-permits,redirect_inventory,308,https://www.expatcopilot.com/netherlands/practical-life/parking-and-local-permits-netherlands/,https://www.expatcopilot.com/netherlands/practical-life/parking-and-local-permits-netherlands,2,no,no,https://www.expatcopilot.com/netherlands/practical-life/parking-and-local-permits-netherlands/,yes,INFO,expected: next_config_permanent_redirect
https://www.expatcopilot.com/netherlands/living/registering-your-address,redirect_inventory,308,https://www.expatcopilot.com/netherlands/practical-life/registering-your-address-netherlands/,https://www.expatcopilot.com/netherlands/practical-life/registering-your-address-netherlands,2,no,no,https://www.expatcopilot.com/netherlands/practical-life/registering-your-address-netherlands/,yes,INFO,expected: next_config_permanent_redirect
https://www.expatcopilot.com/netherlands/living/privacy-and-safety-basics,redirect_inventory,308,https://www.expatcopilot.com/netherlands/practical-life/privacy-and-safety-basics-netherlands/,https://www.expatcopilot.com/netherlands/practical-life/privacy-and-safety-basics-netherlands,2,no,no,https://www.expatcopilot.com/netherlands/practical-life/privacy-and-safety-basics-netherlands/,yes,INFO,expected: next_config_permanent_redirect
https://www.expatcopilot.com/netherlands/living/rental-contracts-and-deposits,redirect_inventory,308,https://www.expatcopilot.com/netherlands/housing/rental-contracts-and-deposits-netherlands/,https://www.expatcopilot.com/netherlands/housing/rental-contracts-and-deposits-netherlands,2,no,no,https://www.expatcopilot.com/netherlands/housing/rental-contracts-and-deposits-netherlands/,yes,INFO,expected: next_config_permanent_redirect
https://www.expatcopilot.com/netherlands/living/transport-basics,redirect_inventory,308,https://www.expatcopilot.com/netherlands/living/getting-around/,https://www.expatcopilot.com/netherlands/living/getting-around,2,no,no,https://www.expatcopilot.com/netherlands/living/getting-around/,yes,INFO,expected: next_config_permanent_redirect
https://www.expatcopilot.com/netherlands/living/subscriptions-and-cancellations,redirect_inventory,308,https://www.expatcopilot.com/netherlands/practical-life/subscriptions-and-cancellations-netherlands/,https://www.expatcopilot.com/netherlands/practical-life/subscriptions-and-cancellations-netherlands,2,no,no,https://www.expatcopilot.com/netherlands/practical-life/subscriptions-and-cancellations-netherlands/,yes,INFO,expected: next_config_permanent_redirect
https://www.expatcopilot.com/netherlands/living/utilities,redirect_inventory,308,https://www.expatcopilot.com/netherlands/utilities/utilities-netherlands/,https://www.expatcopilot.com/netherlands/utilities/utilities-netherlands,2,yes,no,https://www.expatcopilot.com/netherlands/utilities/utilities-netherlands/,yes,P2,internal_link_targets_redirect_alias (config redirect)
https://www.expatcopilot.com/netherlands/living/waste-and-recycling,redirect_inventory,308,https://www.expatcopilot.com/netherlands/practical-life/waste-and-recycling-netherlands/,https://www.expatcopilot.com/netherlands/practical-life/waste-and-recycling-netherlands,2,no,no,https://www.expatcopilot.com/netherlands/practical-life/waste-and-recycling-netherlands/,yes,INFO,expected: next_config_permanent_redirect
https://www.expatcopilot.com/netherlands/money/taxes/30-percent-ruling,redirect_inventory,308,https://www.expatcopilot.com/netherlands/taxes/30-percent-ruling/,https://www.expatcopilot.com/netherlands/taxes/30-percent-ruling,2,yes,no,https://www.expatcopilot.com/netherlands/taxes/30-percent-ruling/,yes,P2,internal_link_targets_redirect_alias (config redirect)
https://www.expatcopilot.com/netherlands/money/tools/30-ruling-calculator,redirect_inventory,308,https://www.expatcopilot.com/netherlands/taxes/tools/30-ruling-calculator/,https://www.expatcopilot.com/netherlands/taxes/tools/30-ruling-calculator,2,no,no,https://www.expatcopilot.com/netherlands/taxes/tools/30-ruling-calculator/,yes,INFO,expected: next_config_permanent_redirect
https://www.expatcopilot.com/netherlands/money/tools/dutch-salary-net-calculator,redirect_inventory,308,https://www.expatcopilot.com/netherlands/taxes/tools/dutch-salary-net-calculator/,https://www.expatcopilot.com/netherlands/taxes/tools/dutch-salary-net-calculator,2,no,no,https://www.expatcopilot.com/netherlands/taxes/tools/dutch-salary-net-calculator/,yes,INFO,expected: next_config_permanent_redirect
https://www.expatcopilot.com/netherlands/money/tools/double-tax-awareness-tool,redirect_inventory,308,https://www.expatcopilot.com/netherlands/taxes/tools/double-tax-awareness-tool/,https://www.expatcopilot.com/netherlands/taxes/tools/double-tax-awareness-tool,2,no,no,https://www.expatcopilot.com/netherlands/taxes/tools/double-tax-awareness-tool/,yes,INFO,expected: next_config_permanent_redirect
https://www.expatcopilot.com/netherlands/money/cheap-cities-netherlands,redirect_inventory,308,https://www.expatcopilot.com/netherlands/cities/cheapest-cities-for-expats/,https://www.expatcopilot.com/netherlands/cities/cheapest-cities-for-expats,2,no,no,https://www.expatcopilot.com/netherlands/cities/cheapest-cities-for-expats/,yes,INFO,expected: next_config_permanent_redirect
https://www.expatcopilot.com/netherlands/money/tools/rent-affordability-calculator,redirect_inventory,308,https://www.expatcopilot.com/netherlands/housing/tools/rent-affordability-calculator/,https://www.expatcopilot.com/netherlands/housing/tools/rent-affordability-calculator,2,no,no,https://www.expatcopilot.com/netherlands/housing/tools/rent-affordability-calculator/,yes,INFO,expected: next_config_permanent_redirect
https://www.expatcopilot.com/netherlands/mortgage-netherlands-expats,redirect_inventory,308,https://www.expatcopilot.com/netherlands/housing/mortgages-netherlands-expats/,https://www.expatcopilot.com/netherlands/housing/mortgages-netherlands-expats,2,no,no,https://www.expatcopilot.com/netherlands/housing/mortgages-netherlands-expats/,yes,INFO,expected: next_config_permanent_redirect
https://www.expatcopilot.com/netherlands/money/tools/expat-cost-of-living-calculator,redirect_inventory,308,https://www.expatcopilot.com/netherlands/money/tools/cost-of-living-calculator/,https://www.expatcopilot.com/netherlands/money/tools/cost-of-living-calculator,2,no,no,https://www.expatcopilot.com/netherlands/money/tools/cost-of-living-calculator/,yes,INFO,expected: next_config_permanent_redirect
https://www.expatcopilot.com/netherlands/moving,redirect_inventory,308,https://www.expatcopilot.com/netherlands/moving-to-the-netherlands/,https://www.expatcopilot.com/netherlands/moving-to-the-netherlands,2,no,no,https://www.expatcopilot.com/netherlands/moving-to-the-netherlands/,yes,INFO,expected: next_config_permanent_redirect
https://www.expatcopilot.com/netherlands/moving/moving-to-netherlands-from/uk,redirect_inventory,308,https://www.expatcopilot.com/netherlands/moving/moving-to-netherlands-from/united-kingdom/,https://www.expatcopilot.com/netherlands/moving/moving-to-netherlands-from/united-kingdom,2,no,no,https://www.expatcopilot.com/netherlands/moving/moving-to-netherlands-from/united-kingdom/,yes,INFO,expected: next_config_permanent_redirect
https://www.expatcopilot.com/netherlands/moving/moving-to-netherlands-from,redirect_inventory,308,https://www.expatcopilot.com/netherlands/moving-to-netherlands-from/,https://www.expatcopilot.com/netherlands/moving-to-netherlands-from,2,no,no,https://www.expatcopilot.com/netherlands/moving-to-netherlands-from/,yes,INFO,expected: next_config_permanent_redirect
https://www.expatcopilot.com/netherlands/moving/moving-to-netherlands-from/us,redirect_inventory,308,https://www.expatcopilot.com/netherlands/moving/moving-to-netherlands-from/united-states/,https://www.expatcopilot.com/netherlands/moving/moving-to-netherlands-from/united-states,2,no,no,https://www.expatcopilot.com/netherlands/moving/moving-to-netherlands-from/united-states/,yes,INFO,expected: next_config_permanent_redirect
https://www.expatcopilot.com/netherlands/permanent-residence-netherlands,redirect_inventory,308,https://www.expatcopilot.com/netherlands/citizenship/permanent-residence/,https://www.expatcopilot.com/netherlands/citizenship/permanent-residence,2,no,no,https://www.expatcopilot.com/netherlands/citizenship/permanent-residence/,yes,INFO,expected: next_config_permanent_redirect
https://www.expatcopilot.com/netherlands/moving/tools/residence-permit-timeline-estimator,redirect_inventory,308,https://www.expatcopilot.com/netherlands/visa-timeline-estimator/,https://www.expatcopilot.com/netherlands/visa-timeline-estimator,2,no,no,https://www.expatcopilot.com/netherlands/visa-timeline-estimator/,yes,INFO,expected: next_config_permanent_redirect
https://www.expatcopilot.com/netherlands/moving/tools/document-readiness,redirect_inventory,308,https://www.expatcopilot.com/netherlands/document-readiness-checker/,https://www.expatcopilot.com/netherlands/document-readiness-checker,2,yes,no,https://www.expatcopilot.com/netherlands/document-readiness-checker/,yes,P2,internal_link_targets_redirect_alias (config redirect)
https://www.expatcopilot.com/netherlands/moving/tools/visa-eligibility-checker,redirect_inventory,308,https://www.expatcopilot.com/netherlands/visa-checker/,https://www.expatcopilot.com/netherlands/visa-checker,2,no,no,https://www.expatcopilot.com/netherlands/visa-checker/,yes,INFO,expected: next_config_permanent_redirect
https://www.expatcopilot.com/netherlands/practical-life/address-registration-netherlands,redirect_inventory,308,https://www.expatcopilot.com/netherlands/practical-life/registering-your-address-netherlands/,https://www.expatcopilot.com/netherlands/practical-life/registering-your-address-netherlands,2,no,no,https://www.expatcopilot.com/netherlands/practical-life/registering-your-address-netherlands/,yes,INFO,expected: next_config_permanent_redirect
https://www.expatcopilot.com/netherlands/settling-in-netherlands,redirect_inventory,308,https://www.expatcopilot.com/netherlands/after-arriving-netherlands/,https://www.expatcopilot.com/netherlands/after-arriving-netherlands,2,yes,no,https://www.expatcopilot.com/netherlands/after-arriving-netherlands/,yes,P2,internal_link_targets_redirect_alias (config redirect)
https://www.expatcopilot.com/netherlands/property-tax-netherlands,redirect_inventory,308,https://www.expatcopilot.com/netherlands/taxes/property-tax-netherlands/,https://www.expatcopilot.com/netherlands/taxes/property-tax-netherlands,2,no,no,https://www.expatcopilot.com/netherlands/taxes/property-tax-netherlands/,yes,INFO,expected: next_config_permanent_redirect
https://www.expatcopilot.com/netherlands/survival-guide,redirect_inventory,308,https://www.expatcopilot.com/netherlands/living/survival-guide/,https://www.expatcopilot.com/netherlands/living/survival-guide,2,no,no,https://www.expatcopilot.com/netherlands/living/survival-guide/,yes,INFO,expected: next_config_permanent_redirect
https://www.expatcopilot.com/netherlands/taxes/childcare-allowance,redirect_inventory,308,https://www.expatcopilot.com/netherlands/taxes/childcare-allowance-netherlands/,https://www.expatcopilot.com/netherlands/taxes/childcare-allowance-netherlands,2,no,no,https://www.expatcopilot.com/netherlands/taxes/childcare-allowance-netherlands/,yes,INFO,expected: next_config_permanent_redirect
https://www.expatcopilot.com/netherlands/taxes/expat-taxes-netherlands,redirect_inventory,308,https://www.expatcopilot.com/netherlands/money/expat-taxes-netherlands/,https://www.expatcopilot.com/netherlands/money/expat-taxes-netherlands,2,yes,no,https://www.expatcopilot.com/netherlands/money/expat-taxes-netherlands/,yes,P2,internal_link_targets_redirect_alias (config redirect)
https://www.expatcopilot.com/netherlands/utilities-in-netherlands,redirect_inventory,308,https://www.expatcopilot.com/netherlands/utilities/utilities-netherlands/,https://www.expatcopilot.com/netherlands/utilities/utilities-netherlands,2,no,no,https://www.expatcopilot.com/netherlands/utilities/utilities-netherlands/,yes,INFO,expected: next_config_permanent_redirect
https://www.expatcopilot.com/netherlands/taxes/healthcare-allowance,redirect_inventory,308,https://www.expatcopilot.com/netherlands/taxes/healthcare-allowance-netherlands/,https://www.expatcopilot.com/netherlands/taxes/healthcare-allowance-netherlands,2,no,no,https://www.expatcopilot.com/netherlands/taxes/healthcare-allowance-netherlands/,yes,INFO,expected: next_config_permanent_redirect
https://www.expatcopilot.com/netherlands/taxes/how-taxes-work-netherlands,redirect_inventory,308,https://www.expatcopilot.com/netherlands/money/how-taxes-work-in-the-netherlands/,https://www.expatcopilot.com/netherlands/money/how-taxes-work-in-the-netherlands,2,no,no,https://www.expatcopilot.com/netherlands/money/how-taxes-work-in-the-netherlands/,yes,INFO,expected: next_config_permanent_redirect
https://www.expatcopilot.com/netherlands/taxes/tax-return-netherlands,redirect_inventory,308,https://www.expatcopilot.com/netherlands/money/tax-return-netherlands/,https://www.expatcopilot.com/netherlands/money/tax-return-netherlands,2,no,no,https://www.expatcopilot.com/netherlands/money/tax-return-netherlands/,yes,INFO,expected: next_config_permanent_redirect
https://www.expatcopilot.com/netherlands/taxes/rent-allowance,redirect_inventory,308,https://www.expatcopilot.com/netherlands/taxes/rent-allowance-netherlands/,https://www.expatcopilot.com/netherlands/taxes/rent-allowance-netherlands,2,no,no,https://www.expatcopilot.com/netherlands/taxes/rent-allowance-netherlands/,yes,INFO,expected: next_config_permanent_redirect
https://www.expatcopilot.com/netherlands/taxes/tax-residency-netherlands,redirect_inventory,308,https://www.expatcopilot.com/netherlands/money/tax-residency-netherlands/,https://www.expatcopilot.com/netherlands/money/tax-residency-netherlands,2,no,no,https://www.expatcopilot.com/netherlands/money/tax-residency-netherlands/,yes,INFO,expected: next_config_permanent_redirect
https://www.expatcopilot.com/netherlands/visa/entrepreneur-visa,redirect_inventory,308,https://www.expatcopilot.com/netherlands/visa/self-employed-visa/,https://www.expatcopilot.com/netherlands/visa/self-employed-visa,2,no,no,https://www.expatcopilot.com/netherlands/visa/self-employed-visa/,yes,INFO,expected: next_config_permanent_redirect
https://www.expatcopilot.com/netherlands/visa/european-blue-card,redirect_inventory,308,https://www.expatcopilot.com/netherlands/visa/eu-blue-card/,https://www.expatcopilot.com/netherlands/visa/eu-blue-card,2,no,no,https://www.expatcopilot.com/netherlands/visa/eu-blue-card/,yes,INFO,expected: next_config_permanent_redirect
https://www.expatcopilot.com/netherlands/visa/daft-visa,redirect_inventory,308,https://www.expatcopilot.com/netherlands/visa/dutch-american-friendship-treaty/,https://www.expatcopilot.com/netherlands/visa/dutch-american-friendship-treaty,2,no,no,https://www.expatcopilot.com/netherlands/visa/dutch-american-friendship-treaty/,yes,INFO,expected: next_config_permanent_redirect
https://www.expatcopilot.com/netherlands/visa/family-permit,redirect_inventory,308,https://www.expatcopilot.com/netherlands/visa/partner-family-visa/,https://www.expatcopilot.com/netherlands/visa/partner-family-visa,2,no,no,https://www.expatcopilot.com/netherlands/visa/partner-family-visa/,yes,INFO,expected: next_config_permanent_redirect
https://www.expatcopilot.com/netherlands/visa/family-reunification,redirect_inventory,308,https://www.expatcopilot.com/netherlands/visa/partner-family-visa/,https://www.expatcopilot.com/netherlands/visa/partner-family-visa,2,no,no,https://www.expatcopilot.com/netherlands/visa/partner-family-visa/,yes,INFO,expected: next_config_permanent_redirect
https://www.expatcopilot.com/netherlands/visa/freelancer-visa,redirect_inventory,308,https://www.expatcopilot.com/netherlands/visa/self-employed-visa/,https://www.expatcopilot.com/netherlands/visa/self-employed-visa,2,no,no,https://www.expatcopilot.com/netherlands/visa/self-employed-visa/,yes,INFO,expected: next_config_permanent_redirect
https://www.expatcopilot.com/netherlands/visa/partner-visa,redirect_inventory,308,https://www.expatcopilot.com/netherlands/visa/partner-family-visa/,https://www.expatcopilot.com/netherlands/visa/partner-family-visa,2,no,no,https://www.expatcopilot.com/netherlands/visa/partner-family-visa/,yes,INFO,expected: next_config_permanent_redirect
https://www.expatcopilot.com/netherlands/visa/self-employed-residence-permit,redirect_inventory,308,https://www.expatcopilot.com/netherlands/visa/self-employed-visa/,https://www.expatcopilot.com/netherlands/visa/self-employed-visa,2,no,no,https://www.expatcopilot.com/netherlands/visa/self-employed-visa/,yes,INFO,expected: next_config_permanent_redirect
https://www.expatcopilot.com/netherlands/visa/spouse-visa,redirect_inventory,308,https://www.expatcopilot.com/netherlands/visa/partner-family-visa/,https://www.expatcopilot.com/netherlands/visa/partner-family-visa,2,no,no,https://www.expatcopilot.com/netherlands/visa/partner-family-visa/,yes,INFO,expected: next_config_permanent_redirect
https://www.expatcopilot.com/netherlands/visa/study-visa,redirect_inventory,308,https://www.expatcopilot.com/netherlands/visa/student-visa/,https://www.expatcopilot.com/netherlands/visa/student-visa,2,no,no,https://www.expatcopilot.com/netherlands/visa/student-visa/,yes,INFO,expected: next_config_permanent_redirect
https://www.expatcopilot.com/netherlands/visa/student-residence-permit,redirect_inventory,308,https://www.expatcopilot.com/netherlands/visa/student-visa/,https://www.expatcopilot.com/netherlands/visa/student-visa,2,no,no,https://www.expatcopilot.com/netherlands/visa/student-visa/,yes,INFO,expected: next_config_permanent_redirect
https://www.expatcopilot.com/netherlands/visas-residency,redirect_inventory,308,https://www.expatcopilot.com/netherlands/moving/visas-residency/,https://www.expatcopilot.com/netherlands/moving/visas-residency,2,no,no,https://www.expatcopilot.com/netherlands/moving/visas-residency/,yes,INFO,expected: next_config_permanent_redirect
https://www.expatcopilot.com/netherlands/visas-residency/partner-family,redirect_inventory,308,https://www.expatcopilot.com/netherlands/visa/partner-family-visa/,https://www.expatcopilot.com/netherlands/visa/partner-family-visa,2,no,no,https://www.expatcopilot.com/netherlands/visa/partner-family-visa/,yes,INFO,expected: next_config_permanent_redirect
https://www.expatcopilot.com/netherlands/visas-residency/residence-permits,redirect_inventory,308,https://www.expatcopilot.com/netherlands/moving/residence-permits/,https://www.expatcopilot.com/netherlands/moving/residence-permits,2,no,no,https://www.expatcopilot.com/netherlands/moving/residence-permits/,yes,INFO,expected: next_config_permanent_redirect
https://www.expatcopilot.com/netherlands/visas-residency/extensions-changes,redirect_inventory,308,https://www.expatcopilot.com/netherlands/moving/extensions-changes/,https://www.expatcopilot.com/netherlands/moving/extensions-changes,2,no,no,https://www.expatcopilot.com/netherlands/moving/extensions-changes/,yes,INFO,expected: next_config_permanent_redirect
https://www.expatcopilot.com/netherlands/visas-residency/status-changes,redirect_inventory,308,https://www.expatcopilot.com/netherlands/moving/status-changes/,https://www.expatcopilot.com/netherlands/moving/status-changes,2,no,no,https://www.expatcopilot.com/netherlands/moving/status-changes/,yes,INFO,expected: next_config_permanent_redirect
https://www.expatcopilot.com/netherlands/work/average-salary-netherlands,redirect_inventory,308,https://www.expatcopilot.com/netherlands/taxes/average-salary-netherlands/,https://www.expatcopilot.com/netherlands/taxes/average-salary-netherlands,2,no,no,https://www.expatcopilot.com/netherlands/taxes/average-salary-netherlands/,yes,INFO,expected: next_config_permanent_redirect
https://www.expatcopilot.com/netherlands/work/bonus-tax-netherlands,redirect_inventory,308,https://www.expatcopilot.com/netherlands/taxes/bonus-tax-netherlands/,https://www.expatcopilot.com/netherlands/taxes/bonus-tax-netherlands,2,no,no,https://www.expatcopilot.com/netherlands/taxes/bonus-tax-netherlands/,yes,INFO,expected: next_config_permanent_redirect
https://www.expatcopilot.com/netherlands/work/employee-benefits-netherlands,redirect_inventory,308,https://www.expatcopilot.com/netherlands/jobs/employee-benefits-netherlands/,https://www.expatcopilot.com/netherlands/jobs/employee-benefits-netherlands,2,no,no,https://www.expatcopilot.com/netherlands/jobs/employee-benefits-netherlands/,yes,INFO,expected: next_config_permanent_redirect
https://www.expatcopilot.com/netherlands/work/finding-jobs-netherlands,redirect_inventory,308,https://www.expatcopilot.com/netherlands/jobs/finding-jobs-netherlands/,https://www.expatcopilot.com/netherlands/jobs/finding-jobs-netherlands,2,no,no,https://www.expatcopilot.com/netherlands/jobs/finding-jobs-netherlands/,yes,INFO,expected: next_config_permanent_redirect
https://www.expatcopilot.com/netherlands/work/changing-jobs-netherlands,redirect_inventory,308,https://www.expatcopilot.com/netherlands/moving/changing-jobs-netherlands/,https://www.expatcopilot.com/netherlands/moving/changing-jobs-netherlands,2,no,no,https://www.expatcopilot.com/netherlands/moving/changing-jobs-netherlands/,yes,INFO,expected: next_config_permanent_redirect
https://www.expatcopilot.com/netherlands/work/employment-contract-netherlands,redirect_inventory,308,https://www.expatcopilot.com/netherlands/jobs/employment-contract-netherlands/,https://www.expatcopilot.com/netherlands/jobs/employment-contract-netherlands,2,no,no,https://www.expatcopilot.com/netherlands/jobs/employment-contract-netherlands/,yes,INFO,expected: next_config_permanent_redirect
https://www.expatcopilot.com/netherlands/work/expat-salary-netherlands,redirect_inventory,308,https://www.expatcopilot.com/netherlands/jobs/expat-salary-netherlands/,https://www.expatcopilot.com/netherlands/jobs/expat-salary-netherlands,2,no,no,https://www.expatcopilot.com/netherlands/jobs/expat-salary-netherlands/,yes,INFO,expected: next_config_permanent_redirect
https://www.expatcopilot.com/netherlands/work/employee-rights-netherlands,redirect_inventory,308,https://www.expatcopilot.com/netherlands/jobs/employee-rights-netherlands/,https://www.expatcopilot.com/netherlands/jobs/employee-rights-netherlands,2,no,no,https://www.expatcopilot.com/netherlands/jobs/employee-rights-netherlands/,yes,INFO,expected: next_config_permanent_redirect
https://www.expatcopilot.com/netherlands/work/contractor-vs-employee-netherlands,redirect_inventory,308,https://www.expatcopilot.com/netherlands/jobs/contractor-vs-employee-netherlands/,https://www.expatcopilot.com/netherlands/jobs/contractor-vs-employee-netherlands,2,no,no,https://www.expatcopilot.com/netherlands/jobs/contractor-vs-employee-netherlands/,yes,INFO,expected: next_config_permanent_redirect
https://www.expatcopilot.com/netherlands/work/freelancing-netherlands,redirect_inventory,308,https://www.expatcopilot.com/netherlands/jobs/freelancing-netherlands/,https://www.expatcopilot.com/netherlands/jobs/freelancing-netherlands,2,no,no,https://www.expatcopilot.com/netherlands/jobs/freelancing-netherlands/,yes,INFO,expected: next_config_permanent_redirect
https://www.expatcopilot.com/netherlands/work/holiday-allowance-netherlands,redirect_inventory,308,https://www.expatcopilot.com/netherlands/jobs/holiday-allowance-netherlands/,https://www.expatcopilot.com/netherlands/jobs/holiday-allowance-netherlands,2,no,no,https://www.expatcopilot.com/netherlands/jobs/holiday-allowance-netherlands/,yes,INFO,expected: next_config_permanent_redirect
https://www.expatcopilot.com/netherlands/work/minimum-wage-netherlands,redirect_inventory,308,https://www.expatcopilot.com/netherlands/jobs/minimum-wage-netherlands/,https://www.expatcopilot.com/netherlands/jobs/minimum-wage-netherlands,2,no,no,https://www.expatcopilot.com/netherlands/jobs/minimum-wage-netherlands/,yes,INFO,expected: next_config_permanent_redirect
https://www.expatcopilot.com/netherlands/work/layoffs-netherlands,redirect_inventory,308,https://www.expatcopilot.com/netherlands/moving/layoffs-netherlands/,https://www.expatcopilot.com/netherlands/moving/layoffs-netherlands,2,no,no,https://www.expatcopilot.com/netherlands/moving/layoffs-netherlands/,yes,INFO,expected: next_config_permanent_redirect
https://www.expatcopilot.com/netherlands/work/pension-netherlands,redirect_inventory,308,https://www.expatcopilot.com/netherlands/jobs/pension-netherlands-expats/,https://www.expatcopilot.com/netherlands/jobs/pension-netherlands-expats,2,no,no,https://www.expatcopilot.com/netherlands/jobs/pension-netherlands-expats/,yes,INFO,expected: next_config_permanent_redirect
https://www.expatcopilot.com/netherlands/work/probation-period-netherlands,redirect_inventory,308,https://www.expatcopilot.com/netherlands/jobs/probation-period-netherlands/,https://www.expatcopilot.com/netherlands/jobs/probation-period-netherlands,2,no,no,https://www.expatcopilot.com/netherlands/jobs/probation-period-netherlands/,yes,INFO,expected: next_config_permanent_redirect
https://www.expatcopilot.com/netherlands/work/notice-period-netherlands,redirect_inventory,308,https://www.expatcopilot.com/netherlands/jobs/notice-period-netherlands/,https://www.expatcopilot.com/netherlands/jobs/notice-period-netherlands,2,no,no,https://www.expatcopilot.com/netherlands/jobs/notice-period-netherlands/,yes,INFO,expected: next_config_permanent_redirect
https://www.expatcopilot.com/netherlands/work/work-culture-netherlands,redirect_inventory,308,https://www.expatcopilot.com/netherlands/jobs/dutch-workplace-culture/,https://www.expatcopilot.com/netherlands/jobs/dutch-workplace-culture,2,no,no,https://www.expatcopilot.com/netherlands/jobs/dutch-workplace-culture/,yes,INFO,expected: next_config_permanent_redirect
https://www.expatcopilot.com/netherlands/work/resigning-job-netherlands,redirect_inventory,308,https://www.expatcopilot.com/netherlands/moving/resigning-job-netherlands/,https://www.expatcopilot.com/netherlands/moving/resigning-job-netherlands,2,no,no,https://www.expatcopilot.com/netherlands/moving/resigning-job-netherlands/,yes,INFO,expected: next_config_permanent_redirect
https://www.expatcopilot.com/netherlands/work/twv-work-permit,redirect_inventory,308,https://www.expatcopilot.com/netherlands/moving/twv-work-permit/,https://www.expatcopilot.com/netherlands/moving/twv-work-permit,2,no,no,https://www.expatcopilot.com/netherlands/moving/twv-work-permit/,yes,INFO,expected: next_config_permanent_redirect
https://www.expatcopilot.com/netherlands/work/work-permit-netherlands,redirect_inventory,308,https://www.expatcopilot.com/netherlands/work/working-in-netherlands/,https://www.expatcopilot.com/netherlands/work/working-in-netherlands,2,no,no,https://www.expatcopilot.com/netherlands/work/working-in-netherlands/,yes,INFO,expected: next_config_permanent_redirect
https://www.expatcopilot.com/netherlands/work/salary-negotiation-netherlands,redirect_inventory,308,https://www.expatcopilot.com/netherlands/jobs/salary-negotiation-netherlands/,https://www.expatcopilot.com/netherlands/jobs/salary-negotiation-netherlands,2,no,no,https://www.expatcopilot.com/netherlands/jobs/salary-negotiation-netherlands/,yes,INFO,expected: next_config_permanent_redirect
https://www.expatcopilot.com/netherlands/work/tools/job-offer-comparison-tool,redirect_inventory,308,https://www.expatcopilot.com/netherlands/work/tools/job-offer-comparison/,https://www.expatcopilot.com/netherlands/work/tools/job-offer-comparison,2,no,no,https://www.expatcopilot.com/netherlands/work/tools/job-offer-comparison/,yes,INFO,expected: next_config_permanent_redirect
https://www.expatcopilot.com/netherlands/work/zzp-netherlands,redirect_inventory,308,https://www.expatcopilot.com/netherlands/business/zzp-netherlands/,https://www.expatcopilot.com/netherlands/business/zzp-netherlands,2,no,no,https://www.expatcopilot.com/netherlands/business/zzp-netherlands/,yes,INFO,expected: next_config_permanent_redirect
http://www.expatcopilot.com/netherlands,http_scheme,308,https://www.expatcopilot.com/netherlands,https://www.expatcopilot.com/netherlands,1,yes,yes,https://www.expatcopilot.com/netherlands/,yes,P1,SITEMAP_LOC_IS_3XX; trailing_slash_normalization
https://expatcopilot.com/netherlands,apex_host,307,https://www.expatcopilot.com/netherlands,https://www.expatcopilot.com/netherlands,1,yes,yes,https://www.expatcopilot.com/netherlands/,yes,P1,SITEMAP_LOC_IS_3XX; trailing_slash_normalization
https://www.expatcopilot.com/netherlands/register-address-netherlands,unknown_intent,308,https://www.expatcopilot.com/netherlands/practical-life/registering-your-address-netherlands/,https://www.expatcopilot.com/netherlands/practical-life/registering-your-address-netherlands,2,yes,no,https://www.expatcopilot.com/netherlands/practical-life/registering-your-address-netherlands/,yes,P2,internal_link_targets_redirect_alias (config redirect)
https://www.expatcopilot.com/netherlands/documents-needed-to-move-netherlands,unknown_intent,308,https://www.expatcopilot.com/netherlands/document-readiness-checker/,https://www.expatcopilot.com/netherlands/document-readiness-checker,2,yes,no,https://www.expatcopilot.com/netherlands/document-readiness-checker/,yes,P2,internal_link_targets_redirect_alias (config redirect)
https://www.expatcopilot.com/netherlands/visa-documents-netherlands,unknown_intent,308,https://www.expatcopilot.com/netherlands/document-readiness-checker/,https://www.expatcopilot.com/netherlands/document-readiness-checker,2,yes,no,https://www.expatcopilot.com/netherlands/document-readiness-checker/,yes,P2,internal_link_targets_redirect_alias (config redirect)
https://www.expatcopilot.com/netherlands/?preview=true,parameter_seed,308,https://www.expatcopilot.com/netherlands?preview=true,https://www.expatcopilot.com/netherlands?preview=true,1,yes,yes,https://www.expatcopilot.com/netherlands/,yes,P1,SITEMAP_LOC_IS_3XX; trailing_slash_normalization
https://www.expatcopilot.com/netherlands/visa-application-plan/?scenario=hsm,parameter_seed,308,https://www.expatcopilot.com/netherlands/visa-application-plan?scenario=hsm,https://www.expatcopilot.com/netherlands/visa-application-plan?scenario=hsm,1,yes,yes,https://www.expatcopilot.com/netherlands/visa-application-plan/,yes,P1,SITEMAP_LOC_IS_3XX; trailing_slash_normalization
https://www.expatcopilot.com/netherlands/moving-documents-checklist,unknown_intent,308,https://www.expatcopilot.com/netherlands/document-readiness-checker/,https://www.expatcopilot.com/netherlands/document-readiness-checker,2,yes,no,https://www.expatcopilot.com/netherlands/document-readiness-checker/,yes,P2,internal_link_targets_redirect_alias (config redirect)
https://www.expatcopilot.com/search/?q=visa,parameter_seed,308,https://www.expatcopilot.com/search?q=visa,https://www.expatcopilot.com/search?q=visa,1,no,no,https://www.expatcopilot.com/search/,yes,INFO,expected: trailing_slash_normalization
https://www.expatcopilot.com/netherlands/money/tools/cost-of-living-calculator/?utm_source=test&utm_medium=audit,parameter_seed,308,https://www.expatcopilot.com/netherlands/money/tools/cost-of-living-calculator?utm_source=test&utm_medium=audit,https://www.expatcopilot.com/netherlands/money/tools/cost-of-living-calculator?utm_source=test&utm_medium=audit,1,yes,yes,https://www.expatcopilot.com/netherlands/money/tools/cost-of-living-calculator/,yes,P1,SITEMAP_LOC_IS_3XX; trailing_slash_normalization
