url,route_pattern,page_type,content_source,status,production_http_status,indexability_intent,robots_directive,canonical,canonical_http_status,in_sitemap,linked_from_navigation,internal_inlinks,internal_outlinks,published,publish_date,updated_date,staged,intent_source,notes
https://www.expatcopilot.com/,/,homepage,app/page.tsx,homepage_redirect_entry,307 → /netherlands | final=200,INDEXABLE,,https://www.expatcopilot.com/netherlands/,200,yes,yes,,,yes,,,no,prod_sitemap+prod_sitemap,Present in production /sitemap.xml as of audit fetch; Production observed HTTP 307 → /netherlands (verify trailing-slash / canonical behavior in later phase); Code redirectTarget=/netherlands; in sitemap as /; prod 307 to /netherlands; effective landing canonical is /netherlands/
https://www.expatcopilot.com/about/,/about,trust_legal,app_router:app/about/page.tsx,exists_in_codebase,200,INDEXABLE,,https://www.expatcopilot.com/about/,200,yes,yes,,,yes,,,no,prod_sitemap,Present in production /sitemap.xml as of audit fetch
https://www.expatcopilot.com/about/affiliate-disclosure/,/about/affiliate-disclosure,trust_legal,app_router:app/about/affiliate-disclosure/page.tsx,exists_in_codebase,,UNKNOWN,,,,no,no,,,,,,,,
https://www.expatcopilot.com/affiliate-disclosure/,/affiliate-disclosure,trust_legal,app_router:app/affiliate-disclosure/page.tsx,exists_in_codebase,,INDEXABLE,,https://www.expatcopilot.com/affiliate-disclosure/,,yes,yes,,,yes,,,no,prod_sitemap,Present in production /sitemap.xml as of audit fetch
https://www.expatcopilot.com/contact/,/contact,trust_legal,app_router:app/contact/page.tsx,exists_in_codebase,,INDEXABLE,,https://www.expatcopilot.com/contact/,,yes,yes,,,yes,,,no,prod_sitemap,Present in production /sitemap.xml as of audit fetch
https://www.expatcopilot.com/cookies/,/cookies,trust_legal,app_router:app/cookies/page.tsx,exists_in_codebase,,INDEXABLE,,https://www.expatcopilot.com/cookies/,,yes,yes,,,yes,,,no,prod_sitemap,Present in production /sitemap.xml as of audit fetch
https://www.expatcopilot.com/dev/phase2-components/,/dev/phase2-components,dev,app_router:app/dev/phase2-components/page.tsx,exists_in_codebase,200,INTENTIONALLY_NOINDEX,"noindex, nofollow",https://www.expatcopilot.com/netherlands/visa/partner-family-visa/,200,no,no,,,,,,yes,dev_route+robots,Dev surface; robots disallow /dev/
https://www.expatcopilot.com/disclaimer/,/disclaimer,trust_legal,app_router:app/disclaimer/page.tsx,exists_in_codebase,,INDEXABLE,,https://www.expatcopilot.com/disclaimer/,,yes,yes,,,yes,,,no,prod_sitemap,Present in production /sitemap.xml as of audit fetch
https://www.expatcopilot.com/editorial-policy/,/editorial-policy,trust_legal,app_router:app/editorial-policy/page.tsx,exists_in_codebase,,INDEXABLE,,https://www.expatcopilot.com/editorial-policy/,,yes,yes,,,yes,,,no,prod_sitemap,Present in production /sitemap.xml as of audit fetch
https://www.expatcopilot.com/how-this-site-works/,/how-this-site-works,trust_legal,app_router:app/how-this-site-works/page.tsx,exists_in_codebase,,INDEXABLE,,https://www.expatcopilot.com/how-this-site-works/,,yes,yes,,,yes,,,no,prod_sitemap,Present in production /sitemap.xml as of audit fetch
https://www.expatcopilot.com/how-we-rank-services/,/how-we-rank-services,trust_legal,app_router:app/how-we-rank-services/page.tsx,exists_in_codebase,,INDEXABLE,,https://www.expatcopilot.com/how-we-rank-services/,,yes,yes,,,yes,,,no,prod_sitemap,Present in production /sitemap.xml as of audit fetch
https://www.expatcopilot.com/methodology/,/methodology,trust_legal,app_router:app/methodology/page.tsx,exists_in_codebase,,INDEXABLE,,https://www.expatcopilot.com/methodology/,,yes,yes,,,yes,,,no,prod_sitemap,Present in production /sitemap.xml as of audit fetch
https://www.expatcopilot.com/moving-to-netherlands-from/,/moving-to-netherlands-from,redirect_alias,next.config.js redirects,permanent_redirect,,REDIRECT,,https://www.expatcopilot.com/netherlands/moving-to-netherlands-from/,,no,no,,,n/a,,,no,next_config_redirect+next_config_redirect,permanent redirect → /netherlands/moving-to-netherlands-from/; permanent redirect → /netherlands/moving-to-netherlands-from/
https://www.expatcopilot.com/netherlands/,/netherlands,country_hub,app_router:app/netherlands/page.tsx,exists_in_codebase,200,INDEXABLE,,https://www.expatcopilot.com/netherlands/,200,yes,yes,,,yes,,,no,prod_sitemap,Present in production /sitemap.xml as of audit fetch
https://www.expatcopilot.com/netherlands/after-arriving-netherlands/,/netherlands/moving/guides/[slug],moving_guide,moving/registry.json:after-arriving-netherlands,exists_in_codebase,,INDEXABLE,,https://www.expatcopilot.com/netherlands/after-arriving-netherlands/,,yes,no,,,conditional,,,no,prod_sitemap+moving_registry,Present in production /sitemap.xml as of audit fetch; moving guide publish=undefined; status=
https://www.expatcopilot.com/netherlands/amstelveen/,/netherlands/amstelveen,city_page,app_router:app/netherlands/amstelveen/page.tsx,exists_in_codebase,,INDEXABLE,,https://www.expatcopilot.com/netherlands/amstelveen/,,yes,no,,,yes,,,no,prod_sitemap,Present in production /sitemap.xml as of audit fetch
https://www.expatcopilot.com/netherlands/amsterdam/,/netherlands/amsterdam,city_page,app_router:app/netherlands/amsterdam/page.tsx,exists_in_codebase,200,INDEXABLE,,https://www.expatcopilot.com/netherlands/amsterdam/,200,yes,no,,,yes,,,no,prod_sitemap,Present in production /sitemap.xml as of audit fetch
https://www.expatcopilot.com/netherlands/apostille-documents-netherlands/,/netherlands/moving/guides/[slug],moving_guide,moving/registry.json:apostille-documents-netherlands,exists_in_codebase,,INDEXABLE,,https://www.expatcopilot.com/netherlands/apostille-documents-netherlands/,,yes,no,,,conditional,,,no,prod_sitemap+moving_registry,Present in production /sitemap.xml as of audit fetch; moving guide publish=undefined; status=
https://www.expatcopilot.com/netherlands/arnhem/,/netherlands/arnhem,city_page,app_router:app/netherlands/arnhem/page.tsx,exists_in_codebase,,INDEXABLE,,https://www.expatcopilot.com/netherlands/arnhem/,,yes,no,,,yes,,,no,prod_sitemap,Present in production /sitemap.xml as of audit fetch
https://www.expatcopilot.com/netherlands/average-rent-netherlands/,/netherlands/average-rent-netherlands,guide,,coming-soon,,STAGED_NOT_LAUNCHED,,,,no,no,,,no,,,yes,COMING_SOON_ROUTES,"COMING_SOON_ROUTES title=""Average rent Netherlands"" section=guides"
https://www.expatcopilot.com/netherlands/best-housing-websites-netherlands/,/netherlands/best-housing-websites-netherlands,guide,,coming-soon,,STAGED_NOT_LAUNCHED,,,,no,no,,,no,,,yes,COMING_SOON_ROUTES,"COMING_SOON_ROUTES title=""Best housing websites Netherlands"" section=guides"
https://www.expatcopilot.com/netherlands/best/,/netherlands/best,best_of_monetization,app_router:app/netherlands/best/page.tsx,exists_in_codebase,,UNKNOWN,,,,no,no,,,,,,,,
https://www.expatcopilot.com/netherlands/best/banks-for-expats/,/netherlands/best/[slug],redirect_alias,next.config.js redirects,permanent_redirect,,REDIRECT,,https://www.expatcopilot.com/netherlands/money/banking/best-banks-expats/,,no,no,,,n/a,,,no,next_config_redirect+next_config_redirect,permanent redirect → /netherlands/money/banking/best-banks-expats/; permanent redirect → /netherlands/money/banking/best-banks-expats/
https://www.expatcopilot.com/netherlands/breda/,/netherlands/breda,city_page,app_router:app/netherlands/breda/page.tsx,exists_in_codebase,,INDEXABLE,,https://www.expatcopilot.com/netherlands/breda/,,yes,no,,,yes,,,no,prod_sitemap,Present in production /sitemap.xml as of audit fetch
https://www.expatcopilot.com/netherlands/bringing-pets-to-netherlands/,/netherlands/moving/guides/[slug],moving_guide,moving/registry.json:bringing-pets-to-netherlands,exists_in_codebase,,INDEXABLE,,https://www.expatcopilot.com/netherlands/bringing-pets-to-netherlands/,,yes,no,,,conditional,,,no,prod_sitemap+moving_registry,Present in production /sitemap.xml as of audit fetch; moving guide publish=undefined; status=
https://www.expatcopilot.com/netherlands/bsn-registration/,/netherlands/moving/guides/[slug],moving_guide,moving/registry.json:bsn-registration,exists_in_codebase,,INDEXABLE,,https://www.expatcopilot.com/netherlands/bsn-registration/,,yes,no,,,conditional,,,no,prod_sitemap+moving_registry,Present in production /sitemap.xml as of audit fetch; moving guide publish=undefined; status=
https://www.expatcopilot.com/netherlands/business/starting-a-business-netherlands/,/netherlands/business/starting-a-business-netherlands,guide,app_router:app/netherlands/business/starting-a-business-netherlands/page.tsx,exists_in_codebase,,INDEXABLE,,https://www.expatcopilot.com/netherlands/business/starting-a-business-netherlands/,,yes,yes,,,yes,,,no,prod_sitemap,Present in production /sitemap.xml as of audit fetch
https://www.expatcopilot.com/netherlands/business/zzp-netherlands/,/netherlands/business/zzp-netherlands,guide,app_router:app/netherlands/business/zzp-netherlands/page.tsx,exists_in_codebase,,INDEXABLE,,https://www.expatcopilot.com/netherlands/business/zzp-netherlands/,,yes,yes,,,yes,,,no,prod_sitemap,Present in production /sitemap.xml as of audit fetch
https://www.expatcopilot.com/netherlands/buy-vs-rent-netherlands/,/netherlands/buy-vs-rent-netherlands,redirect_alias,next.config.js redirects,permanent_redirect,,REDIRECT,,https://www.expatcopilot.com/netherlands/housing/buy-vs-rent-netherlands/,,no,no,,,n/a,,,no,next_config_redirect+next_config_redirect,permanent redirect → /netherlands/housing/buy-vs-rent-netherlands/; permanent redirect → /netherlands/housing/buy-vs-rent-netherlands/
https://www.expatcopilot.com/netherlands/buying-house-netherlands/,/netherlands/buying-house-netherlands,redirect_alias,next.config.js redirects,permanent_redirect,,REDIRECT,,https://www.expatcopilot.com/netherlands/housing/buying-a-house-netherlands/,,no,no,,,n/a,,,no,next_config_redirect+next_config_redirect,permanent redirect → /netherlands/housing/buying-a-house-netherlands/; permanent redirect → /netherlands/housing/buying-a-house-netherlands/
https://www.expatcopilot.com/netherlands/can-i-open-bank-account-before-bsn/,/netherlands/can-i-open-bank-account-before-bsn,redirect_alias,next.config.js redirects,permanent_redirect,,REDIRECT,,https://www.expatcopilot.com/netherlands/open-bank-account-netherlands/,,no,no,,,n/a,,,no,next_config_redirect+next_config_redirect,permanent redirect → /netherlands/open-bank-account-netherlands/#bsn; permanent redirect → /netherlands/open-bank-account-netherlands/#bsn
https://www.expatcopilot.com/netherlands/cities/,/netherlands/cities,city_page,app_router:app/netherlands/cities/page.tsx,exists_in_codebase,200,INDEXABLE,"index, follow",https://www.expatcopilot.com/netherlands/cities/,200,yes,yes,,,yes,,,no,prod_sitemap,Present in production /sitemap.xml as of audit fetch
https://www.expatcopilot.com/netherlands/cities/amsterdam-vs-rotterdam/,/netherlands/cities/amsterdam-vs-rotterdam,city_page,app_router:app/netherlands/cities/amsterdam-vs-rotterdam/page.tsx,exists_in_codebase,200,INDEXABLE,"index, follow",https://www.expatcopilot.com/netherlands/cities/amsterdam-vs-rotterdam/,200,yes,yes,,,yes,,,no,prod_sitemap,Present in production /sitemap.xml as of audit fetch
https://www.expatcopilot.com/netherlands/cities/best-cities-for-expats/,/netherlands/cities/best-cities-for-expats,city_page,app_router:app/netherlands/cities/best-cities-for-expats/page.tsx,exists_in_codebase,,INDEXABLE,,https://www.expatcopilot.com/netherlands/cities/best-cities-for-expats/,,yes,yes,,,yes,,,no,prod_sitemap,Present in production /sitemap.xml as of audit fetch
https://www.expatcopilot.com/netherlands/cities/best-cities-for-families/,/netherlands/cities/best-cities-for-families,city_page,app_router:app/netherlands/cities/best-cities-for-families/page.tsx,exists_in_codebase,,INDEXABLE,,https://www.expatcopilot.com/netherlands/cities/best-cities-for-families/,,yes,yes,,,yes,,,no,prod_sitemap,Present in production /sitemap.xml as of audit fetch
https://www.expatcopilot.com/netherlands/cities/best-cities-for-international-professionals/,/netherlands/cities/best-cities-for-international-professionals,city_page,app_router:app/netherlands/cities/best-cities-for-international-professionals/page.tsx,exists_in_codebase,,INDEXABLE,,https://www.expatcopilot.com/netherlands/cities/best-cities-for-international-professionals/,,yes,yes,,,yes,,,no,prod_sitemap,Present in production /sitemap.xml as of audit fetch
https://www.expatcopilot.com/netherlands/cities/cheapest-cities-for-expats/,/netherlands/cities/cheapest-cities-for-expats,city_page,app_router:app/netherlands/cities/cheapest-cities-for-expats/page.tsx,exists_in_codebase,,INDEXABLE,,https://www.expatcopilot.com/netherlands/cities/cheapest-cities-for-expats/,,yes,yes,,,yes,,,no,prod_sitemap,Present in production /sitemap.xml as of audit fetch
https://www.expatcopilot.com/netherlands/cities/compare/,/netherlands/cities/compare,city_page,app_router:app/netherlands/cities/compare/page.tsx,exists_in_codebase,,INDEXABLE,,https://www.expatcopilot.com/netherlands/cities/compare/,,yes,yes,,,yes,,,no,prod_sitemap,Present in production /sitemap.xml as of audit fetch
https://www.expatcopilot.com/netherlands/citizenship/dutch-citizenship/,/netherlands/moving/guides/[slug],moving_guide,moving/registry.json:dutch-citizenship-netherlands,scheduled_live,,INDEXABLE,,https://www.expatcopilot.com/netherlands/citizenship/dutch-citizenship/,,yes,no,,,conditional,2026-08-30,,no,prod_sitemap+SCHEDULED_GUIDES+moving_registry,"Present in production /sitemap.xml as of audit fetch; SCHEDULED_GUIDES title=""Dutch citizenship for expats""; publishDate=2026-08-30; as_of=2026-09-06 past/live; moving guide publish=undefined; status="
https://www.expatcopilot.com/netherlands/citizenship/naturalisation/,/netherlands/citizenship/naturalisation,redirect_alias,next.config.js redirects,permanent_redirect,,REDIRECT,,https://www.expatcopilot.com/netherlands/citizenship/dutch-citizenship/,,no,no,,,n/a,,,no,next_config_redirect+next_config_redirect,permanent redirect → /netherlands/citizenship/dutch-citizenship/; permanent redirect → /netherlands/citizenship/dutch-citizenship/
https://www.expatcopilot.com/netherlands/citizenship/naturalization/,/netherlands/citizenship/naturalization,redirect_alias,next.config.js redirects,permanent_redirect,,REDIRECT,,https://www.expatcopilot.com/netherlands/citizenship/dutch-citizenship/,,no,no,,,n/a,,,no,next_config_redirect+next_config_redirect,permanent redirect → /netherlands/citizenship/dutch-citizenship/; permanent redirect → /netherlands/citizenship/dutch-citizenship/
https://www.expatcopilot.com/netherlands/citizenship/permanent-residence/,/netherlands/moving/guides/[slug],moving_guide,moving/registry.json:permanent-residence-netherlands,scheduled_live,,INDEXABLE,,https://www.expatcopilot.com/netherlands/citizenship/permanent-residence/,,yes,no,,,conditional,2026-08-30,,no,prod_sitemap+SCHEDULED_GUIDES+moving_registry,"Present in production /sitemap.xml as of audit fetch; SCHEDULED_GUIDES title=""Permanent residence in the Netherlands""; publishDate=2026-08-30; as_of=2026-09-06 past/live; moving guide publish=undefined; status="
https://www.expatcopilot.com/netherlands/citizenship/tools/,/netherlands/citizenship/tools,tool_calculator,app_router:app/netherlands/citizenship/tools/page.tsx,exists_in_codebase,,INDEXABLE,,https://www.expatcopilot.com/netherlands/citizenship/tools/,,yes,no,,,yes,,,no,prod_sitemap,Present in production /sitemap.xml as of audit fetch
https://www.expatcopilot.com/netherlands/citizenship/tools/dual-citizenship-awareness-tool/,/netherlands/citizenship/tools/dual-citizenship-awareness-tool,tool_calculator,tools/registry.json:dual-citizenship-awareness-tool,live,,INDEXABLE,,https://www.expatcopilot.com/netherlands/citizenship/tools/dual-citizenship-awareness-tool/,,yes,no,,,yes,,,no,prod_sitemap+tools_registry,Present in production /sitemap.xml as of audit fetch; tool status=live; title=Dual Citizenship Awareness Tool
https://www.expatcopilot.com/netherlands/citizenship/tools/dutch-citizenship-timeline-calculator/,/netherlands/citizenship/tools/dutch-citizenship-timeline-calculator,tool_calculator,tools/registry.json:dutch-citizenship-timeline-calculator,live,,INDEXABLE,,https://www.expatcopilot.com/netherlands/citizenship/tools/dutch-citizenship-timeline-calculator/,,yes,no,,,yes,,,no,prod_sitemap+tools_registry,Present in production /sitemap.xml as of audit fetch; tool status=live; title=Dutch Citizenship Timeline Calculator
https://www.expatcopilot.com/netherlands/citizenship/tools/permanent-residence-eligibility-calculator/,/netherlands/citizenship/tools/permanent-residence-eligibility-calculator,tool_calculator,tools/registry.json:permanent-residence-eligibility-calculator,live,,INDEXABLE,,https://www.expatcopilot.com/netherlands/citizenship/tools/permanent-residence-eligibility-calculator/,,yes,no,,,yes,,,no,prod_sitemap+tools_registry,Present in production /sitemap.xml as of audit fetch; tool status=live; title=Permanent Residence Eligibility Calculator
https://www.expatcopilot.com/netherlands/cost-of-living-calculator/,/netherlands/cost-of-living-calculator,redirect_alias,next.config.js redirects,permanent_redirect,,REDIRECT,,https://www.expatcopilot.com/netherlands/money/tools/cost-of-living-calculator/,,no,no,,,n/a,,,no,next_config_redirect+next_config_redirect,permanent redirect → /netherlands/money/tools/cost-of-living-calculator/; permanent redirect → /netherlands/money/tools/cost-of-living-calculator/
https://www.expatcopilot.com/netherlands/culture/,/netherlands/culture,guide,app_router:app/netherlands/culture/page.tsx,exists_in_codebase,,INDEXABLE,,https://www.expatcopilot.com/netherlands/culture/,,yes,no,,,yes,,,no,prod_sitemap,Present in production /sitemap.xml as of audit fetch
https://www.expatcopilot.com/netherlands/culture/communication-style/,/netherlands/culture/communication-style,guide,,,,INDEXABLE,,https://www.expatcopilot.com/netherlands/culture/communication-style/,,yes,no,,,yes,,,no,prod_sitemap,Present in production /sitemap.xml as of audit fetch
https://www.expatcopilot.com/netherlands/culture/dating-in-the-netherlands/,/netherlands/culture/dating-in-the-netherlands,redirect_alias,next.config.js redirects,permanent_redirect,,REDIRECT,,https://www.expatcopilot.com/netherlands/life/dating-in-the-netherlands/,,no,no,,,n/a,,,no,next_config_redirect+next_config_redirect,permanent redirect → /netherlands/life/dating-in-the-netherlands/; permanent redirect → /netherlands/life/dating-in-the-netherlands/
https://www.expatcopilot.com/netherlands/culture/dutch-birthday-traditions/,/netherlands/culture/dutch-birthday-traditions,redirect_alias,next.config.js redirects,permanent_redirect,,REDIRECT,,https://www.expatcopilot.com/netherlands/life/dutch-birthday-traditions/,,no,no,,,n/a,,,no,next_config_redirect+next_config_redirect,permanent redirect → /netherlands/life/dutch-birthday-traditions/; permanent redirect → /netherlands/life/dutch-birthday-traditions/
https://www.expatcopilot.com/netherlands/culture/dutch-culture/,/netherlands/culture/dutch-culture,redirect_alias,next.config.js redirects,permanent_redirect,,REDIRECT,,https://www.expatcopilot.com/netherlands/life/dutch-culture/,,no,no,,,n/a,,,no,next_config_redirect+next_config_redirect,permanent redirect → /netherlands/life/dutch-culture/; permanent redirect → /netherlands/life/dutch-culture/
https://www.expatcopilot.com/netherlands/culture/dutch-directness-at-work/,/netherlands/culture/dutch-directness-at-work,redirect_alias,next.config.js redirects,permanent_redirect,,REDIRECT,,https://www.expatcopilot.com/netherlands/jobs/dutch-directness-at-work/,,no,no,,,n/a,,,no,next_config_redirect+next_config_redirect,permanent redirect → /netherlands/jobs/dutch-directness-at-work/; permanent redirect → /netherlands/jobs/dutch-directness-at-work/
https://www.expatcopilot.com/netherlands/culture/dutch-etiquette/,/netherlands/culture/dutch-etiquette,redirect_alias,next.config.js redirects,permanent_redirect,,REDIRECT,,https://www.expatcopilot.com/netherlands/life/dutch-etiquette/,,no,no,,,n/a,,,no,next_config_redirect+next_config_redirect,permanent redirect → /netherlands/life/dutch-etiquette/; permanent redirect → /netherlands/life/dutch-etiquette/
https://www.expatcopilot.com/netherlands/culture/dutch-holidays-and-traditions/,/netherlands/culture/dutch-holidays-and-traditions,redirect_alias,next.config.js redirects,permanent_redirect,,REDIRECT,,https://www.expatcopilot.com/netherlands/life/dutch-holidays-and-traditions/,,no,no,,,n/a,,,no,next_config_redirect+next_config_redirect,permanent redirect → /netherlands/life/dutch-holidays-and-traditions/; permanent redirect → /netherlands/life/dutch-holidays-and-traditions/
https://www.expatcopilot.com/netherlands/culture/dutch-humour/,/netherlands/culture/dutch-humour,redirect_alias,next.config.js redirects,permanent_redirect,,REDIRECT,,https://www.expatcopilot.com/netherlands/life/dutch-humour/,,no,no,,,n/a,,,no,next_config_redirect+next_config_redirect,permanent redirect → /netherlands/life/dutch-humour/; permanent redirect → /netherlands/life/dutch-humour/
https://www.expatcopilot.com/netherlands/culture/dutch-language-basics/,/netherlands/culture/dutch-language-basics,guide,,,,INDEXABLE,,https://www.expatcopilot.com/netherlands/culture/dutch-language-basics/,,yes,no,,,yes,,,no,prod_sitemap,Present in production /sitemap.xml as of audit fetch
https://www.expatcopilot.com/netherlands/culture/dutch-social-calendar/,/netherlands/culture/dutch-social-calendar,guide,,,,INDEXABLE,,https://www.expatcopilot.com/netherlands/culture/dutch-social-calendar/,,yes,no,,,yes,,,no,prod_sitemap,Present in production /sitemap.xml as of audit fetch
https://www.expatcopilot.com/netherlands/culture/dutch-social-norms/,/netherlands/culture/dutch-social-norms,redirect_alias,next.config.js redirects,permanent_redirect,,REDIRECT,,https://www.expatcopilot.com/netherlands/life/dutch-social-norms/,,no,no,,,n/a,,,no,next_config_redirect+next_config_redirect,permanent redirect → /netherlands/life/dutch-social-norms/; permanent redirect → /netherlands/life/dutch-social-norms/
https://www.expatcopilot.com/netherlands/culture/dutch-traditions/,/netherlands/culture/dutch-traditions,guide,,,,INDEXABLE,,https://www.expatcopilot.com/netherlands/culture/dutch-traditions/,,yes,no,,,yes,,,no,prod_sitemap,Present in production /sitemap.xml as of audit fetch
https://www.expatcopilot.com/netherlands/culture/dutch-workplace-culture/,/netherlands/culture/dutch-workplace-culture,redirect_alias,next.config.js redirects,permanent_redirect,,REDIRECT,,https://www.expatcopilot.com/netherlands/jobs/dutch-workplace-culture/,,no,no,,,n/a,,,no,next_config_redirect+next_config_redirect,permanent redirect → /netherlands/jobs/dutch-workplace-culture/; permanent redirect → /netherlands/jobs/dutch-workplace-culture/
https://www.expatcopilot.com/netherlands/culture/family-and-school-culture/,/netherlands/culture/family-and-school-culture,guide,,,,INDEXABLE,,https://www.expatcopilot.com/netherlands/culture/family-and-school-culture/,,yes,no,,,yes,,,no,prod_sitemap,Present in production /sitemap.xml as of audit fetch
https://www.expatcopilot.com/netherlands/culture/health-system-culture-basics/,/netherlands/culture/health-system-culture-basics,guide,,,,INDEXABLE,,https://www.expatcopilot.com/netherlands/culture/health-system-culture-basics/,,yes,no,,,yes,,,no,prod_sitemap,Present in production /sitemap.xml as of audit fetch
https://www.expatcopilot.com/netherlands/culture/hierarchy-and-flatness/,/netherlands/culture/hierarchy-and-flatness,guide,,,,INDEXABLE,,https://www.expatcopilot.com/netherlands/culture/hierarchy-and-flatness/,,yes,no,,,yes,,,no,prod_sitemap,Present in production /sitemap.xml as of audit fetch
https://www.expatcopilot.com/netherlands/culture/inburgering-exams/,/netherlands/culture/inburgering-exams,redirect_alias,next.config.js redirects,permanent_redirect,,REDIRECT,,https://www.expatcopilot.com/netherlands/integration/inburgering/,,no,no,,,n/a,,,no,next_config_redirect+next_config_redirect,permanent redirect → /netherlands/integration/inburgering/; permanent redirect → /netherlands/integration/inburgering/
https://www.expatcopilot.com/netherlands/culture/invitations-and-planning/,/netherlands/culture/invitations-and-planning,guide,,,,INDEXABLE,,https://www.expatcopilot.com/netherlands/culture/invitations-and-planning/,,yes,no,,,yes,,,no,prod_sitemap,Present in production /sitemap.xml as of audit fetch
https://www.expatcopilot.com/netherlands/culture/kings-day/,/netherlands/culture/kings-day,guide,,,,INDEXABLE,,https://www.expatcopilot.com/netherlands/culture/kings-day/,,yes,no,,,yes,,,no,prod_sitemap,Present in production /sitemap.xml as of audit fetch
https://www.expatcopilot.com/netherlands/culture/learning-dutch/,/netherlands/culture/learning-dutch,guide,,,,INDEXABLE,,https://www.expatcopilot.com/netherlands/culture/learning-dutch/,,yes,no,,,yes,,,no,prod_sitemap,Present in production /sitemap.xml as of audit fetch
https://www.expatcopilot.com/netherlands/culture/making-dutch-friends/,/netherlands/culture/making-dutch-friends,redirect_alias,next.config.js redirects,permanent_redirect,,REDIRECT,,https://www.expatcopilot.com/netherlands/life/making-dutch-friends/,,no,no,,,n/a,,,no,next_config_redirect+next_config_redirect,permanent redirect → /netherlands/life/making-dutch-friends/; permanent redirect → /netherlands/life/making-dutch-friends/
https://www.expatcopilot.com/netherlands/culture/meetings-and-consensus/,/netherlands/culture/meetings-and-consensus,guide,,,,INDEXABLE,,https://www.expatcopilot.com/netherlands/culture/meetings-and-consensus/,,yes,no,,,yes,,,no,prod_sitemap,Present in production /sitemap.xml as of audit fetch
https://www.expatcopilot.com/netherlands/culture/national-holidays/,/netherlands/culture/national-holidays,guide,,,,INDEXABLE,,https://www.expatcopilot.com/netherlands/culture/national-holidays/,,yes,no,,,yes,,,no,prod_sitemap,Present in production /sitemap.xml as of audit fetch
https://www.expatcopilot.com/netherlands/culture/practice-scenarios/,/netherlands/culture/practice-scenarios,guide,,,,INDEXABLE,,https://www.expatcopilot.com/netherlands/culture/practice-scenarios/,,yes,no,,,yes,,,no,prod_sitemap,Present in production /sitemap.xml as of audit fetch
https://www.expatcopilot.com/netherlands/culture/sinterklaas/,/netherlands/culture/sinterklaas,guide,,,,INDEXABLE,,https://www.expatcopilot.com/netherlands/culture/sinterklaas/,,yes,no,,,yes,,,no,prod_sitemap,Present in production /sitemap.xml as of audit fetch
https://www.expatcopilot.com/netherlands/culture/time-and-boundaries/,/netherlands/culture/time-and-boundaries,guide,,,,INDEXABLE,,https://www.expatcopilot.com/netherlands/culture/time-and-boundaries/,,yes,no,,,yes,,,no,prod_sitemap,Present in production /sitemap.xml as of audit fetch
https://www.expatcopilot.com/netherlands/culture/what-feels-normal-in-dutch-daily-life/,/netherlands/culture/what-feels-normal-in-dutch-daily-life,guide,,,,INDEXABLE,,https://www.expatcopilot.com/netherlands/culture/what-feels-normal-in-dutch-daily-life/,,yes,no,,,yes,,,no,prod_sitemap,Present in production /sitemap.xml as of audit fetch
https://www.expatcopilot.com/netherlands/culture/written-follow-ups/,/netherlands/culture/written-follow-ups,guide,,,,INDEXABLE,,https://www.expatcopilot.com/netherlands/culture/written-follow-ups/,,yes,no,,,yes,,,no,prod_sitemap,Present in production /sitemap.xml as of audit fetch
https://www.expatcopilot.com/netherlands/delft/,/netherlands/delft,city_page,app_router:app/netherlands/delft/page.tsx,exists_in_codebase,,INDEXABLE,,https://www.expatcopilot.com/netherlands/delft/,,yes,no,,,yes,,,no,prod_sitemap,Present in production /sitemap.xml as of audit fetch
https://www.expatcopilot.com/netherlands/digid-awareness/,/netherlands/moving/guides/[slug],moving_guide,moving/registry.json:digid-awareness,exists_in_codebase,,INDEXABLE,,https://www.expatcopilot.com/netherlands/digid-awareness/,,yes,no,,,conditional,,,no,prod_sitemap+moving_registry,Present in production /sitemap.xml as of audit fetch; moving guide publish=undefined; status=
https://www.expatcopilot.com/netherlands/document-legalization-netherlands/,/netherlands/moving/guides/[slug],moving_guide,moving/registry.json:document-legalization-netherlands,exists_in_codebase,,INDEXABLE,,https://www.expatcopilot.com/netherlands/document-legalization-netherlands/,,yes,no,,,conditional,,,no,prod_sitemap+moving_registry,Present in production /sitemap.xml as of audit fetch; moving guide publish=undefined; status=
https://www.expatcopilot.com/netherlands/document-readiness-checker/,/netherlands/document-readiness-checker,tool_calculator,tools/registry.json:document-readiness,live,,INDEXABLE,,https://www.expatcopilot.com/netherlands/document-readiness-checker/,,yes,no,,,yes,,,no,prod_sitemap+tools_registry,Present in production /sitemap.xml as of audit fetch; tool status=live; title=Document Readiness Checker
https://www.expatcopilot.com/netherlands/document-translation-netherlands/,/netherlands/moving/guides/[slug],moving_guide,moving/registry.json:document-translation-netherlands,exists_in_codebase,,INDEXABLE,,https://www.expatcopilot.com/netherlands/document-translation-netherlands/,,yes,no,,,conditional,,,no,prod_sitemap+moving_registry,Present in production /sitemap.xml as of audit fetch; moving guide publish=undefined; status=
https://www.expatcopilot.com/netherlands/documents-needed-to-move-netherlands/,/netherlands/moving/guides/[slug],moving_guide,moving/registry.json:documents-needed-to-move-netherlands,permanent_redirect,,UNKNOWN,,https://www.expatcopilot.com/netherlands/document-readiness-checker/,,no,no,,,conditional,,,no,next_config_redirect+next_config_redirect+moving_registry,permanent redirect → /netherlands/document-readiness-checker/; permanent redirect → /netherlands/document-readiness-checker/; moving guide publish=undefined; status=; Listed in SITEMAP_PERMANENT_REDIRECT_ALIASES (excluded from XML sitemap)
https://www.expatcopilot.com/netherlands/double-taxation-netherlands/,/netherlands/double-taxation-netherlands,redirect_alias,next.config.js redirects,permanent_redirect,,REDIRECT,,https://www.expatcopilot.com/netherlands/taxes/double-taxation-netherlands/,,no,no,,,n/a,,,no,next_config_redirect+next_config_redirect,permanent redirect → /netherlands/taxes/double-taxation-netherlands/; permanent redirect → /netherlands/taxes/double-taxation-netherlands/
https://www.expatcopilot.com/netherlands/dutch-citizenship-netherlands/,/netherlands/dutch-citizenship-netherlands,redirect_alias,next.config.js redirects,permanent_redirect,,REDIRECT,,https://www.expatcopilot.com/netherlands/citizenship/dutch-citizenship/,,no,no,,,n/a,,,no,next_config_redirect+next_config_redirect,permanent redirect → /netherlands/citizenship/dutch-citizenship/; permanent redirect → /netherlands/citizenship/dutch-citizenship/
https://www.expatcopilot.com/netherlands/education/after-school-care-netherlands/,/netherlands/education/after-school-care-netherlands,guide,app_router:app/netherlands/education/after-school-care-netherlands/page.tsx,exists_in_codebase,,INDEXABLE,,https://www.expatcopilot.com/netherlands/education/after-school-care-netherlands/,,yes,no,,,yes,,,no,prod_sitemap,Present in production /sitemap.xml as of audit fetch
https://www.expatcopilot.com/netherlands/education/before-school-care-netherlands/,/netherlands/education/before-school-care-netherlands,guide,app_router:app/netherlands/education/before-school-care-netherlands/page.tsx,exists_in_codebase,,INDEXABLE,,https://www.expatcopilot.com/netherlands/education/before-school-care-netherlands/,,yes,no,,,yes,,,no,prod_sitemap,Present in production /sitemap.xml as of audit fetch
https://www.expatcopilot.com/netherlands/education/daycare-netherlands/,/netherlands/education/daycare-netherlands,guide,app_router:app/netherlands/education/daycare-netherlands/page.tsx,exists_in_codebase,,INDEXABLE,,https://www.expatcopilot.com/netherlands/education/daycare-netherlands/,,yes,no,,,yes,,,no,prod_sitemap,Present in production /sitemap.xml as of audit fetch
https://www.expatcopilot.com/netherlands/education/dutch-schools-netherlands/,/netherlands/education/dutch-schools-netherlands,guide,app_router:app/netherlands/education/dutch-schools-netherlands/page.tsx,exists_in_codebase,,INDEXABLE,,https://www.expatcopilot.com/netherlands/education/dutch-schools-netherlands/,,yes,no,,,yes,,,no,prod_sitemap,Present in production /sitemap.xml as of audit fetch
https://www.expatcopilot.com/netherlands/education/international-schools-netherlands/,/netherlands/education/international-schools-netherlands,guide,app_router:app/netherlands/education/international-schools-netherlands/page.tsx,exists_in_codebase,,INDEXABLE,,https://www.expatcopilot.com/netherlands/education/international-schools-netherlands/,,yes,no,,,yes,,,no,prod_sitemap,Present in production /sitemap.xml as of audit fetch
https://www.expatcopilot.com/netherlands/eindhoven/,/netherlands/eindhoven,city_page,app_router:app/netherlands/eindhoven/page.tsx,exists_in_codebase,,INDEXABLE,,https://www.expatcopilot.com/netherlands/eindhoven/,,yes,no,,,yes,,,no,prod_sitemap,Present in production /sitemap.xml as of audit fetch
https://www.expatcopilot.com/netherlands/electricity-providers-netherlands/,/netherlands/electricity-providers-netherlands,guide,,coming-soon,,STAGED_NOT_LAUNCHED,,,,no,no,,,no,,,yes,COMING_SOON_ROUTES,"COMING_SOON_ROUTES title=""Electricity providers Netherlands"" section=guides"
https://www.expatcopilot.com/netherlands/eu-vs-non-eu-moving-to-netherlands/,/netherlands/moving/guides/[slug],moving_guide,moving/registry.json:eu-vs-non-eu-moving-to-netherlands,exists_in_codebase,,INDEXABLE,,https://www.expatcopilot.com/netherlands/eu-vs-non-eu-moving-to-netherlands/,,yes,no,,,conditional,,,no,prod_sitemap+moving_registry,Present in production /sitemap.xml as of audit fetch; moving guide publish=undefined; status=
https://www.expatcopilot.com/netherlands/expat-housing-agencies-netherlands/,/netherlands/expat-housing-agencies-netherlands,guide,,coming-soon,,STAGED_NOT_LAUNCHED,,,,no,no,,,no,,,yes,COMING_SOON_ROUTES,"COMING_SOON_ROUTES title=""Expat housing agencies Netherlands"" section=guides"
https://www.expatcopilot.com/netherlands/family/child-benefit-netherlands/,/netherlands/family/child-benefit-netherlands,redirect_alias,next.config.js redirects,permanent_redirect,,REDIRECT,,https://www.expatcopilot.com/netherlands/family/child-benefits-netherlands/,,no,no,,,n/a,,,no,next_config_redirect+next_config_redirect,permanent redirect → /netherlands/family/child-benefits-netherlands/; permanent redirect → /netherlands/family/child-benefits-netherlands/
https://www.expatcopilot.com/netherlands/family/child-benefits-netherlands/,/netherlands/family/child-benefits-netherlands,guide,app_router:app/netherlands/family/child-benefits-netherlands/page.tsx,exists_in_codebase,,INDEXABLE,,https://www.expatcopilot.com/netherlands/family/child-benefits-netherlands/,,yes,no,,,yes,,,no,prod_sitemap,Present in production /sitemap.xml as of audit fetch
https://www.expatcopilot.com/netherlands/family/family-activities-netherlands/,/netherlands/family/family-activities-netherlands,guide,scheduledGuides.ts,scheduled_live,,INDEXABLE,,https://www.expatcopilot.com/netherlands/family/family-activities-netherlands/,,yes,no,,,yes,2026-08-20,,no,prod_sitemap+SCHEDULED_GUIDES,"Present in production /sitemap.xml as of audit fetch; SCHEDULED_GUIDES title=""Family activities""; publishDate=2026-08-20; as_of=2026-09-06 past/live"
https://www.expatcopilot.com/netherlands/family/giving-birth-netherlands/,/netherlands/family/giving-birth-netherlands,guide,scheduledGuides.ts,scheduled_live,,INDEXABLE,,https://www.expatcopilot.com/netherlands/family/giving-birth-netherlands/,,yes,no,,,yes,2026-08-24,,no,prod_sitemap+SCHEDULED_GUIDES,"Present in production /sitemap.xml as of audit fetch; SCHEDULED_GUIDES title=""Giving birth""; publishDate=2026-08-24; as_of=2026-09-06 past/live"
https://www.expatcopilot.com/netherlands/family/healthcare-for-children-netherlands/,/netherlands/family/healthcare-for-children-netherlands,guide,app_router:app/netherlands/family/healthcare-for-children-netherlands/page.tsx,exists_in_codebase,,INDEXABLE,,https://www.expatcopilot.com/netherlands/family/healthcare-for-children-netherlands/,,yes,no,,,yes,,,no,prod_sitemap,Present in production /sitemap.xml as of audit fetch
https://www.expatcopilot.com/netherlands/family/parenting-netherlands/,/netherlands/family/parenting-netherlands,guide,app_router:app/netherlands/family/parenting-netherlands/page.tsx,exists_in_codebase,,INDEXABLE,,https://www.expatcopilot.com/netherlands/family/parenting-netherlands/,,yes,no,,,yes,,,no,prod_sitemap,Present in production /sitemap.xml as of audit fetch
https://www.expatcopilot.com/netherlands/family/pets-netherlands/,/netherlands/family/pets-netherlands,guide,scheduledGuides.ts,scheduled_live,,INDEXABLE,,https://www.expatcopilot.com/netherlands/family/pets-netherlands/,,yes,no,,,yes,2026-08-24,,no,prod_sitemap+SCHEDULED_GUIDES,"Present in production /sitemap.xml as of audit fetch; SCHEDULED_GUIDES title=""Pets""; publishDate=2026-08-24; as_of=2026-09-06 past/live"
https://www.expatcopilot.com/netherlands/family/pregnancy-netherlands/,/netherlands/family/pregnancy-netherlands,guide,scheduledGuides.ts,scheduled_live,,INDEXABLE,,https://www.expatcopilot.com/netherlands/family/pregnancy-netherlands/,,yes,no,,,yes,2026-08-20,,no,prod_sitemap+SCHEDULED_GUIDES,"Present in production /sitemap.xml as of audit fetch; SCHEDULED_GUIDES title=""Pregnancy""; publishDate=2026-08-20; as_of=2026-09-06 past/live"
https://www.expatcopilot.com/netherlands/family/tools/,/netherlands/family/tools,tool_calculator,app_router:app/netherlands/family/tools/page.tsx,exists_in_codebase,,INDEXABLE,,https://www.expatcopilot.com/netherlands/family/tools/,,yes,no,,,yes,,,no,prod_sitemap,Present in production /sitemap.xml as of audit fetch
https://www.expatcopilot.com/netherlands/family/tools/childcare-cost-estimator/,/netherlands/family/tools/childcare-cost-estimator,tool_calculator,tools/registry.json:childcare-cost-estimator,live,,INDEXABLE,,https://www.expatcopilot.com/netherlands/family/tools/childcare-cost-estimator/,,yes,no,,,yes,,,no,prod_sitemap+tools_registry,Present in production /sitemap.xml as of audit fetch; tool status=live; title=Childcare Cost Estimator
https://www.expatcopilot.com/netherlands/family/tools/partner-work-eligibility-checker/,/netherlands/family/tools/partner-work-eligibility-checker,tool_calculator,tools/registry.json:partner-work-eligibility-checker,placeholder,200,INTENTIONALLY_NOINDEX,"noindex, nofollow",https://www.expatcopilot.com/netherlands/family/tools/partner-work-eligibility-checker/,200,no,no,,,no,,,yes,tools_registry,tool status=placeholder; title=Partner Work Eligibility Checker
https://www.expatcopilot.com/netherlands/finding-apartment-netherlands/,/netherlands/finding-apartment-netherlands,guide,,coming-soon,,STAGED_NOT_LAUNCHED,,,,no,no,,,no,,,yes,COMING_SOON_ROUTES,"COMING_SOON_ROUTES title=""Finding an apartment Netherlands"" section=guides"
https://www.expatcopilot.com/netherlands/first-30-days-netherlands/,/netherlands/moving/guides/[slug],moving_guide,moving/registry.json:first-30-days-netherlands,exists_in_codebase,,INDEXABLE,,https://www.expatcopilot.com/netherlands/first-30-days-netherlands/,,yes,no,,,conditional,,,no,prod_sitemap+moving_registry,Present in production /sitemap.xml as of audit fetch; moving guide publish=undefined; status=
https://www.expatcopilot.com/netherlands/first-60-days-netherlands/,/netherlands/moving/guides/[slug],moving_guide,moving/registry.json:first-60-days-netherlands,exists_in_codebase,,INDEXABLE,,https://www.expatcopilot.com/netherlands/first-60-days-netherlands/,,yes,no,,,conditional,,,no,prod_sitemap+moving_registry,Present in production /sitemap.xml as of audit fetch; moving guide publish=undefined; status=
https://www.expatcopilot.com/netherlands/first-90-days-netherlands/,/netherlands/moving/guides/[slug],moving_guide,moving/registry.json:first-90-days-netherlands,exists_in_codebase,,INDEXABLE,,https://www.expatcopilot.com/netherlands/first-90-days-netherlands/,,yes,no,,,conditional,,,no,prod_sitemap+moving_registry,Present in production /sitemap.xml as of audit fetch; moving guide publish=undefined; status=
https://www.expatcopilot.com/netherlands/furnished-vs-unfurnished-netherlands/,/netherlands/furnished-vs-unfurnished-netherlands,comparison,,coming-soon,,STAGED_NOT_LAUNCHED,,,,no,no,,,no,,,yes,COMING_SOON_ROUTES,"COMING_SOON_ROUTES title=""Furnished vs unfurnished Netherlands"" section=guides"
https://www.expatcopilot.com/netherlands/government-services/,/netherlands/government-services,guide,app_router:app/netherlands/government-services/page.tsx,coming-soon,,INDEXABLE,,https://www.expatcopilot.com/netherlands/government-services/,,yes,yes,,,no,,,yes,prod_sitemap+COMING_SOON_ROUTES,"Present in production /sitemap.xml as of audit fetch; COMING_SOON_ROUTES title=""Government Services Netherlands"" section=guides"
https://www.expatcopilot.com/netherlands/groningen/,/netherlands/groningen,city_page,app_router:app/netherlands/groningen/page.tsx,exists_in_codebase,,INDEXABLE,,https://www.expatcopilot.com/netherlands/groningen/,,yes,no,,,yes,,,no,prod_sitemap,Present in production /sitemap.xml as of audit fetch
https://www.expatcopilot.com/netherlands/haarlem/,/netherlands/haarlem,city_page,app_router:app/netherlands/haarlem/page.tsx,exists_in_codebase,,INDEXABLE,,https://www.expatcopilot.com/netherlands/haarlem/,,yes,no,,,yes,,,no,prod_sitemap,Present in production /sitemap.xml as of audit fetch
https://www.expatcopilot.com/netherlands/health-insurance-netherlands/,/netherlands/moving/guides/[slug],moving_guide,moving/registry.json:health-insurance-netherlands,exists_in_codebase,,INDEXABLE,,https://www.expatcopilot.com/netherlands/health-insurance-netherlands/,,yes,no,,,conditional,,,no,prod_sitemap+moving_registry,Present in production /sitemap.xml as of audit fetch; moving guide publish=undefined; status=
https://www.expatcopilot.com/netherlands/health/dentists-netherlands/,/netherlands/health/dentists-netherlands,guide,app_router:app/netherlands/health/dentists-netherlands/page.tsx,exists_in_codebase,,INDEXABLE,,https://www.expatcopilot.com/netherlands/health/dentists-netherlands/,,yes,no,,,yes,,,no,prod_sitemap,Present in production /sitemap.xml as of audit fetch
https://www.expatcopilot.com/netherlands/health/emergency-healthcare-netherlands/,/netherlands/health/emergency-healthcare-netherlands,guide,app_router:app/netherlands/health/emergency-healthcare-netherlands/page.tsx,exists_in_codebase,,INDEXABLE,,https://www.expatcopilot.com/netherlands/health/emergency-healthcare-netherlands/,,yes,no,,,yes,,,no,prod_sitemap,Present in production /sitemap.xml as of audit fetch
https://www.expatcopilot.com/netherlands/health/gp-netherlands/,/netherlands/health/gp-netherlands,guide,app_router:app/netherlands/health/gp-netherlands/page.tsx,exists_in_codebase,,INDEXABLE,,https://www.expatcopilot.com/netherlands/health/gp-netherlands/,,yes,no,,,yes,,,no,prod_sitemap,Present in production /sitemap.xml as of audit fetch
https://www.expatcopilot.com/netherlands/health/health-insurance-comparison-netherlands/,/netherlands/health/health-insurance-comparison-netherlands,guide,app_router:app/netherlands/health/health-insurance-comparison-netherlands/page.tsx,coming-soon,,INDEXABLE,,https://www.expatcopilot.com/netherlands/health/health-insurance-comparison-netherlands/,,yes,no,,,no,,,yes,prod_sitemap+COMING_SOON_ROUTES,"Present in production /sitemap.xml as of audit fetch; COMING_SOON_ROUTES title=""Health insurance comparison Netherlands"" section=guides"
https://www.expatcopilot.com/netherlands/health/hospitals-netherlands/,/netherlands/health/hospitals-netherlands,guide,app_router:app/netherlands/health/hospitals-netherlands/page.tsx,exists_in_codebase,,INDEXABLE,,https://www.expatcopilot.com/netherlands/health/hospitals-netherlands/,,yes,no,,,yes,,,no,prod_sitemap,Present in production /sitemap.xml as of audit fetch
https://www.expatcopilot.com/netherlands/health/maternity-care-netherlands/,/netherlands/health/maternity-care-netherlands,guide,app_router:app/netherlands/health/maternity-care-netherlands/page.tsx,exists_in_codebase,,INDEXABLE,,https://www.expatcopilot.com/netherlands/health/maternity-care-netherlands/,,yes,no,,,yes,,,no,prod_sitemap,Present in production /sitemap.xml as of audit fetch
https://www.expatcopilot.com/netherlands/health/mental-healthcare-netherlands/,/netherlands/health/mental-healthcare-netherlands,guide,app_router:app/netherlands/health/mental-healthcare-netherlands/page.tsx,exists_in_codebase,,INDEXABLE,,https://www.expatcopilot.com/netherlands/health/mental-healthcare-netherlands/,,yes,no,,,yes,,,no,prod_sitemap,Present in production /sitemap.xml as of audit fetch
https://www.expatcopilot.com/netherlands/health/pharmacies-netherlands/,/netherlands/health/pharmacies-netherlands,guide,app_router:app/netherlands/health/pharmacies-netherlands/page.tsx,exists_in_codebase,,INDEXABLE,,https://www.expatcopilot.com/netherlands/health/pharmacies-netherlands/,,yes,no,,,yes,,,no,prod_sitemap,Present in production /sitemap.xml as of audit fetch
https://www.expatcopilot.com/netherlands/health/physiotherapy-netherlands/,/netherlands/health/physiotherapy-netherlands,guide,app_router:app/netherlands/health/physiotherapy-netherlands/page.tsx,exists_in_codebase,,INDEXABLE,,https://www.expatcopilot.com/netherlands/health/physiotherapy-netherlands/,,yes,no,,,yes,,,no,prod_sitemap,Present in production /sitemap.xml as of audit fetch
https://www.expatcopilot.com/netherlands/health/prescriptions-netherlands/,/netherlands/health/prescriptions-netherlands,guide,app_router:app/netherlands/health/prescriptions-netherlands/page.tsx,exists_in_codebase,,INDEXABLE,,https://www.expatcopilot.com/netherlands/health/prescriptions-netherlands/,,yes,no,,,yes,,,no,prod_sitemap,Present in production /sitemap.xml as of audit fetch
https://www.expatcopilot.com/netherlands/health/tools/,/netherlands/health/tools,tool_calculator,app_router:app/netherlands/health/tools/page.tsx,exists_in_codebase,,INDEXABLE,,https://www.expatcopilot.com/netherlands/health/tools/,,yes,no,,,yes,,,no,prod_sitemap,Present in production /sitemap.xml as of audit fetch
https://www.expatcopilot.com/netherlands/health/tools/dutch-health-insurance-comparison-tool/,/netherlands/health/tools/dutch-health-insurance-comparison-tool,tool_calculator,tools/registry.json:dutch-health-insurance-comparison-tool,placeholder,308 → /netherlands/health/tools/dutch-health-insurance-comparison-tool,INTENTIONALLY_NOINDEX,"noindex, nofollow",https://www.expatcopilot.com/netherlands/housing/tools/buy-vs-rent-calculator/,200,no,no,,,no,,,yes,tools_registry,tool status=placeholder; title=Dutch Health Insurance Comparison Tool
https://www.expatcopilot.com/netherlands/health/tools/healthcare-allowance-estimator/,/netherlands/health/tools/healthcare-allowance-estimator,redirect_alias,next.config.js redirects,permanent_redirect,,REDIRECT,,https://www.expatcopilot.com/netherlands/taxes/tools/healthcare-allowance-estimator/,,no,no,,,n/a,,,no,next_config_redirect+next_config_redirect,permanent redirect → /netherlands/taxes/tools/healthcare-allowance-estimator/; permanent redirect → /netherlands/taxes/tools/healthcare-allowance-estimator/
https://www.expatcopilot.com/netherlands/health/tools/insurance-comparison-tool/,/netherlands/health/tools/insurance-comparison-tool,tool_calculator,tools/registry.json:insurance-comparison-tool,placeholder,308 → /netherlands/health/tools/insurance-comparison-tool,INTENTIONALLY_NOINDEX,"noindex, nofollow",https://www.expatcopilot.com/netherlands/health/tools/insurance-comparison-tool/,200,no,no,,,no,,,yes,tools_registry,tool status=placeholder; title=Insurance Comparison Tool
https://www.expatcopilot.com/netherlands/housing-netherlands/,/netherlands/housing-netherlands,guide,,coming-soon,200,STAGED_NOT_LAUNCHED,"noindex, nofollow",https://www.expatcopilot.com/netherlands/housing-netherlands/,200,no,no,,,no,,,yes,COMING_SOON_ROUTES,"COMING_SOON_ROUTES title=""Housing in the Netherlands (guide)"" section=guides"
https://www.expatcopilot.com/netherlands/housing/,/netherlands/housing,guide,app_router:app/netherlands/housing/page.tsx,exists_in_codebase,,INDEXABLE,,https://www.expatcopilot.com/netherlands/housing/,,yes,yes,,,yes,,,no,prod_sitemap,Present in production /sitemap.xml as of audit fetch
https://www.expatcopilot.com/netherlands/housing/buy-vs-rent-netherlands/,/netherlands/housing/buy-vs-rent-netherlands,comparison,app_router:app/netherlands/housing/buy-vs-rent-netherlands/page.tsx,exists_in_codebase,,INDEXABLE,,https://www.expatcopilot.com/netherlands/housing/buy-vs-rent-netherlands/,,yes,yes,,,yes,,,no,prod_sitemap,Present in production /sitemap.xml as of audit fetch
https://www.expatcopilot.com/netherlands/housing/buying-a-house-netherlands/,/netherlands/housing/buying-a-house-netherlands,guide,app_router:app/netherlands/housing/buying-a-house-netherlands/page.tsx,exists_in_codebase,,INDEXABLE,,https://www.expatcopilot.com/netherlands/housing/buying-a-house-netherlands/,,yes,yes,,,yes,,,no,prod_sitemap,Present in production /sitemap.xml as of audit fetch
https://www.expatcopilot.com/netherlands/housing/housing-costs-netherlands/,/netherlands/housing/housing-costs-netherlands,guide,app_router:app/netherlands/housing/housing-costs-netherlands/page.tsx,coming-soon,,INDEXABLE,,https://www.expatcopilot.com/netherlands/housing/housing-costs-netherlands/,,yes,no,,,no,,,yes,prod_sitemap+COMING_SOON_ROUTES,"Present in production /sitemap.xml as of audit fetch; COMING_SOON_ROUTES title=""Housing Costs Netherlands"" section=guides"
https://www.expatcopilot.com/netherlands/housing/mortgages-netherlands-expats/,/netherlands/housing/mortgages-netherlands-expats,guide,app_router:app/netherlands/housing/mortgages-netherlands-expats/page.tsx,exists_in_codebase,,INDEXABLE,,https://www.expatcopilot.com/netherlands/housing/mortgages-netherlands-expats/,,yes,yes,,,yes,,,no,prod_sitemap,Present in production /sitemap.xml as of audit fetch
https://www.expatcopilot.com/netherlands/housing/neighborhoods/,/netherlands/housing/neighborhoods,guide,,coming-soon,,STAGED_NOT_LAUNCHED,,,,no,no,,,no,,,yes,COMING_SOON_ROUTES,"COMING_SOON_ROUTES title=""Best Neighborhoods Netherlands"" section=guides"
https://www.expatcopilot.com/netherlands/housing/rental-contracts-and-deposits-netherlands/,/netherlands/housing/rental-contracts-and-deposits-netherlands,guide,app_router:app/netherlands/housing/rental-contracts-and-deposits-netherlands/page.tsx,coming-soon,,INDEXABLE,,https://www.expatcopilot.com/netherlands/housing/rental-contracts-and-deposits-netherlands/,,yes,no,,,no,,,yes,prod_sitemap+COMING_SOON_ROUTES,"Present in production /sitemap.xml as of audit fetch; COMING_SOON_ROUTES title=""Rental Contracts and Deposits Netherlands"" section=guides"
https://www.expatcopilot.com/netherlands/housing/rental-scams-netherlands/,/netherlands/housing/rental-scams-netherlands,guide,app_router:app/netherlands/housing/rental-scams-netherlands/page.tsx,exists_in_codebase,,INDEXABLE,,https://www.expatcopilot.com/netherlands/housing/rental-scams-netherlands/,,yes,no,,,yes,,,no,prod_sitemap,Present in production /sitemap.xml as of audit fetch
https://www.expatcopilot.com/netherlands/housing/renting-in-amstelveen/,/netherlands/housing/renting-in-amstelveen,guide,,coming-soon,,STAGED_NOT_LAUNCHED,,,,no,no,,,no,,,yes,COMING_SOON_ROUTES,"COMING_SOON_ROUTES title=""Renting in Amstelveen"" section=guides"
https://www.expatcopilot.com/netherlands/housing/renting-in-amsterdam/,/netherlands/housing/renting-in-amsterdam,guide,,coming-soon,,STAGED_NOT_LAUNCHED,,,,no,no,,,no,,,yes,COMING_SOON_ROUTES,"COMING_SOON_ROUTES title=""Renting in Amsterdam"" section=guides"
https://www.expatcopilot.com/netherlands/housing/renting-in-delft/,/netherlands/housing/renting-in-delft,guide,,coming-soon,,STAGED_NOT_LAUNCHED,,,,no,no,,,no,,,yes,COMING_SOON_ROUTES,"COMING_SOON_ROUTES title=""Renting in Delft"" section=guides"
https://www.expatcopilot.com/netherlands/housing/renting-in-eindhoven/,/netherlands/housing/renting-in-eindhoven,guide,,coming-soon,,STAGED_NOT_LAUNCHED,,,,no,no,,,no,,,yes,COMING_SOON_ROUTES,"COMING_SOON_ROUTES title=""Renting in Eindhoven"" section=guides"
https://www.expatcopilot.com/netherlands/housing/renting-in-groningen/,/netherlands/housing/renting-in-groningen,guide,,coming-soon,,STAGED_NOT_LAUNCHED,,,,no,no,,,no,,,yes,COMING_SOON_ROUTES,"COMING_SOON_ROUTES title=""Renting in Groningen"" section=guides"
https://www.expatcopilot.com/netherlands/housing/renting-in-haarlem/,/netherlands/housing/renting-in-haarlem,guide,,coming-soon,,STAGED_NOT_LAUNCHED,,,,no,no,,,no,,,yes,COMING_SOON_ROUTES,"COMING_SOON_ROUTES title=""Renting in Haarlem"" section=guides"
https://www.expatcopilot.com/netherlands/housing/renting-in-leiden/,/netherlands/housing/renting-in-leiden,guide,,coming-soon,,STAGED_NOT_LAUNCHED,,,,no,no,,,no,,,yes,COMING_SOON_ROUTES,"COMING_SOON_ROUTES title=""Renting in Leiden"" section=guides"
https://www.expatcopilot.com/netherlands/housing/renting-in-rotterdam/,/netherlands/housing/renting-in-rotterdam,guide,,coming-soon,,STAGED_NOT_LAUNCHED,,,,no,no,,,no,,,yes,COMING_SOON_ROUTES,"COMING_SOON_ROUTES title=""Renting in Rotterdam"" section=guides"
https://www.expatcopilot.com/netherlands/housing/renting-in-the-hague/,/netherlands/housing/renting-in-the-hague,guide,,coming-soon,,STAGED_NOT_LAUNCHED,,,,no,no,,,no,,,yes,COMING_SOON_ROUTES,"COMING_SOON_ROUTES title=""Renting in The Hague"" section=guides"
https://www.expatcopilot.com/netherlands/housing/renting-in-the-netherlands/,/netherlands/housing/renting-in-the-netherlands,guide,,coming-soon,,STAGED_NOT_LAUNCHED,,,,no,no,,,no,,,yes,COMING_SOON_ROUTES,"COMING_SOON_ROUTES title=""Renting in the Netherlands"" section=guides"
https://www.expatcopilot.com/netherlands/housing/renting-in-utrecht/,/netherlands/housing/renting-in-utrecht,guide,,coming-soon,,STAGED_NOT_LAUNCHED,,,,no,no,,,no,,,yes,COMING_SOON_ROUTES,"COMING_SOON_ROUTES title=""Renting in Utrecht"" section=guides"
https://www.expatcopilot.com/netherlands/housing/social-housing-netherlands/,/netherlands/housing/social-housing-netherlands,guide,,coming-soon,,STAGED_NOT_LAUNCHED,,,,no,no,,,no,,,yes,COMING_SOON_ROUTES,"COMING_SOON_ROUTES title=""Social Housing Netherlands"" section=guides"
https://www.expatcopilot.com/netherlands/housing/temporary-accommodation-netherlands/,/netherlands/housing/temporary-accommodation-netherlands,guide,,coming-soon,,STAGED_NOT_LAUNCHED,,,,no,no,,,no,,,yes,COMING_SOON_ROUTES,"COMING_SOON_ROUTES title=""Temporary Accommodation Netherlands"" section=guides"
https://www.expatcopilot.com/netherlands/housing/tools/,/netherlands/housing/tools,tool_calculator,app_router:app/netherlands/housing/tools/page.tsx,exists_in_codebase,,INDEXABLE,,https://www.expatcopilot.com/netherlands/housing/tools/,,yes,no,,,yes,,,no,prod_sitemap,Present in production /sitemap.xml as of audit fetch
https://www.expatcopilot.com/netherlands/housing/tools/buy-vs-rent-calculator/,/netherlands/housing/tools/buy-vs-rent-calculator,tool_calculator,tools/registry.json:buy-vs-rent-calculator,placeholder,200,INTENTIONALLY_NOINDEX,"noindex, nofollow",https://www.expatcopilot.com/netherlands/housing/tools/buy-vs-rent-calculator/,200,no,no,,,no,,,yes,tools_registry,tool status=placeholder; title=Buy vs Rent Calculator
https://www.expatcopilot.com/netherlands/housing/tools/deposit-return-risk-checker/,/netherlands/housing/tools/deposit-return-risk-checker,tool_calculator,tools/registry.json:deposit-return-risk-checker,placeholder,,INTENTIONALLY_NOINDEX,noindex (placeholder factory),,,no,no,,,no,,,yes,tools_registry,tool status=placeholder; title=Deposit Return Risk Checker
https://www.expatcopilot.com/netherlands/housing/tools/dutch-rental-budget-calculator/,/netherlands/housing/tools/dutch-rental-budget-calculator,tool_calculator,tools/registry.json:dutch-rental-budget-calculator,placeholder,,INTENTIONALLY_NOINDEX,noindex (placeholder factory),,,no,no,,,no,,,yes,tools_registry,tool status=placeholder; title=Dutch Rental Budget Calculator
https://www.expatcopilot.com/netherlands/housing/tools/mortgage-comparison-tool/,/netherlands/housing/tools/mortgage-comparison-tool,tool_calculator,tools/registry.json:mortgage-comparison-tool,placeholder,,INTENTIONALLY_NOINDEX,noindex (placeholder factory),,,no,no,,,no,,,yes,tools_registry,tool status=placeholder; title=Mortgage Comparison Tool
https://www.expatcopilot.com/netherlands/housing/tools/mortgage-eligibility-estimator/,/netherlands/housing/tools/mortgage-eligibility-estimator,tool_calculator,tools/registry.json:mortgage-eligibility-estimator,placeholder,,INTENTIONALLY_NOINDEX,noindex (placeholder factory),,,no,no,,,no,,,yes,tools_registry,tool status=placeholder; title=Mortgage Eligibility Estimator
https://www.expatcopilot.com/netherlands/housing/tools/rent-affordability-calculator/,/netherlands/housing/tools/rent-affordability-calculator,tool_calculator,tools/registry.json:rent-affordability-calculator,live,,INDEXABLE,,https://www.expatcopilot.com/netherlands/housing/tools/rent-affordability-calculator/,,yes,no,,,yes,,,no,prod_sitemap+tools_registry,Present in production /sitemap.xml as of audit fetch; tool status=live; title=Rent Affordability Calculator
https://www.expatcopilot.com/netherlands/housing/tools/utilities-services-comparison-tool/,/netherlands/housing/tools/utilities-services-comparison-tool,redirect_alias,next.config.js redirects,permanent_redirect,,REDIRECT,,https://www.expatcopilot.com/netherlands/living/tools/utilities-services-comparison/,,no,no,,,n/a,,,no,next_config_redirect+next_config_redirect,permanent redirect → /netherlands/living/tools/utilities-services-comparison/; permanent redirect → /netherlands/living/tools/utilities-services-comparison/
https://www.expatcopilot.com/netherlands/how-to-rent-in-netherlands/,/netherlands/how-to-rent-in-netherlands,guide,,coming-soon,,STAGED_NOT_LAUNCHED,,,,no,no,,,no,,,yes,COMING_SOON_ROUTES,"COMING_SOON_ROUTES title=""How to rent in the Netherlands"" section=guides"
https://www.expatcopilot.com/netherlands/integration/inburgering/,/netherlands/moving/guides/[slug],moving_guide,moving/registry.json:inburgering-netherlands,scheduled_live,,INDEXABLE,,https://www.expatcopilot.com/netherlands/integration/inburgering/,,yes,no,,,conditional,2026-08-30,,no,prod_sitemap+SCHEDULED_GUIDES+moving_registry,"Present in production /sitemap.xml as of audit fetch; SCHEDULED_GUIDES title=""Inburgering in the Netherlands""; publishDate=2026-08-30; as_of=2026-09-06 past/live; moving guide publish=undefined; status="
https://www.expatcopilot.com/netherlands/integration/tools/,/netherlands/integration/tools,tool_calculator,app_router:app/netherlands/integration/tools/page.tsx,exists_in_codebase,,INDEXABLE,,https://www.expatcopilot.com/netherlands/integration/tools/,,yes,no,,,yes,,,no,prod_sitemap,Present in production /sitemap.xml as of audit fetch
https://www.expatcopilot.com/netherlands/integration/tools/inburgering-exam-readiness-checker/,/netherlands/integration/tools/inburgering-exam-readiness-checker,tool_calculator,tools/registry.json:inburgering-exam-readiness-checker,live,,INDEXABLE,,https://www.expatcopilot.com/netherlands/integration/tools/inburgering-exam-readiness-checker/,,yes,no,,,yes,,,no,prod_sitemap+tools_registry,Present in production /sitemap.xml as of audit fetch; tool status=live; title=Inburgering Exam Readiness Checker
https://www.expatcopilot.com/netherlands/integration/tools/inburgering-timeline-planner/,/netherlands/integration/tools/inburgering-timeline-planner,tool_calculator,tools/registry.json:inburgering-timeline-planner,placeholder,,INTENTIONALLY_NOINDEX,noindex (placeholder factory),,,no,no,,,no,,,yes,tools_registry,tool status=placeholder; title=Inburgering Timeline Planner
https://www.expatcopilot.com/netherlands/integration/tools/integration-requirement-checker/,/netherlands/integration/tools/integration-requirement-checker,tool_calculator,tools/registry.json:integration-requirement-checker,live,,INDEXABLE,,https://www.expatcopilot.com/netherlands/integration/tools/integration-requirement-checker/,,yes,no,,,yes,,,no,prod_sitemap+tools_registry,Present in production /sitemap.xml as of audit fetch; tool status=live; title=Integration Requirement Checker
https://www.expatcopilot.com/netherlands/integration/tools/knm-knowledge-quiz/,/netherlands/integration/tools/knm-knowledge-quiz,tool_calculator,tools/registry.json:knm-knowledge-quiz,placeholder,,INTENTIONALLY_NOINDEX,noindex (placeholder factory),,,no,no,,,no,,,yes,tools_registry,tool status=placeholder; title=KNM Knowledge Quiz
https://www.expatcopilot.com/netherlands/internet-providers-netherlands/,/netherlands/internet-providers-netherlands,guide,,coming-soon,,STAGED_NOT_LAUNCHED,,,,no,no,,,no,,,yes,COMING_SOON_ROUTES,"COMING_SOON_ROUTES title=""Internet providers Netherlands"" section=guides"
https://www.expatcopilot.com/netherlands/inventory-check-rental-netherlands/,/netherlands/inventory-check-rental-netherlands,guide,,coming-soon,,STAGED_NOT_LAUNCHED,,,,no,no,,,no,,,yes,COMING_SOON_ROUTES,"COMING_SOON_ROUTES title=""Inventory check rental Netherlands"" section=guides"
https://www.expatcopilot.com/netherlands/jobs/contractor-vs-employee-netherlands/,/netherlands/jobs/contractor-vs-employee-netherlands,comparison,app_router:app/netherlands/jobs/contractor-vs-employee-netherlands/page.tsx,exists_in_codebase,,INDEXABLE,,https://www.expatcopilot.com/netherlands/jobs/contractor-vs-employee-netherlands/,,yes,yes,,,yes,,,no,prod_sitemap,Present in production /sitemap.xml as of audit fetch
https://www.expatcopilot.com/netherlands/jobs/cover-letter-netherlands/,/netherlands/jobs/cover-letter-netherlands,guide,scheduledGuides.ts,scheduled_future,404,STAGED_NOT_LAUNCHED,,,404,no,no,,,no,2026-10-04,,yes,SCHEDULED_GUIDES,"SCHEDULED_GUIDES title=""Cover letter""; publishDate=2026-10-04; as_of=2026-09-06 future→middleware 404 + nav coming-soon + omit sitemap"
https://www.expatcopilot.com/netherlands/jobs/cv-netherlands/,/netherlands/jobs/cv-netherlands,guide,scheduledGuides.ts,scheduled_future,404,STAGED_NOT_LAUNCHED,,,404,no,no,,,no,2026-10-01,,yes,SCHEDULED_GUIDES,"SCHEDULED_GUIDES title=""CV Netherlands""; publishDate=2026-10-01; as_of=2026-09-06 future→middleware 404 + nav coming-soon + omit sitemap"
https://www.expatcopilot.com/netherlands/jobs/dutch-directness-at-work/,/netherlands/jobs/dutch-directness-at-work,guide,app_router:app/netherlands/jobs/dutch-directness-at-work/page.tsx,exists_in_codebase,,INDEXABLE,,https://www.expatcopilot.com/netherlands/jobs/dutch-directness-at-work/,,yes,yes,,,yes,,,no,prod_sitemap,Present in production /sitemap.xml as of audit fetch
https://www.expatcopilot.com/netherlands/jobs/dutch-workplace-culture/,/netherlands/jobs/dutch-workplace-culture,guide,app_router:app/netherlands/jobs/dutch-workplace-culture/page.tsx,exists_in_codebase,,INDEXABLE,,https://www.expatcopilot.com/netherlands/jobs/dutch-workplace-culture/,,yes,yes,,,yes,,,no,prod_sitemap,Present in production /sitemap.xml as of audit fetch
https://www.expatcopilot.com/netherlands/jobs/employee-benefits-netherlands/,/netherlands/jobs/employee-benefits-netherlands,guide,app_router:app/netherlands/jobs/employee-benefits-netherlands/page.tsx,exists_in_codebase,,INDEXABLE,,https://www.expatcopilot.com/netherlands/jobs/employee-benefits-netherlands/,,yes,yes,,,yes,,,no,prod_sitemap,Present in production /sitemap.xml as of audit fetch
https://www.expatcopilot.com/netherlands/jobs/employee-rights-netherlands/,/netherlands/jobs/employee-rights-netherlands,guide,app_router:app/netherlands/jobs/employee-rights-netherlands/page.tsx,exists_in_codebase,,INDEXABLE,,https://www.expatcopilot.com/netherlands/jobs/employee-rights-netherlands/,,yes,yes,,,yes,,,no,prod_sitemap,Present in production /sitemap.xml as of audit fetch
https://www.expatcopilot.com/netherlands/jobs/employment-contract-netherlands/,/netherlands/jobs/employment-contract-netherlands,guide,app_router:app/netherlands/jobs/employment-contract-netherlands/page.tsx,exists_in_codebase,,INDEXABLE,,https://www.expatcopilot.com/netherlands/jobs/employment-contract-netherlands/,,yes,yes,,,yes,,,no,prod_sitemap,Present in production /sitemap.xml as of audit fetch
https://www.expatcopilot.com/netherlands/jobs/english-speaking-jobs-netherlands/,/netherlands/jobs/english-speaking-jobs-netherlands,guide,scheduledGuides.ts,scheduled_future,404,STAGED_NOT_LAUNCHED,,,404,no,no,,,no,2026-10-07,,yes,SCHEDULED_GUIDES,"SCHEDULED_GUIDES title=""English speaking jobs""; publishDate=2026-10-07; as_of=2026-09-06 future→middleware 404 + nav coming-soon + omit sitemap"
https://www.expatcopilot.com/netherlands/jobs/expat-salary-netherlands/,/netherlands/jobs/expat-salary-netherlands,guide,app_router:app/netherlands/jobs/expat-salary-netherlands/page.tsx,exists_in_codebase,,INDEXABLE,,https://www.expatcopilot.com/netherlands/jobs/expat-salary-netherlands/,,yes,yes,,,yes,,,no,prod_sitemap,Present in production /sitemap.xml as of audit fetch
https://www.expatcopilot.com/netherlands/jobs/finding-jobs-netherlands/,/netherlands/jobs/finding-jobs-netherlands,guide,app_router:app/netherlands/jobs/finding-jobs-netherlands/page.tsx,exists_in_codebase,,INDEXABLE,,https://www.expatcopilot.com/netherlands/jobs/finding-jobs-netherlands/,,yes,yes,,,yes,,,no,prod_sitemap,Present in production /sitemap.xml as of audit fetch
https://www.expatcopilot.com/netherlands/jobs/freelancing-netherlands/,/netherlands/jobs/freelancing-netherlands,guide,app_router:app/netherlands/jobs/freelancing-netherlands/page.tsx,exists_in_codebase,,INDEXABLE,,https://www.expatcopilot.com/netherlands/jobs/freelancing-netherlands/,,yes,yes,,,yes,,,no,prod_sitemap,Present in production /sitemap.xml as of audit fetch
https://www.expatcopilot.com/netherlands/jobs/holiday-allowance-netherlands/,/netherlands/jobs/holiday-allowance-netherlands,guide,app_router:app/netherlands/jobs/holiday-allowance-netherlands/page.tsx,exists_in_codebase,,INDEXABLE,,https://www.expatcopilot.com/netherlands/jobs/holiday-allowance-netherlands/,,yes,yes,,,yes,,,no,prod_sitemap,Present in production /sitemap.xml as of audit fetch
https://www.expatcopilot.com/netherlands/jobs/interview-tips-netherlands/,/netherlands/jobs/interview-tips-netherlands,guide,scheduledGuides.ts,scheduled_future,404,STAGED_NOT_LAUNCHED,,,404,no,no,,,no,2026-10-01,,yes,SCHEDULED_GUIDES,"SCHEDULED_GUIDES title=""Interview tips""; publishDate=2026-10-01; as_of=2026-09-06 future→middleware 404 + nav coming-soon + omit sitemap"
https://www.expatcopilot.com/netherlands/jobs/linkedin-netherlands/,/netherlands/jobs/linkedin-netherlands,guide,scheduledGuides.ts,scheduled_future,404,STAGED_NOT_LAUNCHED,,,404,no,no,,,no,2026-10-04,,yes,SCHEDULED_GUIDES,"SCHEDULED_GUIDES title=""LinkedIn Netherlands""; publishDate=2026-10-04; as_of=2026-09-06 future→middleware 404 + nav coming-soon + omit sitemap"
https://www.expatcopilot.com/netherlands/jobs/minimum-wage-netherlands/,/netherlands/jobs/minimum-wage-netherlands,guide,app_router:app/netherlands/jobs/minimum-wage-netherlands/page.tsx,exists_in_codebase,,INDEXABLE,,https://www.expatcopilot.com/netherlands/jobs/minimum-wage-netherlands/,,yes,yes,,,yes,,,no,prod_sitemap,Present in production /sitemap.xml as of audit fetch
https://www.expatcopilot.com/netherlands/jobs/networking-netherlands/,/netherlands/jobs/networking-netherlands,guide,scheduledGuides.ts,scheduled_future,404,STAGED_NOT_LAUNCHED,,,404,no,no,,,no,2026-10-04,,yes,SCHEDULED_GUIDES,"SCHEDULED_GUIDES title=""Networking Netherlands""; publishDate=2026-10-04; as_of=2026-09-06 future→middleware 404 + nav coming-soon + omit sitemap"
https://www.expatcopilot.com/netherlands/jobs/notice-period-netherlands/,/netherlands/jobs/notice-period-netherlands,guide,app_router:app/netherlands/jobs/notice-period-netherlands/page.tsx,exists_in_codebase,,INDEXABLE,,https://www.expatcopilot.com/netherlands/jobs/notice-period-netherlands/,,yes,yes,,,yes,,,no,prod_sitemap,Present in production /sitemap.xml as of audit fetch
https://www.expatcopilot.com/netherlands/jobs/pension-netherlands-expats/,/netherlands/jobs/pension-netherlands-expats,guide,app_router:app/netherlands/jobs/pension-netherlands-expats/page.tsx,exists_in_codebase,,INDEXABLE,,https://www.expatcopilot.com/netherlands/jobs/pension-netherlands-expats/,,yes,yes,,,yes,,,no,prod_sitemap,Present in production /sitemap.xml as of audit fetch
https://www.expatcopilot.com/netherlands/jobs/probation-period-netherlands/,/netherlands/jobs/probation-period-netherlands,guide,app_router:app/netherlands/jobs/probation-period-netherlands/page.tsx,exists_in_codebase,,INDEXABLE,,https://www.expatcopilot.com/netherlands/jobs/probation-period-netherlands/,,yes,yes,,,yes,,,no,prod_sitemap,Present in production /sitemap.xml as of audit fetch
https://www.expatcopilot.com/netherlands/jobs/recruitment-agencies-netherlands/,/netherlands/jobs/recruitment-agencies-netherlands,guide,scheduledGuides.ts,scheduled_future,404,STAGED_NOT_LAUNCHED,,,404,no,no,,,no,2026-10-07,,yes,SCHEDULED_GUIDES,"SCHEDULED_GUIDES title=""Recruitment agencies""; publishDate=2026-10-07; as_of=2026-09-06 future→middleware 404 + nav coming-soon + omit sitemap"
https://www.expatcopilot.com/netherlands/jobs/remote-work-netherlands/,/netherlands/jobs/remote-work-netherlands,guide,scheduledGuides.ts,scheduled_future,404,STAGED_NOT_LAUNCHED,,,404,no,no,,,no,2026-10-07,,yes,SCHEDULED_GUIDES,"SCHEDULED_GUIDES title=""Remote work""; publishDate=2026-10-07; as_of=2026-09-06 future→middleware 404 + nav coming-soon + omit sitemap"
https://www.expatcopilot.com/netherlands/jobs/salary-negotiation-netherlands/,/netherlands/jobs/salary-negotiation-netherlands,guide,app_router:app/netherlands/jobs/salary-negotiation-netherlands/page.tsx,exists_in_codebase,,INDEXABLE,,https://www.expatcopilot.com/netherlands/jobs/salary-negotiation-netherlands/,,yes,yes,,,yes,,,no,prod_sitemap,Present in production /sitemap.xml as of audit fetch
https://www.expatcopilot.com/netherlands/jobs/starting-consultancy-netherlands/,/netherlands/jobs/starting-consultancy-netherlands,guide,scheduledGuides.ts,scheduled_future,404,STAGED_NOT_LAUNCHED,,,404,no,no,,,no,2026-10-09,,yes,SCHEDULED_GUIDES,"SCHEDULED_GUIDES title=""Starting consultancy""; publishDate=2026-10-09; as_of=2026-09-06 future→middleware 404 + nav coming-soon + omit sitemap"
https://www.expatcopilot.com/netherlands/language/inburgering-exams/,/netherlands/language/inburgering-exams,redirect_alias,next.config.js redirects,permanent_redirect,,REDIRECT,,https://www.expatcopilot.com/netherlands/integration/inburgering/,,no,no,,,n/a,,,no,next_config_redirect+next_config_redirect,permanent redirect → /netherlands/integration/inburgering/; permanent redirect → /netherlands/integration/inburgering/
https://www.expatcopilot.com/netherlands/leaving/,/netherlands/leaving,guide,app_router:app/netherlands/leaving/page.tsx,exists_in_codebase,,INDEXABLE,,https://www.expatcopilot.com/netherlands/leaving/,,yes,yes,,,yes,,,no,prod_sitemap,Present in production /sitemap.xml as of audit fetch
https://www.expatcopilot.com/netherlands/leaving/tools/,/netherlands/leaving/tools,tool_calculator,app_router:app/netherlands/leaving/tools/page.tsx,exists_in_codebase,,INDEXABLE,,https://www.expatcopilot.com/netherlands/leaving/tools/,,yes,no,,,yes,,,no,prod_sitemap,Present in production /sitemap.xml as of audit fetch
https://www.expatcopilot.com/netherlands/leaving/tools/exit-readiness-checker/,/netherlands/leaving/tools/exit-readiness-checker,tool_calculator,tools/registry.json:exit-readiness-checker,live,,INDEXABLE,,https://www.expatcopilot.com/netherlands/leaving/tools/exit-readiness-checker/,,yes,no,,,yes,,,no,prod_sitemap+tools_registry,Present in production /sitemap.xml as of audit fetch; tool status=live; title=Exit Readiness Checker
https://www.expatcopilot.com/netherlands/leaving/tools/repatriation-cost-calculator/,/netherlands/leaving/tools/repatriation-cost-calculator,tool_calculator,tools/registry.json:repatriation-cost-calculator,live,,INDEXABLE,,https://www.expatcopilot.com/netherlands/leaving/tools/repatriation-cost-calculator/,,yes,no,,,yes,,,no,prod_sitemap+tools_registry,Present in production /sitemap.xml as of audit fetch; tool status=live; title=Repatriation Cost Calculator
https://www.expatcopilot.com/netherlands/leiden/,/netherlands/leiden,city_page,app_router:app/netherlands/leiden/page.tsx,exists_in_codebase,,INDEXABLE,,https://www.expatcopilot.com/netherlands/leiden/,,yes,no,,,yes,,,no,prod_sitemap,Present in production /sitemap.xml as of audit fetch
https://www.expatcopilot.com/netherlands/life/,/netherlands/life,guide,app_router:app/netherlands/life/page.tsx,exists_in_codebase,,INDEXABLE,,https://www.expatcopilot.com/netherlands/life/,,yes,yes,,,yes,,,no,prod_sitemap,Present in production /sitemap.xml as of audit fetch
https://www.expatcopilot.com/netherlands/life/community-basics-netherlands/,/netherlands/life/community-basics-netherlands,guide,app_router:app/netherlands/life/community-basics-netherlands/page.tsx,exists_in_codebase,,INDEXABLE,,https://www.expatcopilot.com/netherlands/life/community-basics-netherlands/,,yes,yes,,,yes,,,no,prod_sitemap,Present in production /sitemap.xml as of audit fetch
https://www.expatcopilot.com/netherlands/life/dating-in-the-netherlands/,/netherlands/life/dating-in-the-netherlands,guide,app_router:app/netherlands/life/dating-in-the-netherlands/page.tsx,exists_in_codebase,,INDEXABLE,,https://www.expatcopilot.com/netherlands/life/dating-in-the-netherlands/,,yes,yes,,,yes,,,no,prod_sitemap,Present in production /sitemap.xml as of audit fetch
https://www.expatcopilot.com/netherlands/life/dutch-birthday-traditions/,/netherlands/life/dutch-birthday-traditions,guide,app_router:app/netherlands/life/dutch-birthday-traditions/page.tsx,exists_in_codebase,,INDEXABLE,,https://www.expatcopilot.com/netherlands/life/dutch-birthday-traditions/,,yes,yes,,,yes,,,no,prod_sitemap,Present in production /sitemap.xml as of audit fetch
https://www.expatcopilot.com/netherlands/life/dutch-culture/,/netherlands/life/dutch-culture,guide,app_router:app/netherlands/life/dutch-culture/page.tsx,exists_in_codebase,,INDEXABLE,,https://www.expatcopilot.com/netherlands/life/dutch-culture/,,yes,yes,,,yes,,,no,prod_sitemap,Present in production /sitemap.xml as of audit fetch
https://www.expatcopilot.com/netherlands/life/dutch-etiquette/,/netherlands/life/dutch-etiquette,guide,app_router:app/netherlands/life/dutch-etiquette/page.tsx,exists_in_codebase,,INDEXABLE,,https://www.expatcopilot.com/netherlands/life/dutch-etiquette/,,yes,yes,,,yes,,,no,prod_sitemap,Present in production /sitemap.xml as of audit fetch
https://www.expatcopilot.com/netherlands/life/dutch-holidays-and-traditions/,/netherlands/life/dutch-holidays-and-traditions,guide,app_router:app/netherlands/life/dutch-holidays-and-traditions/page.tsx,exists_in_codebase,,INDEXABLE,,https://www.expatcopilot.com/netherlands/life/dutch-holidays-and-traditions/,,yes,yes,,,yes,,,no,prod_sitemap,Present in production /sitemap.xml as of audit fetch
https://www.expatcopilot.com/netherlands/life/dutch-humour/,/netherlands/life/dutch-humour,guide,app_router:app/netherlands/life/dutch-humour/page.tsx,exists_in_codebase,,INDEXABLE,,https://www.expatcopilot.com/netherlands/life/dutch-humour/,,yes,yes,,,yes,,,no,prod_sitemap,Present in production /sitemap.xml as of audit fetch
https://www.expatcopilot.com/netherlands/life/dutch-social-norms/,/netherlands/life/dutch-social-norms,guide,app_router:app/netherlands/life/dutch-social-norms/page.tsx,exists_in_codebase,,INDEXABLE,,https://www.expatcopilot.com/netherlands/life/dutch-social-norms/,,yes,yes,,,yes,,,no,prod_sitemap,Present in production /sitemap.xml as of audit fetch
https://www.expatcopilot.com/netherlands/life/expat-loneliness-netherlands/,/netherlands/life/expat-loneliness-netherlands,guide,app_router:app/netherlands/life/expat-loneliness-netherlands/page.tsx,exists_in_codebase,,INDEXABLE,,https://www.expatcopilot.com/netherlands/life/expat-loneliness-netherlands/,,yes,no,,,yes,,,no,prod_sitemap,Present in production /sitemap.xml as of audit fetch
https://www.expatcopilot.com/netherlands/life/making-dutch-friends/,/netherlands/life/making-dutch-friends,guide,app_router:app/netherlands/life/making-dutch-friends/page.tsx,exists_in_codebase,,INDEXABLE,,https://www.expatcopilot.com/netherlands/life/making-dutch-friends/,,yes,yes,,,yes,,,no,prod_sitemap,Present in production /sitemap.xml as of audit fetch
https://www.expatcopilot.com/netherlands/life/making-friends/,/netherlands/life/making-friends,redirect_alias,next.config.js redirects,permanent_redirect,,REDIRECT,,https://www.expatcopilot.com/netherlands/life/making-dutch-friends/,,no,no,,,n/a,,,no,next_config_redirect+next_config_redirect,permanent redirect → /netherlands/life/making-dutch-friends/; permanent redirect → /netherlands/life/making-dutch-friends/
https://www.expatcopilot.com/netherlands/living/,/netherlands/living,guide,app_router:app/netherlands/living/page.tsx,exists_in_codebase,,INDEXABLE,,https://www.expatcopilot.com/netherlands/living/,,yes,no,,,yes,,,no,prod_sitemap,Present in production /sitemap.xml as of audit fetch
https://www.expatcopilot.com/netherlands/living/apps/,/netherlands/living/apps,guide,app_router:app/netherlands/living/apps/page.tsx,exists_in_codebase,,INDEXABLE,,https://www.expatcopilot.com/netherlands/living/apps/,,yes,yes,,,yes,,,no,prod_sitemap,Present in production /sitemap.xml as of audit fetch
https://www.expatcopilot.com/netherlands/living/asian-supermarkets-netherlands/,/netherlands/living/asian-supermarkets-netherlands,guide,scheduledGuides.ts,scheduled_future,404,STAGED_NOT_LAUNCHED,,,404,no,no,,,no,2026-09-21,,yes,SCHEDULED_GUIDES,"SCHEDULED_GUIDES title=""Asian supermarkets""; publishDate=2026-09-21; as_of=2026-09-06 future→middleware 404 + nav coming-soon + omit sitemap"
https://www.expatcopilot.com/netherlands/living/beach-towns-netherlands/,/netherlands/living/beach-towns-netherlands,guide,scheduledGuides.ts,scheduled_future,404,STAGED_NOT_LAUNCHED,,,404,no,no,,,no,2026-10-17,,yes,SCHEDULED_GUIDES,"SCHEDULED_GUIDES title=""Beach towns""; publishDate=2026-10-17; as_of=2026-09-06 future→middleware 404 + nav coming-soon + omit sitemap"
https://www.expatcopilot.com/netherlands/living/best-supermarkets-netherlands/,/netherlands/living/best-supermarkets-netherlands,guide,scheduledGuides.ts,scheduled_future,404,STAGED_NOT_LAUNCHED,,,404,no,no,,,no,2026-09-18,,yes,SCHEDULED_GUIDES,"SCHEDULED_GUIDES title=""Best supermarkets""; publishDate=2026-09-18; as_of=2026-09-06 future→middleware 404 + nav coming-soon + omit sitemap"
https://www.expatcopilot.com/netherlands/living/bike-sharing-netherlands/,/netherlands/living/bike-sharing-netherlands,guide,scheduledGuides.ts,scheduled_future,,STAGED_NOT_LAUNCHED,,,,no,no,,,no,2026-09-13,,yes,SCHEDULED_GUIDES,"SCHEDULED_GUIDES title=""Bike sharing""; publishDate=2026-09-13; as_of=2026-09-06 future→middleware 404 + nav coming-soon + omit sitemap"
https://www.expatcopilot.com/netherlands/living/buying-a-car-netherlands/,/netherlands/living/buying-a-car-netherlands,guide,scheduledGuides.ts,scheduled_live,,INDEXABLE,,https://www.expatcopilot.com/netherlands/living/buying-a-car-netherlands/,,yes,no,,,yes,2026-08-26,,no,prod_sitemap+SCHEDULED_GUIDES,"Present in production /sitemap.xml as of audit fetch; SCHEDULED_GUIDES title=""Buying a car""; publishDate=2026-08-26; as_of=2026-09-06 past/live"
https://www.expatcopilot.com/netherlands/living/car-insurance-netherlands/,/netherlands/living/car-insurance-netherlands,guide,scheduledGuides.ts,scheduled_live,,INDEXABLE,,https://www.expatcopilot.com/netherlands/living/car-insurance-netherlands/,,yes,no,,,yes,2026-08-29,,no,prod_sitemap+SCHEDULED_GUIDES,"Present in production /sitemap.xml as of audit fetch; SCHEDULED_GUIDES title=""Car insurance""; publishDate=2026-08-29; as_of=2026-09-06 past/live"
https://www.expatcopilot.com/netherlands/living/car-sharing-netherlands/,/netherlands/living/car-sharing-netherlands,guide,scheduledGuides.ts,scheduled_live,,INDEXABLE,,https://www.expatcopilot.com/netherlands/living/car-sharing-netherlands/,,yes,no,,,yes,2026-09-04,,no,prod_sitemap+SCHEDULED_GUIDES,"Present in production /sitemap.xml as of audit fetch; SCHEDULED_GUIDES title=""Car sharing""; publishDate=2026-09-04; as_of=2026-09-06 past/live"
https://www.expatcopilot.com/netherlands/living/castles-netherlands/,/netherlands/living/castles-netherlands,guide,scheduledGuides.ts,scheduled_future,,STAGED_NOT_LAUNCHED,,,,no,no,,,no,2026-10-17,,yes,SCHEDULED_GUIDES,"SCHEDULED_GUIDES title=""Castles""; publishDate=2026-10-17; as_of=2026-09-06 future→middleware 404 + nav coming-soon + omit sitemap"
https://www.expatcopilot.com/netherlands/living/cheap-groceries-netherlands/,/netherlands/living/cheap-groceries-netherlands,guide,scheduledGuides.ts,scheduled_future,,STAGED_NOT_LAUNCHED,,,,no,no,,,no,2026-09-21,,yes,SCHEDULED_GUIDES,"SCHEDULED_GUIDES title=""Cheap groceries""; publishDate=2026-09-21; as_of=2026-09-06 future→middleware 404 + nav coming-soon + omit sitemap"
https://www.expatcopilot.com/netherlands/living/community-basics/,/netherlands/living/community-basics,redirect_alias,next.config.js redirects,permanent_redirect,,REDIRECT,,https://www.expatcopilot.com/netherlands/life/community-basics-netherlands/,,no,no,,,n/a,,,no,next_config_redirect+next_config_redirect,permanent redirect → /netherlands/life/community-basics-netherlands/; permanent redirect → /netherlands/life/community-basics-netherlands/
https://www.expatcopilot.com/netherlands/living/culture-etiquette/,/netherlands/living/culture-etiquette,redirect_alias,next.config.js redirects,permanent_redirect,,REDIRECT,,https://www.expatcopilot.com/netherlands/life/dutch-etiquette/,,no,yes,,,n/a,,,no,next_config_redirect+next_config_redirect,permanent redirect → /netherlands/life/dutch-etiquette/; permanent redirect → /netherlands/life/dutch-etiquette/
https://www.expatcopilot.com/netherlands/living/cycling-netherlands/,/netherlands/living/cycling-netherlands,guide,scheduledGuides.ts,scheduled_future,,STAGED_NOT_LAUNCHED,,,,no,no,,,no,2026-09-13,,yes,SCHEDULED_GUIDES,"SCHEDULED_GUIDES title=""Cycling""; publishDate=2026-09-13; as_of=2026-09-06 future→middleware 404 + nav coming-soon + omit sitemap"
https://www.expatcopilot.com/netherlands/living/daily-life/,/netherlands/living/daily-life,guide,app_router:app/netherlands/living/daily-life/page.tsx,exists_in_codebase,,INDEXABLE,,https://www.expatcopilot.com/netherlands/living/daily-life/,,yes,no,,,yes,,,no,prod_sitemap,Present in production /sitemap.xml as of audit fetch
https://www.expatcopilot.com/netherlands/living/day-trips-netherlands/,/netherlands/living/day-trips-netherlands,guide,scheduledGuides.ts,scheduled_future,,STAGED_NOT_LAUNCHED,,,,no,no,,,no,2026-10-19,,yes,SCHEDULED_GUIDES,"SCHEDULED_GUIDES title=""Day trips""; publishDate=2026-10-19; as_of=2026-09-06 future→middleware 404 + nav coming-soon + omit sitemap"
https://www.expatcopilot.com/netherlands/living/digid-awareness/,/netherlands/living/digid-awareness,redirect_alias,next.config.js redirects,permanent_redirect,,REDIRECT,,https://www.expatcopilot.com/netherlands/digid-awareness/,,no,no,,,n/a,,,no,next_config_redirect+next_config_redirect,permanent redirect → /netherlands/digid-awareness/; permanent redirect → /netherlands/digid-awareness/
https://www.expatcopilot.com/netherlands/living/driving-licence-exchange-netherlands/,/netherlands/living/driving-licence-exchange-netherlands,guide,scheduledGuides.ts,scheduled_live,,INDEXABLE,,https://www.expatcopilot.com/netherlands/living/driving-licence-exchange-netherlands/,,yes,no,,,yes,2026-08-26,,no,prod_sitemap+SCHEDULED_GUIDES,"Present in production /sitemap.xml as of audit fetch; SCHEDULED_GUIDES title=""Driving licence exchange""; publishDate=2026-08-26; as_of=2026-09-06 past/live"
https://www.expatcopilot.com/netherlands/living/dutch-supermarkets/,/netherlands/living/dutch-supermarkets,guide,scheduledGuides.ts,scheduled_future,,STAGED_NOT_LAUNCHED,,,,no,no,,,no,2026-09-18,,yes,SCHEDULED_GUIDES,"SCHEDULED_GUIDES title=""Dutch supermarkets""; publishDate=2026-09-18; as_of=2026-09-06 future→middleware 404 + nav coming-soon + omit sitemap"
https://www.expatcopilot.com/netherlands/living/electric-vehicles-netherlands/,/netherlands/living/electric-vehicles-netherlands,guide,scheduledGuides.ts,scheduled_live,,INDEXABLE,,https://www.expatcopilot.com/netherlands/living/electric-vehicles-netherlands/,,yes,no,,,yes,2026-09-04,,no,prod_sitemap+SCHEDULED_GUIDES,"Present in production /sitemap.xml as of audit fetch; SCHEDULED_GUIDES title=""Electric vehicles""; publishDate=2026-09-04; as_of=2026-09-06 past/live"
https://www.expatcopilot.com/netherlands/living/emergencies-safety/,/netherlands/living/emergencies-safety,guide,app_router:app/netherlands/living/emergencies-safety/page.tsx,exists_in_codebase,,INDEXABLE,,https://www.expatcopilot.com/netherlands/living/emergencies-safety/,,yes,no,,,yes,,,no,prod_sitemap,Present in production /sitemap.xml as of audit fetch
https://www.expatcopilot.com/netherlands/living/emergencies/,/netherlands/living/emergencies,guide,app_router:app/netherlands/living/emergencies/page.tsx,exists_in_codebase,,UNKNOWN,,,,no,no,,,,,,,,
https://www.expatcopilot.com/netherlands/living/energy-and-water/,/netherlands/living/energy-and-water,redirect_alias,next.config.js redirects,permanent_redirect,,REDIRECT,,https://www.expatcopilot.com/netherlands/utilities/energy-and-water-netherlands/,,no,no,,,n/a,,,no,next_config_redirect+next_config_redirect,permanent redirect → /netherlands/utilities/energy-and-water-netherlands/; permanent redirect → /netherlands/utilities/energy-and-water-netherlands/
https://www.expatcopilot.com/netherlands/living/food-delivery-netherlands/,/netherlands/living/food-delivery-netherlands,guide,scheduledGuides.ts,scheduled_future,,STAGED_NOT_LAUNCHED,,,,no,no,,,no,2026-09-27,,yes,SCHEDULED_GUIDES,"SCHEDULED_GUIDES title=""Food delivery""; publishDate=2026-09-27; as_of=2026-09-06 future→middleware 404 + nav coming-soon + omit sitemap"
https://www.expatcopilot.com/netherlands/living/getting-around/,/netherlands/living/getting-around,guide,app_router:app/netherlands/living/getting-around/page.tsx,exists_in_codebase,,INDEXABLE,,https://www.expatcopilot.com/netherlands/living/getting-around/,,yes,yes,,,yes,,,no,prod_sitemap,Present in production /sitemap.xml as of audit fetch
https://www.expatcopilot.com/netherlands/living/government-portals-overview/,/netherlands/living/government-portals-overview,guide,,,,INDEXABLE,,https://www.expatcopilot.com/netherlands/living/government-portals-overview/,,yes,no,,,yes,,,no,prod_sitemap,Present in production /sitemap.xml as of audit fetch
https://www.expatcopilot.com/netherlands/living/healthcare-basics/,/netherlands/living/healthcare-basics,guide,app_router:app/netherlands/living/healthcare-basics/page.tsx,exists_in_codebase,,INDEXABLE,,https://www.expatcopilot.com/netherlands/living/healthcare-basics/,,yes,yes,,,yes,,,no,prod_sitemap,Present in production /sitemap.xml as of audit fetch
https://www.expatcopilot.com/netherlands/living/hidden-gems-netherlands/,/netherlands/living/hidden-gems-netherlands,guide,scheduledGuides.ts,scheduled_future,,STAGED_NOT_LAUNCHED,,,,no,no,,,no,2026-10-15,,yes,SCHEDULED_GUIDES,"SCHEDULED_GUIDES title=""Hidden gems""; publishDate=2026-10-15; as_of=2026-09-06 future→middleware 404 + nav coming-soon + omit sitemap"
https://www.expatcopilot.com/netherlands/living/hiking-netherlands/,/netherlands/living/hiking-netherlands,guide,scheduledGuides.ts,scheduled_future,,STAGED_NOT_LAUNCHED,,,,no,no,,,no,2026-10-12,,yes,SCHEDULED_GUIDES,"SCHEDULED_GUIDES title=""Hiking""; publishDate=2026-10-12; as_of=2026-09-06 future→middleware 404 + nav coming-soon + omit sitemap"
https://www.expatcopilot.com/netherlands/living/housing-costs/,/netherlands/living/housing-costs,redirect_alias,next.config.js redirects,permanent_redirect,,REDIRECT,,https://www.expatcopilot.com/netherlands/housing/housing-costs-netherlands/,,no,no,,,n/a,,,no,next_config_redirect+next_config_redirect,permanent redirect → /netherlands/housing/housing-costs-netherlands/; permanent redirect → /netherlands/housing/housing-costs-netherlands/
https://www.expatcopilot.com/netherlands/living/housing/,/netherlands/living/housing,redirect_alias,next.config.js redirects,permanent_redirect,,REDIRECT,,https://www.expatcopilot.com/netherlands/housing/,,no,no,,,n/a,,,no,next_config_redirect+next_config_redirect,permanent redirect → /netherlands/housing/; permanent redirect → /netherlands/housing/
https://www.expatcopilot.com/netherlands/living/indian-supermarkets-netherlands/,/netherlands/living/indian-supermarkets-netherlands,guide,scheduledGuides.ts,scheduled_future,,STAGED_NOT_LAUNCHED,,,,no,no,,,no,2026-09-24,,yes,SCHEDULED_GUIDES,"SCHEDULED_GUIDES title=""Indian supermarkets""; publishDate=2026-09-24; as_of=2026-09-06 future→middleware 404 + nav coming-soon + omit sitemap"
https://www.expatcopilot.com/netherlands/living/international-supermarkets-netherlands/,/netherlands/living/international-supermarkets-netherlands,guide,scheduledGuides.ts,scheduled_future,,STAGED_NOT_LAUNCHED,,,,no,no,,,no,2026-09-21,,yes,SCHEDULED_GUIDES,"SCHEDULED_GUIDES title=""International supermarkets""; publishDate=2026-09-21; as_of=2026-09-06 future→middleware 404 + nav coming-soon + omit sitemap"
https://www.expatcopilot.com/netherlands/living/internet-and-mobile/,/netherlands/living/internet-and-mobile,redirect_alias,next.config.js redirects,permanent_redirect,,REDIRECT,,https://www.expatcopilot.com/netherlands/utilities/internet-and-mobile-netherlands/,,no,no,,,n/a,,,no,next_config_redirect+next_config_redirect,permanent redirect → /netherlands/utilities/internet-and-mobile-netherlands/; permanent redirect → /netherlands/utilities/internet-and-mobile-netherlands/
https://www.expatcopilot.com/netherlands/living/language/,/netherlands/living/language,guide,app_router:app/netherlands/living/language/page.tsx,exists_in_codebase,,INDEXABLE,,https://www.expatcopilot.com/netherlands/living/language/,,yes,yes,,,yes,,,no,prod_sitemap,Present in production /sitemap.xml as of audit fetch
https://www.expatcopilot.com/netherlands/living/lease-cars-netherlands/,/netherlands/living/lease-cars-netherlands,guide,scheduledGuides.ts,scheduled_live,,INDEXABLE,,https://www.expatcopilot.com/netherlands/living/lease-cars-netherlands/,,yes,no,,,yes,2026-09-04,,no,prod_sitemap+SCHEDULED_GUIDES,"Present in production /sitemap.xml as of audit fetch; SCHEDULED_GUIDES title=""Lease cars""; publishDate=2026-09-04; as_of=2026-09-06 past/live"
https://www.expatcopilot.com/netherlands/living/making-dutch-friends/,/netherlands/living/making-dutch-friends,redirect_alias,next.config.js redirects,permanent_redirect,,REDIRECT,,https://www.expatcopilot.com/netherlands/life/making-dutch-friends/,,no,no,,,n/a,,,no,next_config_redirect+next_config_redirect,permanent redirect → /netherlands/life/making-dutch-friends/; permanent redirect → /netherlands/life/making-dutch-friends/
https://www.expatcopilot.com/netherlands/living/meal-kits-netherlands/,/netherlands/living/meal-kits-netherlands,guide,scheduledGuides.ts,scheduled_future,,STAGED_NOT_LAUNCHED,,,,no,no,,,no,2026-09-27,,yes,SCHEDULED_GUIDES,"SCHEDULED_GUIDES title=""Meal kits""; publishDate=2026-09-27; as_of=2026-09-06 future→middleware 404 + nav coming-soon + omit sitemap"
https://www.expatcopilot.com/netherlands/living/metro-netherlands/,/netherlands/living/metro-netherlands,guide,scheduledGuides.ts,scheduled_future,,STAGED_NOT_LAUNCHED,,,,no,no,,,no,2026-09-10,,yes,SCHEDULED_GUIDES,"SCHEDULED_GUIDES title=""Metro""; publishDate=2026-09-10; as_of=2026-09-06 future→middleware 404 + nav coming-soon + omit sitemap"
https://www.expatcopilot.com/netherlands/living/mot-apk-netherlands/,/netherlands/living/mot-apk-netherlands,guide,scheduledGuides.ts,scheduled_live,,INDEXABLE,,https://www.expatcopilot.com/netherlands/living/mot-apk-netherlands/,,yes,no,,,yes,2026-09-01,,no,prod_sitemap+SCHEDULED_GUIDES,"Present in production /sitemap.xml as of audit fetch; SCHEDULED_GUIDES title=""MOT / APK""; publishDate=2026-09-01; as_of=2026-09-06 past/live"
https://www.expatcopilot.com/netherlands/living/municipality-services/,/netherlands/living/municipality-services,redirect_alias,next.config.js redirects,permanent_redirect,,REDIRECT,,https://www.expatcopilot.com/netherlands/practical-life/municipality-services-netherlands/,,no,no,,,n/a,,,no,next_config_redirect+next_config_redirect,permanent redirect → /netherlands/practical-life/municipality-services-netherlands/; permanent redirect → /netherlands/practical-life/municipality-services-netherlands/
https://www.expatcopilot.com/netherlands/living/museums-netherlands/,/netherlands/living/museums-netherlands,guide,scheduledGuides.ts,scheduled_future,,STAGED_NOT_LAUNCHED,,,,no,no,,,no,2026-10-15,,yes,SCHEDULED_GUIDES,"SCHEDULED_GUIDES title=""Museums""; publishDate=2026-10-15; as_of=2026-09-06 future→middleware 404 + nav coming-soon + omit sitemap"
https://www.expatcopilot.com/netherlands/living/national-parks-netherlands/,/netherlands/living/national-parks-netherlands,guide,scheduledGuides.ts,scheduled_future,,STAGED_NOT_LAUNCHED,,,,no,no,,,no,2026-10-12,,yes,SCHEDULED_GUIDES,"SCHEDULED_GUIDES title=""National parks""; publishDate=2026-10-12; as_of=2026-09-06 future→middleware 404 + nav coming-soon + omit sitemap"
https://www.expatcopilot.com/netherlands/living/ns-trains-netherlands/,/netherlands/living/ns-trains-netherlands,guide,scheduledGuides.ts,scheduled_future,,STAGED_NOT_LAUNCHED,,,,no,no,,,no,2026-09-07,,yes,SCHEDULED_GUIDES,"SCHEDULED_GUIDES title=""NS trains""; publishDate=2026-09-07; as_of=2026-09-06 future→middleware 404 + nav coming-soon + omit sitemap"
https://www.expatcopilot.com/netherlands/living/ov-chipkaart-netherlands/,/netherlands/living/ov-chipkaart-netherlands,guide,scheduledGuides.ts,scheduled_future,,STAGED_NOT_LAUNCHED,,,,no,no,,,no,2026-09-07,,yes,SCHEDULED_GUIDES,"SCHEDULED_GUIDES title=""OV-chipkaart""; publishDate=2026-09-07; as_of=2026-09-06 future→middleware 404 + nav coming-soon + omit sitemap"
https://www.expatcopilot.com/netherlands/living/ovpay-netherlands/,/netherlands/living/ovpay-netherlands,guide,scheduledGuides.ts,scheduled_future,,STAGED_NOT_LAUNCHED,,,,no,no,,,no,2026-09-07,,yes,SCHEDULED_GUIDES,"SCHEDULED_GUIDES title=""OVpay""; publishDate=2026-09-07; as_of=2026-09-06 future→middleware 404 + nav coming-soon + omit sitemap"
https://www.expatcopilot.com/netherlands/living/parking-and-local-permits/,/netherlands/living/parking-and-local-permits,redirect_alias,next.config.js redirects,permanent_redirect,,REDIRECT,,https://www.expatcopilot.com/netherlands/practical-life/parking-and-local-permits-netherlands/,,no,no,,,n/a,,,no,next_config_redirect+next_config_redirect,permanent redirect → /netherlands/practical-life/parking-and-local-permits-netherlands/; permanent redirect → /netherlands/practical-life/parking-and-local-permits-netherlands/
https://www.expatcopilot.com/netherlands/living/payments/,/netherlands/living/payments,guide,app_router:app/netherlands/living/payments/page.tsx,exists_in_codebase,,INDEXABLE,,https://www.expatcopilot.com/netherlands/living/payments/,,yes,no,,,yes,,,no,prod_sitemap,Present in production /sitemap.xml as of audit fetch
https://www.expatcopilot.com/netherlands/living/privacy-and-safety-basics/,/netherlands/living/privacy-and-safety-basics,redirect_alias,next.config.js redirects,permanent_redirect,,REDIRECT,,https://www.expatcopilot.com/netherlands/practical-life/privacy-and-safety-basics-netherlands/,,no,no,,,n/a,,,no,next_config_redirect+next_config_redirect,permanent redirect → /netherlands/practical-life/privacy-and-safety-basics-netherlands/; permanent redirect → /netherlands/practical-life/privacy-and-safety-basics-netherlands/
https://www.expatcopilot.com/netherlands/living/regional-buses-netherlands/,/netherlands/living/regional-buses-netherlands,guide,scheduledGuides.ts,scheduled_future,,STAGED_NOT_LAUNCHED,,,,no,no,,,no,2026-09-10,,yes,SCHEDULED_GUIDES,"SCHEDULED_GUIDES title=""Regional buses""; publishDate=2026-09-10; as_of=2026-09-06 future→middleware 404 + nav coming-soon + omit sitemap"
https://www.expatcopilot.com/netherlands/living/registering-your-address/,/netherlands/living/registering-your-address,redirect_alias,next.config.js redirects,permanent_redirect,,REDIRECT,,https://www.expatcopilot.com/netherlands/practical-life/registering-your-address-netherlands/,,no,no,,,n/a,,,no,next_config_redirect+next_config_redirect,permanent redirect → /netherlands/practical-life/registering-your-address-netherlands/; permanent redirect → /netherlands/practical-life/registering-your-address-netherlands/
https://www.expatcopilot.com/netherlands/living/rental-contracts-and-deposits/,/netherlands/living/rental-contracts-and-deposits,redirect_alias,next.config.js redirects,permanent_redirect,,REDIRECT,,https://www.expatcopilot.com/netherlands/housing/rental-contracts-and-deposits-netherlands/,,no,no,,,n/a,,,no,next_config_redirect+next_config_redirect,permanent redirect → /netherlands/housing/rental-contracts-and-deposits-netherlands/; permanent redirect → /netherlands/housing/rental-contracts-and-deposits-netherlands/
https://www.expatcopilot.com/netherlands/living/rental-market/,/netherlands/living/rental-market,guide,,,,INDEXABLE,,https://www.expatcopilot.com/netherlands/living/rental-market/,,yes,no,,,yes,,,no,prod_sitemap,Present in production /sitemap.xml as of audit fetch
https://www.expatcopilot.com/netherlands/living/restaurants-netherlands/,/netherlands/living/restaurants-netherlands,guide,scheduledGuides.ts,scheduled_future,,STAGED_NOT_LAUNCHED,,,,no,no,,,no,2026-09-30,,yes,SCHEDULED_GUIDES,"SCHEDULED_GUIDES title=""Restaurants""; publishDate=2026-09-30; as_of=2026-09-06 future→middleware 404 + nav coming-soon + omit sitemap"
https://www.expatcopilot.com/netherlands/living/road-tax-netherlands/,/netherlands/living/road-tax-netherlands,guide,scheduledGuides.ts,scheduled_live,,INDEXABLE,,https://www.expatcopilot.com/netherlands/living/road-tax-netherlands/,,yes,no,,,yes,2026-08-29,,no,prod_sitemap+SCHEDULED_GUIDES,"Present in production /sitemap.xml as of audit fetch; SCHEDULED_GUIDES title=""Road tax""; publishDate=2026-08-29; as_of=2026-09-06 past/live"
https://www.expatcopilot.com/netherlands/living/road-trips-netherlands/,/netherlands/living/road-trips-netherlands,guide,scheduledGuides.ts,scheduled_future,,STAGED_NOT_LAUNCHED,,,,no,no,,,no,2026-10-19,,yes,SCHEDULED_GUIDES,"SCHEDULED_GUIDES title=""Road trips""; publishDate=2026-10-19; as_of=2026-09-06 future→middleware 404 + nav coming-soon + omit sitemap"
https://www.expatcopilot.com/netherlands/living/shopping-groceries/,/netherlands/living/shopping-groceries,guide,app_router:app/netherlands/living/shopping-groceries/page.tsx,exists_in_codebase,,INDEXABLE,,https://www.expatcopilot.com/netherlands/living/shopping-groceries/,,yes,no,,,yes,,,no,prod_sitemap,Present in production /sitemap.xml as of audit fetch
https://www.expatcopilot.com/netherlands/living/south-african-shops-netherlands/,/netherlands/living/south-african-shops-netherlands,guide,scheduledGuides.ts,scheduled_future,,STAGED_NOT_LAUNCHED,,,,no,no,,,no,2026-09-24,,yes,SCHEDULED_GUIDES,"SCHEDULED_GUIDES title=""South African shops""; publishDate=2026-09-24; as_of=2026-09-06 future→middleware 404 + nav coming-soon + omit sitemap"
https://www.expatcopilot.com/netherlands/living/speed-cameras-netherlands/,/netherlands/living/speed-cameras-netherlands,guide,scheduledGuides.ts,scheduled_live,,INDEXABLE,,https://www.expatcopilot.com/netherlands/living/speed-cameras-netherlands/,,yes,no,,,yes,2026-09-01,,no,prod_sitemap+SCHEDULED_GUIDES,"Present in production /sitemap.xml as of audit fetch; SCHEDULED_GUIDES title=""Speed cameras""; publishDate=2026-09-01; as_of=2026-09-06 past/live"
https://www.expatcopilot.com/netherlands/living/subscriptions-and-cancellations/,/netherlands/living/subscriptions-and-cancellations,redirect_alias,next.config.js redirects,permanent_redirect,,REDIRECT,,https://www.expatcopilot.com/netherlands/practical-life/subscriptions-and-cancellations-netherlands/,,no,no,,,n/a,,,no,next_config_redirect+next_config_redirect,permanent redirect → /netherlands/practical-life/subscriptions-and-cancellations-netherlands/; permanent redirect → /netherlands/practical-life/subscriptions-and-cancellations-netherlands/
https://www.expatcopilot.com/netherlands/living/survival-guide/,/netherlands/living/survival-guide,guide,app_router:app/netherlands/living/survival-guide/page.tsx,exists_in_codebase,,INDEXABLE,,https://www.expatcopilot.com/netherlands/living/survival-guide/,,yes,yes,,,yes,,,no,prod_sitemap,Present in production /sitemap.xml as of audit fetch
https://www.expatcopilot.com/netherlands/living/tipping-netherlands/,/netherlands/living/tipping-netherlands,guide,scheduledGuides.ts,scheduled_future,,STAGED_NOT_LAUNCHED,,,,no,no,,,no,2026-09-30,,yes,SCHEDULED_GUIDES,"SCHEDULED_GUIDES title=""Tipping""; publishDate=2026-09-30; as_of=2026-09-06 future→middleware 404 + nav coming-soon + omit sitemap"
https://www.expatcopilot.com/netherlands/living/tools/utilities-services-comparison/,/netherlands/living/tools/utilities-services-comparison,tool_calculator,tools/registry.json:utilities-services-comparison-tool,live,,INDEXABLE,,https://www.expatcopilot.com/netherlands/living/tools/utilities-services-comparison/,,yes,no,,,yes,,,no,prod_sitemap+tools_registry,Present in production /sitemap.xml as of audit fetch; tool status=live; title=Netherlands Utilities & Household Services — Guide + Planner
https://www.expatcopilot.com/netherlands/living/train-discounts-netherlands/,/netherlands/living/train-discounts-netherlands,guide,scheduledGuides.ts,scheduled_future,,STAGED_NOT_LAUNCHED,,,,no,no,,,no,2026-09-16,,yes,SCHEDULED_GUIDES,"SCHEDULED_GUIDES title=""Train discounts""; publishDate=2026-09-16; as_of=2026-09-06 future→middleware 404 + nav coming-soon + omit sitemap"
https://www.expatcopilot.com/netherlands/living/trams-netherlands/,/netherlands/living/trams-netherlands,guide,scheduledGuides.ts,scheduled_future,,STAGED_NOT_LAUNCHED,,,,no,no,,,no,2026-09-10,,yes,SCHEDULED_GUIDES,"SCHEDULED_GUIDES title=""Trams""; publishDate=2026-09-10; as_of=2026-09-06 future→middleware 404 + nav coming-soon + omit sitemap"
https://www.expatcopilot.com/netherlands/living/transport-basics/,/netherlands/living/transport-basics,redirect_alias,next.config.js redirects,permanent_redirect,,REDIRECT,,https://www.expatcopilot.com/netherlands/living/getting-around/,,no,no,,,n/a,,,no,next_config_redirect+next_config_redirect,permanent redirect → /netherlands/living/getting-around/; permanent redirect → /netherlands/living/getting-around/
https://www.expatcopilot.com/netherlands/living/turkish-supermarkets-netherlands/,/netherlands/living/turkish-supermarkets-netherlands,guide,scheduledGuides.ts,scheduled_future,,STAGED_NOT_LAUNCHED,,,,no,no,,,no,2026-09-24,,yes,SCHEDULED_GUIDES,"SCHEDULED_GUIDES title=""Turkish supermarkets""; publishDate=2026-09-24; as_of=2026-09-06 future→middleware 404 + nav coming-soon + omit sitemap"
https://www.expatcopilot.com/netherlands/living/utilities/,/netherlands/living/utilities,redirect_alias,next.config.js redirects,permanent_redirect,,REDIRECT,,https://www.expatcopilot.com/netherlands/utilities/utilities-netherlands/,,no,no,,,n/a,,,no,next_config_redirect+next_config_redirect,permanent redirect → /netherlands/utilities/utilities-netherlands/; permanent redirect → /netherlands/utilities/utilities-netherlands/
https://www.expatcopilot.com/netherlands/living/waste-and-recycling/,/netherlands/living/waste-and-recycling,redirect_alias,next.config.js redirects,permanent_redirect,,REDIRECT,,https://www.expatcopilot.com/netherlands/practical-life/waste-and-recycling-netherlands/,,no,no,,,n/a,,,no,next_config_redirect+next_config_redirect,permanent redirect → /netherlands/practical-life/waste-and-recycling-netherlands/; permanent redirect → /netherlands/practical-life/waste-and-recycling-netherlands/
https://www.expatcopilot.com/netherlands/living/weather/,/netherlands/living/weather,guide,app_router:app/netherlands/living/weather/page.tsx,exists_in_codebase,,INDEXABLE,,https://www.expatcopilot.com/netherlands/living/weather/,,yes,yes,,,yes,,,no,prod_sitemap,Present in production /sitemap.xml as of audit fetch
https://www.expatcopilot.com/netherlands/living/weekend-travel-netherlands/,/netherlands/living/weekend-travel-netherlands,guide,scheduledGuides.ts,scheduled_future,,STAGED_NOT_LAUNCHED,,,,no,no,,,no,2026-09-16,,yes,SCHEDULED_GUIDES,"SCHEDULED_GUIDES title=""Weekend travel""; publishDate=2026-09-16; as_of=2026-09-06 future→middleware 404 + nav coming-soon + omit sitemap"
https://www.expatcopilot.com/netherlands/living/weekend-trips-netherlands/,/netherlands/living/weekend-trips-netherlands,guide,scheduledGuides.ts,scheduled_future,,STAGED_NOT_LAUNCHED,,,,no,no,,,no,2026-10-12,,yes,SCHEDULED_GUIDES,"SCHEDULED_GUIDES title=""Weekend trips""; publishDate=2026-10-12; as_of=2026-09-06 future→middleware 404 + nav coming-soon + omit sitemap"
https://www.expatcopilot.com/netherlands/maastricht/,/netherlands/maastricht,city_page,app_router:app/netherlands/maastricht/page.tsx,exists_in_codebase,,INDEXABLE,,https://www.expatcopilot.com/netherlands/maastricht/,,yes,no,,,yes,,,no,prod_sitemap,Present in production /sitemap.xml as of audit fetch
https://www.expatcopilot.com/netherlands/money/,/netherlands/money,guide,app_router:app/netherlands/money/page.tsx,coming-soon,,INDEXABLE,,https://www.expatcopilot.com/netherlands/money/,,yes,no,,,no,,,yes,prod_sitemap+COMING_SOON_ROUTES,"Present in production /sitemap.xml as of audit fetch; COMING_SOON_ROUTES title=""Money in the Netherlands"" section=guides"
https://www.expatcopilot.com/netherlands/money/banking/,/netherlands/money/banking,guide,app_router:app/netherlands/money/banking/page.tsx,exists_in_codebase,,INDEXABLE,,https://www.expatcopilot.com/netherlands/money/banking/,,yes,no,,,yes,,,no,prod_sitemap,Present in production /sitemap.xml as of audit fetch
https://www.expatcopilot.com/netherlands/money/banking/account-rejection/,/netherlands/money/banking/account-rejection,guide,app_router:app/netherlands/money/banking/account-rejection/page.tsx,exists_in_codebase,,INDEXABLE,,https://www.expatcopilot.com/netherlands/money/banking/account-rejection/,,yes,no,,,yes,,,no,prod_sitemap,Present in production /sitemap.xml as of audit fetch
https://www.expatcopilot.com/netherlands/money/banking/best-bank-zzp/,/netherlands/money/banking/best-bank-zzp,guide,app_router:app/netherlands/money/banking/best-bank-zzp/page.tsx,exists_in_codebase,,INDEXABLE,,https://www.expatcopilot.com/netherlands/money/banking/best-bank-zzp/,,yes,no,,,yes,,,no,prod_sitemap,Present in production /sitemap.xml as of audit fetch
https://www.expatcopilot.com/netherlands/money/banking/best-banks-expats/,/netherlands/money/banking/best-banks-expats,guide,app_router:app/netherlands/money/banking/best-banks-expats/page.tsx,exists_in_codebase,,INDEXABLE,,https://www.expatcopilot.com/netherlands/money/banking/best-banks-expats/,,yes,no,,,yes,,,no,prod_sitemap,Present in production /sitemap.xml as of audit fetch
https://www.expatcopilot.com/netherlands/money/banking/cash-vs-card/,/netherlands/money/banking/cash-vs-card,comparison,app_router:app/netherlands/money/banking/cash-vs-card/page.tsx,exists_in_codebase,,INDEXABLE,,https://www.expatcopilot.com/netherlands/money/banking/cash-vs-card/,,yes,no,,,yes,,,no,prod_sitemap,Present in production /sitemap.xml as of audit fetch
https://www.expatcopilot.com/netherlands/money/banking/cheapest-accounts/,/netherlands/money/banking/cheapest-accounts,guide,app_router:app/netherlands/money/banking/cheapest-accounts/page.tsx,exists_in_codebase,,INDEXABLE,,https://www.expatcopilot.com/netherlands/money/banking/cheapest-accounts/,,yes,no,,,yes,,,no,prod_sitemap,Present in production /sitemap.xml as of audit fetch
https://www.expatcopilot.com/netherlands/money/banking/credit-cards/,/netherlands/money/banking/credit-cards,guide,app_router:app/netherlands/money/banking/credit-cards/page.tsx,exists_in_codebase,,INDEXABLE,,https://www.expatcopilot.com/netherlands/money/banking/credit-cards/,,yes,no,,,yes,,,no,prod_sitemap,Present in production /sitemap.xml as of audit fetch
https://www.expatcopilot.com/netherlands/money/banking/debit-cards/,/netherlands/money/banking/debit-cards,guide,app_router:app/netherlands/money/banking/debit-cards/page.tsx,exists_in_codebase,,INDEXABLE,,https://www.expatcopilot.com/netherlands/money/banking/debit-cards/,,yes,no,,,yes,,,no,prod_sitemap,Present in production /sitemap.xml as of audit fetch
https://www.expatcopilot.com/netherlands/money/banking/fees/,/netherlands/money/banking/fees,guide,app_router:app/netherlands/money/banking/fees/page.tsx,exists_in_codebase,,INDEXABLE,,https://www.expatcopilot.com/netherlands/money/banking/fees/,,yes,no,,,yes,,,no,prod_sitemap,Present in production /sitemap.xml as of audit fetch
https://www.expatcopilot.com/netherlands/money/banking/how-payments-work/,/netherlands/money/banking/how-payments-work,guide,app_router:app/netherlands/money/banking/how-payments-work/page.tsx,exists_in_codebase,,INDEXABLE,,https://www.expatcopilot.com/netherlands/money/banking/how-payments-work/,,yes,no,,,yes,,,no,prod_sitemap,Present in production /sitemap.xml as of audit fetch
https://www.expatcopilot.com/netherlands/money/banking/international-transfers/,/netherlands/money/banking/international-transfers,guide,app_router:app/netherlands/money/banking/international-transfers/page.tsx,exists_in_codebase,,INDEXABLE,,https://www.expatcopilot.com/netherlands/money/banking/international-transfers/,,yes,no,,,yes,,,no,prod_sitemap,Present in production /sitemap.xml as of audit fetch
https://www.expatcopilot.com/netherlands/money/banking/joint-accounts/,/netherlands/money/banking/joint-accounts,guide,scheduledGuides.ts,scheduled_live,,INDEXABLE,,https://www.expatcopilot.com/netherlands/money/banking/joint-accounts/,,yes,no,,,yes,2026-08-14,,no,prod_sitemap+SCHEDULED_GUIDES,"Present in production /sitemap.xml as of audit fetch; SCHEDULED_GUIDES title=""Joint bank accounts""; publishDate=2026-08-14; as_of=2026-09-06 past/live"
https://www.expatcopilot.com/netherlands/money/banking/security/,/netherlands/money/banking/security,guide,app_router:app/netherlands/money/banking/security/page.tsx,exists_in_codebase,,INDEXABLE,,https://www.expatcopilot.com/netherlands/money/banking/security/,,yes,no,,,yes,,,no,prod_sitemap,Present in production /sitemap.xml as of audit fetch
https://www.expatcopilot.com/netherlands/money/banking/student-accounts/,/netherlands/money/banking/student-accounts,guide,scheduledGuides.ts,scheduled_live,,INDEXABLE,,https://www.expatcopilot.com/netherlands/money/banking/student-accounts/,,yes,no,,,yes,2026-08-14,,no,prod_sitemap+SCHEDULED_GUIDES,"Present in production /sitemap.xml as of audit fetch; SCHEDULED_GUIDES title=""Student bank accounts""; publishDate=2026-08-14; as_of=2026-09-06 past/live"
https://www.expatcopilot.com/netherlands/money/banking/traditional-vs-digital/,/netherlands/money/banking/traditional-vs-digital,comparison,app_router:app/netherlands/money/banking/traditional-vs-digital/page.tsx,exists_in_codebase,,INDEXABLE,,https://www.expatcopilot.com/netherlands/money/banking/traditional-vs-digital/,,yes,no,,,yes,,,no,prod_sitemap,Present in production /sitemap.xml as of audit fetch
https://www.expatcopilot.com/netherlands/money/banking/types-of-accounts/,/netherlands/money/banking/types-of-accounts,guide,app_router:app/netherlands/money/banking/types-of-accounts/page.tsx,exists_in_codebase,,INDEXABLE,,https://www.expatcopilot.com/netherlands/money/banking/types-of-accounts/,,yes,no,,,yes,,,no,prod_sitemap,Present in production /sitemap.xml as of audit fetch
https://www.expatcopilot.com/netherlands/money/banking/wise-vs-revolut/,/netherlands/money/banking/wise-vs-revolut,comparison,app_router:app/netherlands/money/banking/wise-vs-revolut/page.tsx,exists_in_codebase,,INDEXABLE,,https://www.expatcopilot.com/netherlands/money/banking/wise-vs-revolut/,,yes,no,,,yes,,,no,prod_sitemap,Present in production /sitemap.xml as of audit fetch
https://www.expatcopilot.com/netherlands/money/cheap-cities-netherlands/,/netherlands/money/cheap-cities-netherlands,redirect_alias,next.config.js redirects,permanent_redirect,,REDIRECT,,https://www.expatcopilot.com/netherlands/cities/cheapest-cities-for-expats/,,no,no,,,n/a,,,no,next_config_redirect+next_config_redirect,permanent redirect → /netherlands/cities/cheapest-cities-for-expats/; permanent redirect → /netherlands/cities/cheapest-cities-for-expats/
https://www.expatcopilot.com/netherlands/money/cost-of-living-netherlands/,/netherlands/money/cost-of-living-netherlands,guide,scheduledGuides.ts,scheduled_live,,INDEXABLE,,https://www.expatcopilot.com/netherlands/money/cost-of-living-netherlands/,,yes,no,,,yes,2026-08-15,,no,prod_sitemap+SCHEDULED_GUIDES,"Present in production /sitemap.xml as of audit fetch; SCHEDULED_GUIDES title=""Cost of living""; publishDate=2026-08-15; as_of=2026-09-06 past/live"
https://www.expatcopilot.com/netherlands/money/expat-taxes-netherlands/,/netherlands/money/expat-taxes-netherlands,guide,app_router:app/netherlands/money/expat-taxes-netherlands/page.tsx,coming-soon,,INDEXABLE,,https://www.expatcopilot.com/netherlands/money/expat-taxes-netherlands/,,yes,yes,,,no,,,yes,prod_sitemap+COMING_SOON_ROUTES,"Present in production /sitemap.xml as of audit fetch; COMING_SOON_ROUTES title=""Expat Taxes in the Netherlands"" section=guides"
https://www.expatcopilot.com/netherlands/money/financial-checklist-netherlands/,/netherlands/money/financial-checklist-netherlands,guide,scheduledGuides.ts,scheduled_live,,INDEXABLE,,https://www.expatcopilot.com/netherlands/money/financial-checklist-netherlands/,,yes,no,,,yes,2026-08-18,,no,prod_sitemap+SCHEDULED_GUIDES,"Present in production /sitemap.xml as of audit fetch; SCHEDULED_GUIDES title=""Financial checklist for expats""; publishDate=2026-08-18; as_of=2026-09-06 past/live"
https://www.expatcopilot.com/netherlands/money/hidden-costs-netherlands/,/netherlands/money/hidden-costs-netherlands,guide,scheduledGuides.ts,scheduled_live,,INDEXABLE,,https://www.expatcopilot.com/netherlands/money/hidden-costs-netherlands/,,yes,no,,,yes,2026-08-18,,no,prod_sitemap+SCHEDULED_GUIDES,"Present in production /sitemap.xml as of audit fetch; SCHEDULED_GUIDES title=""Hidden costs of living""; publishDate=2026-08-18; as_of=2026-09-06 past/live"
https://www.expatcopilot.com/netherlands/money/how-taxes-work-in-the-netherlands/,/netherlands/money/how-taxes-work-in-the-netherlands,guide,app_router:app/netherlands/money/how-taxes-work-in-the-netherlands/page.tsx,exists_in_codebase,,INDEXABLE,,https://www.expatcopilot.com/netherlands/money/how-taxes-work-in-the-netherlands/,,yes,yes,,,yes,,,no,prod_sitemap,Present in production /sitemap.xml as of audit fetch
https://www.expatcopilot.com/netherlands/money/monthly-budget-netherlands/,/netherlands/money/monthly-budget-netherlands,guide,scheduledGuides.ts,scheduled_live,,INDEXABLE,,https://www.expatcopilot.com/netherlands/money/monthly-budget-netherlands/,,yes,no,,,yes,2026-08-15,,no,prod_sitemap+SCHEDULED_GUIDES,"Present in production /sitemap.xml as of audit fetch; SCHEDULED_GUIDES title=""Monthly budget""; publishDate=2026-08-15; as_of=2026-09-06 past/live"
https://www.expatcopilot.com/netherlands/money/saving-money-netherlands/,/netherlands/money/saving-money-netherlands,guide,scheduledGuides.ts,scheduled_live,,INDEXABLE,,https://www.expatcopilot.com/netherlands/money/saving-money-netherlands/,,yes,no,,,yes,2026-08-15,,no,prod_sitemap+SCHEDULED_GUIDES,"Present in production /sitemap.xml as of audit fetch; SCHEDULED_GUIDES title=""Saving money""; publishDate=2026-08-15; as_of=2026-09-06 past/live"
https://www.expatcopilot.com/netherlands/money/tax-guide-for-expats/,/netherlands/money/tax-guide-for-expats,guide,app_router:app/netherlands/money/tax-guide-for-expats/page.tsx,exists_in_codebase,,INDEXABLE,,https://www.expatcopilot.com/netherlands/money/tax-guide-for-expats/,,yes,yes,,,yes,,,no,prod_sitemap,Present in production /sitemap.xml as of audit fetch
https://www.expatcopilot.com/netherlands/money/tax-residency-netherlands/,/netherlands/money/tax-residency-netherlands,guide,app_router:app/netherlands/money/tax-residency-netherlands/page.tsx,exists_in_codebase,,INDEXABLE,,https://www.expatcopilot.com/netherlands/money/tax-residency-netherlands/,,yes,yes,,,yes,,,no,prod_sitemap,Present in production /sitemap.xml as of audit fetch
https://www.expatcopilot.com/netherlands/money/tax-return-netherlands/,/netherlands/money/tax-return-netherlands,guide,app_router:app/netherlands/money/tax-return-netherlands/page.tsx,exists_in_codebase,,INDEXABLE,,https://www.expatcopilot.com/netherlands/money/tax-return-netherlands/,,yes,no,,,yes,,,no,prod_sitemap,Present in production /sitemap.xml as of audit fetch
https://www.expatcopilot.com/netherlands/money/taxes/30-percent-ruling/,/netherlands/money/taxes/30-percent-ruling,redirect_alias,next.config.js redirects,permanent_redirect,,REDIRECT,,https://www.expatcopilot.com/netherlands/taxes/30-percent-ruling/,,no,no,,,n/a,,,no,next_config_redirect+next_config_redirect,permanent redirect → /netherlands/taxes/30-percent-ruling/; permanent redirect → /netherlands/taxes/30-percent-ruling/
https://www.expatcopilot.com/netherlands/money/taxes/tax-advisors/,/netherlands/money/taxes/tax-advisors,guide,app_router:app/netherlands/money/taxes/tax-advisors/page.tsx,coming-soon,,INDEXABLE,,https://www.expatcopilot.com/netherlands/money/taxes/tax-advisors/,,yes,no,,,no,,,yes,prod_sitemap+COMING_SOON_ROUTES,"Present in production /sitemap.xml as of audit fetch; COMING_SOON_ROUTES title=""Netherlands tax advisors for expats (guide)"" section=guides"
https://www.expatcopilot.com/netherlands/money/tools/,/netherlands/money/tools,tool_calculator,app_router:app/netherlands/money/tools/page.tsx,exists_in_codebase,,INDEXABLE,,https://www.expatcopilot.com/netherlands/money/tools/,,yes,yes,,,yes,,,no,prod_sitemap,Present in production /sitemap.xml as of audit fetch
https://www.expatcopilot.com/netherlands/money/tools/30-ruling-calculator/,/netherlands/money/tools/30-ruling-calculator,redirect_alias,next.config.js redirects,permanent_redirect,,REDIRECT,,https://www.expatcopilot.com/netherlands/taxes/tools/30-ruling-calculator/,,no,no,,,n/a,,,no,next_config_redirect+next_config_redirect,permanent redirect → /netherlands/taxes/tools/30-ruling-calculator/; permanent redirect → /netherlands/taxes/tools/30-ruling-calculator/
https://www.expatcopilot.com/netherlands/money/tools/cost-of-living-calculator/,/netherlands/money/tools/cost-of-living-calculator,tool_calculator,tools/registry.json:expat-cost-of-living-calculator,live,200,INDEXABLE,"index, follow",https://www.expatcopilot.com/netherlands/money/tools/cost-of-living-calculator/,200,yes,no,,,yes,,,no,prod_sitemap+tools_registry,Present in production /sitemap.xml as of audit fetch; tool status=live; title=Expat Cost of Living Calculator
https://www.expatcopilot.com/netherlands/money/tools/double-tax-awareness-tool/,/netherlands/money/tools/double-tax-awareness-tool,redirect_alias,next.config.js redirects,permanent_redirect,,REDIRECT,,https://www.expatcopilot.com/netherlands/taxes/tools/double-tax-awareness-tool/,,no,no,,,n/a,,,no,next_config_redirect+next_config_redirect,permanent redirect → /netherlands/taxes/tools/double-tax-awareness-tool/; permanent redirect → /netherlands/taxes/tools/double-tax-awareness-tool/
https://www.expatcopilot.com/netherlands/money/tools/dutch-salary-net-calculator/,/netherlands/money/tools/dutch-salary-net-calculator,redirect_alias,next.config.js redirects,permanent_redirect,,REDIRECT,,https://www.expatcopilot.com/netherlands/taxes/tools/dutch-salary-net-calculator/,,no,no,,,n/a,,,no,next_config_redirect+next_config_redirect,permanent redirect → /netherlands/taxes/tools/dutch-salary-net-calculator/; permanent redirect → /netherlands/taxes/tools/dutch-salary-net-calculator/
https://www.expatcopilot.com/netherlands/money/tools/employment-tax-overview-tool/,/netherlands/money/tools/employment-tax-overview-tool,tool_calculator,tools/registry.json:employment-tax-overview-tool,placeholder,,INTENTIONALLY_NOINDEX,noindex (placeholder factory),,,no,no,,,no,,,yes,tools_registry,tool status=placeholder; title=Employment Tax Overview Tool
https://www.expatcopilot.com/netherlands/money/tools/expat-cost-of-living-calculator/,/netherlands/money/tools/expat-cost-of-living-calculator,redirect_alias,next.config.js redirects,permanent_redirect,,REDIRECT,,https://www.expatcopilot.com/netherlands/money/tools/cost-of-living-calculator/,,no,no,,,n/a,,,no,next_config_redirect+next_config_redirect,permanent redirect → /netherlands/money/tools/cost-of-living-calculator/; permanent redirect → /netherlands/money/tools/cost-of-living-calculator/
https://www.expatcopilot.com/netherlands/money/tools/rent-affordability-calculator/,/netherlands/money/tools/rent-affordability-calculator,redirect_alias,next.config.js redirects,permanent_redirect,,REDIRECT,,https://www.expatcopilot.com/netherlands/housing/tools/rent-affordability-calculator/,,no,no,,,n/a,,,no,next_config_redirect+next_config_redirect,permanent redirect → /netherlands/housing/tools/rent-affordability-calculator/; permanent redirect → /netherlands/housing/tools/rent-affordability-calculator/
https://www.expatcopilot.com/netherlands/mortgage-netherlands-expats/,/netherlands/mortgage-netherlands-expats,redirect_alias,next.config.js redirects,permanent_redirect,,REDIRECT,,https://www.expatcopilot.com/netherlands/housing/mortgages-netherlands-expats/,,no,no,,,n/a,,,no,next_config_redirect+next_config_redirect,permanent redirect → /netherlands/housing/mortgages-netherlands-expats/; permanent redirect → /netherlands/housing/mortgages-netherlands-expats/
https://www.expatcopilot.com/netherlands/move-to-netherlands-without-job/,/netherlands/moving/guides/[slug],moving_guide,moving/registry.json:move-to-netherlands-without-job,exists_in_codebase,,INDEXABLE,,https://www.expatcopilot.com/netherlands/move-to-netherlands-without-job/,,yes,no,,,conditional,,,no,prod_sitemap+moving_registry,Present in production /sitemap.xml as of audit fetch; moving guide publish=undefined; status=
https://www.expatcopilot.com/netherlands/moving-checklist-netherlands/,/netherlands/moving/guides/[slug],moving_guide,moving/registry.json:moving-checklist-netherlands,exists_in_codebase,,INDEXABLE,,https://www.expatcopilot.com/netherlands/moving-checklist-netherlands/,,yes,no,,,conditional,,,no,prod_sitemap+moving_registry,Present in production /sitemap.xml as of audit fetch; moving guide publish=undefined; status=
https://www.expatcopilot.com/netherlands/moving-documents-checklist/,/netherlands/moving/guides/[slug],moving_guide,moving/registry.json:moving-documents-checklist,permanent_redirect,,UNKNOWN,,https://www.expatcopilot.com/netherlands/document-readiness-checker/,,no,no,,,conditional,,,no,next_config_redirect+next_config_redirect+moving_registry,permanent redirect → /netherlands/document-readiness-checker/; permanent redirect → /netherlands/document-readiness-checker/; moving guide publish=undefined; status=; Listed in SITEMAP_PERMANENT_REDIRECT_ALIASES (excluded from XML sitemap)
https://www.expatcopilot.com/netherlands/moving-mistakes-netherlands/,/netherlands/moving/guides/[slug],moving_guide,moving/registry.json:moving-mistakes-netherlands,exists_in_codebase,,INDEXABLE,,https://www.expatcopilot.com/netherlands/moving-mistakes-netherlands/,,yes,no,,,conditional,,,no,prod_sitemap+moving_registry,Present in production /sitemap.xml as of audit fetch; moving guide publish=undefined; status=
https://www.expatcopilot.com/netherlands/moving-requirements-netherlands/,/netherlands/moving/guides/[slug],moving_guide,moving/registry.json:moving-requirements-netherlands,exists_in_codebase,,INDEXABLE,,https://www.expatcopilot.com/netherlands/moving-requirements-netherlands/,,yes,no,,,conditional,,,no,prod_sitemap+moving_registry,Present in production /sitemap.xml as of audit fetch; moving guide publish=undefined; status=
https://www.expatcopilot.com/netherlands/moving-to-netherlands-cost/,/netherlands/moving/guides/[slug],moving_guide,moving/registry.json:moving-to-netherlands-cost,exists_in_codebase,,INDEXABLE,,https://www.expatcopilot.com/netherlands/moving-to-netherlands-cost/,,yes,no,,,conditional,,,no,prod_sitemap+moving_registry,Present in production /sitemap.xml as of audit fetch; moving guide publish=undefined; status=
https://www.expatcopilot.com/netherlands/moving-to-netherlands-from/,/netherlands/moving-to-netherlands-from,origin_country_guide,app_router:app/netherlands/moving-to-netherlands-from/page.tsx,exists_in_codebase,,INDEXABLE,,https://www.expatcopilot.com/netherlands/moving-to-netherlands-from/,,yes,no,,,yes,,,no,prod_sitemap,Present in production /sitemap.xml as of audit fetch
https://www.expatcopilot.com/netherlands/moving-to-netherlands-steps/,/netherlands/moving/guides/[slug],moving_guide,moving/registry.json:moving-to-netherlands-steps,exists_in_codebase,,INDEXABLE,,https://www.expatcopilot.com/netherlands/moving-to-netherlands-steps/,,yes,no,,,conditional,,,no,prod_sitemap+moving_registry,Present in production /sitemap.xml as of audit fetch; moving guide publish=undefined; status=
https://www.expatcopilot.com/netherlands/moving-to-netherlands-timeline/,/netherlands/moving/guides/[slug],moving_guide,moving/registry.json:moving-to-netherlands-timeline,exists_in_codebase,,INDEXABLE,,https://www.expatcopilot.com/netherlands/moving-to-netherlands-timeline/,,yes,no,,,conditional,,,no,prod_sitemap+moving_registry,Present in production /sitemap.xml as of audit fetch; moving guide publish=undefined; status=
https://www.expatcopilot.com/netherlands/moving-to-netherlands-with-family/,/netherlands/moving/guides/[slug],moving_guide,moving/registry.json:moving-to-netherlands-with-family,exists_in_codebase,,INDEXABLE,,https://www.expatcopilot.com/netherlands/moving-to-netherlands-with-family/,,yes,no,,,conditional,,,no,prod_sitemap+moving_registry,Present in production /sitemap.xml as of audit fetch; moving guide publish=undefined; status=
https://www.expatcopilot.com/netherlands/moving-to-netherlands-with-kids/,/netherlands/moving/guides/[slug],moving_guide,moving/registry.json:moving-to-netherlands-with-kids,exists_in_codebase,,INDEXABLE,,https://www.expatcopilot.com/netherlands/moving-to-netherlands-with-kids/,,yes,no,,,conditional,,,no,prod_sitemap+moving_registry,Present in production /sitemap.xml as of audit fetch; moving guide publish=undefined; status=
https://www.expatcopilot.com/netherlands/moving-to-netherlands-with-partner/,/netherlands/moving/guides/[slug],moving_guide,moving/registry.json:moving-to-netherlands-with-partner,exists_in_codebase,,INDEXABLE,,https://www.expatcopilot.com/netherlands/moving-to-netherlands-with-partner/,,yes,no,,,conditional,,,no,prod_sitemap+moving_registry,Present in production /sitemap.xml as of audit fetch; moving guide publish=undefined; status=
https://www.expatcopilot.com/netherlands/moving-to-the-netherlands/,/netherlands/moving-to-the-netherlands,guide,app_router:app/netherlands/moving-to-the-netherlands/page.tsx,exists_in_codebase,200,INDEXABLE,,https://www.expatcopilot.com/netherlands/moving-to-the-netherlands/,200,yes,no,,,yes,,,no,prod_sitemap,Present in production /sitemap.xml as of audit fetch
https://www.expatcopilot.com/netherlands/moving/,/netherlands/moving,redirect_alias,next.config.js redirects,permanent_redirect,308 → /netherlands/moving-to-the-netherlands/ | final=200,REDIRECT,,https://www.expatcopilot.com/netherlands/moving-to-the-netherlands/,200,no,no,,,n/a,,,no,next_config_redirect+next_config_redirect,permanent redirect → /netherlands/moving-to-the-netherlands/; permanent redirect → /netherlands/moving-to-the-netherlands/
https://www.expatcopilot.com/netherlands/moving/changing-jobs-netherlands/,/netherlands/moving/changing-jobs-netherlands,guide,app_router:app/netherlands/moving/changing-jobs-netherlands/page.tsx,exists_in_codebase,,INDEXABLE,,https://www.expatcopilot.com/netherlands/moving/changing-jobs-netherlands/,,yes,no,,,yes,,,no,prod_sitemap,Present in production /sitemap.xml as of audit fetch
https://www.expatcopilot.com/netherlands/moving/extensions-changes/,/netherlands/moving/extensions-changes,guide,app_router:app/netherlands/moving/extensions-changes/page.tsx,exists_in_codebase,,INDEXABLE,,https://www.expatcopilot.com/netherlands/moving/extensions-changes/,,yes,no,,,yes,,,no,prod_sitemap,Present in production /sitemap.xml as of audit fetch
https://www.expatcopilot.com/netherlands/moving/layoffs-netherlands/,/netherlands/moving/layoffs-netherlands,guide,app_router:app/netherlands/moving/layoffs-netherlands/page.tsx,exists_in_codebase,,INDEXABLE,,https://www.expatcopilot.com/netherlands/moving/layoffs-netherlands/,,yes,no,,,yes,,,no,prod_sitemap,Present in production /sitemap.xml as of audit fetch
https://www.expatcopilot.com/netherlands/moving/moving-to-netherlands-from/,/netherlands/moving/moving-to-netherlands-from,redirect_alias,next.config.js redirects,permanent_redirect,,REDIRECT,,https://www.expatcopilot.com/netherlands/moving-to-netherlands-from/,,no,no,,,n/a,,,no,next_config_redirect+next_config_redirect,permanent redirect → /netherlands/moving-to-netherlands-from/; permanent redirect → /netherlands/moving-to-netherlands-from/
https://www.expatcopilot.com/netherlands/moving/moving-to-netherlands-from/argentina/,/netherlands/moving/moving-to-netherlands-from/[country],origin_country_guide,countries/index.json:argentina,enabled,,INDEXABLE,,https://www.expatcopilot.com/netherlands/moving/moving-to-netherlands-from/argentina/,,yes,no,,,conditional,2026-04-27,,no,prod_sitemap+countries_index,Present in production /sitemap.xml as of audit fetch; country enabled=true; in ROUTING_ORIGIN_COUNTRY_SLUGS=true; publish=true
https://www.expatcopilot.com/netherlands/moving/moving-to-netherlands-from/australia/,/netherlands/moving/moving-to-netherlands-from/[country],origin_country_guide,countries/index.json:australia,enabled,,INDEXABLE,,https://www.expatcopilot.com/netherlands/moving/moving-to-netherlands-from/australia/,,yes,no,,,conditional,2026-04-07,,no,prod_sitemap+countries_index,Present in production /sitemap.xml as of audit fetch; country enabled=true; in ROUTING_ORIGIN_COUNTRY_SLUGS=true; publish=true
https://www.expatcopilot.com/netherlands/moving/moving-to-netherlands-from/brazil/,/netherlands/moving/moving-to-netherlands-from/[country],origin_country_guide,countries/index.json:brazil,enabled,,INDEXABLE,,https://www.expatcopilot.com/netherlands/moving/moving-to-netherlands-from/brazil/,,yes,no,,,conditional,2026-04-14,,no,prod_sitemap+countries_index,Present in production /sitemap.xml as of audit fetch; country enabled=true; in ROUTING_ORIGIN_COUNTRY_SLUGS=true; publish=true
https://www.expatcopilot.com/netherlands/moving/moving-to-netherlands-from/canada/,/netherlands/moving/moving-to-netherlands-from/[country],origin_country_guide,countries/index.json:canada,enabled,,INDEXABLE,,https://www.expatcopilot.com/netherlands/moving/moving-to-netherlands-from/canada/,,yes,no,,,conditional,2026-04-07,,no,prod_sitemap+countries_index,Present in production /sitemap.xml as of audit fetch; country enabled=true; in ROUTING_ORIGIN_COUNTRY_SLUGS=true; publish=true
https://www.expatcopilot.com/netherlands/moving/moving-to-netherlands-from/chile/,/netherlands/moving/moving-to-netherlands-from/[country],origin_country_guide,countries/index.json:chile,enabled,,INDEXABLE,,https://www.expatcopilot.com/netherlands/moving/moving-to-netherlands-from/chile/,,yes,no,,,conditional,2026-04-27,,no,prod_sitemap+countries_index,Present in production /sitemap.xml as of audit fetch; country enabled=true; in ROUTING_ORIGIN_COUNTRY_SLUGS=true; publish=true
https://www.expatcopilot.com/netherlands/moving/moving-to-netherlands-from/denmark/,/netherlands/moving/moving-to-netherlands-from/[country],origin_country_guide,countries/index.json:denmark,enabled,,INDEXABLE,,https://www.expatcopilot.com/netherlands/moving/moving-to-netherlands-from/denmark/,,yes,no,,,conditional,2026-04-30,,no,prod_sitemap+countries_index,Present in production /sitemap.xml as of audit fetch; country enabled=true; in ROUTING_ORIGIN_COUNTRY_SLUGS=true; publish=true
https://www.expatcopilot.com/netherlands/moving/moving-to-netherlands-from/france/,/netherlands/moving/moving-to-netherlands-from/[country],origin_country_guide,countries/index.json:france,enabled,,INDEXABLE,,https://www.expatcopilot.com/netherlands/moving/moving-to-netherlands-from/france/,,yes,no,,,conditional,2026-04-10,,no,prod_sitemap+countries_index,Present in production /sitemap.xml as of audit fetch; country enabled=true; in ROUTING_ORIGIN_COUNTRY_SLUGS=true; publish=true
https://www.expatcopilot.com/netherlands/moving/moving-to-netherlands-from/germany/,/netherlands/moving/moving-to-netherlands-from/[country],origin_country_guide,countries/index.json:germany,enabled,,INDEXABLE,,https://www.expatcopilot.com/netherlands/moving/moving-to-netherlands-from/germany/,,yes,no,,,conditional,2026-04-10,,no,prod_sitemap+countries_index,Present in production /sitemap.xml as of audit fetch; country enabled=true; in ROUTING_ORIGIN_COUNTRY_SLUGS=true; publish=true
https://www.expatcopilot.com/netherlands/moving/moving-to-netherlands-from/india/,/netherlands/moving/moving-to-netherlands-from/[country],origin_country_guide,countries/index.json:india,enabled,,INDEXABLE,,https://www.expatcopilot.com/netherlands/moving/moving-to-netherlands-from/india/,,yes,no,,,conditional,,,no,prod_sitemap+countries_index,Present in production /sitemap.xml as of audit fetch; country enabled=true; in ROUTING_ORIGIN_COUNTRY_SLUGS=true; publish=undefined
https://www.expatcopilot.com/netherlands/moving/moving-to-netherlands-from/indonesia/,/netherlands/moving/moving-to-netherlands-from/[country],origin_country_guide,countries/index.json:indonesia,enabled,,INDEXABLE,,https://www.expatcopilot.com/netherlands/moving/moving-to-netherlands-from/indonesia/,,yes,no,,,conditional,2026-05-03,,no,prod_sitemap+countries_index,Present in production /sitemap.xml as of audit fetch; country enabled=true; in ROUTING_ORIGIN_COUNTRY_SLUGS=true; publish=true
https://www.expatcopilot.com/netherlands/moving/moving-to-netherlands-from/ireland/,/netherlands/moving/moving-to-netherlands-from/[country],origin_country_guide,countries/index.json:ireland,enabled,,INDEXABLE,,https://www.expatcopilot.com/netherlands/moving/moving-to-netherlands-from/ireland/,,yes,no,,,conditional,2026-04-30,,no,prod_sitemap+countries_index,Present in production /sitemap.xml as of audit fetch; country enabled=true; in ROUTING_ORIGIN_COUNTRY_SLUGS=true; publish=true
https://www.expatcopilot.com/netherlands/moving/moving-to-netherlands-from/italy/,/netherlands/moving/moving-to-netherlands-from/[country],origin_country_guide,countries/index.json:italy,enabled,,INDEXABLE,,https://www.expatcopilot.com/netherlands/moving/moving-to-netherlands-from/italy/,,yes,no,,,conditional,2026-04-14,,no,prod_sitemap+countries_index,Present in production /sitemap.xml as of audit fetch; country enabled=true; in ROUTING_ORIGIN_COUNTRY_SLUGS=true; publish=true
https://www.expatcopilot.com/netherlands/moving/moving-to-netherlands-from/japan/,/netherlands/moving/moving-to-netherlands-from/[country],origin_country_guide,countries/index.json:japan,enabled,,INDEXABLE,,https://www.expatcopilot.com/netherlands/moving/moving-to-netherlands-from/japan/,,yes,no,,,conditional,2026-04-20,,no,prod_sitemap+countries_index,Present in production /sitemap.xml as of audit fetch; country enabled=true; in ROUTING_ORIGIN_COUNTRY_SLUGS=true; publish=true
https://www.expatcopilot.com/netherlands/moving/moving-to-netherlands-from/kenya/,/netherlands/moving/moving-to-netherlands-from/[country],origin_country_guide,countries/index.json:kenya,enabled,,INDEXABLE,,https://www.expatcopilot.com/netherlands/moving/moving-to-netherlands-from/kenya/,,yes,no,,,conditional,2026-05-03,,no,prod_sitemap+countries_index,Present in production /sitemap.xml as of audit fetch; country enabled=true; in ROUTING_ORIGIN_COUNTRY_SLUGS=true; publish=true
https://www.expatcopilot.com/netherlands/moving/moving-to-netherlands-from/mexico/,/netherlands/moving/moving-to-netherlands-from/[country],origin_country_guide,countries/index.json:mexico,enabled,,INDEXABLE,,https://www.expatcopilot.com/netherlands/moving/moving-to-netherlands-from/mexico/,,yes,no,,,conditional,2026-04-17,,no,prod_sitemap+countries_index,Present in production /sitemap.xml as of audit fetch; country enabled=true; in ROUTING_ORIGIN_COUNTRY_SLUGS=true; publish=true
https://www.expatcopilot.com/netherlands/moving/moving-to-netherlands-from/new-zealand/,/netherlands/moving/moving-to-netherlands-from/[country],origin_country_guide,countries/index.json:new-zealand,enabled,,INDEXABLE,,https://www.expatcopilot.com/netherlands/moving/moving-to-netherlands-from/new-zealand/,,yes,no,,,conditional,2026-04-07,,no,prod_sitemap+countries_index,Present in production /sitemap.xml as of audit fetch; country enabled=true; in ROUTING_ORIGIN_COUNTRY_SLUGS=true; publish=true
https://www.expatcopilot.com/netherlands/moving/moving-to-netherlands-from/nigeria/,/netherlands/moving/moving-to-netherlands-from/[country],origin_country_guide,countries/index.json:nigeria,enabled,,INDEXABLE,,https://www.expatcopilot.com/netherlands/moving/moving-to-netherlands-from/nigeria/,,yes,no,,,conditional,2026-05-03,,no,prod_sitemap+countries_index,Present in production /sitemap.xml as of audit fetch; country enabled=true; in ROUTING_ORIGIN_COUNTRY_SLUGS=true; publish=true
https://www.expatcopilot.com/netherlands/moving/moving-to-netherlands-from/norway/,/netherlands/moving/moving-to-netherlands-from/[country],origin_country_guide,countries/index.json:norway,enabled,,INDEXABLE,,https://www.expatcopilot.com/netherlands/moving/moving-to-netherlands-from/norway/,,yes,no,,,conditional,2026-04-30,,no,prod_sitemap+countries_index,Present in production /sitemap.xml as of audit fetch; country enabled=true; in ROUTING_ORIGIN_COUNTRY_SLUGS=true; publish=true
https://www.expatcopilot.com/netherlands/moving/moving-to-netherlands-from/pakistan/,/netherlands/moving/moving-to-netherlands-from/[country],origin_country_guide,countries/index.json:pakistan,enabled,,INDEXABLE,,https://www.expatcopilot.com/netherlands/moving/moving-to-netherlands-from/pakistan/,,yes,no,,,conditional,2026-05-03,,no,prod_sitemap+countries_index,Present in production /sitemap.xml as of audit fetch; country enabled=true; in ROUTING_ORIGIN_COUNTRY_SLUGS=true; publish=true
https://www.expatcopilot.com/netherlands/moving/moving-to-netherlands-from/philippines/,/netherlands/moving/moving-to-netherlands-from/[country],origin_country_guide,countries/index.json:philippines,enabled,,INDEXABLE,,https://www.expatcopilot.com/netherlands/moving/moving-to-netherlands-from/philippines/,,yes,no,,,conditional,2026-05-03,,no,prod_sitemap+countries_index,Present in production /sitemap.xml as of audit fetch; country enabled=true; in ROUTING_ORIGIN_COUNTRY_SLUGS=true; publish=true
https://www.expatcopilot.com/netherlands/moving/moving-to-netherlands-from/singapore/,/netherlands/moving/moving-to-netherlands-from/[country],origin_country_guide,countries/index.json:singapore,enabled,,INDEXABLE,,https://www.expatcopilot.com/netherlands/moving/moving-to-netherlands-from/singapore/,,yes,no,,,conditional,2026-04-20,,no,prod_sitemap+countries_index,Present in production /sitemap.xml as of audit fetch; country enabled=true; in ROUTING_ORIGIN_COUNTRY_SLUGS=true; publish=true
https://www.expatcopilot.com/netherlands/moving/moving-to-netherlands-from/south-africa/,/netherlands/moving/moving-to-netherlands-from/[country],origin_country_guide,countries/index.json:south-africa,enabled,200,INDEXABLE,,https://www.expatcopilot.com/netherlands/moving/moving-to-netherlands-from/south-africa/,200,yes,no,,,conditional,,,no,prod_sitemap+countries_index,Present in production /sitemap.xml as of audit fetch; country enabled=true; in ROUTING_ORIGIN_COUNTRY_SLUGS=true; publish=undefined
https://www.expatcopilot.com/netherlands/moving/moving-to-netherlands-from/south-korea/,/netherlands/moving/moving-to-netherlands-from/[country],origin_country_guide,countries/index.json:south-korea,enabled,,INDEXABLE,,https://www.expatcopilot.com/netherlands/moving/moving-to-netherlands-from/south-korea/,,yes,no,,,conditional,2026-04-24,,no,prod_sitemap+countries_index,Present in production /sitemap.xml as of audit fetch; country enabled=true; in ROUTING_ORIGIN_COUNTRY_SLUGS=true; publish=true
https://www.expatcopilot.com/netherlands/moving/moving-to-netherlands-from/spain/,/netherlands/moving/moving-to-netherlands-from/[country],origin_country_guide,countries/index.json:spain,enabled,,INDEXABLE,,https://www.expatcopilot.com/netherlands/moving/moving-to-netherlands-from/spain/,,yes,no,,,conditional,2026-04-10,,no,prod_sitemap+countries_index,Present in production /sitemap.xml as of audit fetch; country enabled=true; in ROUTING_ORIGIN_COUNTRY_SLUGS=true; publish=true
https://www.expatcopilot.com/netherlands/moving/moving-to-netherlands-from/sweden/,/netherlands/moving/moving-to-netherlands-from/[country],origin_country_guide,countries/index.json:sweden,enabled,,INDEXABLE,,https://www.expatcopilot.com/netherlands/moving/moving-to-netherlands-from/sweden/,,yes,no,,,conditional,2026-04-27,,no,prod_sitemap+countries_index,Present in production /sitemap.xml as of audit fetch; country enabled=true; in ROUTING_ORIGIN_COUNTRY_SLUGS=true; publish=true
https://www.expatcopilot.com/netherlands/moving/moving-to-netherlands-from/switzerland/,/netherlands/moving/moving-to-netherlands-from/[country],origin_country_guide,countries/index.json:switzerland,enabled,,INDEXABLE,,https://www.expatcopilot.com/netherlands/moving/moving-to-netherlands-from/switzerland/,,yes,no,,,conditional,2026-04-27,,no,prod_sitemap+countries_index,Present in production /sitemap.xml as of audit fetch; country enabled=true; in ROUTING_ORIGIN_COUNTRY_SLUGS=true; publish=true
https://www.expatcopilot.com/netherlands/moving/moving-to-netherlands-from/turkey/,/netherlands/moving/moving-to-netherlands-from/[country],origin_country_guide,countries/index.json:turkey,enabled,,INDEXABLE,,https://www.expatcopilot.com/netherlands/moving/moving-to-netherlands-from/turkey/,,yes,no,,,conditional,2026-04-27,,no,prod_sitemap+countries_index,Present in production /sitemap.xml as of audit fetch; country enabled=true; in ROUTING_ORIGIN_COUNTRY_SLUGS=true; publish=true
https://www.expatcopilot.com/netherlands/moving/moving-to-netherlands-from/uae/,/netherlands/moving/moving-to-netherlands-from/[country],origin_country_guide,countries/index.json:uae,enabled,,INDEXABLE,,https://www.expatcopilot.com/netherlands/moving/moving-to-netherlands-from/uae/,,yes,no,,,conditional,2026-04-20,,no,prod_sitemap+countries_index,Present in production /sitemap.xml as of audit fetch; country enabled=true; in ROUTING_ORIGIN_COUNTRY_SLUGS=true; publish=true
https://www.expatcopilot.com/netherlands/moving/moving-to-netherlands-from/uk/,/netherlands/moving/moving-to-netherlands-from/[country],redirect_alias,next.config.js redirects,permanent_redirect,,REDIRECT,,https://www.expatcopilot.com/netherlands/moving/moving-to-netherlands-from/united-kingdom/,,no,no,,,n/a,,,no,next_config_redirect+next_config_redirect,permanent redirect → /netherlands/moving/moving-to-netherlands-from/united-kingdom/; permanent redirect → /netherlands/moving/moving-to-netherlands-from/united-kingdom/
https://www.expatcopilot.com/netherlands/moving/moving-to-netherlands-from/united-kingdom/,/netherlands/moving/moving-to-netherlands-from/[country],origin_country_guide,countries/index.json:united-kingdom,enabled,,INDEXABLE,,https://www.expatcopilot.com/netherlands/moving/moving-to-netherlands-from/united-kingdom/,,yes,no,,,conditional,,,no,prod_sitemap+countries_index,Present in production /sitemap.xml as of audit fetch; country enabled=true; in ROUTING_ORIGIN_COUNTRY_SLUGS=true; publish=undefined
https://www.expatcopilot.com/netherlands/moving/moving-to-netherlands-from/united-states/,/netherlands/moving/moving-to-netherlands-from/[country],origin_country_guide,countries/index.json:united-states,enabled,,INDEXABLE,,https://www.expatcopilot.com/netherlands/moving/moving-to-netherlands-from/united-states/,,yes,no,,,conditional,,,no,prod_sitemap+countries_index,Present in production /sitemap.xml as of audit fetch; country enabled=true; in ROUTING_ORIGIN_COUNTRY_SLUGS=true; publish=undefined
https://www.expatcopilot.com/netherlands/moving/moving-to-netherlands-from/us/,/netherlands/moving/moving-to-netherlands-from/[country],redirect_alias,next.config.js redirects,permanent_redirect,,REDIRECT,,https://www.expatcopilot.com/netherlands/moving/moving-to-netherlands-from/united-states/,,no,no,,,n/a,,,no,next_config_redirect+next_config_redirect,permanent redirect → /netherlands/moving/moving-to-netherlands-from/united-states/; permanent redirect → /netherlands/moving/moving-to-netherlands-from/united-states/
https://www.expatcopilot.com/netherlands/moving/residence-permits/,/netherlands/moving/residence-permits,guide,app_router:app/netherlands/moving/residence-permits/page.tsx,exists_in_codebase,,INDEXABLE,,https://www.expatcopilot.com/netherlands/moving/residence-permits/,,yes,no,,,yes,,,no,prod_sitemap,Present in production /sitemap.xml as of audit fetch
https://www.expatcopilot.com/netherlands/moving/resigning-job-netherlands/,/netherlands/moving/resigning-job-netherlands,guide,app_router:app/netherlands/moving/resigning-job-netherlands/page.tsx,exists_in_codebase,,INDEXABLE,,https://www.expatcopilot.com/netherlands/moving/resigning-job-netherlands/,,yes,no,,,yes,,,no,prod_sitemap,Present in production /sitemap.xml as of audit fetch
https://www.expatcopilot.com/netherlands/moving/status-changes/,/netherlands/moving/status-changes,guide,app_router:app/netherlands/moving/status-changes/page.tsx,exists_in_codebase,,INDEXABLE,,https://www.expatcopilot.com/netherlands/moving/status-changes/,,yes,no,,,yes,,,no,prod_sitemap,Present in production /sitemap.xml as of audit fetch
https://www.expatcopilot.com/netherlands/moving/tools/,/netherlands/moving/tools,tool_calculator,app_router:app/netherlands/moving/tools/page.tsx,exists_in_codebase,,INDEXABLE,,https://www.expatcopilot.com/netherlands/moving/tools/,,yes,no,,,yes,,,no,prod_sitemap,Present in production /sitemap.xml as of audit fetch
https://www.expatcopilot.com/netherlands/moving/tools/arrival-planner/,/netherlands/moving/tools/arrival-planner,tool_calculator,tools/registry.json:arrival-planner,live,,INDEXABLE,,https://www.expatcopilot.com/netherlands/moving/tools/arrival-planner/,,yes,no,,,yes,,,no,prod_sitemap+tools_registry,Present in production /sitemap.xml as of audit fetch; tool status=live; title=Arrival Planner
https://www.expatcopilot.com/netherlands/moving/tools/arrival-planner/from/argentina/,/netherlands/moving/tools/arrival-planner/from/[country],tool_calculator,countries+MOVING_TOOL_FROM:argentina,enabled_variant,,INDEXABLE,,https://www.expatcopilot.com/netherlands/moving/tools/arrival-planner/from/argentina/,,yes,no,,,yes,2026-04-27,,no,prod_sitemap+origin_tool_from,Present in production /sitemap.xml as of audit fetch; country-scoped tool; parent country enabled=true
https://www.expatcopilot.com/netherlands/moving/tools/arrival-planner/from/australia/,/netherlands/moving/tools/arrival-planner/from/[country],tool_calculator,countries+MOVING_TOOL_FROM:australia,enabled_variant,,INDEXABLE,,https://www.expatcopilot.com/netherlands/moving/tools/arrival-planner/from/australia/,,yes,no,,,yes,2026-04-07,,no,prod_sitemap+origin_tool_from,Present in production /sitemap.xml as of audit fetch; country-scoped tool; parent country enabled=true
https://www.expatcopilot.com/netherlands/moving/tools/arrival-planner/from/brazil/,/netherlands/moving/tools/arrival-planner/from/[country],tool_calculator,countries+MOVING_TOOL_FROM:brazil,enabled_variant,,INDEXABLE,,https://www.expatcopilot.com/netherlands/moving/tools/arrival-planner/from/brazil/,,yes,no,,,yes,2026-04-14,,no,prod_sitemap+origin_tool_from,Present in production /sitemap.xml as of audit fetch; country-scoped tool; parent country enabled=true
https://www.expatcopilot.com/netherlands/moving/tools/arrival-planner/from/canada/,/netherlands/moving/tools/arrival-planner/from/[country],tool_calculator,countries+MOVING_TOOL_FROM:canada,enabled_variant,,INDEXABLE,,https://www.expatcopilot.com/netherlands/moving/tools/arrival-planner/from/canada/,,yes,no,,,yes,2026-04-07,,no,prod_sitemap+origin_tool_from,Present in production /sitemap.xml as of audit fetch; country-scoped tool; parent country enabled=true
https://www.expatcopilot.com/netherlands/moving/tools/arrival-planner/from/chile/,/netherlands/moving/tools/arrival-planner/from/[country],tool_calculator,countries+MOVING_TOOL_FROM:chile,enabled_variant,,INDEXABLE,,https://www.expatcopilot.com/netherlands/moving/tools/arrival-planner/from/chile/,,yes,no,,,yes,2026-04-27,,no,prod_sitemap+origin_tool_from,Present in production /sitemap.xml as of audit fetch; country-scoped tool; parent country enabled=true
https://www.expatcopilot.com/netherlands/moving/tools/arrival-planner/from/denmark/,/netherlands/moving/tools/arrival-planner/from/[country],tool_calculator,countries+MOVING_TOOL_FROM:denmark,enabled_variant,,INDEXABLE,,https://www.expatcopilot.com/netherlands/moving/tools/arrival-planner/from/denmark/,,yes,no,,,yes,2026-04-30,,no,prod_sitemap+origin_tool_from,Present in production /sitemap.xml as of audit fetch; country-scoped tool; parent country enabled=true
https://www.expatcopilot.com/netherlands/moving/tools/arrival-planner/from/france/,/netherlands/moving/tools/arrival-planner/from/[country],tool_calculator,countries+MOVING_TOOL_FROM:france,enabled_variant,,INDEXABLE,,https://www.expatcopilot.com/netherlands/moving/tools/arrival-planner/from/france/,,yes,no,,,yes,2026-04-10,,no,prod_sitemap+origin_tool_from,Present in production /sitemap.xml as of audit fetch; country-scoped tool; parent country enabled=true
https://www.expatcopilot.com/netherlands/moving/tools/arrival-planner/from/germany/,/netherlands/moving/tools/arrival-planner/from/[country],tool_calculator,countries+MOVING_TOOL_FROM:germany,enabled_variant,,INDEXABLE,,https://www.expatcopilot.com/netherlands/moving/tools/arrival-planner/from/germany/,,yes,no,,,yes,2026-04-10,,no,prod_sitemap+origin_tool_from,Present in production /sitemap.xml as of audit fetch; country-scoped tool; parent country enabled=true
https://www.expatcopilot.com/netherlands/moving/tools/arrival-planner/from/india/,/netherlands/moving/tools/arrival-planner/from/[country],tool_calculator,countries+MOVING_TOOL_FROM:india,enabled_variant,,INDEXABLE,,https://www.expatcopilot.com/netherlands/moving/tools/arrival-planner/from/india/,,yes,no,,,yes,,,no,prod_sitemap+origin_tool_from,Present in production /sitemap.xml as of audit fetch; country-scoped tool; parent country enabled=true
https://www.expatcopilot.com/netherlands/moving/tools/arrival-planner/from/indonesia/,/netherlands/moving/tools/arrival-planner/from/[country],tool_calculator,countries+MOVING_TOOL_FROM:indonesia,enabled_variant,,INDEXABLE,,https://www.expatcopilot.com/netherlands/moving/tools/arrival-planner/from/indonesia/,,yes,no,,,yes,2026-05-03,,no,prod_sitemap+origin_tool_from,Present in production /sitemap.xml as of audit fetch; country-scoped tool; parent country enabled=true
https://www.expatcopilot.com/netherlands/moving/tools/arrival-planner/from/ireland/,/netherlands/moving/tools/arrival-planner/from/[country],tool_calculator,countries+MOVING_TOOL_FROM:ireland,enabled_variant,,INDEXABLE,,https://www.expatcopilot.com/netherlands/moving/tools/arrival-planner/from/ireland/,,yes,no,,,yes,2026-04-30,,no,prod_sitemap+origin_tool_from,Present in production /sitemap.xml as of audit fetch; country-scoped tool; parent country enabled=true
https://www.expatcopilot.com/netherlands/moving/tools/arrival-planner/from/italy/,/netherlands/moving/tools/arrival-planner/from/[country],tool_calculator,countries+MOVING_TOOL_FROM:italy,enabled_variant,,INDEXABLE,,https://www.expatcopilot.com/netherlands/moving/tools/arrival-planner/from/italy/,,yes,no,,,yes,2026-04-14,,no,prod_sitemap+origin_tool_from,Present in production /sitemap.xml as of audit fetch; country-scoped tool; parent country enabled=true
https://www.expatcopilot.com/netherlands/moving/tools/arrival-planner/from/japan/,/netherlands/moving/tools/arrival-planner/from/[country],tool_calculator,countries+MOVING_TOOL_FROM:japan,enabled_variant,,INDEXABLE,,https://www.expatcopilot.com/netherlands/moving/tools/arrival-planner/from/japan/,,yes,no,,,yes,2026-04-20,,no,prod_sitemap+origin_tool_from,Present in production /sitemap.xml as of audit fetch; country-scoped tool; parent country enabled=true
https://www.expatcopilot.com/netherlands/moving/tools/arrival-planner/from/kenya/,/netherlands/moving/tools/arrival-planner/from/[country],tool_calculator,countries+MOVING_TOOL_FROM:kenya,enabled_variant,,INDEXABLE,,https://www.expatcopilot.com/netherlands/moving/tools/arrival-planner/from/kenya/,,yes,no,,,yes,2026-05-03,,no,prod_sitemap+origin_tool_from,Present in production /sitemap.xml as of audit fetch; country-scoped tool; parent country enabled=true
https://www.expatcopilot.com/netherlands/moving/tools/arrival-planner/from/mexico/,/netherlands/moving/tools/arrival-planner/from/[country],tool_calculator,countries+MOVING_TOOL_FROM:mexico,enabled_variant,,INDEXABLE,,https://www.expatcopilot.com/netherlands/moving/tools/arrival-planner/from/mexico/,,yes,no,,,yes,2026-04-17,,no,prod_sitemap+origin_tool_from,Present in production /sitemap.xml as of audit fetch; country-scoped tool; parent country enabled=true
https://www.expatcopilot.com/netherlands/moving/tools/arrival-planner/from/new-zealand/,/netherlands/moving/tools/arrival-planner/from/[country],tool_calculator,countries+MOVING_TOOL_FROM:new-zealand,enabled_variant,,INDEXABLE,,https://www.expatcopilot.com/netherlands/moving/tools/arrival-planner/from/new-zealand/,,yes,no,,,yes,2026-04-07,,no,prod_sitemap+origin_tool_from,Present in production /sitemap.xml as of audit fetch; country-scoped tool; parent country enabled=true
https://www.expatcopilot.com/netherlands/moving/tools/arrival-planner/from/nigeria/,/netherlands/moving/tools/arrival-planner/from/[country],tool_calculator,countries+MOVING_TOOL_FROM:nigeria,enabled_variant,,INDEXABLE,,https://www.expatcopilot.com/netherlands/moving/tools/arrival-planner/from/nigeria/,,yes,no,,,yes,2026-05-03,,no,prod_sitemap+origin_tool_from,Present in production /sitemap.xml as of audit fetch; country-scoped tool; parent country enabled=true
https://www.expatcopilot.com/netherlands/moving/tools/arrival-planner/from/norway/,/netherlands/moving/tools/arrival-planner/from/[country],tool_calculator,countries+MOVING_TOOL_FROM:norway,enabled_variant,,INDEXABLE,,https://www.expatcopilot.com/netherlands/moving/tools/arrival-planner/from/norway/,,yes,no,,,yes,2026-04-30,,no,prod_sitemap+origin_tool_from,Present in production /sitemap.xml as of audit fetch; country-scoped tool; parent country enabled=true
https://www.expatcopilot.com/netherlands/moving/tools/arrival-planner/from/pakistan/,/netherlands/moving/tools/arrival-planner/from/[country],tool_calculator,countries+MOVING_TOOL_FROM:pakistan,enabled_variant,,INDEXABLE,,https://www.expatcopilot.com/netherlands/moving/tools/arrival-planner/from/pakistan/,,yes,no,,,yes,2026-05-03,,no,prod_sitemap+origin_tool_from,Present in production /sitemap.xml as of audit fetch; country-scoped tool; parent country enabled=true
https://www.expatcopilot.com/netherlands/moving/tools/arrival-planner/from/philippines/,/netherlands/moving/tools/arrival-planner/from/[country],tool_calculator,countries+MOVING_TOOL_FROM:philippines,enabled_variant,,INDEXABLE,,https://www.expatcopilot.com/netherlands/moving/tools/arrival-planner/from/philippines/,,yes,no,,,yes,2026-05-03,,no,prod_sitemap+origin_tool_from,Present in production /sitemap.xml as of audit fetch; country-scoped tool; parent country enabled=true
https://www.expatcopilot.com/netherlands/moving/tools/arrival-planner/from/singapore/,/netherlands/moving/tools/arrival-planner/from/[country],tool_calculator,countries+MOVING_TOOL_FROM:singapore,enabled_variant,,INDEXABLE,,https://www.expatcopilot.com/netherlands/moving/tools/arrival-planner/from/singapore/,,yes,no,,,yes,2026-04-20,,no,prod_sitemap+origin_tool_from,Present in production /sitemap.xml as of audit fetch; country-scoped tool; parent country enabled=true
https://www.expatcopilot.com/netherlands/moving/tools/arrival-planner/from/south-africa/,/netherlands/moving/tools/arrival-planner/from/[country],tool_calculator,countries+MOVING_TOOL_FROM:south-africa,enabled_variant,200,INDEXABLE,,https://www.expatcopilot.com/netherlands/moving/tools/arrival-planner/from/south-africa/,200,yes,no,,,yes,,,no,prod_sitemap+origin_tool_from,Present in production /sitemap.xml as of audit fetch; country-scoped tool; parent country enabled=true
https://www.expatcopilot.com/netherlands/moving/tools/arrival-planner/from/south-korea/,/netherlands/moving/tools/arrival-planner/from/[country],tool_calculator,countries+MOVING_TOOL_FROM:south-korea,enabled_variant,,INDEXABLE,,https://www.expatcopilot.com/netherlands/moving/tools/arrival-planner/from/south-korea/,,yes,no,,,yes,2026-04-24,,no,prod_sitemap+origin_tool_from,Present in production /sitemap.xml as of audit fetch; country-scoped tool; parent country enabled=true
https://www.expatcopilot.com/netherlands/moving/tools/arrival-planner/from/spain/,/netherlands/moving/tools/arrival-planner/from/[country],tool_calculator,countries+MOVING_TOOL_FROM:spain,enabled_variant,,INDEXABLE,,https://www.expatcopilot.com/netherlands/moving/tools/arrival-planner/from/spain/,,yes,no,,,yes,2026-04-10,,no,prod_sitemap+origin_tool_from,Present in production /sitemap.xml as of audit fetch; country-scoped tool; parent country enabled=true
https://www.expatcopilot.com/netherlands/moving/tools/arrival-planner/from/sweden/,/netherlands/moving/tools/arrival-planner/from/[country],tool_calculator,countries+MOVING_TOOL_FROM:sweden,enabled_variant,,INDEXABLE,,https://www.expatcopilot.com/netherlands/moving/tools/arrival-planner/from/sweden/,,yes,no,,,yes,2026-04-27,,no,prod_sitemap+origin_tool_from,Present in production /sitemap.xml as of audit fetch; country-scoped tool; parent country enabled=true
https://www.expatcopilot.com/netherlands/moving/tools/arrival-planner/from/switzerland/,/netherlands/moving/tools/arrival-planner/from/[country],tool_calculator,countries+MOVING_TOOL_FROM:switzerland,enabled_variant,,INDEXABLE,,https://www.expatcopilot.com/netherlands/moving/tools/arrival-planner/from/switzerland/,,yes,no,,,yes,2026-04-27,,no,prod_sitemap+origin_tool_from,Present in production /sitemap.xml as of audit fetch; country-scoped tool; parent country enabled=true
https://www.expatcopilot.com/netherlands/moving/tools/arrival-planner/from/turkey/,/netherlands/moving/tools/arrival-planner/from/[country],tool_calculator,countries+MOVING_TOOL_FROM:turkey,enabled_variant,,INDEXABLE,,https://www.expatcopilot.com/netherlands/moving/tools/arrival-planner/from/turkey/,,yes,no,,,yes,2026-04-27,,no,prod_sitemap+origin_tool_from,Present in production /sitemap.xml as of audit fetch; country-scoped tool; parent country enabled=true
https://www.expatcopilot.com/netherlands/moving/tools/arrival-planner/from/uae/,/netherlands/moving/tools/arrival-planner/from/[country],tool_calculator,countries+MOVING_TOOL_FROM:uae,enabled_variant,,INDEXABLE,,https://www.expatcopilot.com/netherlands/moving/tools/arrival-planner/from/uae/,,yes,no,,,yes,2026-04-20,,no,prod_sitemap+origin_tool_from,Present in production /sitemap.xml as of audit fetch; country-scoped tool; parent country enabled=true
https://www.expatcopilot.com/netherlands/moving/tools/arrival-planner/from/united-kingdom/,/netherlands/moving/tools/arrival-planner/from/[country],tool_calculator,countries+MOVING_TOOL_FROM:united-kingdom,enabled_variant,,INDEXABLE,,https://www.expatcopilot.com/netherlands/moving/tools/arrival-planner/from/united-kingdom/,,yes,no,,,yes,,,no,prod_sitemap+origin_tool_from,Present in production /sitemap.xml as of audit fetch; country-scoped tool; parent country enabled=true
https://www.expatcopilot.com/netherlands/moving/tools/arrival-planner/from/united-states/,/netherlands/moving/tools/arrival-planner/from/[country],tool_calculator,countries+MOVING_TOOL_FROM:united-states,enabled_variant,,INDEXABLE,,https://www.expatcopilot.com/netherlands/moving/tools/arrival-planner/from/united-states/,,yes,no,,,yes,,,no,prod_sitemap+origin_tool_from,Present in production /sitemap.xml as of audit fetch; country-scoped tool; parent country enabled=true
https://www.expatcopilot.com/netherlands/moving/tools/bsn-readiness-checker/,/netherlands/moving/tools/bsn-readiness-checker,tool_calculator,tools/registry.json:bsn-readiness-checker,placeholder,,INTENTIONALLY_NOINDEX,noindex (placeholder factory),,,no,no,,,no,,,yes,tools_registry,tool status=placeholder; title=BSN Readiness Checker
https://www.expatcopilot.com/netherlands/moving/tools/document-readiness/,/netherlands/moving/tools/document-readiness,redirect_alias,next.config.js redirects,permanent_redirect,,REDIRECT,,https://www.expatcopilot.com/netherlands/document-readiness-checker/,,no,no,,,n/a,,,no,next_config_redirect+next_config_redirect,permanent redirect → /netherlands/document-readiness-checker/; permanent redirect → /netherlands/document-readiness-checker/
https://www.expatcopilot.com/netherlands/moving/tools/document-readiness/from/argentina/,/netherlands/moving/tools/document-readiness/from/[country],tool_calculator,countries+MOVING_TOOL_FROM:argentina,enabled_variant,,INDEXABLE,,https://www.expatcopilot.com/netherlands/moving/tools/document-readiness/from/argentina/,,yes,no,,,yes,2026-04-27,,no,prod_sitemap+origin_tool_from,Present in production /sitemap.xml as of audit fetch; country-scoped tool; parent country enabled=true
https://www.expatcopilot.com/netherlands/moving/tools/document-readiness/from/australia/,/netherlands/moving/tools/document-readiness/from/[country],tool_calculator,countries+MOVING_TOOL_FROM:australia,enabled_variant,,INDEXABLE,,https://www.expatcopilot.com/netherlands/moving/tools/document-readiness/from/australia/,,yes,no,,,yes,2026-04-07,,no,prod_sitemap+origin_tool_from,Present in production /sitemap.xml as of audit fetch; country-scoped tool; parent country enabled=true
https://www.expatcopilot.com/netherlands/moving/tools/document-readiness/from/brazil/,/netherlands/moving/tools/document-readiness/from/[country],tool_calculator,countries+MOVING_TOOL_FROM:brazil,enabled_variant,,INDEXABLE,,https://www.expatcopilot.com/netherlands/moving/tools/document-readiness/from/brazil/,,yes,no,,,yes,2026-04-14,,no,prod_sitemap+origin_tool_from,Present in production /sitemap.xml as of audit fetch; country-scoped tool; parent country enabled=true
https://www.expatcopilot.com/netherlands/moving/tools/document-readiness/from/canada/,/netherlands/moving/tools/document-readiness/from/[country],tool_calculator,countries+MOVING_TOOL_FROM:canada,enabled_variant,,INDEXABLE,,https://www.expatcopilot.com/netherlands/moving/tools/document-readiness/from/canada/,,yes,no,,,yes,2026-04-07,,no,prod_sitemap+origin_tool_from,Present in production /sitemap.xml as of audit fetch; country-scoped tool; parent country enabled=true
https://www.expatcopilot.com/netherlands/moving/tools/document-readiness/from/chile/,/netherlands/moving/tools/document-readiness/from/[country],tool_calculator,countries+MOVING_TOOL_FROM:chile,enabled_variant,,INDEXABLE,,https://www.expatcopilot.com/netherlands/moving/tools/document-readiness/from/chile/,,yes,no,,,yes,2026-04-27,,no,prod_sitemap+origin_tool_from,Present in production /sitemap.xml as of audit fetch; country-scoped tool; parent country enabled=true
https://www.expatcopilot.com/netherlands/moving/tools/document-readiness/from/denmark/,/netherlands/moving/tools/document-readiness/from/[country],tool_calculator,countries+MOVING_TOOL_FROM:denmark,enabled_variant,,INDEXABLE,,https://www.expatcopilot.com/netherlands/moving/tools/document-readiness/from/denmark/,,yes,no,,,yes,2026-04-30,,no,prod_sitemap+origin_tool_from,Present in production /sitemap.xml as of audit fetch; country-scoped tool; parent country enabled=true
https://www.expatcopilot.com/netherlands/moving/tools/document-readiness/from/france/,/netherlands/moving/tools/document-readiness/from/[country],tool_calculator,countries+MOVING_TOOL_FROM:france,enabled_variant,,INDEXABLE,,https://www.expatcopilot.com/netherlands/moving/tools/document-readiness/from/france/,,yes,no,,,yes,2026-04-10,,no,prod_sitemap+origin_tool_from,Present in production /sitemap.xml as of audit fetch; country-scoped tool; parent country enabled=true
https://www.expatcopilot.com/netherlands/moving/tools/document-readiness/from/germany/,/netherlands/moving/tools/document-readiness/from/[country],tool_calculator,countries+MOVING_TOOL_FROM:germany,enabled_variant,,INDEXABLE,,https://www.expatcopilot.com/netherlands/moving/tools/document-readiness/from/germany/,,yes,no,,,yes,2026-04-10,,no,prod_sitemap+origin_tool_from,Present in production /sitemap.xml as of audit fetch; country-scoped tool; parent country enabled=true
https://www.expatcopilot.com/netherlands/moving/tools/document-readiness/from/india/,/netherlands/moving/tools/document-readiness/from/[country],tool_calculator,countries+MOVING_TOOL_FROM:india,enabled_variant,,INDEXABLE,,https://www.expatcopilot.com/netherlands/moving/tools/document-readiness/from/india/,,yes,no,,,yes,,,no,prod_sitemap+origin_tool_from,Present in production /sitemap.xml as of audit fetch; country-scoped tool; parent country enabled=true
https://www.expatcopilot.com/netherlands/moving/tools/document-readiness/from/indonesia/,/netherlands/moving/tools/document-readiness/from/[country],tool_calculator,countries+MOVING_TOOL_FROM:indonesia,enabled_variant,,INDEXABLE,,https://www.expatcopilot.com/netherlands/moving/tools/document-readiness/from/indonesia/,,yes,no,,,yes,2026-05-03,,no,prod_sitemap+origin_tool_from,Present in production /sitemap.xml as of audit fetch; country-scoped tool; parent country enabled=true
https://www.expatcopilot.com/netherlands/moving/tools/document-readiness/from/ireland/,/netherlands/moving/tools/document-readiness/from/[country],tool_calculator,countries+MOVING_TOOL_FROM:ireland,enabled_variant,,INDEXABLE,,https://www.expatcopilot.com/netherlands/moving/tools/document-readiness/from/ireland/,,yes,no,,,yes,2026-04-30,,no,prod_sitemap+origin_tool_from,Present in production /sitemap.xml as of audit fetch; country-scoped tool; parent country enabled=true
https://www.expatcopilot.com/netherlands/moving/tools/document-readiness/from/italy/,/netherlands/moving/tools/document-readiness/from/[country],tool_calculator,countries+MOVING_TOOL_FROM:italy,enabled_variant,,INDEXABLE,,https://www.expatcopilot.com/netherlands/moving/tools/document-readiness/from/italy/,,yes,no,,,yes,2026-04-14,,no,prod_sitemap+origin_tool_from,Present in production /sitemap.xml as of audit fetch; country-scoped tool; parent country enabled=true
https://www.expatcopilot.com/netherlands/moving/tools/document-readiness/from/japan/,/netherlands/moving/tools/document-readiness/from/[country],tool_calculator,countries+MOVING_TOOL_FROM:japan,enabled_variant,,INDEXABLE,,https://www.expatcopilot.com/netherlands/moving/tools/document-readiness/from/japan/,,yes,no,,,yes,2026-04-20,,no,prod_sitemap+origin_tool_from,Present in production /sitemap.xml as of audit fetch; country-scoped tool; parent country enabled=true
https://www.expatcopilot.com/netherlands/moving/tools/document-readiness/from/kenya/,/netherlands/moving/tools/document-readiness/from/[country],tool_calculator,countries+MOVING_TOOL_FROM:kenya,enabled_variant,,INDEXABLE,,https://www.expatcopilot.com/netherlands/moving/tools/document-readiness/from/kenya/,,yes,no,,,yes,2026-05-03,,no,prod_sitemap+origin_tool_from,Present in production /sitemap.xml as of audit fetch; country-scoped tool; parent country enabled=true
https://www.expatcopilot.com/netherlands/moving/tools/document-readiness/from/mexico/,/netherlands/moving/tools/document-readiness/from/[country],tool_calculator,countries+MOVING_TOOL_FROM:mexico,enabled_variant,,INDEXABLE,,https://www.expatcopilot.com/netherlands/moving/tools/document-readiness/from/mexico/,,yes,no,,,yes,2026-04-17,,no,prod_sitemap+origin_tool_from,Present in production /sitemap.xml as of audit fetch; country-scoped tool; parent country enabled=true
https://www.expatcopilot.com/netherlands/moving/tools/document-readiness/from/new-zealand/,/netherlands/moving/tools/document-readiness/from/[country],tool_calculator,countries+MOVING_TOOL_FROM:new-zealand,enabled_variant,,INDEXABLE,,https://www.expatcopilot.com/netherlands/moving/tools/document-readiness/from/new-zealand/,,yes,no,,,yes,2026-04-07,,no,prod_sitemap+origin_tool_from,Present in production /sitemap.xml as of audit fetch; country-scoped tool; parent country enabled=true
https://www.expatcopilot.com/netherlands/moving/tools/document-readiness/from/nigeria/,/netherlands/moving/tools/document-readiness/from/[country],tool_calculator,countries+MOVING_TOOL_FROM:nigeria,enabled_variant,,INDEXABLE,,https://www.expatcopilot.com/netherlands/moving/tools/document-readiness/from/nigeria/,,yes,no,,,yes,2026-05-03,,no,prod_sitemap+origin_tool_from,Present in production /sitemap.xml as of audit fetch; country-scoped tool; parent country enabled=true
https://www.expatcopilot.com/netherlands/moving/tools/document-readiness/from/norway/,/netherlands/moving/tools/document-readiness/from/[country],tool_calculator,countries+MOVING_TOOL_FROM:norway,enabled_variant,,INDEXABLE,,https://www.expatcopilot.com/netherlands/moving/tools/document-readiness/from/norway/,,yes,no,,,yes,2026-04-30,,no,prod_sitemap+origin_tool_from,Present in production /sitemap.xml as of audit fetch; country-scoped tool; parent country enabled=true
https://www.expatcopilot.com/netherlands/moving/tools/document-readiness/from/pakistan/,/netherlands/moving/tools/document-readiness/from/[country],tool_calculator,countries+MOVING_TOOL_FROM:pakistan,enabled_variant,,INDEXABLE,,https://www.expatcopilot.com/netherlands/moving/tools/document-readiness/from/pakistan/,,yes,no,,,yes,2026-05-03,,no,prod_sitemap+origin_tool_from,Present in production /sitemap.xml as of audit fetch; country-scoped tool; parent country enabled=true
https://www.expatcopilot.com/netherlands/moving/tools/document-readiness/from/philippines/,/netherlands/moving/tools/document-readiness/from/[country],tool_calculator,countries+MOVING_TOOL_FROM:philippines,enabled_variant,,INDEXABLE,,https://www.expatcopilot.com/netherlands/moving/tools/document-readiness/from/philippines/,,yes,no,,,yes,2026-05-03,,no,prod_sitemap+origin_tool_from,Present in production /sitemap.xml as of audit fetch; country-scoped tool; parent country enabled=true
https://www.expatcopilot.com/netherlands/moving/tools/document-readiness/from/singapore/,/netherlands/moving/tools/document-readiness/from/[country],tool_calculator,countries+MOVING_TOOL_FROM:singapore,enabled_variant,,INDEXABLE,,https://www.expatcopilot.com/netherlands/moving/tools/document-readiness/from/singapore/,,yes,no,,,yes,2026-04-20,,no,prod_sitemap+origin_tool_from,Present in production /sitemap.xml as of audit fetch; country-scoped tool; parent country enabled=true
https://www.expatcopilot.com/netherlands/moving/tools/document-readiness/from/south-africa/,/netherlands/moving/tools/document-readiness/from/[country],tool_calculator,countries+MOVING_TOOL_FROM:south-africa,enabled_variant,,INDEXABLE,,https://www.expatcopilot.com/netherlands/moving/tools/document-readiness/from/south-africa/,,yes,no,,,yes,,,no,prod_sitemap+origin_tool_from,Present in production /sitemap.xml as of audit fetch; country-scoped tool; parent country enabled=true
https://www.expatcopilot.com/netherlands/moving/tools/document-readiness/from/south-korea/,/netherlands/moving/tools/document-readiness/from/[country],tool_calculator,countries+MOVING_TOOL_FROM:south-korea,enabled_variant,,INDEXABLE,,https://www.expatcopilot.com/netherlands/moving/tools/document-readiness/from/south-korea/,,yes,no,,,yes,2026-04-24,,no,prod_sitemap+origin_tool_from,Present in production /sitemap.xml as of audit fetch; country-scoped tool; parent country enabled=true
https://www.expatcopilot.com/netherlands/moving/tools/document-readiness/from/spain/,/netherlands/moving/tools/document-readiness/from/[country],tool_calculator,countries+MOVING_TOOL_FROM:spain,enabled_variant,,INDEXABLE,,https://www.expatcopilot.com/netherlands/moving/tools/document-readiness/from/spain/,,yes,no,,,yes,2026-04-10,,no,prod_sitemap+origin_tool_from,Present in production /sitemap.xml as of audit fetch; country-scoped tool; parent country enabled=true
https://www.expatcopilot.com/netherlands/moving/tools/document-readiness/from/sweden/,/netherlands/moving/tools/document-readiness/from/[country],tool_calculator,countries+MOVING_TOOL_FROM:sweden,enabled_variant,,INDEXABLE,,https://www.expatcopilot.com/netherlands/moving/tools/document-readiness/from/sweden/,,yes,no,,,yes,2026-04-27,,no,prod_sitemap+origin_tool_from,Present in production /sitemap.xml as of audit fetch; country-scoped tool; parent country enabled=true
https://www.expatcopilot.com/netherlands/moving/tools/document-readiness/from/switzerland/,/netherlands/moving/tools/document-readiness/from/[country],tool_calculator,countries+MOVING_TOOL_FROM:switzerland,enabled_variant,,INDEXABLE,,https://www.expatcopilot.com/netherlands/moving/tools/document-readiness/from/switzerland/,,yes,no,,,yes,2026-04-27,,no,prod_sitemap+origin_tool_from,Present in production /sitemap.xml as of audit fetch; country-scoped tool; parent country enabled=true
https://www.expatcopilot.com/netherlands/moving/tools/document-readiness/from/turkey/,/netherlands/moving/tools/document-readiness/from/[country],tool_calculator,countries+MOVING_TOOL_FROM:turkey,enabled_variant,,INDEXABLE,,https://www.expatcopilot.com/netherlands/moving/tools/document-readiness/from/turkey/,,yes,no,,,yes,2026-04-27,,no,prod_sitemap+origin_tool_from,Present in production /sitemap.xml as of audit fetch; country-scoped tool; parent country enabled=true
https://www.expatcopilot.com/netherlands/moving/tools/document-readiness/from/uae/,/netherlands/moving/tools/document-readiness/from/[country],tool_calculator,countries+MOVING_TOOL_FROM:uae,enabled_variant,,INDEXABLE,,https://www.expatcopilot.com/netherlands/moving/tools/document-readiness/from/uae/,,yes,no,,,yes,2026-04-20,,no,prod_sitemap+origin_tool_from,Present in production /sitemap.xml as of audit fetch; country-scoped tool; parent country enabled=true
https://www.expatcopilot.com/netherlands/moving/tools/document-readiness/from/united-kingdom/,/netherlands/moving/tools/document-readiness/from/[country],tool_calculator,countries+MOVING_TOOL_FROM:united-kingdom,enabled_variant,,INDEXABLE,,https://www.expatcopilot.com/netherlands/moving/tools/document-readiness/from/united-kingdom/,,yes,no,,,yes,,,no,prod_sitemap+origin_tool_from,Present in production /sitemap.xml as of audit fetch; country-scoped tool; parent country enabled=true
https://www.expatcopilot.com/netherlands/moving/tools/document-readiness/from/united-states/,/netherlands/moving/tools/document-readiness/from/[country],tool_calculator,countries+MOVING_TOOL_FROM:united-states,enabled_variant,,INDEXABLE,,https://www.expatcopilot.com/netherlands/moving/tools/document-readiness/from/united-states/,,yes,no,,,yes,,,no,prod_sitemap+origin_tool_from,Present in production /sitemap.xml as of audit fetch; country-scoped tool; parent country enabled=true
https://www.expatcopilot.com/netherlands/moving/tools/first-90-days/,/netherlands/moving/tools/first-90-days,tool_calculator,tools/registry.json:first-90-days,live,,INDEXABLE,,https://www.expatcopilot.com/netherlands/moving/tools/first-90-days/,,yes,no,,,yes,,,no,prod_sitemap+tools_registry,Present in production /sitemap.xml as of audit fetch; tool status=live; title=First 90 Days Planner
https://www.expatcopilot.com/netherlands/moving/tools/first-90-days/from/argentina/,/netherlands/moving/tools/first-90-days/from/[country],tool_calculator,countries+MOVING_TOOL_FROM:argentina,enabled_variant,,INDEXABLE,,https://www.expatcopilot.com/netherlands/moving/tools/first-90-days/from/argentina/,,yes,no,,,yes,2026-04-27,,no,prod_sitemap+origin_tool_from,Present in production /sitemap.xml as of audit fetch; country-scoped tool; parent country enabled=true
https://www.expatcopilot.com/netherlands/moving/tools/first-90-days/from/australia/,/netherlands/moving/tools/first-90-days/from/[country],tool_calculator,countries+MOVING_TOOL_FROM:australia,enabled_variant,,INDEXABLE,,https://www.expatcopilot.com/netherlands/moving/tools/first-90-days/from/australia/,,yes,no,,,yes,2026-04-07,,no,prod_sitemap+origin_tool_from,Present in production /sitemap.xml as of audit fetch; country-scoped tool; parent country enabled=true
https://www.expatcopilot.com/netherlands/moving/tools/first-90-days/from/brazil/,/netherlands/moving/tools/first-90-days/from/[country],tool_calculator,countries+MOVING_TOOL_FROM:brazil,enabled_variant,,INDEXABLE,,https://www.expatcopilot.com/netherlands/moving/tools/first-90-days/from/brazil/,,yes,no,,,yes,2026-04-14,,no,prod_sitemap+origin_tool_from,Present in production /sitemap.xml as of audit fetch; country-scoped tool; parent country enabled=true
https://www.expatcopilot.com/netherlands/moving/tools/first-90-days/from/canada/,/netherlands/moving/tools/first-90-days/from/[country],tool_calculator,countries+MOVING_TOOL_FROM:canada,enabled_variant,,INDEXABLE,,https://www.expatcopilot.com/netherlands/moving/tools/first-90-days/from/canada/,,yes,no,,,yes,2026-04-07,,no,prod_sitemap+origin_tool_from,Present in production /sitemap.xml as of audit fetch; country-scoped tool; parent country enabled=true
https://www.expatcopilot.com/netherlands/moving/tools/first-90-days/from/chile/,/netherlands/moving/tools/first-90-days/from/[country],tool_calculator,countries+MOVING_TOOL_FROM:chile,enabled_variant,,INDEXABLE,,https://www.expatcopilot.com/netherlands/moving/tools/first-90-days/from/chile/,,yes,no,,,yes,2026-04-27,,no,prod_sitemap+origin_tool_from,Present in production /sitemap.xml as of audit fetch; country-scoped tool; parent country enabled=true
https://www.expatcopilot.com/netherlands/moving/tools/first-90-days/from/denmark/,/netherlands/moving/tools/first-90-days/from/[country],tool_calculator,countries+MOVING_TOOL_FROM:denmark,enabled_variant,,INDEXABLE,,https://www.expatcopilot.com/netherlands/moving/tools/first-90-days/from/denmark/,,yes,no,,,yes,2026-04-30,,no,prod_sitemap+origin_tool_from,Present in production /sitemap.xml as of audit fetch; country-scoped tool; parent country enabled=true
https://www.expatcopilot.com/netherlands/moving/tools/first-90-days/from/france/,/netherlands/moving/tools/first-90-days/from/[country],tool_calculator,countries+MOVING_TOOL_FROM:france,enabled_variant,,INDEXABLE,,https://www.expatcopilot.com/netherlands/moving/tools/first-90-days/from/france/,,yes,no,,,yes,2026-04-10,,no,prod_sitemap+origin_tool_from,Present in production /sitemap.xml as of audit fetch; country-scoped tool; parent country enabled=true
https://www.expatcopilot.com/netherlands/moving/tools/first-90-days/from/germany/,/netherlands/moving/tools/first-90-days/from/[country],tool_calculator,countries+MOVING_TOOL_FROM:germany,enabled_variant,,INDEXABLE,,https://www.expatcopilot.com/netherlands/moving/tools/first-90-days/from/germany/,,yes,no,,,yes,2026-04-10,,no,prod_sitemap+origin_tool_from,Present in production /sitemap.xml as of audit fetch; country-scoped tool; parent country enabled=true
https://www.expatcopilot.com/netherlands/moving/tools/first-90-days/from/india/,/netherlands/moving/tools/first-90-days/from/[country],tool_calculator,countries+MOVING_TOOL_FROM:india,enabled_variant,,INDEXABLE,,https://www.expatcopilot.com/netherlands/moving/tools/first-90-days/from/india/,,yes,no,,,yes,,,no,prod_sitemap+origin_tool_from,Present in production /sitemap.xml as of audit fetch; country-scoped tool; parent country enabled=true
https://www.expatcopilot.com/netherlands/moving/tools/first-90-days/from/indonesia/,/netherlands/moving/tools/first-90-days/from/[country],tool_calculator,countries+MOVING_TOOL_FROM:indonesia,enabled_variant,,INDEXABLE,,https://www.expatcopilot.com/netherlands/moving/tools/first-90-days/from/indonesia/,,yes,no,,,yes,2026-05-03,,no,prod_sitemap+origin_tool_from,Present in production /sitemap.xml as of audit fetch; country-scoped tool; parent country enabled=true
https://www.expatcopilot.com/netherlands/moving/tools/first-90-days/from/ireland/,/netherlands/moving/tools/first-90-days/from/[country],tool_calculator,countries+MOVING_TOOL_FROM:ireland,enabled_variant,,INDEXABLE,,https://www.expatcopilot.com/netherlands/moving/tools/first-90-days/from/ireland/,,yes,no,,,yes,2026-04-30,,no,prod_sitemap+origin_tool_from,Present in production /sitemap.xml as of audit fetch; country-scoped tool; parent country enabled=true
https://www.expatcopilot.com/netherlands/moving/tools/first-90-days/from/italy/,/netherlands/moving/tools/first-90-days/from/[country],tool_calculator,countries+MOVING_TOOL_FROM:italy,enabled_variant,,INDEXABLE,,https://www.expatcopilot.com/netherlands/moving/tools/first-90-days/from/italy/,,yes,no,,,yes,2026-04-14,,no,prod_sitemap+origin_tool_from,Present in production /sitemap.xml as of audit fetch; country-scoped tool; parent country enabled=true
https://www.expatcopilot.com/netherlands/moving/tools/first-90-days/from/japan/,/netherlands/moving/tools/first-90-days/from/[country],tool_calculator,countries+MOVING_TOOL_FROM:japan,enabled_variant,,INDEXABLE,,https://www.expatcopilot.com/netherlands/moving/tools/first-90-days/from/japan/,,yes,no,,,yes,2026-04-20,,no,prod_sitemap+origin_tool_from,Present in production /sitemap.xml as of audit fetch; country-scoped tool; parent country enabled=true
https://www.expatcopilot.com/netherlands/moving/tools/first-90-days/from/kenya/,/netherlands/moving/tools/first-90-days/from/[country],tool_calculator,countries+MOVING_TOOL_FROM:kenya,enabled_variant,,INDEXABLE,,https://www.expatcopilot.com/netherlands/moving/tools/first-90-days/from/kenya/,,yes,no,,,yes,2026-05-03,,no,prod_sitemap+origin_tool_from,Present in production /sitemap.xml as of audit fetch; country-scoped tool; parent country enabled=true
https://www.expatcopilot.com/netherlands/moving/tools/first-90-days/from/mexico/,/netherlands/moving/tools/first-90-days/from/[country],tool_calculator,countries+MOVING_TOOL_FROM:mexico,enabled_variant,,INDEXABLE,,https://www.expatcopilot.com/netherlands/moving/tools/first-90-days/from/mexico/,,yes,no,,,yes,2026-04-17,,no,prod_sitemap+origin_tool_from,Present in production /sitemap.xml as of audit fetch; country-scoped tool; parent country enabled=true
https://www.expatcopilot.com/netherlands/moving/tools/first-90-days/from/new-zealand/,/netherlands/moving/tools/first-90-days/from/[country],tool_calculator,countries+MOVING_TOOL_FROM:new-zealand,enabled_variant,,INDEXABLE,,https://www.expatcopilot.com/netherlands/moving/tools/first-90-days/from/new-zealand/,,yes,no,,,yes,2026-04-07,,no,prod_sitemap+origin_tool_from,Present in production /sitemap.xml as of audit fetch; country-scoped tool; parent country enabled=true
https://www.expatcopilot.com/netherlands/moving/tools/first-90-days/from/nigeria/,/netherlands/moving/tools/first-90-days/from/[country],tool_calculator,countries+MOVING_TOOL_FROM:nigeria,enabled_variant,,INDEXABLE,,https://www.expatcopilot.com/netherlands/moving/tools/first-90-days/from/nigeria/,,yes,no,,,yes,2026-05-03,,no,prod_sitemap+origin_tool_from,Present in production /sitemap.xml as of audit fetch; country-scoped tool; parent country enabled=true
https://www.expatcopilot.com/netherlands/moving/tools/first-90-days/from/norway/,/netherlands/moving/tools/first-90-days/from/[country],tool_calculator,countries+MOVING_TOOL_FROM:norway,enabled_variant,,INDEXABLE,,https://www.expatcopilot.com/netherlands/moving/tools/first-90-days/from/norway/,,yes,no,,,yes,2026-04-30,,no,prod_sitemap+origin_tool_from,Present in production /sitemap.xml as of audit fetch; country-scoped tool; parent country enabled=true
https://www.expatcopilot.com/netherlands/moving/tools/first-90-days/from/pakistan/,/netherlands/moving/tools/first-90-days/from/[country],tool_calculator,countries+MOVING_TOOL_FROM:pakistan,enabled_variant,,INDEXABLE,,https://www.expatcopilot.com/netherlands/moving/tools/first-90-days/from/pakistan/,,yes,no,,,yes,2026-05-03,,no,prod_sitemap+origin_tool_from,Present in production /sitemap.xml as of audit fetch; country-scoped tool; parent country enabled=true
https://www.expatcopilot.com/netherlands/moving/tools/first-90-days/from/philippines/,/netherlands/moving/tools/first-90-days/from/[country],tool_calculator,countries+MOVING_TOOL_FROM:philippines,enabled_variant,,INDEXABLE,,https://www.expatcopilot.com/netherlands/moving/tools/first-90-days/from/philippines/,,yes,no,,,yes,2026-05-03,,no,prod_sitemap+origin_tool_from,Present in production /sitemap.xml as of audit fetch; country-scoped tool; parent country enabled=true
https://www.expatcopilot.com/netherlands/moving/tools/first-90-days/from/singapore/,/netherlands/moving/tools/first-90-days/from/[country],tool_calculator,countries+MOVING_TOOL_FROM:singapore,enabled_variant,,INDEXABLE,,https://www.expatcopilot.com/netherlands/moving/tools/first-90-days/from/singapore/,,yes,no,,,yes,2026-04-20,,no,prod_sitemap+origin_tool_from,Present in production /sitemap.xml as of audit fetch; country-scoped tool; parent country enabled=true
https://www.expatcopilot.com/netherlands/moving/tools/first-90-days/from/south-africa/,/netherlands/moving/tools/first-90-days/from/[country],tool_calculator,countries+MOVING_TOOL_FROM:south-africa,enabled_variant,,INDEXABLE,,https://www.expatcopilot.com/netherlands/moving/tools/first-90-days/from/south-africa/,,yes,no,,,yes,,,no,prod_sitemap+origin_tool_from,Present in production /sitemap.xml as of audit fetch; country-scoped tool; parent country enabled=true
https://www.expatcopilot.com/netherlands/moving/tools/first-90-days/from/south-korea/,/netherlands/moving/tools/first-90-days/from/[country],tool_calculator,countries+MOVING_TOOL_FROM:south-korea,enabled_variant,,INDEXABLE,,https://www.expatcopilot.com/netherlands/moving/tools/first-90-days/from/south-korea/,,yes,no,,,yes,2026-04-24,,no,prod_sitemap+origin_tool_from,Present in production /sitemap.xml as of audit fetch; country-scoped tool; parent country enabled=true
https://www.expatcopilot.com/netherlands/moving/tools/first-90-days/from/spain/,/netherlands/moving/tools/first-90-days/from/[country],tool_calculator,countries+MOVING_TOOL_FROM:spain,enabled_variant,,INDEXABLE,,https://www.expatcopilot.com/netherlands/moving/tools/first-90-days/from/spain/,,yes,no,,,yes,2026-04-10,,no,prod_sitemap+origin_tool_from,Present in production /sitemap.xml as of audit fetch; country-scoped tool; parent country enabled=true
https://www.expatcopilot.com/netherlands/moving/tools/first-90-days/from/sweden/,/netherlands/moving/tools/first-90-days/from/[country],tool_calculator,countries+MOVING_TOOL_FROM:sweden,enabled_variant,,INDEXABLE,,https://www.expatcopilot.com/netherlands/moving/tools/first-90-days/from/sweden/,,yes,no,,,yes,2026-04-27,,no,prod_sitemap+origin_tool_from,Present in production /sitemap.xml as of audit fetch; country-scoped tool; parent country enabled=true
https://www.expatcopilot.com/netherlands/moving/tools/first-90-days/from/switzerland/,/netherlands/moving/tools/first-90-days/from/[country],tool_calculator,countries+MOVING_TOOL_FROM:switzerland,enabled_variant,,INDEXABLE,,https://www.expatcopilot.com/netherlands/moving/tools/first-90-days/from/switzerland/,,yes,no,,,yes,2026-04-27,,no,prod_sitemap+origin_tool_from,Present in production /sitemap.xml as of audit fetch; country-scoped tool; parent country enabled=true
https://www.expatcopilot.com/netherlands/moving/tools/first-90-days/from/turkey/,/netherlands/moving/tools/first-90-days/from/[country],tool_calculator,countries+MOVING_TOOL_FROM:turkey,enabled_variant,,INDEXABLE,,https://www.expatcopilot.com/netherlands/moving/tools/first-90-days/from/turkey/,,yes,no,,,yes,2026-04-27,,no,prod_sitemap+origin_tool_from,Present in production /sitemap.xml as of audit fetch; country-scoped tool; parent country enabled=true
https://www.expatcopilot.com/netherlands/moving/tools/first-90-days/from/uae/,/netherlands/moving/tools/first-90-days/from/[country],tool_calculator,countries+MOVING_TOOL_FROM:uae,enabled_variant,,INDEXABLE,,https://www.expatcopilot.com/netherlands/moving/tools/first-90-days/from/uae/,,yes,no,,,yes,2026-04-20,,no,prod_sitemap+origin_tool_from,Present in production /sitemap.xml as of audit fetch; country-scoped tool; parent country enabled=true
https://www.expatcopilot.com/netherlands/moving/tools/first-90-days/from/united-kingdom/,/netherlands/moving/tools/first-90-days/from/[country],tool_calculator,countries+MOVING_TOOL_FROM:united-kingdom,enabled_variant,,INDEXABLE,,https://www.expatcopilot.com/netherlands/moving/tools/first-90-days/from/united-kingdom/,,yes,no,,,yes,,,no,prod_sitemap+origin_tool_from,Present in production /sitemap.xml as of audit fetch; country-scoped tool; parent country enabled=true
https://www.expatcopilot.com/netherlands/moving/tools/first-90-days/from/united-states/,/netherlands/moving/tools/first-90-days/from/[country],tool_calculator,countries+MOVING_TOOL_FROM:united-states,enabled_variant,,INDEXABLE,,https://www.expatcopilot.com/netherlands/moving/tools/first-90-days/from/united-states/,,yes,no,,,yes,,,no,prod_sitemap+origin_tool_from,Present in production /sitemap.xml as of audit fetch; country-scoped tool; parent country enabled=true
https://www.expatcopilot.com/netherlands/moving/tools/hsm-salary-checker/,/netherlands/moving/tools/hsm-salary-checker,tool_calculator,tools/registry.json:hsm-salary-checker,live,,INDEXABLE,,https://www.expatcopilot.com/netherlands/moving/tools/hsm-salary-checker/,,yes,no,,,yes,,,no,prod_sitemap+tools_registry,Present in production /sitemap.xml as of audit fetch; tool status=live; title=Highly Skilled Migrant Salary Checker
https://www.expatcopilot.com/netherlands/moving/tools/moving-checklist/,/netherlands/moving/tools/moving-checklist,tool_calculator,tools/registry.json:moving-checklist,live,,INDEXABLE,,https://www.expatcopilot.com/netherlands/moving/tools/moving-checklist/,,yes,no,,,yes,,,no,prod_sitemap+tools_registry,Present in production /sitemap.xml as of audit fetch; tool status=live; title=Moving Checklist Generator
https://www.expatcopilot.com/netherlands/moving/tools/moving-checklist/from/argentina/,/netherlands/moving/tools/moving-checklist/from/[country],tool_calculator,countries+MOVING_TOOL_FROM:argentina,enabled_variant,,INDEXABLE,,https://www.expatcopilot.com/netherlands/moving/tools/moving-checklist/from/argentina/,,yes,no,,,yes,2026-04-27,,no,prod_sitemap+origin_tool_from,Present in production /sitemap.xml as of audit fetch; country-scoped tool; parent country enabled=true
https://www.expatcopilot.com/netherlands/moving/tools/moving-checklist/from/australia/,/netherlands/moving/tools/moving-checklist/from/[country],tool_calculator,countries+MOVING_TOOL_FROM:australia,enabled_variant,,INDEXABLE,,https://www.expatcopilot.com/netherlands/moving/tools/moving-checklist/from/australia/,,yes,no,,,yes,2026-04-07,,no,prod_sitemap+origin_tool_from,Present in production /sitemap.xml as of audit fetch; country-scoped tool; parent country enabled=true
https://www.expatcopilot.com/netherlands/moving/tools/moving-checklist/from/brazil/,/netherlands/moving/tools/moving-checklist/from/[country],tool_calculator,countries+MOVING_TOOL_FROM:brazil,enabled_variant,,INDEXABLE,,https://www.expatcopilot.com/netherlands/moving/tools/moving-checklist/from/brazil/,,yes,no,,,yes,2026-04-14,,no,prod_sitemap+origin_tool_from,Present in production /sitemap.xml as of audit fetch; country-scoped tool; parent country enabled=true
https://www.expatcopilot.com/netherlands/moving/tools/moving-checklist/from/canada/,/netherlands/moving/tools/moving-checklist/from/[country],tool_calculator,countries+MOVING_TOOL_FROM:canada,enabled_variant,,INDEXABLE,,https://www.expatcopilot.com/netherlands/moving/tools/moving-checklist/from/canada/,,yes,no,,,yes,2026-04-07,,no,prod_sitemap+origin_tool_from,Present in production /sitemap.xml as of audit fetch; country-scoped tool; parent country enabled=true
https://www.expatcopilot.com/netherlands/moving/tools/moving-checklist/from/chile/,/netherlands/moving/tools/moving-checklist/from/[country],tool_calculator,countries+MOVING_TOOL_FROM:chile,enabled_variant,,INDEXABLE,,https://www.expatcopilot.com/netherlands/moving/tools/moving-checklist/from/chile/,,yes,no,,,yes,2026-04-27,,no,prod_sitemap+origin_tool_from,Present in production /sitemap.xml as of audit fetch; country-scoped tool; parent country enabled=true
https://www.expatcopilot.com/netherlands/moving/tools/moving-checklist/from/denmark/,/netherlands/moving/tools/moving-checklist/from/[country],tool_calculator,countries+MOVING_TOOL_FROM:denmark,enabled_variant,,INDEXABLE,,https://www.expatcopilot.com/netherlands/moving/tools/moving-checklist/from/denmark/,,yes,no,,,yes,2026-04-30,,no,prod_sitemap+origin_tool_from,Present in production /sitemap.xml as of audit fetch; country-scoped tool; parent country enabled=true
https://www.expatcopilot.com/netherlands/moving/tools/moving-checklist/from/france/,/netherlands/moving/tools/moving-checklist/from/[country],tool_calculator,countries+MOVING_TOOL_FROM:france,enabled_variant,,INDEXABLE,,https://www.expatcopilot.com/netherlands/moving/tools/moving-checklist/from/france/,,yes,no,,,yes,2026-04-10,,no,prod_sitemap+origin_tool_from,Present in production /sitemap.xml as of audit fetch; country-scoped tool; parent country enabled=true
https://www.expatcopilot.com/netherlands/moving/tools/moving-checklist/from/germany/,/netherlands/moving/tools/moving-checklist/from/[country],tool_calculator,countries+MOVING_TOOL_FROM:germany,enabled_variant,,INDEXABLE,,https://www.expatcopilot.com/netherlands/moving/tools/moving-checklist/from/germany/,,yes,no,,,yes,2026-04-10,,no,prod_sitemap+origin_tool_from,Present in production /sitemap.xml as of audit fetch; country-scoped tool; parent country enabled=true
https://www.expatcopilot.com/netherlands/moving/tools/moving-checklist/from/india/,/netherlands/moving/tools/moving-checklist/from/[country],tool_calculator,countries+MOVING_TOOL_FROM:india,enabled_variant,,INDEXABLE,,https://www.expatcopilot.com/netherlands/moving/tools/moving-checklist/from/india/,,yes,no,,,yes,,,no,prod_sitemap+origin_tool_from,Present in production /sitemap.xml as of audit fetch; country-scoped tool; parent country enabled=true
https://www.expatcopilot.com/netherlands/moving/tools/moving-checklist/from/indonesia/,/netherlands/moving/tools/moving-checklist/from/[country],tool_calculator,countries+MOVING_TOOL_FROM:indonesia,enabled_variant,,INDEXABLE,,https://www.expatcopilot.com/netherlands/moving/tools/moving-checklist/from/indonesia/,,yes,no,,,yes,2026-05-03,,no,prod_sitemap+origin_tool_from,Present in production /sitemap.xml as of audit fetch; country-scoped tool; parent country enabled=true
https://www.expatcopilot.com/netherlands/moving/tools/moving-checklist/from/ireland/,/netherlands/moving/tools/moving-checklist/from/[country],tool_calculator,countries+MOVING_TOOL_FROM:ireland,enabled_variant,,INDEXABLE,,https://www.expatcopilot.com/netherlands/moving/tools/moving-checklist/from/ireland/,,yes,no,,,yes,2026-04-30,,no,prod_sitemap+origin_tool_from,Present in production /sitemap.xml as of audit fetch; country-scoped tool; parent country enabled=true
https://www.expatcopilot.com/netherlands/moving/tools/moving-checklist/from/italy/,/netherlands/moving/tools/moving-checklist/from/[country],tool_calculator,countries+MOVING_TOOL_FROM:italy,enabled_variant,,INDEXABLE,,https://www.expatcopilot.com/netherlands/moving/tools/moving-checklist/from/italy/,,yes,no,,,yes,2026-04-14,,no,prod_sitemap+origin_tool_from,Present in production /sitemap.xml as of audit fetch; country-scoped tool; parent country enabled=true
https://www.expatcopilot.com/netherlands/moving/tools/moving-checklist/from/japan/,/netherlands/moving/tools/moving-checklist/from/[country],tool_calculator,countries+MOVING_TOOL_FROM:japan,enabled_variant,,INDEXABLE,,https://www.expatcopilot.com/netherlands/moving/tools/moving-checklist/from/japan/,,yes,no,,,yes,2026-04-20,,no,prod_sitemap+origin_tool_from,Present in production /sitemap.xml as of audit fetch; country-scoped tool; parent country enabled=true
https://www.expatcopilot.com/netherlands/moving/tools/moving-checklist/from/kenya/,/netherlands/moving/tools/moving-checklist/from/[country],tool_calculator,countries+MOVING_TOOL_FROM:kenya,enabled_variant,,INDEXABLE,,https://www.expatcopilot.com/netherlands/moving/tools/moving-checklist/from/kenya/,,yes,no,,,yes,2026-05-03,,no,prod_sitemap+origin_tool_from,Present in production /sitemap.xml as of audit fetch; country-scoped tool; parent country enabled=true
https://www.expatcopilot.com/netherlands/moving/tools/moving-checklist/from/mexico/,/netherlands/moving/tools/moving-checklist/from/[country],tool_calculator,countries+MOVING_TOOL_FROM:mexico,enabled_variant,,INDEXABLE,,https://www.expatcopilot.com/netherlands/moving/tools/moving-checklist/from/mexico/,,yes,no,,,yes,2026-04-17,,no,prod_sitemap+origin_tool_from,Present in production /sitemap.xml as of audit fetch; country-scoped tool; parent country enabled=true
https://www.expatcopilot.com/netherlands/moving/tools/moving-checklist/from/new-zealand/,/netherlands/moving/tools/moving-checklist/from/[country],tool_calculator,countries+MOVING_TOOL_FROM:new-zealand,enabled_variant,,INDEXABLE,,https://www.expatcopilot.com/netherlands/moving/tools/moving-checklist/from/new-zealand/,,yes,no,,,yes,2026-04-07,,no,prod_sitemap+origin_tool_from,Present in production /sitemap.xml as of audit fetch; country-scoped tool; parent country enabled=true
https://www.expatcopilot.com/netherlands/moving/tools/moving-checklist/from/nigeria/,/netherlands/moving/tools/moving-checklist/from/[country],tool_calculator,countries+MOVING_TOOL_FROM:nigeria,enabled_variant,,INDEXABLE,,https://www.expatcopilot.com/netherlands/moving/tools/moving-checklist/from/nigeria/,,yes,no,,,yes,2026-05-03,,no,prod_sitemap+origin_tool_from,Present in production /sitemap.xml as of audit fetch; country-scoped tool; parent country enabled=true
https://www.expatcopilot.com/netherlands/moving/tools/moving-checklist/from/norway/,/netherlands/moving/tools/moving-checklist/from/[country],tool_calculator,countries+MOVING_TOOL_FROM:norway,enabled_variant,,INDEXABLE,,https://www.expatcopilot.com/netherlands/moving/tools/moving-checklist/from/norway/,,yes,no,,,yes,2026-04-30,,no,prod_sitemap+origin_tool_from,Present in production /sitemap.xml as of audit fetch; country-scoped tool; parent country enabled=true
https://www.expatcopilot.com/netherlands/moving/tools/moving-checklist/from/pakistan/,/netherlands/moving/tools/moving-checklist/from/[country],tool_calculator,countries+MOVING_TOOL_FROM:pakistan,enabled_variant,,INDEXABLE,,https://www.expatcopilot.com/netherlands/moving/tools/moving-checklist/from/pakistan/,,yes,no,,,yes,2026-05-03,,no,prod_sitemap+origin_tool_from,Present in production /sitemap.xml as of audit fetch; country-scoped tool; parent country enabled=true
https://www.expatcopilot.com/netherlands/moving/tools/moving-checklist/from/philippines/,/netherlands/moving/tools/moving-checklist/from/[country],tool_calculator,countries+MOVING_TOOL_FROM:philippines,enabled_variant,,INDEXABLE,,https://www.expatcopilot.com/netherlands/moving/tools/moving-checklist/from/philippines/,,yes,no,,,yes,2026-05-03,,no,prod_sitemap+origin_tool_from,Present in production /sitemap.xml as of audit fetch; country-scoped tool; parent country enabled=true
https://www.expatcopilot.com/netherlands/moving/tools/moving-checklist/from/singapore/,/netherlands/moving/tools/moving-checklist/from/[country],tool_calculator,countries+MOVING_TOOL_FROM:singapore,enabled_variant,,INDEXABLE,,https://www.expatcopilot.com/netherlands/moving/tools/moving-checklist/from/singapore/,,yes,no,,,yes,2026-04-20,,no,prod_sitemap+origin_tool_from,Present in production /sitemap.xml as of audit fetch; country-scoped tool; parent country enabled=true
https://www.expatcopilot.com/netherlands/moving/tools/moving-checklist/from/south-africa/,/netherlands/moving/tools/moving-checklist/from/[country],tool_calculator,countries+MOVING_TOOL_FROM:south-africa,enabled_variant,,INDEXABLE,,https://www.expatcopilot.com/netherlands/moving/tools/moving-checklist/from/south-africa/,,yes,no,,,yes,,,no,prod_sitemap+origin_tool_from,Present in production /sitemap.xml as of audit fetch; country-scoped tool; parent country enabled=true
https://www.expatcopilot.com/netherlands/moving/tools/moving-checklist/from/south-korea/,/netherlands/moving/tools/moving-checklist/from/[country],tool_calculator,countries+MOVING_TOOL_FROM:south-korea,enabled_variant,,INDEXABLE,,https://www.expatcopilot.com/netherlands/moving/tools/moving-checklist/from/south-korea/,,yes,no,,,yes,2026-04-24,,no,prod_sitemap+origin_tool_from,Present in production /sitemap.xml as of audit fetch; country-scoped tool; parent country enabled=true
https://www.expatcopilot.com/netherlands/moving/tools/moving-checklist/from/spain/,/netherlands/moving/tools/moving-checklist/from/[country],tool_calculator,countries+MOVING_TOOL_FROM:spain,enabled_variant,,INDEXABLE,,https://www.expatcopilot.com/netherlands/moving/tools/moving-checklist/from/spain/,,yes,no,,,yes,2026-04-10,,no,prod_sitemap+origin_tool_from,Present in production /sitemap.xml as of audit fetch; country-scoped tool; parent country enabled=true
https://www.expatcopilot.com/netherlands/moving/tools/moving-checklist/from/sweden/,/netherlands/moving/tools/moving-checklist/from/[country],tool_calculator,countries+MOVING_TOOL_FROM:sweden,enabled_variant,,INDEXABLE,,https://www.expatcopilot.com/netherlands/moving/tools/moving-checklist/from/sweden/,,yes,no,,,yes,2026-04-27,,no,prod_sitemap+origin_tool_from,Present in production /sitemap.xml as of audit fetch; country-scoped tool; parent country enabled=true
https://www.expatcopilot.com/netherlands/moving/tools/moving-checklist/from/switzerland/,/netherlands/moving/tools/moving-checklist/from/[country],tool_calculator,countries+MOVING_TOOL_FROM:switzerland,enabled_variant,,INDEXABLE,,https://www.expatcopilot.com/netherlands/moving/tools/moving-checklist/from/switzerland/,,yes,no,,,yes,2026-04-27,,no,prod_sitemap+origin_tool_from,Present in production /sitemap.xml as of audit fetch; country-scoped tool; parent country enabled=true
https://www.expatcopilot.com/netherlands/moving/tools/moving-checklist/from/turkey/,/netherlands/moving/tools/moving-checklist/from/[country],tool_calculator,countries+MOVING_TOOL_FROM:turkey,enabled_variant,,INDEXABLE,,https://www.expatcopilot.com/netherlands/moving/tools/moving-checklist/from/turkey/,,yes,no,,,yes,2026-04-27,,no,prod_sitemap+origin_tool_from,Present in production /sitemap.xml as of audit fetch; country-scoped tool; parent country enabled=true
https://www.expatcopilot.com/netherlands/moving/tools/moving-checklist/from/uae/,/netherlands/moving/tools/moving-checklist/from/[country],tool_calculator,countries+MOVING_TOOL_FROM:uae,enabled_variant,,INDEXABLE,,https://www.expatcopilot.com/netherlands/moving/tools/moving-checklist/from/uae/,,yes,no,,,yes,2026-04-20,,no,prod_sitemap+origin_tool_from,Present in production /sitemap.xml as of audit fetch; country-scoped tool; parent country enabled=true
https://www.expatcopilot.com/netherlands/moving/tools/moving-checklist/from/united-kingdom/,/netherlands/moving/tools/moving-checklist/from/[country],tool_calculator,countries+MOVING_TOOL_FROM:united-kingdom,enabled_variant,,INDEXABLE,,https://www.expatcopilot.com/netherlands/moving/tools/moving-checklist/from/united-kingdom/,,yes,no,,,yes,,,no,prod_sitemap+origin_tool_from,Present in production /sitemap.xml as of audit fetch; country-scoped tool; parent country enabled=true
https://www.expatcopilot.com/netherlands/moving/tools/moving-checklist/from/united-states/,/netherlands/moving/tools/moving-checklist/from/[country],tool_calculator,countries+MOVING_TOOL_FROM:united-states,enabled_variant,,INDEXABLE,,https://www.expatcopilot.com/netherlands/moving/tools/moving-checklist/from/united-states/,,yes,no,,,yes,,,no,prod_sitemap+origin_tool_from,Present in production /sitemap.xml as of audit fetch; country-scoped tool; parent country enabled=true
https://www.expatcopilot.com/netherlands/moving/tools/moving-cost-calculator/,/netherlands/moving/tools/moving-cost-calculator,tool_calculator,tools/registry.json:moving-cost-calculator,placeholder,,INTENTIONALLY_NOINDEX,noindex (placeholder factory),,,no,no,,,no,,,yes,tools_registry,tool status=placeholder; title=Moving Cost Calculator
https://www.expatcopilot.com/netherlands/moving/tools/relocation-cost-estimator/,/netherlands/moving/tools/relocation-cost-estimator,tool_calculator,tools/registry.json:relocation-cost-estimator,live,,INDEXABLE,,https://www.expatcopilot.com/netherlands/moving/tools/relocation-cost-estimator/,,yes,no,,,yes,,,no,prod_sitemap+tools_registry,Present in production /sitemap.xml as of audit fetch; tool status=live; title=Relocation Cost Estimator
https://www.expatcopilot.com/netherlands/moving/tools/residence-permit-timeline-estimator/,/netherlands/moving/tools/residence-permit-timeline-estimator,redirect_alias,next.config.js redirects,permanent_redirect,,REDIRECT,,https://www.expatcopilot.com/netherlands/visa-timeline-estimator/,,no,no,,,n/a,,,no,next_config_redirect+next_config_redirect,permanent redirect → /netherlands/visa-timeline-estimator/; permanent redirect → /netherlands/visa-timeline-estimator/
https://www.expatcopilot.com/netherlands/moving/tools/visa-eligibility-checker/,/netherlands/moving/tools/visa-eligibility-checker,redirect_alias,next.config.js redirects,permanent_redirect,,REDIRECT,,https://www.expatcopilot.com/netherlands/visa-checker/,,no,no,,,n/a,,,no,next_config_redirect+next_config_redirect,permanent redirect → /netherlands/visa-checker/; permanent redirect → /netherlands/visa-checker/
https://www.expatcopilot.com/netherlands/moving/twv-work-permit/,/netherlands/moving/twv-work-permit,guide,app_router:app/netherlands/moving/twv-work-permit/page.tsx,exists_in_codebase,,INDEXABLE,,https://www.expatcopilot.com/netherlands/moving/twv-work-permit/,,yes,no,,,yes,,,no,prod_sitemap,Present in production /sitemap.xml as of audit fetch
https://www.expatcopilot.com/netherlands/moving/visas-residency/,/netherlands/moving/visas-residency,visa_guide,app_router:app/netherlands/moving/visas-residency/page.tsx,exists_in_codebase,,INDEXABLE,,https://www.expatcopilot.com/netherlands/moving/visas-residency/,,yes,no,,,yes,,,no,prod_sitemap,Present in production /sitemap.xml as of audit fetch
https://www.expatcopilot.com/netherlands/moving/working-in-the-netherlands/,/netherlands/moving/working-in-the-netherlands,guide,app_router:app/netherlands/moving/working-in-the-netherlands/page.tsx,exists_in_codebase,,INDEXABLE,,https://www.expatcopilot.com/netherlands/moving/working-in-the-netherlands/,,yes,no,,,yes,,,no,prod_sitemap,Present in production /sitemap.xml as of audit fetch
https://www.expatcopilot.com/netherlands/municipality-registration-netherlands/,/netherlands/moving/guides/[slug],moving_guide,moving/registry.json:municipality-registration-netherlands,exists_in_codebase,,INDEXABLE,,https://www.expatcopilot.com/netherlands/municipality-registration-netherlands/,,yes,no,,,conditional,,,no,prod_sitemap+moving_registry,Present in production /sitemap.xml as of audit fetch; moving guide publish=undefined; status=
https://www.expatcopilot.com/netherlands/nijmegen/,/netherlands/nijmegen,city_page,app_router:app/netherlands/nijmegen/page.tsx,exists_in_codebase,,INDEXABLE,,https://www.expatcopilot.com/netherlands/nijmegen/,,yes,no,,,yes,,,no,prod_sitemap,Present in production /sitemap.xml as of audit fetch
https://www.expatcopilot.com/netherlands/official-figures/,/netherlands/official-figures,guide,app_router:app/netherlands/official-figures/page.tsx,exists_in_codebase,,INDEXABLE,,https://www.expatcopilot.com/netherlands/official-figures/,,yes,yes,,,yes,,,no,prod_sitemap,Present in production /sitemap.xml as of audit fetch
https://www.expatcopilot.com/netherlands/open-bank-account-netherlands/,/netherlands/moving/guides/[slug],moving_guide,moving/registry.json:open-bank-account-netherlands,exists_in_codebase,,INDEXABLE,,https://www.expatcopilot.com/netherlands/open-bank-account-netherlands/,,yes,no,,,conditional,,,no,prod_sitemap+moving_registry,Present in production /sitemap.xml as of audit fetch; moving guide publish=undefined; status=
https://www.expatcopilot.com/netherlands/permanent-residence-netherlands/,/netherlands/permanent-residence-netherlands,redirect_alias,next.config.js redirects,permanent_redirect,,REDIRECT,,https://www.expatcopilot.com/netherlands/citizenship/permanent-residence/,,no,no,,,n/a,,,no,next_config_redirect+next_config_redirect,permanent redirect → /netherlands/citizenship/permanent-residence/; permanent redirect → /netherlands/citizenship/permanent-residence/
https://www.expatcopilot.com/netherlands/practical-life/address-registration-netherlands/,/netherlands/practical-life/address-registration-netherlands,redirect_alias,next.config.js redirects,permanent_redirect,,REDIRECT,,https://www.expatcopilot.com/netherlands/practical-life/registering-your-address-netherlands/,,no,no,,,n/a,,,no,COMING_SOON_ROUTES+next_config_redirect+next_config_redirect,"COMING_SOON_ROUTES title=""Address Registration Netherlands"" section=guides; permanent redirect → /netherlands/practical-life/registering-your-address-netherlands/; permanent redirect → /netherlands/practical-life/registering-your-address-netherlands/"
https://www.expatcopilot.com/netherlands/practical-life/bsn-netherlands/,/netherlands/practical-life/bsn-netherlands,guide,,coming-soon,,STAGED_NOT_LAUNCHED,,,,no,no,,,no,,,yes,COMING_SOON_ROUTES,"COMING_SOON_ROUTES title=""BSN Netherlands"" section=guides"
https://www.expatcopilot.com/netherlands/practical-life/digid-netherlands/,/netherlands/practical-life/digid-netherlands,guide,app_router:app/netherlands/practical-life/digid-netherlands/page.tsx,coming-soon,,INDEXABLE,,https://www.expatcopilot.com/netherlands/practical-life/digid-netherlands/,,yes,yes,,,no,,,yes,prod_sitemap+COMING_SOON_ROUTES,"Present in production /sitemap.xml as of audit fetch; COMING_SOON_ROUTES title=""DigiD Netherlands"" section=guides"
https://www.expatcopilot.com/netherlands/practical-life/government-portals-netherlands/,/netherlands/practical-life/government-portals-netherlands,guide,app_router:app/netherlands/practical-life/government-portals-netherlands/page.tsx,coming-soon,,INDEXABLE,,https://www.expatcopilot.com/netherlands/practical-life/government-portals-netherlands/,,yes,yes,,,no,,,yes,prod_sitemap+COMING_SOON_ROUTES,"Present in production /sitemap.xml as of audit fetch; COMING_SOON_ROUTES title=""Government Portals Netherlands"" section=guides"
https://www.expatcopilot.com/netherlands/practical-life/local-taxes-netherlands/,/netherlands/practical-life/local-taxes-netherlands,guide,,coming-soon,,STAGED_NOT_LAUNCHED,,,,no,no,,,no,,,yes,COMING_SOON_ROUTES,"COMING_SOON_ROUTES title=""Local Taxes Netherlands"" section=guides"
https://www.expatcopilot.com/netherlands/practical-life/municipality-services-netherlands/,/netherlands/practical-life/municipality-services-netherlands,guide,app_router:app/netherlands/practical-life/municipality-services-netherlands/page.tsx,exists_in_codebase,,INDEXABLE,,https://www.expatcopilot.com/netherlands/practical-life/municipality-services-netherlands/,,yes,yes,,,yes,,,no,prod_sitemap,Present in production /sitemap.xml as of audit fetch
https://www.expatcopilot.com/netherlands/practical-life/parking-and-local-permits-netherlands/,/netherlands/practical-life/parking-and-local-permits-netherlands,guide,app_router:app/netherlands/practical-life/parking-and-local-permits-netherlands/page.tsx,exists_in_codebase,,INDEXABLE,,https://www.expatcopilot.com/netherlands/practical-life/parking-and-local-permits-netherlands/,,yes,yes,,,yes,,,no,prod_sitemap,Present in production /sitemap.xml as of audit fetch
https://www.expatcopilot.com/netherlands/practical-life/privacy-and-safety-basics-netherlands/,/netherlands/practical-life/privacy-and-safety-basics-netherlands,guide,app_router:app/netherlands/practical-life/privacy-and-safety-basics-netherlands/page.tsx,coming-soon,,INDEXABLE,,https://www.expatcopilot.com/netherlands/practical-life/privacy-and-safety-basics-netherlands/,,yes,yes,,,no,,,yes,prod_sitemap+COMING_SOON_ROUTES,"Present in production /sitemap.xml as of audit fetch; COMING_SOON_ROUTES title=""Privacy and Safety Basics Netherlands"" section=guides"
https://www.expatcopilot.com/netherlands/practical-life/registering-your-address-netherlands/,/netherlands/practical-life/registering-your-address-netherlands,guide,app_router:app/netherlands/practical-life/registering-your-address-netherlands/page.tsx,exists_in_codebase,,INDEXABLE,,https://www.expatcopilot.com/netherlands/practical-life/registering-your-address-netherlands/,,yes,yes,,,yes,,,no,prod_sitemap,Present in production /sitemap.xml as of audit fetch
https://www.expatcopilot.com/netherlands/practical-life/subscriptions-and-cancellations-netherlands/,/netherlands/practical-life/subscriptions-and-cancellations-netherlands,guide,app_router:app/netherlands/practical-life/subscriptions-and-cancellations-netherlands/page.tsx,coming-soon,,INDEXABLE,,https://www.expatcopilot.com/netherlands/practical-life/subscriptions-and-cancellations-netherlands/,,yes,yes,,,no,,,yes,prod_sitemap+COMING_SOON_ROUTES,"Present in production /sitemap.xml as of audit fetch; COMING_SOON_ROUTES title=""Subscriptions and Cancellations Netherlands"" section=guides"
https://www.expatcopilot.com/netherlands/practical-life/waste-and-recycling-netherlands/,/netherlands/practical-life/waste-and-recycling-netherlands,guide,app_router:app/netherlands/practical-life/waste-and-recycling-netherlands/page.tsx,exists_in_codebase,,INDEXABLE,,https://www.expatcopilot.com/netherlands/practical-life/waste-and-recycling-netherlands/,,yes,yes,,,yes,,,no,prod_sitemap,Present in production /sitemap.xml as of audit fetch
https://www.expatcopilot.com/netherlands/private-rental-netherlands/,/netherlands/private-rental-netherlands,guide,,coming-soon,,STAGED_NOT_LAUNCHED,,,,no,no,,,no,,,yes,COMING_SOON_ROUTES,"COMING_SOON_ROUTES title=""Private rental Netherlands"" section=guides"
https://www.expatcopilot.com/netherlands/property-tax-netherlands/,/netherlands/property-tax-netherlands,redirect_alias,next.config.js redirects,permanent_redirect,,REDIRECT,,https://www.expatcopilot.com/netherlands/taxes/property-tax-netherlands/,,no,no,,,n/a,,,no,next_config_redirect+next_config_redirect,permanent redirect → /netherlands/taxes/property-tax-netherlands/; permanent redirect → /netherlands/taxes/property-tax-netherlands/
https://www.expatcopilot.com/netherlands/randstad/,/netherlands/randstad,guide,app_router:app/netherlands/randstad/page.tsx,exists_in_codebase,,INDEXABLE,,https://www.expatcopilot.com/netherlands/randstad/,,yes,yes,,,yes,,,no,prod_sitemap,Present in production /sitemap.xml as of audit fetch
https://www.expatcopilot.com/netherlands/register-address-netherlands/,/netherlands/moving/guides/[slug],moving_guide,moving/registry.json:register-address-netherlands,permanent_redirect,,UNKNOWN,,https://www.expatcopilot.com/netherlands/practical-life/registering-your-address-netherlands/,,no,no,,,conditional,,,no,next_config_redirect+next_config_redirect+moving_registry,permanent redirect → /netherlands/practical-life/registering-your-address-netherlands/; permanent redirect → /netherlands/practical-life/registering-your-address-netherlands/; moving guide publish=undefined; status=; Listed in SITEMAP_PERMANENT_REDIRECT_ALIASES (excluded from XML sitemap)
https://www.expatcopilot.com/netherlands/registering-address-rental/,/netherlands/registering-address-rental,guide,,coming-soon,,STAGED_NOT_LAUNCHED,,,,no,no,,,no,,,yes,COMING_SOON_ROUTES,"COMING_SOON_ROUTES title=""Registering address (rental)"" section=guides"
https://www.expatcopilot.com/netherlands/rent-control-netherlands/,/netherlands/rent-control-netherlands,guide,,coming-soon,,STAGED_NOT_LAUNCHED,,,,no,no,,,no,,,yes,COMING_SOON_ROUTES,"COMING_SOON_ROUTES title=""Rent control Netherlands"" section=guides"
https://www.expatcopilot.com/netherlands/rent-increase-rules-netherlands/,/netherlands/rent-increase-rules-netherlands,guide,,coming-soon,,STAGED_NOT_LAUNCHED,,,,no,no,,,no,,,yes,COMING_SOON_ROUTES,"COMING_SOON_ROUTES title=""Rent increase rules Netherlands"" section=guides"
https://www.expatcopilot.com/netherlands/rent-prices-amsterdam/,/netherlands/rent-prices-amsterdam,guide,,coming-soon,,STAGED_NOT_LAUNCHED,,,,no,no,,,no,,,yes,COMING_SOON_ROUTES,"COMING_SOON_ROUTES title=""Rent prices Amsterdam"" section=guides"
https://www.expatcopilot.com/netherlands/rent-prices-rotterdam/,/netherlands/rent-prices-rotterdam,guide,,coming-soon,,STAGED_NOT_LAUNCHED,,,,no,no,,,no,,,yes,COMING_SOON_ROUTES,"COMING_SOON_ROUTES title=""Rent prices Rotterdam"" section=guides"
https://www.expatcopilot.com/netherlands/rent-prices-utrecht/,/netherlands/rent-prices-utrecht,guide,,coming-soon,,STAGED_NOT_LAUNCHED,,,,no,no,,,no,,,yes,COMING_SOON_ROUTES,"COMING_SOON_ROUTES title=""Rent prices Utrecht"" section=guides"
https://www.expatcopilot.com/netherlands/rental-contract-netherlands/,/netherlands/rental-contract-netherlands,guide,,coming-soon,,STAGED_NOT_LAUNCHED,,,,no,no,,,no,,,yes,COMING_SOON_ROUTES,"COMING_SOON_ROUTES title=""Rental contract Netherlands"" section=guides"
https://www.expatcopilot.com/netherlands/rental-deposit-netherlands/,/netherlands/rental-deposit-netherlands,guide,,coming-soon,,STAGED_NOT_LAUNCHED,,,,no,no,,,no,,,yes,COMING_SOON_ROUTES,"COMING_SOON_ROUTES title=""Rental deposit Netherlands"" section=guides"
https://www.expatcopilot.com/netherlands/rental-insurance-netherlands/,/netherlands/rental-insurance-netherlands,guide,,coming-soon,,STAGED_NOT_LAUNCHED,,,,no,no,,,no,,,yes,COMING_SOON_ROUTES,"COMING_SOON_ROUTES title=""Rental insurance Netherlands"" section=guides"
https://www.expatcopilot.com/netherlands/renter-rights-netherlands/,/netherlands/renter-rights-netherlands,guide,,coming-soon,,STAGED_NOT_LAUNCHED,,,,no,no,,,no,,,yes,COMING_SOON_ROUTES,"COMING_SOON_ROUTES title=""Renter rights Netherlands"" section=guides"
https://www.expatcopilot.com/netherlands/renting-in-netherlands/,/netherlands/renting-in-netherlands,guide,,coming-soon,,STAGED_NOT_LAUNCHED,,,,no,no,,,no,,,yes,COMING_SOON_ROUTES,"COMING_SOON_ROUTES title=""Renting in the Netherlands (guide)"" section=guides"
https://www.expatcopilot.com/netherlands/renting-in-the-netherlands/,/netherlands/renting-in-the-netherlands,guide,,coming-soon,,STAGED_NOT_LAUNCHED,,,,no,no,,,no,,,yes,COMING_SOON_ROUTES,"COMING_SOON_ROUTES title=""Renting in the Netherlands (pillar)"" section=guides"
https://www.expatcopilot.com/netherlands/reporting-bad-landlord-netherlands/,/netherlands/reporting-bad-landlord-netherlands,guide,,coming-soon,,STAGED_NOT_LAUNCHED,,,,no,no,,,no,,,yes,COMING_SOON_ROUTES,"COMING_SOON_ROUTES title=""Reporting bad landlord Netherlands"" section=guides"
https://www.expatcopilot.com/netherlands/rotterdam/,/netherlands/rotterdam,city_page,app_router:app/netherlands/rotterdam/page.tsx,exists_in_codebase,,INDEXABLE,,https://www.expatcopilot.com/netherlands/rotterdam/,,yes,no,,,yes,,,no,prod_sitemap,Present in production /sitemap.xml as of audit fetch
https://www.expatcopilot.com/netherlands/services/,/netherlands/services,service_directory,app_router:app/netherlands/services/page.tsx,exists_in_codebase,,INDEXABLE,,https://www.expatcopilot.com/netherlands/services/,,yes,yes,,,yes,,,no,prod_sitemap,Present in production /sitemap.xml as of audit fetch
https://www.expatcopilot.com/netherlands/services/accountants/,/netherlands/services/accountants,service_directory,scheduledGuides.ts,scheduled_future,,STAGED_NOT_LAUNCHED,,,,no,no,,,no,2026-11-13,,yes,COMING_SOON_ROUTES+SCHEDULED_GUIDES,"COMING_SOON_ROUTES title=""Accountants"" section=services; SCHEDULED_GUIDES title=""Accountants""; publishDate=2026-11-13; as_of=2026-09-06 future→middleware 404 + nav coming-soon + omit sitemap"
https://www.expatcopilot.com/netherlands/services/bank-comparison/,/netherlands/services/[slug],service_directory,,coming-soon,,STAGED_NOT_LAUNCHED,,,,no,no,,,no,,,yes,COMING_SOON_ROUTES,"COMING_SOON_ROUTES title=""Bank comparison"" section=services"
https://www.expatcopilot.com/netherlands/services/banks/,/netherlands/services/[slug],service_directory,services/categories.ts,exists_in_codebase,,INDEXABLE,,https://www.expatcopilot.com/netherlands/services/banks/,,yes,no,,,yes,,,no,prod_sitemap+services_categories,Present in production /sitemap.xml as of audit fetch
https://www.expatcopilot.com/netherlands/services/business-consultants/,/netherlands/services/business-consultants,service_directory,scheduledGuides.ts,scheduled_future,,STAGED_NOT_LAUNCHED,,,,no,no,,,no,2026-11-13,,yes,COMING_SOON_ROUTES+SCHEDULED_GUIDES,"COMING_SOON_ROUTES title=""Business consultants"" section=services; SCHEDULED_GUIDES title=""Business consultants""; publishDate=2026-11-13; as_of=2026-09-06 future→middleware 404 + nav coming-soon + omit sitemap"
https://www.expatcopilot.com/netherlands/services/cleaning-companies/,/netherlands/services/cleaning-companies,service_directory,scheduledGuides.ts,scheduled_future,,STAGED_NOT_LAUNCHED,,,,no,no,,,no,2026-11-10,,yes,COMING_SOON_ROUTES+SCHEDULED_GUIDES,"COMING_SOON_ROUTES title=""Cleaning companies"" section=services; SCHEDULED_GUIDES title=""Cleaning companies""; publishDate=2026-11-10; as_of=2026-09-06 future→middleware 404 + nav coming-soon + omit sitemap"
https://www.expatcopilot.com/netherlands/services/compare-health-insurance/,/netherlands/services/[slug],service_directory,,coming-soon,,STAGED_NOT_LAUNCHED,,,,no,no,,,no,,,yes,COMING_SOON_ROUTES,"COMING_SOON_ROUTES title=""Compare health insurance (legacy path)"" section=services"
https://www.expatcopilot.com/netherlands/services/daycare-providers/,/netherlands/services/daycare-providers,service_directory,scheduledGuides.ts,scheduled_future,,STAGED_NOT_LAUNCHED,,,,no,no,,,no,2026-11-07,,yes,COMING_SOON_ROUTES+SCHEDULED_GUIDES,"COMING_SOON_ROUTES title=""Daycare providers"" section=services; SCHEDULED_GUIDES title=""Daycare providers""; publishDate=2026-11-07; as_of=2026-09-06 future→middleware 404 + nav coming-soon + omit sitemap"
https://www.expatcopilot.com/netherlands/services/energy-providers/,/netherlands/services/[slug],service_directory,services/categories.ts,scheduled_future,,STAGED_NOT_LAUNCHED,,,,no,no,,,no,2026-11-04,,yes,COMING_SOON_ROUTES+SCHEDULED_GUIDES+services_categories,"COMING_SOON_ROUTES title=""Energy providers"" section=services; SCHEDULED_GUIDES title=""Energy providers""; publishDate=2026-11-04; as_of=2026-09-06 future→middleware 404 + nav coming-soon + omit sitemap"
https://www.expatcopilot.com/netherlands/services/estate-agents/,/netherlands/services/estate-agents,service_directory,scheduledGuides.ts,scheduled_future,,STAGED_NOT_LAUNCHED,,,,no,no,,,no,2026-10-28,,yes,COMING_SOON_ROUTES+SCHEDULED_GUIDES,"COMING_SOON_ROUTES title=""Estate agents"" section=services; SCHEDULED_GUIDES title=""Estate agents""; publishDate=2026-10-28; as_of=2026-09-06 future→middleware 404 + nav coming-soon + omit sitemap"
https://www.expatcopilot.com/netherlands/services/expat-housing-agencies/,/netherlands/services/[slug],service_directory,,coming-soon,,STAGED_NOT_LAUNCHED,,,,no,no,,,no,,,yes,COMING_SOON_ROUTES,"COMING_SOON_ROUTES title=""Expat housing agencies"" section=services"
https://www.expatcopilot.com/netherlands/services/financial-advisors/,/netherlands/services/[slug],service_directory,services/categories.ts,exists_in_codebase,,INDEXABLE,,https://www.expatcopilot.com/netherlands/services/financial-advisors/,,yes,yes,,,yes,,,no,prod_sitemap+services_categories,Present in production /sitemap.xml as of audit fetch
https://www.expatcopilot.com/netherlands/services/handymen/,/netherlands/services/handymen,service_directory,scheduledGuides.ts,scheduled_future,,STAGED_NOT_LAUNCHED,,,,no,no,,,no,2026-11-10,,yes,COMING_SOON_ROUTES+SCHEDULED_GUIDES,"COMING_SOON_ROUTES title=""Handymen"" section=services; SCHEDULED_GUIDES title=""Handymen""; publishDate=2026-11-10; as_of=2026-09-06 future→middleware 404 + nav coming-soon + omit sitemap"
https://www.expatcopilot.com/netherlands/services/health-insurance/,/netherlands/services/[slug],service_directory,services/categories.ts,exists_in_codebase,,INDEXABLE,,https://www.expatcopilot.com/netherlands/services/health-insurance/,,yes,no,,,yes,,,no,prod_sitemap+services_categories,Present in production /sitemap.xml as of audit fetch
https://www.expatcopilot.com/netherlands/services/highly-skilled-migrant-sponsors/,/netherlands/services/[slug],service_directory,services/categories.ts,exists_in_codebase,,INDEXABLE,,https://www.expatcopilot.com/netherlands/services/highly-skilled-migrant-sponsors/,,yes,no,,,yes,,,no,prod_sitemap+services_categories,Present in production /sitemap.xml as of audit fetch
https://www.expatcopilot.com/netherlands/services/housing-platforms/,/netherlands/services/[slug],service_directory,services/categories.ts,exists_in_codebase,,INDEXABLE,,https://www.expatcopilot.com/netherlands/services/housing-platforms/,,yes,no,,,yes,,,no,prod_sitemap+services_categories,Present in production /sitemap.xml as of audit fetch
https://www.expatcopilot.com/netherlands/services/immigration-lawyers/,/netherlands/services/[slug],service_directory,services/categories.ts,exists_in_codebase,,INDEXABLE,,https://www.expatcopilot.com/netherlands/services/immigration-lawyers/,,yes,no,,,yes,,,no,prod_sitemap+services_categories,Present in production /sitemap.xml as of audit fetch
https://www.expatcopilot.com/netherlands/services/insurance-brokers/,/netherlands/services/[slug],service_directory,services/categories.ts,scheduled_future,,STAGED_NOT_LAUNCHED,,,,no,no,,,no,2026-11-01,,yes,COMING_SOON_ROUTES+SCHEDULED_GUIDES+services_categories,"COMING_SOON_ROUTES title=""Insurance brokers"" section=services; SCHEDULED_GUIDES title=""Insurance brokers""; publishDate=2026-11-01; as_of=2026-09-06 future→middleware 404 + nav coming-soon + omit sitemap"
https://www.expatcopilot.com/netherlands/services/insurance-providers/,/netherlands/services/[slug],service_directory,services/categories.ts,exists_in_codebase,,INDEXABLE,,https://www.expatcopilot.com/netherlands/services/insurance-providers/,,yes,yes,,,yes,,,no,prod_sitemap+services_categories,Present in production /sitemap.xml as of audit fetch
https://www.expatcopilot.com/netherlands/services/international-schools/,/netherlands/services/international-schools,service_directory,scheduledGuides.ts,scheduled_future,,STAGED_NOT_LAUNCHED,,,,no,no,,,no,2026-11-07,,yes,COMING_SOON_ROUTES+SCHEDULED_GUIDES,"COMING_SOON_ROUTES title=""International schools"" section=services; SCHEDULED_GUIDES title=""International schools""; publishDate=2026-11-07; as_of=2026-09-06 future→middleware 404 + nav coming-soon + omit sitemap"
https://www.expatcopilot.com/netherlands/services/international-shipping/,/netherlands/services/[slug],service_directory,,coming-soon,,STAGED_NOT_LAUNCHED,,,,no,no,,,no,,,yes,COMING_SOON_ROUTES,"COMING_SOON_ROUTES title=""International shipping"" section=services"
https://www.expatcopilot.com/netherlands/services/internet-providers/,/netherlands/services/[slug],service_directory,services/categories.ts,scheduled_future,,STAGED_NOT_LAUNCHED,,,,no,no,,,no,2026-11-04,,yes,COMING_SOON_ROUTES+SCHEDULED_GUIDES+services_categories,"COMING_SOON_ROUTES title=""Internet providers"" section=services; SCHEDULED_GUIDES title=""Internet providers""; publishDate=2026-11-04; as_of=2026-09-06 future→middleware 404 + nav coming-soon + omit sitemap"
https://www.expatcopilot.com/netherlands/services/mobile-connectivity/,/netherlands/services/[slug],service_directory,services/categories.ts,exists_in_codebase,,INDEXABLE,,https://www.expatcopilot.com/netherlands/services/mobile-connectivity/,,yes,no,,,yes,,,no,prod_sitemap+services_categories,Present in production /sitemap.xml as of audit fetch
https://www.expatcopilot.com/netherlands/services/mortgage-advisors/,/netherlands/services/[slug],service_directory,services/categories.ts,exists_in_codebase,,INDEXABLE,,https://www.expatcopilot.com/netherlands/services/mortgage-advisors/,,yes,yes,,,yes,,,no,prod_sitemap+services_categories,Present in production /sitemap.xml as of audit fetch
https://www.expatcopilot.com/netherlands/services/moving-companies/,/netherlands/services/[slug],service_directory,services/categories.ts,scheduled_future,404,STAGED_NOT_LAUNCHED,,,404,no,no,,,no,2026-10-25,,yes,COMING_SOON_ROUTES+SCHEDULED_GUIDES+services_categories,"COMING_SOON_ROUTES title=""Moving companies"" section=services; SCHEDULED_GUIDES title=""Moving companies""; publishDate=2026-10-25; as_of=2026-09-06 future→middleware 404 + nav coming-soon + omit sitemap"
https://www.expatcopilot.com/netherlands/services/notaries/,/netherlands/services/[slug],service_directory,services/categories.ts,scheduled_future,,STAGED_NOT_LAUNCHED,,,,no,no,,,no,2026-11-01,,yes,COMING_SOON_ROUTES+SCHEDULED_GUIDES+services_categories,"COMING_SOON_ROUTES title=""Notaries"" section=services; SCHEDULED_GUIDES title=""Notaries""; publishDate=2026-11-01; as_of=2026-09-06 future→middleware 404 + nav coming-soon + omit sitemap"
https://www.expatcopilot.com/netherlands/services/pet-relocation-companies/,/netherlands/services/pet-relocation-companies,service_directory,scheduledGuides.ts,scheduled_future,,STAGED_NOT_LAUNCHED,,,,no,no,,,no,2026-11-10,,yes,COMING_SOON_ROUTES+SCHEDULED_GUIDES,"COMING_SOON_ROUTES title=""Pet relocation companies"" section=services; SCHEDULED_GUIDES title=""Pet relocation companies""; publishDate=2026-11-10; as_of=2026-09-06 future→middleware 404 + nav coming-soon + omit sitemap"
https://www.expatcopilot.com/netherlands/services/phone-providers/,/netherlands/services/[slug],service_directory,services/categories.ts,scheduled_future,,STAGED_NOT_LAUNCHED,,,,no,no,,,no,2026-11-04,,yes,COMING_SOON_ROUTES+SCHEDULED_GUIDES+services_categories,"COMING_SOON_ROUTES title=""Phone providers"" section=services; SCHEDULED_GUIDES title=""Phone providers""; publishDate=2026-11-04; as_of=2026-09-06 future→middleware 404 + nav coming-soon + omit sitemap"
https://www.expatcopilot.com/netherlands/services/real-estate-agents/,/netherlands/services/[slug],service_directory,,coming-soon,,STAGED_NOT_LAUNCHED,,,,no,no,,,no,,,yes,COMING_SOON_ROUTES,"COMING_SOON_ROUTES title=""Real Estate Agents"" section=services"
https://www.expatcopilot.com/netherlands/services/recruitment-agencies/,/netherlands/services/[slug],service_directory,services/categories.ts,scheduled_future,,UNKNOWN,,,,no,no,,,no,2026-10-22,,yes,SCHEDULED_GUIDES+services_categories,"SCHEDULED_GUIDES title=""Recruitment agencies""; publishDate=2026-10-22; as_of=2026-09-06 future→middleware 404 + nav coming-soon + omit sitemap"
https://www.expatcopilot.com/netherlands/services/relocation-agencies/,/netherlands/services/[slug],service_directory,services/categories.ts,exists_in_codebase,,INDEXABLE,,https://www.expatcopilot.com/netherlands/services/relocation-agencies/,,yes,no,,,yes,,,no,prod_sitemap+services_categories,Present in production /sitemap.xml as of audit fetch
https://www.expatcopilot.com/netherlands/services/relocation-services/,/netherlands/services/[slug],service_directory,services/categories.ts,exists_in_codebase,,INDEXABLE,,https://www.expatcopilot.com/netherlands/services/relocation-services/,,yes,no,,,yes,,,no,prod_sitemap+services_categories,Present in production /sitemap.xml as of audit fetch
https://www.expatcopilot.com/netherlands/services/removal-companies/,/netherlands/services/removal-companies,service_directory,scheduledGuides.ts,scheduled_future,,STAGED_NOT_LAUNCHED,,,,no,no,,,no,2026-10-25,,yes,COMING_SOON_ROUTES+SCHEDULED_GUIDES,"COMING_SOON_ROUTES title=""Removal companies"" section=services; SCHEDULED_GUIDES title=""Removal companies""; publishDate=2026-10-25; as_of=2026-09-06 future→middleware 404 + nav coming-soon + omit sitemap"
https://www.expatcopilot.com/netherlands/services/rental-agencies/,/netherlands/services/[slug],service_directory,services/categories.ts,exists_in_codebase,,INDEXABLE,,https://www.expatcopilot.com/netherlands/services/rental-agencies/,,yes,no,,,yes,,,no,prod_sitemap+services_categories,Present in production /sitemap.xml as of audit fetch
https://www.expatcopilot.com/netherlands/services/startup-visa-advisors/,/netherlands/services/[slug],service_directory,services/categories.ts,exists_in_codebase,,INDEXABLE,,https://www.expatcopilot.com/netherlands/services/startup-visa-advisors/,,yes,no,,,yes,,,no,prod_sitemap+services_categories,Present in production /sitemap.xml as of audit fetch
https://www.expatcopilot.com/netherlands/services/storage-companies/,/netherlands/services/storage-companies,service_directory,scheduledGuides.ts,scheduled_future,,STAGED_NOT_LAUNCHED,,,,no,no,,,no,2026-10-28,,yes,COMING_SOON_ROUTES+SCHEDULED_GUIDES,"COMING_SOON_ROUTES title=""Storage companies"" section=services; SCHEDULED_GUIDES title=""Storage companies""; publishDate=2026-10-28; as_of=2026-09-06 future→middleware 404 + nav coming-soon + omit sitemap"
https://www.expatcopilot.com/netherlands/services/tax-advisors/,/netherlands/services/[slug],service_directory,services/categories.ts,exists_in_codebase,,INDEXABLE,,https://www.expatcopilot.com/netherlands/services/tax-advisors/,,yes,yes,,,yes,,,no,prod_sitemap+services_categories,Present in production /sitemap.xml as of audit fetch
https://www.expatcopilot.com/netherlands/services/temporary-accommodation/,/netherlands/services/[slug],service_directory,,coming-soon,404,STAGED_NOT_LAUNCHED,noindex,,404,no,no,,,no,,,yes,COMING_SOON_ROUTES,"COMING_SOON_ROUTES title=""Temporary Accommodation"" section=services"
https://www.expatcopilot.com/netherlands/services/visa-consultants/,/netherlands/services/[slug],service_directory,services/categories.ts,exists_in_codebase,,INDEXABLE,,https://www.expatcopilot.com/netherlands/services/visa-consultants/,,yes,no,,,yes,,,no,prod_sitemap+services_categories,Present in production /sitemap.xml as of audit fetch
https://www.expatcopilot.com/netherlands/services/work-permit-services/,/netherlands/services/[slug],service_directory,,coming-soon,,STAGED_NOT_LAUNCHED,,,,no,no,,,no,,,yes,COMING_SOON_ROUTES,"COMING_SOON_ROUTES title=""Work permit services"" section=services"
https://www.expatcopilot.com/netherlands/settling-in-netherlands/,/netherlands/settling-in-netherlands,redirect_alias,next.config.js redirects,permanent_redirect,,REDIRECT,,https://www.expatcopilot.com/netherlands/after-arriving-netherlands/,,no,no,,,n/a,,,no,next_config_redirect+next_config_redirect,permanent redirect → /netherlands/after-arriving-netherlands/; permanent redirect → /netherlands/after-arriving-netherlands/
https://www.expatcopilot.com/netherlands/shipping-household-goods-netherlands/,/netherlands/moving/guides/[slug],moving_guide,moving/registry.json:shipping-household-goods-netherlands,exists_in_codebase,,INDEXABLE,,https://www.expatcopilot.com/netherlands/shipping-household-goods-netherlands/,,yes,no,,,conditional,,,no,prod_sitemap+moving_registry,Present in production /sitemap.xml as of audit fetch; moving guide publish=undefined; status=
https://www.expatcopilot.com/netherlands/social-housing-netherlands/,/netherlands/social-housing-netherlands,guide,,coming-soon,,STAGED_NOT_LAUNCHED,,,,no,no,,,no,,,yes,COMING_SOON_ROUTES,"COMING_SOON_ROUTES title=""Social housing Netherlands"" section=guides"
https://www.expatcopilot.com/netherlands/survival-guide/,/netherlands/survival-guide,redirect_alias,next.config.js redirects,permanent_redirect,308 → /netherlands/living/survival-guide/ | final=200,REDIRECT,"index, follow",https://www.expatcopilot.com/netherlands/living/survival-guide/,200,no,no,,,n/a,,,no,next_config_redirect+next_config_redirect,permanent redirect → /netherlands/living/survival-guide/; permanent redirect → /netherlands/living/survival-guide/
https://www.expatcopilot.com/netherlands/taxes/,/netherlands/taxes,guide,app_router:app/netherlands/taxes/page.tsx,exists_in_codebase,,INDEXABLE,,https://www.expatcopilot.com/netherlands/taxes/,,yes,yes,,,yes,,,no,prod_sitemap,Present in production /sitemap.xml as of audit fetch
https://www.expatcopilot.com/netherlands/taxes/30-percent-ruling/,/netherlands/taxes/30-percent-ruling,guide,app_router:app/netherlands/taxes/30-percent-ruling/page.tsx,coming-soon,,INDEXABLE,,https://www.expatcopilot.com/netherlands/taxes/30-percent-ruling/,,yes,yes,,,no,,,yes,prod_sitemap+COMING_SOON_ROUTES,"Present in production /sitemap.xml as of audit fetch; COMING_SOON_ROUTES title=""30% ruling in the Netherlands"" section=guides"
https://www.expatcopilot.com/netherlands/taxes/30-ruling-application/,/netherlands/taxes/30-ruling-application,guide,,coming-soon,,STAGED_NOT_LAUNCHED,,,,no,no,,,no,,,yes,COMING_SOON_ROUTES,"COMING_SOON_ROUTES title=""30% ruling application"" section=guides"
https://www.expatcopilot.com/netherlands/taxes/30-ruling-eligibility/,/netherlands/taxes/30-ruling-eligibility,guide,,coming-soon,,STAGED_NOT_LAUNCHED,,,,no,no,,,no,,,yes,COMING_SOON_ROUTES,"COMING_SOON_ROUTES title=""30% ruling eligibility"" section=guides"
https://www.expatcopilot.com/netherlands/taxes/30-ruling-expiry/,/netherlands/taxes/30-ruling-expiry,guide,,coming-soon,,STAGED_NOT_LAUNCHED,,,,no,no,,,no,,,yes,COMING_SOON_ROUTES,"COMING_SOON_ROUTES title=""30% ruling expiry"" section=guides"
https://www.expatcopilot.com/netherlands/taxes/30-ruling-salary-requirements/,/netherlands/taxes/30-ruling-salary-requirements,guide,,coming-soon,,STAGED_NOT_LAUNCHED,,,,no,no,,,no,,,yes,COMING_SOON_ROUTES,"COMING_SOON_ROUTES title=""30% ruling salary requirements"" section=guides"
https://www.expatcopilot.com/netherlands/taxes/average-salary-netherlands/,/netherlands/taxes/average-salary-netherlands,guide,app_router:app/netherlands/taxes/average-salary-netherlands/page.tsx,exists_in_codebase,,INDEXABLE,,https://www.expatcopilot.com/netherlands/taxes/average-salary-netherlands/,,yes,yes,,,yes,,,no,prod_sitemap,Present in production /sitemap.xml as of audit fetch
https://www.expatcopilot.com/netherlands/taxes/bonus-tax-netherlands/,/netherlands/taxes/bonus-tax-netherlands,guide,app_router:app/netherlands/taxes/bonus-tax-netherlands/page.tsx,exists_in_codebase,,INDEXABLE,,https://www.expatcopilot.com/netherlands/taxes/bonus-tax-netherlands/,,yes,yes,,,yes,,,no,prod_sitemap,Present in production /sitemap.xml as of audit fetch
https://www.expatcopilot.com/netherlands/taxes/bsn-and-tax-system/,/netherlands/taxes/bsn-and-tax-system,guide,,coming-soon,,STAGED_NOT_LAUNCHED,,,,no,no,,,no,,,yes,COMING_SOON_ROUTES,"COMING_SOON_ROUTES title=""BSN and tax system"" section=guides"
https://www.expatcopilot.com/netherlands/taxes/childcare-allowance-netherlands/,/netherlands/taxes/childcare-allowance-netherlands,guide,app_router:app/netherlands/taxes/childcare-allowance-netherlands/page.tsx,exists_in_codebase,,INDEXABLE,,https://www.expatcopilot.com/netherlands/taxes/childcare-allowance-netherlands/,,yes,yes,,,yes,,,no,prod_sitemap,Present in production /sitemap.xml as of audit fetch
https://www.expatcopilot.com/netherlands/taxes/childcare-allowance/,/netherlands/taxes/childcare-allowance,redirect_alias,next.config.js redirects,permanent_redirect,,REDIRECT,,https://www.expatcopilot.com/netherlands/taxes/childcare-allowance-netherlands/,,no,no,,,n/a,,,no,next_config_redirect+next_config_redirect,permanent redirect → /netherlands/taxes/childcare-allowance-netherlands/; permanent redirect → /netherlands/taxes/childcare-allowance-netherlands/
https://www.expatcopilot.com/netherlands/taxes/cost-of-living-amsterdam/,/netherlands/taxes/cost-of-living-amsterdam,guide,,coming-soon,,STAGED_NOT_LAUNCHED,,,,no,no,,,no,,,yes,COMING_SOON_ROUTES,"COMING_SOON_ROUTES title=""Cost of living Amsterdam (taxes)"" section=guides"
https://www.expatcopilot.com/netherlands/taxes/cost-of-living-eindhoven/,/netherlands/taxes/cost-of-living-eindhoven,guide,,coming-soon,,STAGED_NOT_LAUNCHED,,,,no,no,,,no,,,yes,COMING_SOON_ROUTES,"COMING_SOON_ROUTES title=""Cost of living Eindhoven (taxes)"" section=guides"
https://www.expatcopilot.com/netherlands/taxes/cost-of-living-rotterdam/,/netherlands/taxes/cost-of-living-rotterdam,guide,,coming-soon,,STAGED_NOT_LAUNCHED,,,,no,no,,,no,,,yes,COMING_SOON_ROUTES,"COMING_SOON_ROUTES title=""Cost of living Rotterdam (taxes)"" section=guides"
https://www.expatcopilot.com/netherlands/taxes/cost-of-living-the-hague/,/netherlands/taxes/cost-of-living-the-hague,guide,,coming-soon,,STAGED_NOT_LAUNCHED,,,,no,no,,,no,,,yes,COMING_SOON_ROUTES,"COMING_SOON_ROUTES title=""Cost of living The Hague (taxes)"" section=guides"
https://www.expatcopilot.com/netherlands/taxes/cost-of-living-utrecht/,/netherlands/taxes/cost-of-living-utrecht,guide,,coming-soon,,STAGED_NOT_LAUNCHED,,,,no,no,,,no,,,yes,COMING_SOON_ROUTES,"COMING_SOON_ROUTES title=""Cost of living Utrecht (taxes)"" section=guides"
https://www.expatcopilot.com/netherlands/taxes/double-taxation-netherlands/,/netherlands/taxes/double-taxation-netherlands,guide,app_router:app/netherlands/taxes/double-taxation-netherlands/page.tsx,exists_in_codebase,,INDEXABLE,,https://www.expatcopilot.com/netherlands/taxes/double-taxation-netherlands/,,yes,yes,,,yes,,,no,prod_sitemap,Present in production /sitemap.xml as of audit fetch
https://www.expatcopilot.com/netherlands/taxes/dutch-tax-calendar/,/netherlands/taxes/dutch-tax-calendar,guide,,coming-soon,,STAGED_NOT_LAUNCHED,,,,no,no,,,no,,,yes,COMING_SOON_ROUTES,"COMING_SOON_ROUTES title=""Dutch tax calendar"" section=guides"
https://www.expatcopilot.com/netherlands/taxes/expat-tax-return/,/netherlands/taxes/expat-tax-return,guide,,coming-soon,,STAGED_NOT_LAUNCHED,,,,no,no,,,no,,,yes,COMING_SOON_ROUTES,"COMING_SOON_ROUTES title=""Expat tax return"" section=guides"
https://www.expatcopilot.com/netherlands/taxes/expat-taxes-netherlands/,/netherlands/taxes/expat-taxes-netherlands,redirect_alias,next.config.js redirects,permanent_redirect,,REDIRECT,,https://www.expatcopilot.com/netherlands/money/expat-taxes-netherlands/,,no,yes,,,n/a,,,no,next_config_redirect+next_config_redirect,permanent redirect → /netherlands/money/expat-taxes-netherlands/; permanent redirect → /netherlands/money/expat-taxes-netherlands/
https://www.expatcopilot.com/netherlands/taxes/foreign-income-netherlands/,/netherlands/taxes/foreign-income-netherlands,guide,app_router:app/netherlands/taxes/foreign-income-netherlands/page.tsx,exists_in_codebase,,INDEXABLE,,https://www.expatcopilot.com/netherlands/taxes/foreign-income-netherlands/,,yes,yes,,,yes,,,no,prod_sitemap,Present in production /sitemap.xml as of audit fetch
https://www.expatcopilot.com/netherlands/taxes/gross-vs-net-salary/,/netherlands/taxes/gross-vs-net-salary,comparison,app_router:app/netherlands/taxes/gross-vs-net-salary/page.tsx,exists_in_codebase,,INDEXABLE,,https://www.expatcopilot.com/netherlands/taxes/gross-vs-net-salary/,,yes,yes,,,yes,,,no,prod_sitemap,Present in production /sitemap.xml as of audit fetch
https://www.expatcopilot.com/netherlands/taxes/healthcare-allowance-netherlands/,/netherlands/taxes/healthcare-allowance-netherlands,guide,app_router:app/netherlands/taxes/healthcare-allowance-netherlands/page.tsx,exists_in_codebase,,INDEXABLE,,https://www.expatcopilot.com/netherlands/taxes/healthcare-allowance-netherlands/,,yes,yes,,,yes,,,no,prod_sitemap,Present in production /sitemap.xml as of audit fetch
https://www.expatcopilot.com/netherlands/taxes/healthcare-allowance/,/netherlands/taxes/healthcare-allowance,redirect_alias,next.config.js redirects,permanent_redirect,,REDIRECT,,https://www.expatcopilot.com/netherlands/taxes/healthcare-allowance-netherlands/,,no,no,,,n/a,,,no,next_config_redirect+next_config_redirect,permanent redirect → /netherlands/taxes/healthcare-allowance-netherlands/; permanent redirect → /netherlands/taxes/healthcare-allowance-netherlands/
https://www.expatcopilot.com/netherlands/taxes/how-taxes-work-netherlands/,/netherlands/taxes/how-taxes-work-netherlands,redirect_alias,next.config.js redirects,permanent_redirect,,REDIRECT,,https://www.expatcopilot.com/netherlands/money/how-taxes-work-in-the-netherlands/,,no,no,,,n/a,,,no,COMING_SOON_ROUTES+next_config_redirect+next_config_redirect,"COMING_SOON_ROUTES title=""How taxes work Netherlands"" section=guides; permanent redirect → /netherlands/money/how-taxes-work-in-the-netherlands/; permanent redirect → /netherlands/money/how-taxes-work-in-the-netherlands/"
https://www.expatcopilot.com/netherlands/taxes/leaving-netherlands-tax/,/netherlands/taxes/leaving-netherlands-tax,guide,app_router:app/netherlands/taxes/leaving-netherlands-tax/page.tsx,exists_in_codebase,,INDEXABLE,,https://www.expatcopilot.com/netherlands/taxes/leaving-netherlands-tax/,,yes,yes,,,yes,,,no,prod_sitemap,Present in production /sitemap.xml as of audit fetch
https://www.expatcopilot.com/netherlands/taxes/net-salary-netherlands/,/netherlands/taxes/net-salary-netherlands,guide,app_router:app/netherlands/taxes/net-salary-netherlands/page.tsx,exists_in_codebase,,INDEXABLE,,https://www.expatcopilot.com/netherlands/taxes/net-salary-netherlands/,,yes,yes,,,yes,,,no,prod_sitemap,Present in production /sitemap.xml as of audit fetch
https://www.expatcopilot.com/netherlands/taxes/payroll-tax-netherlands/,/netherlands/taxes/payroll-tax-netherlands,guide,app_router:app/netherlands/taxes/payroll-tax-netherlands/page.tsx,exists_in_codebase,,INDEXABLE,,https://www.expatcopilot.com/netherlands/taxes/payroll-tax-netherlands/,,yes,yes,,,yes,,,no,prod_sitemap,Present in production /sitemap.xml as of audit fetch
https://www.expatcopilot.com/netherlands/taxes/property-tax-netherlands/,/netherlands/taxes/property-tax-netherlands,guide,app_router:app/netherlands/taxes/property-tax-netherlands/page.tsx,exists_in_codebase,,INDEXABLE,,https://www.expatcopilot.com/netherlands/taxes/property-tax-netherlands/,,yes,yes,,,yes,,,no,prod_sitemap,Present in production /sitemap.xml as of audit fetch
https://www.expatcopilot.com/netherlands/taxes/rent-allowance-netherlands/,/netherlands/taxes/rent-allowance-netherlands,guide,app_router:app/netherlands/taxes/rent-allowance-netherlands/page.tsx,exists_in_codebase,,INDEXABLE,,https://www.expatcopilot.com/netherlands/taxes/rent-allowance-netherlands/,,yes,yes,,,yes,,,no,prod_sitemap,Present in production /sitemap.xml as of audit fetch
https://www.expatcopilot.com/netherlands/taxes/rent-allowance/,/netherlands/taxes/rent-allowance,redirect_alias,next.config.js redirects,permanent_redirect,,REDIRECT,,https://www.expatcopilot.com/netherlands/taxes/rent-allowance-netherlands/,,no,no,,,n/a,,,no,next_config_redirect+next_config_redirect,permanent redirect → /netherlands/taxes/rent-allowance-netherlands/; permanent redirect → /netherlands/taxes/rent-allowance-netherlands/
https://www.expatcopilot.com/netherlands/taxes/self-employed-tax-netherlands/,/netherlands/taxes/self-employed-tax-netherlands,guide,,coming-soon,,STAGED_NOT_LAUNCHED,,,,no,no,,,no,,,yes,COMING_SOON_ROUTES,"COMING_SOON_ROUTES title=""Self-employed tax Netherlands"" section=guides"
https://www.expatcopilot.com/netherlands/taxes/tax-advisors-netherlands/,/netherlands/taxes/tax-advisors-netherlands,guide,,coming-soon,,STAGED_NOT_LAUNCHED,,,,no,no,,,no,,,yes,COMING_SOON_ROUTES,"COMING_SOON_ROUTES title=""Tax advisors Netherlands"" section=guides"
https://www.expatcopilot.com/netherlands/taxes/tax-brackets-netherlands/,/netherlands/taxes/tax-brackets-netherlands,guide,,coming-soon,,STAGED_NOT_LAUNCHED,,,,no,no,,,no,,,yes,COMING_SOON_ROUTES,"COMING_SOON_ROUTES title=""Tax brackets Netherlands"" section=guides"
https://www.expatcopilot.com/netherlands/taxes/tax-residency-netherlands/,/netherlands/taxes/tax-residency-netherlands,redirect_alias,next.config.js redirects,permanent_redirect,,REDIRECT,,https://www.expatcopilot.com/netherlands/money/tax-residency-netherlands/,,no,no,,,n/a,,,no,COMING_SOON_ROUTES+next_config_redirect+next_config_redirect,"COMING_SOON_ROUTES title=""Tax residency Netherlands"" section=guides; permanent redirect → /netherlands/money/tax-residency-netherlands/; permanent redirect → /netherlands/money/tax-residency-netherlands/"
https://www.expatcopilot.com/netherlands/taxes/tax-return-netherlands/,/netherlands/taxes/tax-return-netherlands,redirect_alias,next.config.js redirects,permanent_redirect,,REDIRECT,,https://www.expatcopilot.com/netherlands/money/tax-return-netherlands/,,no,no,,,n/a,,,no,COMING_SOON_ROUTES+next_config_redirect+next_config_redirect,"COMING_SOON_ROUTES title=""Tax return Netherlands"" section=guides; permanent redirect → /netherlands/money/tax-return-netherlands/; permanent redirect → /netherlands/money/tax-return-netherlands/"
https://www.expatcopilot.com/netherlands/taxes/taxes-after-moving-netherlands/,/netherlands/taxes/taxes-after-moving-netherlands,guide,app_router:app/netherlands/taxes/taxes-after-moving-netherlands/page.tsx,exists_in_codebase,,INDEXABLE,,https://www.expatcopilot.com/netherlands/taxes/taxes-after-moving-netherlands/,,yes,yes,,,yes,,,no,prod_sitemap,Present in production /sitemap.xml as of audit fetch
https://www.expatcopilot.com/netherlands/taxes/tools/,/netherlands/taxes/tools,tool_calculator,app_router:app/netherlands/taxes/tools/page.tsx,exists_in_codebase,,INDEXABLE,,https://www.expatcopilot.com/netherlands/taxes/tools/,,yes,yes,,,yes,,,no,prod_sitemap,Present in production /sitemap.xml as of audit fetch
https://www.expatcopilot.com/netherlands/taxes/tools/30-ruling-calculator/,/netherlands/taxes/tools/30-ruling-calculator,tool_calculator,tools/registry.json:thirty-percent-ruling-calculator,live,,INDEXABLE,,https://www.expatcopilot.com/netherlands/taxes/tools/30-ruling-calculator/,,yes,no,,,yes,,,no,prod_sitemap+tools_registry,Present in production /sitemap.xml as of audit fetch; tool status=live; title=30% Ruling Eligibility Calculator
https://www.expatcopilot.com/netherlands/taxes/tools/allowance-estimator/,/netherlands/taxes/tools/allowance-estimator,tool_calculator,,coming-soon,,STAGED_NOT_LAUNCHED,,,,no,no,,,no,,,yes,COMING_SOON_ROUTES,"COMING_SOON_ROUTES title=""Allowance estimator (taxes)"" section=tools"
https://www.expatcopilot.com/netherlands/taxes/tools/double-tax-awareness-tool/,/netherlands/taxes/tools/double-tax-awareness-tool,tool_calculator,tools/registry.json:double-tax-awareness-tool,live,,INDEXABLE,,https://www.expatcopilot.com/netherlands/taxes/tools/double-tax-awareness-tool/,,yes,no,,,yes,,,no,prod_sitemap+tools_registry,Present in production /sitemap.xml as of audit fetch; tool status=live; title=Double Tax Awareness Tool
https://www.expatcopilot.com/netherlands/taxes/tools/double-tax-checker/,/netherlands/taxes/tools/double-tax-checker,tool_calculator,,coming-soon,,STAGED_NOT_LAUNCHED,,,,no,no,,,no,,,yes,COMING_SOON_ROUTES,"COMING_SOON_ROUTES title=""Double tax checker (taxes)"" section=tools"
https://www.expatcopilot.com/netherlands/taxes/tools/dutch-payslip-decoder/,/netherlands/taxes/tools/dutch-payslip-decoder,tool_calculator,app_router:app/netherlands/taxes/tools/dutch-payslip-decoder/page.tsx,exists_in_codebase,,UNKNOWN,,,,no,no,,,,,,,,
https://www.expatcopilot.com/netherlands/taxes/tools/dutch-salary-net-calculator/,/netherlands/taxes/tools/dutch-salary-net-calculator,tool_calculator,tools/registry.json:dutch-salary-net-calculator,live,,INDEXABLE,,https://www.expatcopilot.com/netherlands/taxes/tools/dutch-salary-net-calculator/,,yes,no,,,yes,,,no,prod_sitemap+tools_registry,Present in production /sitemap.xml as of audit fetch; tool status=live; title=Dutch Salary Net Calculator
https://www.expatcopilot.com/netherlands/taxes/tools/healthcare-allowance-estimator/,/netherlands/taxes/tools/healthcare-allowance-estimator,tool_calculator,tools/registry.json:healthcare-allowance-estimator,live,,INDEXABLE,,https://www.expatcopilot.com/netherlands/taxes/tools/healthcare-allowance-estimator/,,yes,no,,,yes,,,no,prod_sitemap+tools_registry,Present in production /sitemap.xml as of audit fetch; tool status=live; title=Healthcare Allowance Estimator Netherlands
https://www.expatcopilot.com/netherlands/taxes/tools/net-salary-calculator/,/netherlands/taxes/tools/net-salary-calculator,tool_calculator,,coming-soon,,STAGED_NOT_LAUNCHED,,,,no,no,,,no,,,yes,COMING_SOON_ROUTES,"COMING_SOON_ROUTES title=""Net salary calculator (taxes)"" section=tools"
https://www.expatcopilot.com/netherlands/taxes/zzp-tax-netherlands/,/netherlands/taxes/zzp-tax-netherlands,guide,,coming-soon,,STAGED_NOT_LAUNCHED,,,,no,no,,,no,,,yes,COMING_SOON_ROUTES,"COMING_SOON_ROUTES title=""ZZP tax Netherlands"" section=guides"
https://www.expatcopilot.com/netherlands/temporary-housing-netherlands/,/netherlands/temporary-housing-netherlands,guide,,coming-soon,,STAGED_NOT_LAUNCHED,,,,no,no,,,no,,,yes,COMING_SOON_ROUTES,"COMING_SOON_ROUTES title=""Temporary housing Netherlands"" section=guides"
https://www.expatcopilot.com/netherlands/the-hague/,/netherlands/the-hague,city_page,app_router:app/netherlands/the-hague/page.tsx,exists_in_codebase,,INDEXABLE,,https://www.expatcopilot.com/netherlands/the-hague/,,yes,no,,,yes,,,no,prod_sitemap,Present in production /sitemap.xml as of audit fetch
https://www.expatcopilot.com/netherlands/tilburg/,/netherlands/tilburg,city_page,app_router:app/netherlands/tilburg/page.tsx,exists_in_codebase,,INDEXABLE,,https://www.expatcopilot.com/netherlands/tilburg/,,yes,no,,,yes,,,no,prod_sitemap,Present in production /sitemap.xml as of audit fetch
https://www.expatcopilot.com/netherlands/tools/,/netherlands/tools,tool_calculator,app_router:app/netherlands/tools/page.tsx,exists_in_codebase,,INDEXABLE,,https://www.expatcopilot.com/netherlands/tools/,,yes,yes,,,yes,,,no,prod_sitemap,Present in production /sitemap.xml as of audit fetch
https://www.expatcopilot.com/netherlands/tools/advanced/,/netherlands/tools/advanced,tool_calculator,app_router:app/netherlands/tools/advanced/page.tsx,exists_in_codebase,,INDEXABLE,,https://www.expatcopilot.com/netherlands/tools/advanced/,,yes,no,,,yes,,,no,prod_sitemap,Present in production /sitemap.xml as of audit fetch
https://www.expatcopilot.com/netherlands/tools/advanced/ai-personal-benefits-finder/,/netherlands/tools/advanced/ai-personal-benefits-finder,tool_calculator,tools/registry.json:ai-personal-benefits-finder,placeholder,,INTENTIONALLY_NOINDEX,noindex (placeholder factory),,,no,no,,,no,,,yes,tools_registry,tool status=placeholder; title=AI Personal Benefits Finder
https://www.expatcopilot.com/netherlands/tools/advanced/expat-visa-risk-tax-navigator/,/netherlands/tools/advanced/expat-visa-risk-tax-navigator,tool_calculator,tools/registry.json:expat-visa-risk-tax-navigator,placeholder,,INTENTIONALLY_NOINDEX,noindex (placeholder factory),,,no,no,,,no,,,yes,tools_registry,tool status=placeholder; title=Expat Visa Risk + Tax Navigator
https://www.expatcopilot.com/netherlands/tools/advanced/green-retrofit-planner/,/netherlands/tools/advanced/green-retrofit-planner,tool_calculator,tools/registry.json:green-retrofit-planner,placeholder,,INTENTIONALLY_NOINDEX,noindex (placeholder factory),,,no,no,,,no,,,yes,tools_registry,tool status=placeholder; title=Green Retrofit Planner
https://www.expatcopilot.com/netherlands/tools/advanced/hidden-compensation-finder/,/netherlands/tools/advanced/hidden-compensation-finder,tool_calculator,tools/registry.json:hidden-compensation-finder,placeholder,,INTENTIONALLY_NOINDEX,noindex (placeholder factory),,,no,no,,,no,,,yes,tools_registry,tool status=placeholder; title=Hidden Compensation Finder
https://www.expatcopilot.com/netherlands/tools/advanced/insurance-coverage-gap-detector/,/netherlands/tools/advanced/insurance-coverage-gap-detector,tool_calculator,tools/registry.json:insurance-coverage-gap-detector,placeholder,,INTENTIONALLY_NOINDEX,noindex (placeholder factory),,,no,no,,,no,,,yes,tools_registry,tool status=placeholder; title=Insurance Coverage Gap Detector
https://www.expatcopilot.com/netherlands/tools/advanced/rental-deposit-dispute-tool/,/netherlands/tools/advanced/rental-deposit-dispute-tool,tool_calculator,tools/registry.json:rental-deposit-dispute-tool,placeholder,,INTENTIONALLY_NOINDEX,noindex (placeholder factory),,,no,no,,,no,,,yes,tools_registry,tool status=placeholder; title=Rental Deposit Dispute Tool
https://www.expatcopilot.com/netherlands/tools/bank-comparison/,/netherlands/tools/bank-comparison,tool_calculator,tools/registry.json:netherlands-bank-comparison-tool,live,,INDEXABLE,,https://www.expatcopilot.com/netherlands/tools/bank-comparison/,,yes,no,,,yes,,,no,prod_sitemap+tools_registry,Present in production /sitemap.xml as of audit fetch; tool status=live; title=Bank Comparison Tool for Expats in the Netherlands
https://www.expatcopilot.com/netherlands/tools/banking-cost-estimator/,/netherlands/tools/banking-cost-estimator,tool_calculator,tools/registry.json:netherlands-banking-cost-estimator,live,,INDEXABLE,,https://www.expatcopilot.com/netherlands/tools/banking-cost-estimator/,,yes,no,,,yes,,,no,prod_sitemap+tools_registry,Present in production /sitemap.xml as of audit fetch; tool status=live; title=Banking Cost Estimator for Expats in the Netherlands
https://www.expatcopilot.com/netherlands/tools/city-comparison/,/netherlands/tools/city-comparison,tool_calculator,tools/registry.json:netherlands-city-comparison-tool,live,,INDEXABLE,,https://www.expatcopilot.com/netherlands/tools/city-comparison/,,yes,no,,,yes,,,no,prod_sitemap+tools_registry,Present in production /sitemap.xml as of audit fetch; tool status=live; title=Netherlands City Comparison Tool
https://www.expatcopilot.com/netherlands/tools/transfer-cost-calculator/,/netherlands/tools/transfer-cost-calculator,tool_calculator,tools/registry.json:netherlands-transfer-cost-calculator,live,,INDEXABLE,,https://www.expatcopilot.com/netherlands/tools/transfer-cost-calculator/,,yes,no,,,yes,,,no,prod_sitemap+tools_registry,Present in production /sitemap.xml as of audit fetch; tool status=live; title=International Transfer Cost Calculator
https://www.expatcopilot.com/netherlands/transport/tools/,/netherlands/transport/tools,tool_calculator,app_router:app/netherlands/transport/tools/page.tsx,exists_in_codebase,,INDEXABLE,,https://www.expatcopilot.com/netherlands/transport/tools/,,yes,no,,,yes,,,no,prod_sitemap,Present in production /sitemap.xml as of audit fetch
https://www.expatcopilot.com/netherlands/transport/tools/bike-vs-public-transport-cost-tool/,/netherlands/transport/tools/bike-vs-public-transport-cost-tool,tool_calculator,tools/registry.json:bike-vs-public-transport-cost-tool,placeholder,,INTENTIONALLY_NOINDEX,noindex (placeholder factory),,,no,no,,,no,,,yes,tools_registry,tool status=placeholder; title=Bike vs Public Transport Cost Tool
https://www.expatcopilot.com/netherlands/transport/tools/public-transport-cost-estimator/,/netherlands/transport/tools/public-transport-cost-estimator,tool_calculator,tools/registry.json:public-transport-cost-estimator,placeholder,,INTENTIONALLY_NOINDEX,noindex (placeholder factory),,,no,no,,,no,,,yes,tools_registry,tool status=placeholder; title=Public Transport Cost Estimator
https://www.expatcopilot.com/netherlands/utilities-in-netherlands/,/netherlands/utilities-in-netherlands,redirect_alias,next.config.js redirects,permanent_redirect,,REDIRECT,,https://www.expatcopilot.com/netherlands/utilities/utilities-netherlands/,,no,no,,,n/a,,,no,COMING_SOON_ROUTES+next_config_redirect+next_config_redirect,"COMING_SOON_ROUTES title=""Utilities in the Netherlands"" section=guides; permanent redirect → /netherlands/utilities/utilities-netherlands/; permanent redirect → /netherlands/utilities/utilities-netherlands/"
https://www.expatcopilot.com/netherlands/utilities/,/netherlands/utilities,guide,app_router:app/netherlands/utilities/page.tsx,exists_in_codebase,,INDEXABLE,,https://www.expatcopilot.com/netherlands/utilities/,,yes,no,,,yes,,,no,prod_sitemap,Present in production /sitemap.xml as of audit fetch
https://www.expatcopilot.com/netherlands/utilities/district-heating-netherlands/,/netherlands/utilities/district-heating-netherlands,guide,,coming-soon,,STAGED_NOT_LAUNCHED,,,,no,no,,,no,,,yes,COMING_SOON_ROUTES,"COMING_SOON_ROUTES title=""District Heating Netherlands"" section=guides"
https://www.expatcopilot.com/netherlands/utilities/electricity-netherlands/,/netherlands/utilities/electricity-netherlands,guide,,coming-soon,,STAGED_NOT_LAUNCHED,,,,no,no,,,no,,,yes,COMING_SOON_ROUTES,"COMING_SOON_ROUTES title=""Electricity Netherlands"" section=guides"
https://www.expatcopilot.com/netherlands/utilities/energy-and-water-netherlands/,/netherlands/utilities/energy-and-water-netherlands,guide,app_router:app/netherlands/utilities/energy-and-water-netherlands/page.tsx,exists_in_codebase,,INDEXABLE,,https://www.expatcopilot.com/netherlands/utilities/energy-and-water-netherlands/,,yes,yes,,,yes,,,no,prod_sitemap,Present in production /sitemap.xml as of audit fetch
https://www.expatcopilot.com/netherlands/utilities/energy-providers-netherlands/,/netherlands/utilities/energy-providers-netherlands,guide,,coming-soon,,STAGED_NOT_LAUNCHED,,,,no,no,,,no,,,yes,COMING_SOON_ROUTES,"COMING_SOON_ROUTES title=""Energy Providers Netherlands"" section=guides"
https://www.expatcopilot.com/netherlands/utilities/gas-netherlands/,/netherlands/utilities/gas-netherlands,guide,,coming-soon,,STAGED_NOT_LAUNCHED,,,,no,no,,,no,,,yes,COMING_SOON_ROUTES,"COMING_SOON_ROUTES title=""Gas Netherlands"" section=guides"
https://www.expatcopilot.com/netherlands/utilities/internet-and-mobile-netherlands/,/netherlands/utilities/internet-and-mobile-netherlands,guide,app_router:app/netherlands/utilities/internet-and-mobile-netherlands/page.tsx,exists_in_codebase,,INDEXABLE,,https://www.expatcopilot.com/netherlands/utilities/internet-and-mobile-netherlands/,,yes,yes,,,yes,,,no,prod_sitemap,Present in production /sitemap.xml as of audit fetch
https://www.expatcopilot.com/netherlands/utilities/internet-providers-netherlands/,/netherlands/utilities/internet-providers-netherlands,guide,,coming-soon,,STAGED_NOT_LAUNCHED,,,,no,no,,,no,,,yes,COMING_SOON_ROUTES,"COMING_SOON_ROUTES title=""Internet Providers Netherlands"" section=guides"
https://www.expatcopilot.com/netherlands/utilities/mobile-providers-netherlands/,/netherlands/utilities/mobile-providers-netherlands,guide,,coming-soon,,STAGED_NOT_LAUNCHED,,,,no,no,,,no,,,yes,COMING_SOON_ROUTES,"COMING_SOON_ROUTES title=""Mobile Providers Netherlands"" section=guides"
https://www.expatcopilot.com/netherlands/utilities/utilities-netherlands/,/netherlands/utilities/utilities-netherlands,guide,app_router:app/netherlands/utilities/utilities-netherlands/page.tsx,exists_in_codebase,,INDEXABLE,,https://www.expatcopilot.com/netherlands/utilities/utilities-netherlands/,,yes,yes,,,yes,,,no,prod_sitemap,Present in production /sitemap.xml as of audit fetch
https://www.expatcopilot.com/netherlands/utilities/water-netherlands/,/netherlands/utilities/water-netherlands,guide,,coming-soon,,STAGED_NOT_LAUNCHED,,,,no,no,,,no,,,yes,COMING_SOON_ROUTES,"COMING_SOON_ROUTES title=""Water Netherlands"" section=guides"
https://www.expatcopilot.com/netherlands/utrecht/,/netherlands/utrecht,city_page,app_router:app/netherlands/utrecht/page.tsx,exists_in_codebase,,INDEXABLE,,https://www.expatcopilot.com/netherlands/utrecht/,,yes,no,,,yes,,,no,prod_sitemap,Present in production /sitemap.xml as of audit fetch
https://www.expatcopilot.com/netherlands/visa-application-plan/,/netherlands/visa-application-plan,tool_calculator,tools/registry.json:visa-application-plan,live,,INDEXABLE,,https://www.expatcopilot.com/netherlands/visa-application-plan/,,yes,no,,,yes,,,no,prod_sitemap+tools_registry,Present in production /sitemap.xml as of audit fetch; tool status=live; title=Personalized Visa Application Plan
https://www.expatcopilot.com/netherlands/visa-checker/,/netherlands/visa-checker,tool_calculator,tools/registry.json:visa-checker,live,,INDEXABLE,,https://www.expatcopilot.com/netherlands/visa-checker/,,yes,no,,,yes,,,no,prod_sitemap+tools_registry,Present in production /sitemap.xml as of audit fetch; tool status=live; title=Visa Checker
https://www.expatcopilot.com/netherlands/visa-cost-calculator/,/netherlands/visa-cost-calculator,tool_calculator,tools/registry.json:visa-cost-calculator,live,,INDEXABLE,,https://www.expatcopilot.com/netherlands/visa-cost-calculator/,,yes,no,,,yes,,,no,prod_sitemap+tools_registry,Present in production /sitemap.xml as of audit fetch; tool status=live; title=Visa Cost Calculator
https://www.expatcopilot.com/netherlands/visa-documents-netherlands/,/netherlands/moving/guides/[slug],moving_guide,moving/registry.json:visa-documents-netherlands,permanent_redirect,,UNKNOWN,,https://www.expatcopilot.com/netherlands/document-readiness-checker/,,no,no,,,conditional,,,no,next_config_redirect+next_config_redirect+moving_registry,permanent redirect → /netherlands/document-readiness-checker/; permanent redirect → /netherlands/document-readiness-checker/; moving guide publish=undefined; status=; Listed in SITEMAP_PERMANENT_REDIRECT_ALIASES (excluded from XML sitemap)
https://www.expatcopilot.com/netherlands/visa-timeline-estimator/,/netherlands/visa-timeline-estimator,tool_calculator,tools/registry.json:visa-timeline-estimator,live,,INDEXABLE,,https://www.expatcopilot.com/netherlands/visa-timeline-estimator/,,yes,no,,,yes,,,no,prod_sitemap+tools_registry,Present in production /sitemap.xml as of audit fetch; tool status=live; title=Visa Timeline Estimator
https://www.expatcopilot.com/netherlands/visa/compare-visas/,/netherlands/visa/compare-visas,visa_guide,app_router:app/netherlands/visa/compare-visas/page.tsx,exists_in_codebase,,INDEXABLE,,https://www.expatcopilot.com/netherlands/visa/compare-visas/,,yes,no,,,yes,,,no,prod_sitemap,Present in production /sitemap.xml as of audit fetch
https://www.expatcopilot.com/netherlands/visa/daft-visa/,/netherlands/visa/daft-visa,redirect_alias,next.config.js redirects,permanent_redirect,,REDIRECT,,https://www.expatcopilot.com/netherlands/visa/dutch-american-friendship-treaty/,,no,no,,,n/a,,,no,next_config_redirect+next_config_redirect,permanent redirect → /netherlands/visa/dutch-american-friendship-treaty/; permanent redirect → /netherlands/visa/dutch-american-friendship-treaty/
https://www.expatcopilot.com/netherlands/visa/dutch-american-friendship-treaty/,/netherlands/visa/dutch-american-friendship-treaty,visa_guide,app_router:app/netherlands/visa/dutch-american-friendship-treaty/page.tsx,exists_in_codebase,,INDEXABLE,,https://www.expatcopilot.com/netherlands/visa/dutch-american-friendship-treaty/,,yes,no,,,yes,,,no,prod_sitemap,Present in production /sitemap.xml as of audit fetch
https://www.expatcopilot.com/netherlands/visa/entrepreneur-visa/,/netherlands/visa/entrepreneur-visa,redirect_alias,next.config.js redirects,permanent_redirect,,REDIRECT,,https://www.expatcopilot.com/netherlands/visa/self-employed-visa/,,no,no,,,n/a,,,no,next_config_redirect+next_config_redirect,permanent redirect → /netherlands/visa/self-employed-visa/; permanent redirect → /netherlands/visa/self-employed-visa/
https://www.expatcopilot.com/netherlands/visa/eu-blue-card/,/netherlands/visa/eu-blue-card,visa_guide,app_router:app/netherlands/visa/eu-blue-card/page.tsx,exists_in_codebase,,INDEXABLE,,https://www.expatcopilot.com/netherlands/visa/eu-blue-card/,,yes,no,,,yes,,,no,prod_sitemap,Present in production /sitemap.xml as of audit fetch
https://www.expatcopilot.com/netherlands/visa/european-blue-card/,/netherlands/visa/european-blue-card,redirect_alias,next.config.js redirects,permanent_redirect,,REDIRECT,,https://www.expatcopilot.com/netherlands/visa/eu-blue-card/,,no,no,,,n/a,,,no,next_config_redirect+next_config_redirect,permanent redirect → /netherlands/visa/eu-blue-card/; permanent redirect → /netherlands/visa/eu-blue-card/
https://www.expatcopilot.com/netherlands/visa/family-permit/,/netherlands/visa/family-permit,redirect_alias,next.config.js redirects,permanent_redirect,,REDIRECT,,https://www.expatcopilot.com/netherlands/visa/partner-family-visa/,,no,no,,,n/a,,,no,next_config_redirect+next_config_redirect,permanent redirect → /netherlands/visa/partner-family-visa/; permanent redirect → /netherlands/visa/partner-family-visa/
https://www.expatcopilot.com/netherlands/visa/family-reunification/,/netherlands/visa/family-reunification,redirect_alias,next.config.js redirects,permanent_redirect,,REDIRECT,,https://www.expatcopilot.com/netherlands/visa/partner-family-visa/,,no,no,,,n/a,,,no,next_config_redirect+next_config_redirect,permanent redirect → /netherlands/visa/partner-family-visa/; permanent redirect → /netherlands/visa/partner-family-visa/
https://www.expatcopilot.com/netherlands/visa/freelancer-visa/,/netherlands/visa/freelancer-visa,redirect_alias,next.config.js redirects,permanent_redirect,,REDIRECT,,https://www.expatcopilot.com/netherlands/visa/self-employed-visa/,,no,no,,,n/a,,,no,next_config_redirect+next_config_redirect,permanent redirect → /netherlands/visa/self-employed-visa/; permanent redirect → /netherlands/visa/self-employed-visa/
https://www.expatcopilot.com/netherlands/visa/highly-skilled-migrant/,/netherlands/visa/highly-skilled-migrant,visa_guide,app_router:app/netherlands/visa/highly-skilled-migrant/page.tsx,exists_in_codebase,,INDEXABLE,,https://www.expatcopilot.com/netherlands/visa/highly-skilled-migrant/,,yes,no,,,yes,,,no,prod_sitemap,Present in production /sitemap.xml as of audit fetch
https://www.expatcopilot.com/netherlands/visa/partner-family-visa/,/netherlands/visa/partner-family-visa,visa_guide,app_router:app/netherlands/visa/partner-family-visa/page.tsx,exists_in_codebase,,INDEXABLE,,https://www.expatcopilot.com/netherlands/visa/partner-family-visa/,,yes,no,,,yes,,,no,prod_sitemap,Present in production /sitemap.xml as of audit fetch
https://www.expatcopilot.com/netherlands/visa/partner-visa/,/netherlands/visa/partner-visa,redirect_alias,next.config.js redirects,permanent_redirect,308 → /netherlands/visa/partner-family-visa/ | final=200,REDIRECT,,https://www.expatcopilot.com/netherlands/visa/partner-family-visa/,200,no,no,,,n/a,,,no,next_config_redirect+next_config_redirect,permanent redirect → /netherlands/visa/partner-family-visa/; permanent redirect → /netherlands/visa/partner-family-visa/
https://www.expatcopilot.com/netherlands/visa/self-employed-residence-permit/,/netherlands/visa/self-employed-residence-permit,redirect_alias,next.config.js redirects,permanent_redirect,,REDIRECT,,https://www.expatcopilot.com/netherlands/visa/self-employed-visa/,,no,no,,,n/a,,,no,next_config_redirect+next_config_redirect,permanent redirect → /netherlands/visa/self-employed-visa/; permanent redirect → /netherlands/visa/self-employed-visa/
https://www.expatcopilot.com/netherlands/visa/self-employed-visa/,/netherlands/visa/self-employed-visa,visa_guide,app_router:app/netherlands/visa/self-employed-visa/page.tsx,exists_in_codebase,,INDEXABLE,,https://www.expatcopilot.com/netherlands/visa/self-employed-visa/,,yes,no,,,yes,,,no,prod_sitemap,Present in production /sitemap.xml as of audit fetch
https://www.expatcopilot.com/netherlands/visa/spouse-visa/,/netherlands/visa/spouse-visa,redirect_alias,next.config.js redirects,permanent_redirect,,REDIRECT,,https://www.expatcopilot.com/netherlands/visa/partner-family-visa/,,no,no,,,n/a,,,no,next_config_redirect+next_config_redirect,permanent redirect → /netherlands/visa/partner-family-visa/; permanent redirect → /netherlands/visa/partner-family-visa/
https://www.expatcopilot.com/netherlands/visa/student-residence-permit/,/netherlands/visa/student-residence-permit,redirect_alias,next.config.js redirects,permanent_redirect,,REDIRECT,,https://www.expatcopilot.com/netherlands/visa/student-visa/,,no,no,,,n/a,,,no,next_config_redirect+next_config_redirect,permanent redirect → /netherlands/visa/student-visa/; permanent redirect → /netherlands/visa/student-visa/
https://www.expatcopilot.com/netherlands/visa/student-visa/,/netherlands/visa/student-visa,visa_guide,app_router:app/netherlands/visa/student-visa/page.tsx,exists_in_codebase,,INDEXABLE,,https://www.expatcopilot.com/netherlands/visa/student-visa/,,yes,no,,,yes,,,no,prod_sitemap,Present in production /sitemap.xml as of audit fetch
https://www.expatcopilot.com/netherlands/visa/study-visa/,/netherlands/visa/study-visa,redirect_alias,next.config.js redirects,permanent_redirect,,REDIRECT,,https://www.expatcopilot.com/netherlands/visa/student-visa/,,no,no,,,n/a,,,no,next_config_redirect+next_config_redirect,permanent redirect → /netherlands/visa/student-visa/; permanent redirect → /netherlands/visa/student-visa/
https://www.expatcopilot.com/netherlands/visas-residency/,/netherlands/visas-residency,redirect_alias,next.config.js redirects,permanent_redirect,,REDIRECT,,https://www.expatcopilot.com/netherlands/moving/visas-residency/,,no,no,,,n/a,,,no,COMING_SOON_ROUTES+next_config_redirect+next_config_redirect,"COMING_SOON_ROUTES title=""Visas & residency hub"" section=visa; permanent redirect → /netherlands/moving/visas-residency/; permanent redirect → /netherlands/moving/visas-residency/"
https://www.expatcopilot.com/netherlands/visas-residency/extensions-changes/,/netherlands/visas-residency/extensions-changes,redirect_alias,next.config.js redirects,permanent_redirect,,REDIRECT,,https://www.expatcopilot.com/netherlands/moving/extensions-changes/,,no,no,,,n/a,,,no,COMING_SOON_ROUTES+next_config_redirect+next_config_redirect,"COMING_SOON_ROUTES title=""Visa extensions & changes"" section=visa; permanent redirect → /netherlands/moving/extensions-changes/; permanent redirect → /netherlands/moving/extensions-changes/"
https://www.expatcopilot.com/netherlands/visas-residency/partner-family/,/netherlands/visas-residency/partner-family,redirect_alias,next.config.js redirects,permanent_redirect,,REDIRECT,,https://www.expatcopilot.com/netherlands/visa/partner-family-visa/,,no,no,,,n/a,,,no,next_config_redirect+next_config_redirect,permanent redirect → /netherlands/visa/partner-family-visa/; permanent redirect → /netherlands/visa/partner-family-visa/
https://www.expatcopilot.com/netherlands/visas-residency/residence-permits/,/netherlands/visas-residency/residence-permits,redirect_alias,next.config.js redirects,permanent_redirect,,REDIRECT,,https://www.expatcopilot.com/netherlands/moving/residence-permits/,,no,no,,,n/a,,,no,COMING_SOON_ROUTES+next_config_redirect+next_config_redirect,"COMING_SOON_ROUTES title=""Residence permits"" section=visa; permanent redirect → /netherlands/moving/residence-permits/; permanent redirect → /netherlands/moving/residence-permits/"
https://www.expatcopilot.com/netherlands/visas-residency/status-changes/,/netherlands/visas-residency/status-changes,redirect_alias,next.config.js redirects,permanent_redirect,,REDIRECT,,https://www.expatcopilot.com/netherlands/moving/status-changes/,,no,no,,,n/a,,,no,COMING_SOON_ROUTES+next_config_redirect+next_config_redirect,"COMING_SOON_ROUTES title=""Immigration status changes"" section=visa; permanent redirect → /netherlands/moving/status-changes/; permanent redirect → /netherlands/moving/status-changes/"
https://www.expatcopilot.com/netherlands/work/,/netherlands/work,guide,,coming-soon,,STAGED_NOT_LAUNCHED,,,,no,no,,,no,,,yes,COMING_SOON_ROUTES,"COMING_SOON_ROUTES title=""Work in the Netherlands (hub)"" section=guides"
https://www.expatcopilot.com/netherlands/work/average-salary-netherlands/,/netherlands/work/average-salary-netherlands,redirect_alias,next.config.js redirects,permanent_redirect,,REDIRECT,,https://www.expatcopilot.com/netherlands/taxes/average-salary-netherlands/,,no,no,,,n/a,,,no,COMING_SOON_ROUTES+next_config_redirect+next_config_redirect+next_config_redirect+next_config_redirect,"COMING_SOON_ROUTES title=""Average salary Netherlands"" section=guides; permanent redirect → /netherlands/taxes/average-salary-netherlands/; permanent redirect → /netherlands/taxes/average-salary-netherlands/; permanent redirect → /netherlands/taxes/average-salary-netherlands/; permanent redirect → /netherlands/taxes/average-salary-netherlands/"
https://www.expatcopilot.com/netherlands/work/bonus-tax-netherlands/,/netherlands/work/bonus-tax-netherlands,redirect_alias,next.config.js redirects,permanent_redirect,,REDIRECT,,https://www.expatcopilot.com/netherlands/taxes/bonus-tax-netherlands/,,no,no,,,n/a,,,no,next_config_redirect+next_config_redirect,permanent redirect → /netherlands/taxes/bonus-tax-netherlands/; permanent redirect → /netherlands/taxes/bonus-tax-netherlands/
https://www.expatcopilot.com/netherlands/work/changing-jobs-netherlands/,/netherlands/work/changing-jobs-netherlands,redirect_alias,next.config.js redirects,permanent_redirect,,REDIRECT,,https://www.expatcopilot.com/netherlands/moving/changing-jobs-netherlands/,,no,no,,,n/a,,,no,next_config_redirect+next_config_redirect,permanent redirect → /netherlands/moving/changing-jobs-netherlands/; permanent redirect → /netherlands/moving/changing-jobs-netherlands/
https://www.expatcopilot.com/netherlands/work/contractor-vs-employee-netherlands/,/netherlands/work/contractor-vs-employee-netherlands,redirect_alias,next.config.js redirects,permanent_redirect,,REDIRECT,,https://www.expatcopilot.com/netherlands/jobs/contractor-vs-employee-netherlands/,,no,no,,,n/a,,,no,next_config_redirect+next_config_redirect,permanent redirect → /netherlands/jobs/contractor-vs-employee-netherlands/; permanent redirect → /netherlands/jobs/contractor-vs-employee-netherlands/
https://www.expatcopilot.com/netherlands/work/employee-benefits-netherlands/,/netherlands/work/employee-benefits-netherlands,redirect_alias,next.config.js redirects,permanent_redirect,,REDIRECT,,https://www.expatcopilot.com/netherlands/jobs/employee-benefits-netherlands/,,no,no,,,n/a,,,no,COMING_SOON_ROUTES+next_config_redirect+next_config_redirect,"COMING_SOON_ROUTES title=""Employee benefits Netherlands"" section=guides; permanent redirect → /netherlands/jobs/employee-benefits-netherlands/; permanent redirect → /netherlands/jobs/employee-benefits-netherlands/"
https://www.expatcopilot.com/netherlands/work/employee-rights-netherlands/,/netherlands/work/employee-rights-netherlands,redirect_alias,next.config.js redirects,permanent_redirect,,REDIRECT,,https://www.expatcopilot.com/netherlands/jobs/employee-rights-netherlands/,,no,no,,,n/a,,,no,COMING_SOON_ROUTES+next_config_redirect+next_config_redirect,"COMING_SOON_ROUTES title=""Employee rights Netherlands"" section=guides; permanent redirect → /netherlands/jobs/employee-rights-netherlands/; permanent redirect → /netherlands/jobs/employee-rights-netherlands/"
https://www.expatcopilot.com/netherlands/work/employment-contract-netherlands/,/netherlands/work/employment-contract-netherlands,redirect_alias,next.config.js redirects,permanent_redirect,,REDIRECT,,https://www.expatcopilot.com/netherlands/jobs/employment-contract-netherlands/,,no,no,,,n/a,,,no,COMING_SOON_ROUTES+next_config_redirect+next_config_redirect,"COMING_SOON_ROUTES title=""Employment contract Netherlands"" section=guides; permanent redirect → /netherlands/jobs/employment-contract-netherlands/; permanent redirect → /netherlands/jobs/employment-contract-netherlands/"
https://www.expatcopilot.com/netherlands/work/expat-salary-netherlands/,/netherlands/work/expat-salary-netherlands,redirect_alias,next.config.js redirects,permanent_redirect,,REDIRECT,,https://www.expatcopilot.com/netherlands/jobs/expat-salary-netherlands/,,no,no,,,n/a,,,no,COMING_SOON_ROUTES+next_config_redirect+next_config_redirect,"COMING_SOON_ROUTES title=""Expat salary Netherlands"" section=guides; permanent redirect → /netherlands/jobs/expat-salary-netherlands/; permanent redirect → /netherlands/jobs/expat-salary-netherlands/"
https://www.expatcopilot.com/netherlands/work/finding-jobs-netherlands/,/netherlands/work/finding-jobs-netherlands,redirect_alias,next.config.js redirects,permanent_redirect,308 → /netherlands/jobs/finding-jobs-netherlands/ | final=200,REDIRECT,"index, follow",https://www.expatcopilot.com/netherlands/jobs/finding-jobs-netherlands/,200,no,no,,,n/a,,,no,next_config_redirect+next_config_redirect,permanent redirect → /netherlands/jobs/finding-jobs-netherlands/; permanent redirect → /netherlands/jobs/finding-jobs-netherlands/
https://www.expatcopilot.com/netherlands/work/freelancing-netherlands/,/netherlands/work/freelancing-netherlands,redirect_alias,next.config.js redirects,permanent_redirect,,REDIRECT,,https://www.expatcopilot.com/netherlands/jobs/freelancing-netherlands/,,no,no,,,n/a,,,no,COMING_SOON_ROUTES+next_config_redirect+next_config_redirect,"COMING_SOON_ROUTES title=""Freelancing Netherlands"" section=guides; permanent redirect → /netherlands/jobs/freelancing-netherlands/; permanent redirect → /netherlands/jobs/freelancing-netherlands/"
https://www.expatcopilot.com/netherlands/work/holiday-allowance-netherlands/,/netherlands/work/holiday-allowance-netherlands,redirect_alias,next.config.js redirects,permanent_redirect,,REDIRECT,,https://www.expatcopilot.com/netherlands/jobs/holiday-allowance-netherlands/,,no,no,,,n/a,,,no,COMING_SOON_ROUTES+next_config_redirect+next_config_redirect,"COMING_SOON_ROUTES title=""Holiday allowance Netherlands"" section=guides; permanent redirect → /netherlands/jobs/holiday-allowance-netherlands/; permanent redirect → /netherlands/jobs/holiday-allowance-netherlands/"
https://www.expatcopilot.com/netherlands/work/job-websites-netherlands/,/netherlands/work/job-websites-netherlands,guide,,coming-soon,,STAGED_NOT_LAUNCHED,,,,no,no,,,no,,,yes,COMING_SOON_ROUTES,"COMING_SOON_ROUTES title=""Job websites Netherlands"" section=guides"
https://www.expatcopilot.com/netherlands/work/jobs-in-amsterdam/,/netherlands/work/jobs-in-amsterdam,guide,,coming-soon,,STAGED_NOT_LAUNCHED,,,,no,no,,,no,,,yes,COMING_SOON_ROUTES,"COMING_SOON_ROUTES title=""Jobs in Amsterdam"" section=guides"
https://www.expatcopilot.com/netherlands/work/jobs-in-eindhoven/,/netherlands/work/jobs-in-eindhoven,guide,,coming-soon,,STAGED_NOT_LAUNCHED,,,,no,no,,,no,,,yes,COMING_SOON_ROUTES,"COMING_SOON_ROUTES title=""Jobs in Eindhoven"" section=guides"
https://www.expatcopilot.com/netherlands/work/jobs-in-rotterdam/,/netherlands/work/jobs-in-rotterdam,guide,,coming-soon,,STAGED_NOT_LAUNCHED,,,,no,no,,,no,,,yes,COMING_SOON_ROUTES,"COMING_SOON_ROUTES title=""Jobs in Rotterdam"" section=guides"
https://www.expatcopilot.com/netherlands/work/jobs-in-the-hague/,/netherlands/work/jobs-in-the-hague,guide,,coming-soon,,STAGED_NOT_LAUNCHED,,,,no,no,,,no,,,yes,COMING_SOON_ROUTES,"COMING_SOON_ROUTES title=""Jobs in The Hague"" section=guides"
https://www.expatcopilot.com/netherlands/work/jobs-in-utrecht/,/netherlands/work/jobs-in-utrecht,guide,,coming-soon,,STAGED_NOT_LAUNCHED,,,,no,no,,,no,,,yes,COMING_SOON_ROUTES,"COMING_SOON_ROUTES title=""Jobs in Utrecht"" section=guides"
https://www.expatcopilot.com/netherlands/work/layoffs-netherlands/,/netherlands/work/layoffs-netherlands,redirect_alias,next.config.js redirects,permanent_redirect,,REDIRECT,,https://www.expatcopilot.com/netherlands/moving/layoffs-netherlands/,,no,no,,,n/a,,,no,next_config_redirect+next_config_redirect,permanent redirect → /netherlands/moving/layoffs-netherlands/; permanent redirect → /netherlands/moving/layoffs-netherlands/
https://www.expatcopilot.com/netherlands/work/linkedin-jobs-netherlands/,/netherlands/work/linkedin-jobs-netherlands,guide,,coming-soon,,STAGED_NOT_LAUNCHED,,,,no,no,,,no,,,yes,COMING_SOON_ROUTES,"COMING_SOON_ROUTES title=""LinkedIn jobs Netherlands"" section=guides"
https://www.expatcopilot.com/netherlands/work/minimum-wage-netherlands/,/netherlands/work/minimum-wage-netherlands,redirect_alias,next.config.js redirects,permanent_redirect,,REDIRECT,,https://www.expatcopilot.com/netherlands/jobs/minimum-wage-netherlands/,,no,no,,,n/a,,,no,COMING_SOON_ROUTES+next_config_redirect+next_config_redirect,"COMING_SOON_ROUTES title=""Minimum wage Netherlands"" section=guides; permanent redirect → /netherlands/jobs/minimum-wage-netherlands/; permanent redirect → /netherlands/jobs/minimum-wage-netherlands/"
https://www.expatcopilot.com/netherlands/work/notice-period-netherlands/,/netherlands/work/notice-period-netherlands,redirect_alias,next.config.js redirects,permanent_redirect,,REDIRECT,,https://www.expatcopilot.com/netherlands/jobs/notice-period-netherlands/,,no,no,,,n/a,,,no,COMING_SOON_ROUTES+next_config_redirect+next_config_redirect,"COMING_SOON_ROUTES title=""Notice period Netherlands"" section=guides; permanent redirect → /netherlands/jobs/notice-period-netherlands/; permanent redirect → /netherlands/jobs/notice-period-netherlands/"
https://www.expatcopilot.com/netherlands/work/pension-netherlands/,/netherlands/work/pension-netherlands,redirect_alias,next.config.js redirects,permanent_redirect,,REDIRECT,,https://www.expatcopilot.com/netherlands/jobs/pension-netherlands-expats/,,no,no,,,n/a,,,no,COMING_SOON_ROUTES+next_config_redirect+next_config_redirect,"COMING_SOON_ROUTES title=""Pension Netherlands"" section=guides; permanent redirect → /netherlands/jobs/pension-netherlands-expats/; permanent redirect → /netherlands/jobs/pension-netherlands-expats/"
https://www.expatcopilot.com/netherlands/work/probation-period-netherlands/,/netherlands/work/probation-period-netherlands,redirect_alias,next.config.js redirects,permanent_redirect,,REDIRECT,,https://www.expatcopilot.com/netherlands/jobs/probation-period-netherlands/,,no,no,,,n/a,,,no,COMING_SOON_ROUTES+next_config_redirect+next_config_redirect,"COMING_SOON_ROUTES title=""Probation period Netherlands"" section=guides; permanent redirect → /netherlands/jobs/probation-period-netherlands/; permanent redirect → /netherlands/jobs/probation-period-netherlands/"
https://www.expatcopilot.com/netherlands/work/resigning-job-netherlands/,/netherlands/work/resigning-job-netherlands,redirect_alias,next.config.js redirects,permanent_redirect,,REDIRECT,,https://www.expatcopilot.com/netherlands/moving/resigning-job-netherlands/,,no,no,,,n/a,,,no,next_config_redirect+next_config_redirect,permanent redirect → /netherlands/moving/resigning-job-netherlands/; permanent redirect → /netherlands/moving/resigning-job-netherlands/
https://www.expatcopilot.com/netherlands/work/salary-negotiation-netherlands/,/netherlands/work/salary-negotiation-netherlands,redirect_alias,next.config.js redirects,permanent_redirect,,REDIRECT,,https://www.expatcopilot.com/netherlands/jobs/salary-negotiation-netherlands/,,no,no,,,n/a,,,no,COMING_SOON_ROUTES+next_config_redirect+next_config_redirect,"COMING_SOON_ROUTES title=""Salary negotiation Netherlands"" section=guides; permanent redirect → /netherlands/jobs/salary-negotiation-netherlands/; permanent redirect → /netherlands/jobs/salary-negotiation-netherlands/"
https://www.expatcopilot.com/netherlands/work/tools/,/netherlands/work/tools,tool_calculator,app_router:app/netherlands/work/tools/page.tsx,exists_in_codebase,,INDEXABLE,,https://www.expatcopilot.com/netherlands/work/tools/,,yes,no,,,yes,,,no,prod_sitemap,Present in production /sitemap.xml as of audit fetch
https://www.expatcopilot.com/netherlands/work/tools/compare-payslips-tool/,/netherlands/work/tools/compare-payslips-tool,tool_calculator,tools/registry.json:compare-payslips-tool,placeholder,,INTENTIONALLY_NOINDEX,noindex (placeholder factory),,,no,no,,,no,,,yes,tools_registry,tool status=placeholder; title=Compare Payslips Tool
https://www.expatcopilot.com/netherlands/work/tools/compensation-comparison-tool/,/netherlands/work/tools/compensation-comparison-tool,tool_calculator,tools/registry.json:compensation-comparison-tool,placeholder,,INTENTIONALLY_NOINDEX,noindex (placeholder factory),,,no,no,,,no,,,yes,tools_registry,tool status=placeholder; title=Compensation Comparison Tool
https://www.expatcopilot.com/netherlands/work/tools/employee-benefits-calculator/,/netherlands/work/tools/employee-benefits-calculator,tool_calculator,tools/registry.json:employee-benefits-calculator,placeholder,,INTENTIONALLY_NOINDEX,noindex (placeholder factory),,,no,no,,,no,,,yes,tools_registry,tool status=placeholder; title=Employee Benefits Calculator
https://www.expatcopilot.com/netherlands/work/tools/employment-contract-risk-scanner/,/netherlands/work/tools/employment-contract-risk-scanner,tool_calculator,tools/registry.json:employment-contract-risk-scanner,live,,INDEXABLE,,https://www.expatcopilot.com/netherlands/work/tools/employment-contract-risk-scanner/,,yes,no,,,yes,,,no,prod_sitemap+tools_registry,Present in production /sitemap.xml as of audit fetch; tool status=live; title=Dutch Employment Contract Risk Scanner
https://www.expatcopilot.com/netherlands/work/tools/employment-type-admin-load-tool/,/netherlands/work/tools/employment-type-admin-load-tool,tool_calculator,tools/registry.json:employment-type-admin-load-tool,placeholder,,INTENTIONALLY_NOINDEX,noindex (placeholder factory),,,no,no,,,no,,,yes,tools_registry,tool status=placeholder; title=Employment Type Admin Load Tool
https://www.expatcopilot.com/netherlands/work/tools/employment-type-scenario-tool/,/netherlands/work/tools/employment-type-scenario-tool,tool_calculator,tools/registry.json:employment-type-scenario-tool,live,,INDEXABLE,,https://www.expatcopilot.com/netherlands/work/tools/employment-type-scenario-tool/,,yes,no,,,yes,,,no,prod_sitemap+tools_registry,Present in production /sitemap.xml as of audit fetch; tool status=live; title=Employment Type Scenario Tool
https://www.expatcopilot.com/netherlands/work/tools/employment-type-visa-dependency-tool/,/netherlands/work/tools/employment-type-visa-dependency-tool,tool_calculator,tools/registry.json:employment-type-visa-dependency-tool,placeholder,,INTENTIONALLY_NOINDEX,noindex (placeholder factory),,,no,no,,,no,,,yes,tools_registry,tool status=placeholder; title=Employment Type Visa Dependency Tool
https://www.expatcopilot.com/netherlands/work/tools/job-change-impact-simulator/,/netherlands/work/tools/job-change-impact-simulator,tool_calculator,tools/registry.json:job-change-impact-simulator,placeholder,,INTENTIONALLY_NOINDEX,noindex (placeholder factory),,,no,no,,,no,,,yes,tools_registry,tool status=placeholder; title=Job Change Impact Simulator
https://www.expatcopilot.com/netherlands/work/tools/job-offer-comparison-tool/,/netherlands/work/tools/job-offer-comparison-tool,redirect_alias,next.config.js redirects,permanent_redirect,,REDIRECT,,https://www.expatcopilot.com/netherlands/work/tools/job-offer-comparison/,,no,no,,,n/a,,,no,next_config_redirect+next_config_redirect,permanent redirect → /netherlands/work/tools/job-offer-comparison/; permanent redirect → /netherlands/work/tools/job-offer-comparison/
https://www.expatcopilot.com/netherlands/work/tools/job-offer-comparison/,/netherlands/work/tools/job-offer-comparison,tool_calculator,tools/registry.json:job-offer-comparison-tool,live,,INDEXABLE,,https://www.expatcopilot.com/netherlands/work/tools/job-offer-comparison/,,yes,no,,,yes,,,no,prod_sitemap+tools_registry,Present in production /sitemap.xml as of audit fetch; tool status=live; title=Job Offer Comparison Tool
https://www.expatcopilot.com/netherlands/work/tools/payslip-decoder/,/netherlands/work/tools/payslip-decoder,tool_calculator,tools/registry.json:payslip-decoder,live,,INDEXABLE,,https://www.expatcopilot.com/netherlands/work/tools/payslip-decoder/,,yes,no,,,yes,,,no,prod_sitemap+tools_registry,Present in production /sitemap.xml as of audit fetch; tool status=live; title=Dutch Payslip Decoder
https://www.expatcopilot.com/netherlands/work/twv-work-permit/,/netherlands/work/twv-work-permit,redirect_alias,next.config.js redirects,permanent_redirect,,REDIRECT,,https://www.expatcopilot.com/netherlands/moving/twv-work-permit/,,no,no,,,n/a,,,no,next_config_redirect+next_config_redirect,permanent redirect → /netherlands/moving/twv-work-permit/; permanent redirect → /netherlands/moving/twv-work-permit/
https://www.expatcopilot.com/netherlands/work/work-culture-netherlands/,/netherlands/work/work-culture-netherlands,redirect_alias,next.config.js redirects,permanent_redirect,,REDIRECT,,https://www.expatcopilot.com/netherlands/jobs/dutch-workplace-culture/,,no,no,,,n/a,,,no,COMING_SOON_ROUTES+next_config_redirect+next_config_redirect,"COMING_SOON_ROUTES title=""Work culture Netherlands"" section=guides; permanent redirect → /netherlands/jobs/dutch-workplace-culture/; permanent redirect → /netherlands/jobs/dutch-workplace-culture/"
https://www.expatcopilot.com/netherlands/work/work-hours-netherlands/,/netherlands/work/work-hours-netherlands,guide,,coming-soon,,STAGED_NOT_LAUNCHED,,,,no,no,,,no,,,yes,COMING_SOON_ROUTES,"COMING_SOON_ROUTES title=""Work hours Netherlands"" section=guides"
https://www.expatcopilot.com/netherlands/work/work-permit-netherlands/,/netherlands/work/work-permit-netherlands,redirect_alias,next.config.js redirects,permanent_redirect,,REDIRECT,,https://www.expatcopilot.com/netherlands/work/working-in-netherlands/,,no,no,,,n/a,,,no,next_config_redirect+next_config_redirect,permanent redirect → /netherlands/work/working-in-netherlands/; permanent redirect → /netherlands/work/working-in-netherlands/
https://www.expatcopilot.com/netherlands/work/working-in-netherlands/,/netherlands/work/working-in-netherlands,guide,app_router:app/netherlands/work/working-in-netherlands/page.tsx,coming-soon,,STAGED_NOT_LAUNCHED,,,,no,no,,,no,,,yes,COMING_SOON_ROUTES,"COMING_SOON_ROUTES title=""Working in the Netherlands"" section=guides"
https://www.expatcopilot.com/netherlands/work/zzp-netherlands/,/netherlands/work/zzp-netherlands,redirect_alias,next.config.js redirects,permanent_redirect,,REDIRECT,,https://www.expatcopilot.com/netherlands/business/zzp-netherlands/,,no,no,,,n/a,,,no,COMING_SOON_ROUTES+next_config_redirect+next_config_redirect,"COMING_SOON_ROUTES title=""ZZP Netherlands"" section=guides; permanent redirect → /netherlands/business/zzp-netherlands/; permanent redirect → /netherlands/business/zzp-netherlands/"
https://www.expatcopilot.com/privacy/,/privacy,trust_legal,app_router:app/privacy/page.tsx,exists_in_codebase,,INDEXABLE,,https://www.expatcopilot.com/privacy/,,yes,yes,,,yes,,,no,prod_sitemap,Present in production /sitemap.xml as of audit fetch
https://www.expatcopilot.com/search/,/search,search_utility,app_router:app/search/page.tsx,exists_in_codebase,200,UTILITY,"noindex, follow",https://www.expatcopilot.com/search/,200,no,no,,,,,,no,search_page_metadata,Explicitly excluded from XML sitemap (XML_SITEMAP_EXCLUDE); page-level noindex
https://www.expatcopilot.com/sitemap/,/sitemap,hub,app_router:app/sitemap/page.tsx,exists_in_codebase,,INDEXABLE,,https://www.expatcopilot.com/sitemap/,,yes,yes,,,yes,,,no,prod_sitemap,Present in production /sitemap.xml as of audit fetch
https://www.expatcopilot.com/sources/,/sources,trust_legal,app_router:app/sources/page.tsx,exists_in_codebase,,INDEXABLE,,https://www.expatcopilot.com/sources/,,yes,yes,,,yes,,,no,prod_sitemap,Present in production /sitemap.xml as of audit fetch
https://www.expatcopilot.com/terms/,/terms,trust_legal,app_router:app/terms/page.tsx,exists_in_codebase,,INDEXABLE,,https://www.expatcopilot.com/terms/,,yes,yes,,,yes,,,no,prod_sitemap,Present in production /sitemap.xml as of audit fetch
https://www.expatcopilot.com/tools/,/tools,hub,app_router:app/tools/page.tsx,exists_in_codebase,,UNKNOWN,,,,no,no,,,,,,,,
