url,path,page_type,ymyl_domain,risk,risk_rationale,indexable,author_attribution,named_expert_author,disclaimer_signals,gov_sources_in_sample,expert_review_or_source_need,affiliate_likely,notes
https://www.expatcopilot.com/,/,homepage,trust_or_hub,LOW,Trust/hub page; not primary advice content,yes,organization_only_ExpatCopilot,no,not_legal_advice,0,standard_editorial,maybe,
https://www.expatcopilot.com/about/,/about/,trust_legal,trust_or_hub,LOW,Trust/hub page; not primary advice content,yes,organization_only_ExpatCopilot,no,not_legal_advice|not_financial,0,standard_editorial,maybe,
https://www.expatcopilot.com/affiliate-disclosure/,/affiliate-disclosure/,trust_legal,other,LOW,Not clearly YMYL-primary,yes,organization_only_ExpatCopilot,no,none_detected_in_sample,0,standard_editorial,maybe,
https://www.expatcopilot.com/contact/,/contact/,trust_legal,trust_or_hub,LOW,Trust/hub page; not primary advice content,yes,organization_only_ExpatCopilot,no,not_financial,0,standard_editorial,maybe,
https://www.expatcopilot.com/cookies/,/cookies/,trust_legal,trust_or_hub,LOW,Trust/hub page; not primary advice content,yes,organization_only_ExpatCopilot,no,not_sampled,not_sampled,standard_editorial,maybe,
https://www.expatcopilot.com/disclaimer/,/disclaimer/,trust_legal,trust_or_hub,LOW,Trust/hub page; not primary advice content,yes,organization_only_ExpatCopilot,no,not_legal_advice,0,standard_editorial,maybe,
https://www.expatcopilot.com/editorial-policy/,/editorial-policy/,trust_legal,trust_or_hub,LOW,Trust/hub page; not primary advice content,yes,organization_only_ExpatCopilot,no,not_financial,0,standard_editorial,maybe,
https://www.expatcopilot.com/how-this-site-works/,/how-this-site-works/,trust_legal,other,LOW,Not clearly YMYL-primary,yes,organization_only_ExpatCopilot,no,not_sampled,not_sampled,standard_editorial,maybe,
https://www.expatcopilot.com/how-we-rank-services/,/how-we-rank-services/,trust_legal,other,LOW,Not clearly YMYL-primary,yes,organization_only_ExpatCopilot,no,none_detected_in_sample,0,standard_editorial,maybe,
https://www.expatcopilot.com/methodology/,/methodology/,trust_legal,trust_or_hub,LOW,Trust/hub page; not primary advice content,yes,organization_only_ExpatCopilot,no,none_detected_in_sample,0,standard_editorial,maybe,
https://www.expatcopilot.com/netherlands/,/netherlands/,country_hub,trust_or_hub,LOW,Trust/hub page; not primary advice content,yes,organization_only_ExpatCopilot,no,not_legal_advice,0,standard_editorial,maybe,
https://www.expatcopilot.com/netherlands/after-arriving-netherlands/,/netherlands/after-arriving-netherlands/,moving_guide,relocation_planning,MEDIUM,Relocation planning with admin implications,yes,organization_only_ExpatCopilot,no,not_sampled,not_sampled,strong_official_source_citations_recommended,maybe,
https://www.expatcopilot.com/netherlands/amstelveen/,/netherlands/amstelveen/,city_page,cities_lifestyle,MEDIUM,City hubs include housing/cost/admin orientation,yes,organization_only_ExpatCopilot,no,not_sampled,not_sampled,strong_official_source_citations_recommended,maybe,
https://www.expatcopilot.com/netherlands/amsterdam/,/netherlands/amsterdam/,city_page,cities_lifestyle,MEDIUM,City hubs include housing/cost/admin orientation,yes,organization_only_ExpatCopilot,no,not_sampled,not_sampled,strong_official_source_citations_recommended,maybe,
https://www.expatcopilot.com/netherlands/apostille-documents-netherlands/,/netherlands/apostille-documents-netherlands/,moving_guide,admin_legal,MEDIUM,Administrative/legal obligations,yes,organization_only_ExpatCopilot,no,not_sampled,not_sampled,strong_official_source_citations_recommended,maybe,
https://www.expatcopilot.com/netherlands/arnhem/,/netherlands/arnhem/,city_page,cities_lifestyle,MEDIUM,City hubs include housing/cost/admin orientation,yes,organization_only_ExpatCopilot,no,not_sampled,not_sampled,strong_official_source_citations_recommended,maybe,
https://www.expatcopilot.com/netherlands/breda/,/netherlands/breda/,city_page,cities_lifestyle,MEDIUM,City hubs include housing/cost/admin orientation,yes,organization_only_ExpatCopilot,no,not_sampled,not_sampled,strong_official_source_citations_recommended,maybe,
https://www.expatcopilot.com/netherlands/bringing-pets-to-netherlands/,/netherlands/bringing-pets-to-netherlands/,moving_guide,other,LOW,Not clearly YMYL-primary,yes,organization_only_ExpatCopilot,no,not_sampled,not_sampled,standard_editorial,maybe,
https://www.expatcopilot.com/netherlands/bsn-registration/,/netherlands/bsn-registration/,moving_guide,admin_legal,MEDIUM,Administrative/legal obligations,yes,organization_only_ExpatCopilot,no,not_sampled,not_sampled,strong_official_source_citations_recommended,maybe,
https://www.expatcopilot.com/netherlands/business/starting-a-business-netherlands/,/netherlands/business/starting-a-business-netherlands/,guide,other,LOW,Not clearly YMYL-primary,yes,organization_only_ExpatCopilot,no,not_sampled,not_sampled,standard_editorial,maybe,
https://www.expatcopilot.com/netherlands/business/zzp-netherlands/,/netherlands/business/zzp-netherlands/,guide,employment,MEDIUM,Work/career guidance — moderate YMYL,yes,organization_only_ExpatCopilot,no,not_sampled,not_sampled,strong_official_source_citations_recommended,maybe,
https://www.expatcopilot.com/netherlands/cities/,/netherlands/cities/,city_page,cities_lifestyle,MEDIUM,City hubs include housing/cost/admin orientation,yes,organization_only_ExpatCopilot,no,not_sampled,not_sampled,strong_official_source_citations_recommended,maybe,
https://www.expatcopilot.com/netherlands/cities/amsterdam-vs-rotterdam/,/netherlands/cities/amsterdam-vs-rotterdam/,city_page,cities_lifestyle,MEDIUM,City hubs include housing/cost/admin orientation,yes,organization_only_ExpatCopilot,no,not_sampled,not_sampled,strong_official_source_citations_recommended,maybe,
https://www.expatcopilot.com/netherlands/cities/best-cities-for-expats/,/netherlands/cities/best-cities-for-expats/,city_page,cities_lifestyle,MEDIUM,City hubs include housing/cost/admin orientation,yes,organization_only_ExpatCopilot,no,not_sampled,not_sampled,strong_official_source_citations_recommended,maybe,
https://www.expatcopilot.com/netherlands/cities/best-cities-for-families/,/netherlands/cities/best-cities-for-families/,city_page,cities_lifestyle,MEDIUM,City hubs include housing/cost/admin orientation,yes,organization_only_ExpatCopilot,no,not_sampled,not_sampled,strong_official_source_citations_recommended,maybe,
https://www.expatcopilot.com/netherlands/cities/best-cities-for-international-professionals/,/netherlands/cities/best-cities-for-international-professionals/,city_page,cities_lifestyle,MEDIUM,City hubs include housing/cost/admin orientation,yes,organization_only_ExpatCopilot,no,not_sampled,not_sampled,strong_official_source_citations_recommended,maybe,
https://www.expatcopilot.com/netherlands/cities/cheapest-cities-for-expats/,/netherlands/cities/cheapest-cities-for-expats/,city_page,cities_lifestyle,MEDIUM,City hubs include housing/cost/admin orientation,yes,organization_only_ExpatCopilot,no,not_sampled,not_sampled,strong_official_source_citations_recommended,maybe,
https://www.expatcopilot.com/netherlands/cities/compare/,/netherlands/cities/compare/,city_page,cities_lifestyle,MEDIUM,City hubs include housing/cost/admin orientation,yes,organization_only_ExpatCopilot,no,not_sampled,not_sampled,strong_official_source_citations_recommended,maybe,
https://www.expatcopilot.com/netherlands/citizenship/dutch-citizenship/,/netherlands/citizenship/dutch-citizenship/,moving_guide,immigration_status,HIGH,Citizenship / PR — long-term status,yes,organization_only_ExpatCopilot,no,not_sampled,not_sampled,yes_immigration_or_strong_IND_sourcing,maybe,HIGH YMYL; confirm on-page not-advice + official citations in implementation pass
https://www.expatcopilot.com/netherlands/citizenship/permanent-residence/,/netherlands/citizenship/permanent-residence/,moving_guide,immigration_status,HIGH,Citizenship / PR — long-term status,yes,organization_only_ExpatCopilot,no,not_legal_advice,2,yes_immigration_or_strong_IND_sourcing,maybe,
https://www.expatcopilot.com/netherlands/citizenship/tools/,/netherlands/citizenship/tools/,tool_calculator,immigration_status,HIGH,Citizenship / PR — long-term status,yes,organization_only_ExpatCopilot,no,not_sampled,not_sampled,yes_immigration_or_strong_IND_sourcing,yes,HIGH YMYL; confirm on-page not-advice + official citations in implementation pass
https://www.expatcopilot.com/netherlands/citizenship/tools/dual-citizenship-awareness-tool/,/netherlands/citizenship/tools/dual-citizenship-awareness-tool/,tool_calculator,immigration_status,HIGH,Citizenship / PR — long-term status,yes,organization_only_ExpatCopilot,no,not_sampled,not_sampled,yes_immigration_or_strong_IND_sourcing,yes,HIGH YMYL; confirm on-page not-advice + official citations in implementation pass
https://www.expatcopilot.com/netherlands/citizenship/tools/dutch-citizenship-timeline-calculator/,/netherlands/citizenship/tools/dutch-citizenship-timeline-calculator/,tool_calculator,immigration_status,HIGH,Citizenship / PR — long-term status,yes,organization_only_ExpatCopilot,no,not_sampled,not_sampled,yes_immigration_or_strong_IND_sourcing,yes,HIGH YMYL; confirm on-page not-advice + official citations in implementation pass
https://www.expatcopilot.com/netherlands/citizenship/tools/permanent-residence-eligibility-calculator/,/netherlands/citizenship/tools/permanent-residence-eligibility-calculator/,tool_calculator,immigration_status,HIGH,Citizenship / PR — long-term status,yes,organization_only_ExpatCopilot,no,not_sampled,not_sampled,yes_immigration_or_strong_IND_sourcing,yes,HIGH YMYL; confirm on-page not-advice + official citations in implementation pass
https://www.expatcopilot.com/netherlands/culture/,/netherlands/culture/,guide,lifestyle_culture,LOW,Lifestyle/culture — limited material harm if wrong,yes,organization_only_ExpatCopilot,no,not_sampled,not_sampled,standard_editorial,maybe,
https://www.expatcopilot.com/netherlands/culture/communication-style/,/netherlands/culture/communication-style/,guide,lifestyle_culture,LOW,Lifestyle/culture — limited material harm if wrong,yes,organization_only_ExpatCopilot,no,not_sampled,not_sampled,standard_editorial,maybe,
https://www.expatcopilot.com/netherlands/culture/dutch-language-basics/,/netherlands/culture/dutch-language-basics/,guide,lifestyle_culture,LOW,Lifestyle/culture — limited material harm if wrong,yes,organization_only_ExpatCopilot,no,not_sampled,not_sampled,standard_editorial,maybe,
https://www.expatcopilot.com/netherlands/culture/dutch-social-calendar/,/netherlands/culture/dutch-social-calendar/,guide,lifestyle_culture,LOW,Lifestyle/culture — limited material harm if wrong,yes,organization_only_ExpatCopilot,no,not_sampled,not_sampled,standard_editorial,maybe,
https://www.expatcopilot.com/netherlands/culture/dutch-traditions/,/netherlands/culture/dutch-traditions/,guide,lifestyle_culture,LOW,Lifestyle/culture — limited material harm if wrong,yes,organization_only_ExpatCopilot,no,not_sampled,not_sampled,standard_editorial,maybe,
https://www.expatcopilot.com/netherlands/culture/family-and-school-culture/,/netherlands/culture/family-and-school-culture/,guide,lifestyle_culture,LOW,Lifestyle/culture — limited material harm if wrong,yes,organization_only_ExpatCopilot,no,not_sampled,not_sampled,standard_editorial,maybe,
https://www.expatcopilot.com/netherlands/culture/health-system-culture-basics/,/netherlands/culture/health-system-culture-basics/,guide,lifestyle_culture,LOW,Lifestyle/culture — limited material harm if wrong,yes,organization_only_ExpatCopilot,no,not_sampled,not_sampled,standard_editorial,maybe,
https://www.expatcopilot.com/netherlands/culture/hierarchy-and-flatness/,/netherlands/culture/hierarchy-and-flatness/,guide,lifestyle_culture,LOW,Lifestyle/culture — limited material harm if wrong,yes,organization_only_ExpatCopilot,no,not_sampled,not_sampled,standard_editorial,maybe,
https://www.expatcopilot.com/netherlands/culture/invitations-and-planning/,/netherlands/culture/invitations-and-planning/,guide,lifestyle_culture,LOW,Lifestyle/culture — limited material harm if wrong,yes,organization_only_ExpatCopilot,no,not_sampled,not_sampled,standard_editorial,maybe,
https://www.expatcopilot.com/netherlands/culture/kings-day/,/netherlands/culture/kings-day/,guide,lifestyle_culture,LOW,Lifestyle/culture — limited material harm if wrong,yes,organization_only_ExpatCopilot,no,not_sampled,not_sampled,standard_editorial,maybe,
https://www.expatcopilot.com/netherlands/culture/learning-dutch/,/netherlands/culture/learning-dutch/,guide,lifestyle_culture,LOW,Lifestyle/culture — limited material harm if wrong,yes,organization_only_ExpatCopilot,no,not_sampled,not_sampled,standard_editorial,maybe,
https://www.expatcopilot.com/netherlands/culture/meetings-and-consensus/,/netherlands/culture/meetings-and-consensus/,guide,lifestyle_culture,LOW,Lifestyle/culture — limited material harm if wrong,yes,organization_only_ExpatCopilot,no,not_sampled,not_sampled,standard_editorial,maybe,
https://www.expatcopilot.com/netherlands/culture/national-holidays/,/netherlands/culture/national-holidays/,guide,lifestyle_culture,LOW,Lifestyle/culture — limited material harm if wrong,yes,organization_only_ExpatCopilot,no,not_sampled,not_sampled,standard_editorial,maybe,
https://www.expatcopilot.com/netherlands/culture/practice-scenarios/,/netherlands/culture/practice-scenarios/,guide,lifestyle_culture,LOW,Lifestyle/culture — limited material harm if wrong,yes,organization_only_ExpatCopilot,no,not_sampled,not_sampled,standard_editorial,maybe,
https://www.expatcopilot.com/netherlands/culture/sinterklaas/,/netherlands/culture/sinterklaas/,guide,lifestyle_culture,LOW,Lifestyle/culture — limited material harm if wrong,yes,organization_only_ExpatCopilot,no,not_sampled,not_sampled,standard_editorial,maybe,
https://www.expatcopilot.com/netherlands/culture/time-and-boundaries/,/netherlands/culture/time-and-boundaries/,guide,lifestyle_culture,LOW,Lifestyle/culture — limited material harm if wrong,yes,organization_only_ExpatCopilot,no,not_sampled,not_sampled,standard_editorial,maybe,
https://www.expatcopilot.com/netherlands/culture/what-feels-normal-in-dutch-daily-life/,/netherlands/culture/what-feels-normal-in-dutch-daily-life/,guide,lifestyle_culture,LOW,Lifestyle/culture — limited material harm if wrong,yes,organization_only_ExpatCopilot,no,not_sampled,not_sampled,standard_editorial,maybe,
https://www.expatcopilot.com/netherlands/culture/written-follow-ups/,/netherlands/culture/written-follow-ups/,guide,lifestyle_culture,LOW,Lifestyle/culture — limited material harm if wrong,yes,organization_only_ExpatCopilot,no,not_sampled,not_sampled,standard_editorial,maybe,
https://www.expatcopilot.com/netherlands/delft/,/netherlands/delft/,city_page,cities_lifestyle,MEDIUM,City hubs include housing/cost/admin orientation,yes,organization_only_ExpatCopilot,no,not_sampled,not_sampled,strong_official_source_citations_recommended,maybe,
https://www.expatcopilot.com/netherlands/digid-awareness/,/netherlands/digid-awareness/,moving_guide,admin_legal,MEDIUM,Administrative/legal obligations,yes,organization_only_ExpatCopilot,no,not_sampled,not_sampled,strong_official_source_citations_recommended,maybe,
https://www.expatcopilot.com/netherlands/document-legalization-netherlands/,/netherlands/document-legalization-netherlands/,moving_guide,admin_legal,MEDIUM,Administrative/legal obligations,yes,organization_only_ExpatCopilot,no,not_sampled,not_sampled,strong_official_source_citations_recommended,maybe,
https://www.expatcopilot.com/netherlands/document-readiness-checker/,/netherlands/document-readiness-checker/,tool_calculator,immigration,HIGH,Visa/immigration status decisions,yes,organization_only_ExpatCopilot,no,not_sampled,not_sampled,yes_immigration_or_strong_IND_sourcing,maybe,HIGH YMYL; confirm on-page not-advice + official citations in implementation pass
https://www.expatcopilot.com/netherlands/document-translation-netherlands/,/netherlands/document-translation-netherlands/,moving_guide,other,LOW,Not clearly YMYL-primary,yes,organization_only_ExpatCopilot,no,not_sampled,not_sampled,standard_editorial,maybe,
https://www.expatcopilot.com/netherlands/education/after-school-care-netherlands/,/netherlands/education/after-school-care-netherlands/,guide,other,LOW,Not clearly YMYL-primary,yes,organization_only_ExpatCopilot,no,not_sampled,not_sampled,standard_editorial,maybe,
https://www.expatcopilot.com/netherlands/education/before-school-care-netherlands/,/netherlands/education/before-school-care-netherlands/,guide,other,LOW,Not clearly YMYL-primary,yes,organization_only_ExpatCopilot,no,not_sampled,not_sampled,standard_editorial,maybe,
https://www.expatcopilot.com/netherlands/education/daycare-netherlands/,/netherlands/education/daycare-netherlands/,guide,other,LOW,Not clearly YMYL-primary,yes,organization_only_ExpatCopilot,no,not_sampled,not_sampled,standard_editorial,maybe,
https://www.expatcopilot.com/netherlands/education/dutch-schools-netherlands/,/netherlands/education/dutch-schools-netherlands/,guide,other,LOW,Not clearly YMYL-primary,yes,organization_only_ExpatCopilot,no,not_sampled,not_sampled,standard_editorial,maybe,
https://www.expatcopilot.com/netherlands/education/international-schools-netherlands/,/netherlands/education/international-schools-netherlands/,guide,other,LOW,Not clearly YMYL-primary,yes,organization_only_ExpatCopilot,no,not_sampled,not_sampled,standard_editorial,maybe,
https://www.expatcopilot.com/netherlands/eindhoven/,/netherlands/eindhoven/,city_page,immigration,HIGH,Visa/immigration status decisions,yes,organization_only_ExpatCopilot,no,not_sampled,not_sampled,yes_immigration_or_strong_IND_sourcing,maybe,HIGH YMYL; confirm on-page not-advice + official citations in implementation pass
https://www.expatcopilot.com/netherlands/eu-vs-non-eu-moving-to-netherlands/,/netherlands/eu-vs-non-eu-moving-to-netherlands/,moving_guide,other,LOW,Not clearly YMYL-primary,yes,organization_only_ExpatCopilot,no,not_sampled,not_sampled,standard_editorial,maybe,
https://www.expatcopilot.com/netherlands/family/child-benefits-netherlands/,/netherlands/family/child-benefits-netherlands/,guide,family_health_finance,MEDIUM,Family health/finance adjacent,yes,organization_only_ExpatCopilot,no,not_sampled,not_sampled,strong_official_source_citations_recommended,maybe,
https://www.expatcopilot.com/netherlands/family/family-activities-netherlands/,/netherlands/family/family-activities-netherlands/,guide,other,LOW,Not clearly YMYL-primary,yes,organization_only_ExpatCopilot,no,not_sampled,not_sampled,standard_editorial,maybe,
https://www.expatcopilot.com/netherlands/family/giving-birth-netherlands/,/netherlands/family/giving-birth-netherlands/,guide,family_health_finance,MEDIUM,Family health/finance adjacent,yes,organization_only_ExpatCopilot,no,not_sampled,not_sampled,strong_official_source_citations_recommended,maybe,
https://www.expatcopilot.com/netherlands/family/healthcare-for-children-netherlands/,/netherlands/family/healthcare-for-children-netherlands/,guide,healthcare,HIGH,Medical orientation that could affect care decisions,yes,organization_only_ExpatCopilot,no,not_sampled,not_sampled,yes_clinical_review_or_strict_non_advice_framing,maybe,HIGH YMYL; confirm on-page not-advice + official citations in implementation pass
https://www.expatcopilot.com/netherlands/family/parenting-netherlands/,/netherlands/family/parenting-netherlands/,guide,other,LOW,Not clearly YMYL-primary,yes,organization_only_ExpatCopilot,no,not_sampled,not_sampled,standard_editorial,maybe,
https://www.expatcopilot.com/netherlands/family/pets-netherlands/,/netherlands/family/pets-netherlands/,guide,other,LOW,Not clearly YMYL-primary,yes,organization_only_ExpatCopilot,no,not_sampled,not_sampled,standard_editorial,maybe,
https://www.expatcopilot.com/netherlands/family/pregnancy-netherlands/,/netherlands/family/pregnancy-netherlands/,guide,family_health_finance,MEDIUM,Family health/finance adjacent,yes,organization_only_ExpatCopilot,no,not_sampled,not_sampled,strong_official_source_citations_recommended,maybe,
https://www.expatcopilot.com/netherlands/family/tools/,/netherlands/family/tools/,tool_calculator,tools_general,MEDIUM,Planning tools may influence money/admin decisions,yes,organization_only_ExpatCopilot,no,not_sampled,not_sampled,strong_official_source_citations_recommended,yes,
https://www.expatcopilot.com/netherlands/family/tools/childcare-cost-estimator/,/netherlands/family/tools/childcare-cost-estimator/,tool_calculator,tools_general,MEDIUM,Planning tools may influence money/admin decisions,yes,organization_only_ExpatCopilot,no,not_sampled,not_sampled,strong_official_source_citations_recommended,yes,
https://www.expatcopilot.com/netherlands/first-30-days-netherlands/,/netherlands/first-30-days-netherlands/,moving_guide,other,LOW,Not clearly YMYL-primary,yes,organization_only_ExpatCopilot,no,not_sampled,not_sampled,standard_editorial,maybe,
https://www.expatcopilot.com/netherlands/first-60-days-netherlands/,/netherlands/first-60-days-netherlands/,moving_guide,other,LOW,Not clearly YMYL-primary,yes,organization_only_ExpatCopilot,no,not_sampled,not_sampled,standard_editorial,maybe,
https://www.expatcopilot.com/netherlands/first-90-days-netherlands/,/netherlands/first-90-days-netherlands/,moving_guide,relocation_planning,MEDIUM,Relocation planning with admin implications,yes,organization_only_ExpatCopilot,no,not_sampled,not_sampled,strong_official_source_citations_recommended,maybe,
https://www.expatcopilot.com/netherlands/government-services/,/netherlands/government-services/,guide,other,LOW,Not clearly YMYL-primary,yes,organization_only_ExpatCopilot,no,not_sampled,not_sampled,standard_editorial,maybe,
https://www.expatcopilot.com/netherlands/groningen/,/netherlands/groningen/,city_page,cities_lifestyle,MEDIUM,City hubs include housing/cost/admin orientation,yes,organization_only_ExpatCopilot,no,not_sampled,not_sampled,strong_official_source_citations_recommended,maybe,
https://www.expatcopilot.com/netherlands/haarlem/,/netherlands/haarlem/,city_page,cities_lifestyle,MEDIUM,City hubs include housing/cost/admin orientation,yes,organization_only_ExpatCopilot,no,not_sampled,not_sampled,strong_official_source_citations_recommended,maybe,
https://www.expatcopilot.com/netherlands/health-insurance-netherlands/,/netherlands/health-insurance-netherlands/,moving_guide,insurance,HIGH,Mandatory health insurance choices,yes,organization_only_ExpatCopilot,no,not_sampled,not_sampled,yes_verify_insurer_regulator_sources,maybe,HIGH YMYL; confirm on-page not-advice + official citations in implementation pass
https://www.expatcopilot.com/netherlands/health/dentists-netherlands/,/netherlands/health/dentists-netherlands/,guide,healthcare,HIGH,Medical orientation that could affect care decisions,yes,organization_only_ExpatCopilot,no,not_sampled,not_sampled,yes_clinical_review_or_strict_non_advice_framing,maybe,HIGH YMYL; confirm on-page not-advice + official citations in implementation pass
https://www.expatcopilot.com/netherlands/health/emergency-healthcare-netherlands/,/netherlands/health/emergency-healthcare-netherlands/,guide,healthcare,HIGH,Medical orientation that could affect care decisions,yes,organization_only_ExpatCopilot,no,not_sampled,not_sampled,yes_clinical_review_or_strict_non_advice_framing,maybe,HIGH YMYL; confirm on-page not-advice + official citations in implementation pass
https://www.expatcopilot.com/netherlands/health/gp-netherlands/,/netherlands/health/gp-netherlands/,guide,healthcare,HIGH,Medical orientation that could affect care decisions,yes,organization_only_ExpatCopilot,no,not_sampled,not_sampled,yes_clinical_review_or_strict_non_advice_framing,maybe,HIGH YMYL; confirm on-page not-advice + official citations in implementation pass
https://www.expatcopilot.com/netherlands/health/health-insurance-comparison-netherlands/,/netherlands/health/health-insurance-comparison-netherlands/,guide,insurance,HIGH,Mandatory health insurance choices,yes,organization_only_ExpatCopilot,no,none_detected_in_sample,2,yes_verify_insurer_regulator_sources,maybe,HIGH YMYL sampled page lacked clear not-advice phrase in HTML text extract — investigate
https://www.expatcopilot.com/netherlands/health/hospitals-netherlands/,/netherlands/health/hospitals-netherlands/,guide,healthcare,HIGH,Medical orientation that could affect care decisions,yes,organization_only_ExpatCopilot,no,not_medical,2,yes_clinical_review_or_strict_non_advice_framing,maybe,
https://www.expatcopilot.com/netherlands/health/maternity-care-netherlands/,/netherlands/health/maternity-care-netherlands/,guide,healthcare,HIGH,Medical orientation that could affect care decisions,yes,organization_only_ExpatCopilot,no,not_sampled,not_sampled,yes_clinical_review_or_strict_non_advice_framing,maybe,HIGH YMYL; confirm on-page not-advice + official citations in implementation pass
https://www.expatcopilot.com/netherlands/health/mental-healthcare-netherlands/,/netherlands/health/mental-healthcare-netherlands/,guide,healthcare,HIGH,Medical orientation that could affect care decisions,yes,organization_only_ExpatCopilot,no,not_sampled,not_sampled,yes_clinical_review_or_strict_non_advice_framing,maybe,HIGH YMYL; confirm on-page not-advice + official citations in implementation pass
https://www.expatcopilot.com/netherlands/health/pharmacies-netherlands/,/netherlands/health/pharmacies-netherlands/,guide,other,LOW,Not clearly YMYL-primary,yes,organization_only_ExpatCopilot,no,not_sampled,not_sampled,standard_editorial,maybe,
https://www.expatcopilot.com/netherlands/health/physiotherapy-netherlands/,/netherlands/health/physiotherapy-netherlands/,guide,healthcare,HIGH,Medical orientation that could affect care decisions,yes,organization_only_ExpatCopilot,no,not_sampled,not_sampled,yes_clinical_review_or_strict_non_advice_framing,maybe,HIGH YMYL; confirm on-page not-advice + official citations in implementation pass
https://www.expatcopilot.com/netherlands/health/prescriptions-netherlands/,/netherlands/health/prescriptions-netherlands/,guide,healthcare,HIGH,Medical orientation that could affect care decisions,yes,organization_only_ExpatCopilot,no,not_sampled,not_sampled,yes_clinical_review_or_strict_non_advice_framing,maybe,HIGH YMYL; confirm on-page not-advice + official citations in implementation pass
https://www.expatcopilot.com/netherlands/health/tools/,/netherlands/health/tools/,tool_calculator,tools_general,MEDIUM,Planning tools may influence money/admin decisions,yes,organization_only_ExpatCopilot,no,not_sampled,not_sampled,strong_official_source_citations_recommended,yes,
https://www.expatcopilot.com/netherlands/housing/,/netherlands/housing/,guide,housing,MEDIUM,Housing costs / process — significant financial impact,yes,organization_only_ExpatCopilot,no,not_sampled,not_sampled,strong_official_source_citations_recommended,maybe,
https://www.expatcopilot.com/netherlands/housing/buy-vs-rent-netherlands/,/netherlands/housing/buy-vs-rent-netherlands/,comparison,housing,MEDIUM,Housing costs / process — significant financial impact,yes,organization_only_ExpatCopilot,no,not_sampled,not_sampled,strong_official_source_citations_recommended,maybe,
https://www.expatcopilot.com/netherlands/housing/buying-a-house-netherlands/,/netherlands/housing/buying-a-house-netherlands/,guide,housing,MEDIUM,Housing costs / process — significant financial impact,yes,organization_only_ExpatCopilot,no,not_sampled,not_sampled,strong_official_source_citations_recommended,maybe,
https://www.expatcopilot.com/netherlands/housing/housing-costs-netherlands/,/netherlands/housing/housing-costs-netherlands/,guide,housing,MEDIUM,Housing costs / process — significant financial impact,yes,organization_only_ExpatCopilot,no,not_sampled,not_sampled,strong_official_source_citations_recommended,maybe,
https://www.expatcopilot.com/netherlands/housing/mortgages-netherlands-expats/,/netherlands/housing/mortgages-netherlands-expats/,guide,housing,MEDIUM,Housing costs / process — significant financial impact,yes,organization_only_ExpatCopilot,no,not_sampled,not_sampled,strong_official_source_citations_recommended,maybe,
https://www.expatcopilot.com/netherlands/housing/rental-contracts-and-deposits-netherlands/,/netherlands/housing/rental-contracts-and-deposits-netherlands/,guide,housing_legal,HIGH,Rental contracts / deposits / legal housing obligations,yes,organization_only_ExpatCopilot,no,not_legal_advice,1,yes_tenancy_law_or_gov_consumer_sourcing,maybe,
https://www.expatcopilot.com/netherlands/housing/rental-scams-netherlands/,/netherlands/housing/rental-scams-netherlands/,guide,housing,MEDIUM,Housing costs / process — significant financial impact,yes,organization_only_ExpatCopilot,no,not_sampled,not_sampled,strong_official_source_citations_recommended,maybe,
https://www.expatcopilot.com/netherlands/housing/tools/,/netherlands/housing/tools/,tool_calculator,housing,MEDIUM,Housing costs / process — significant financial impact,yes,organization_only_ExpatCopilot,no,not_sampled,not_sampled,strong_official_source_citations_recommended,yes,
https://www.expatcopilot.com/netherlands/housing/tools/rent-affordability-calculator/,/netherlands/housing/tools/rent-affordability-calculator/,tool_calculator,housing,MEDIUM,Housing costs / process — significant financial impact,yes,organization_only_ExpatCopilot,no,not_sampled,not_sampled,strong_official_source_citations_recommended,yes,
https://www.expatcopilot.com/netherlands/integration/inburgering/,/netherlands/integration/inburgering/,moving_guide,integration_legal,MEDIUM,Integration requirements can affect residence,yes,organization_only_ExpatCopilot,no,not_sampled,not_sampled,strong_official_source_citations_recommended,maybe,
https://www.expatcopilot.com/netherlands/integration/tools/,/netherlands/integration/tools/,tool_calculator,integration_legal,MEDIUM,Integration requirements can affect residence,yes,organization_only_ExpatCopilot,no,not_sampled,not_sampled,strong_official_source_citations_recommended,yes,
https://www.expatcopilot.com/netherlands/integration/tools/inburgering-exam-readiness-checker/,/netherlands/integration/tools/inburgering-exam-readiness-checker/,tool_calculator,integration_legal,MEDIUM,Integration requirements can affect residence,yes,organization_only_ExpatCopilot,no,not_sampled,not_sampled,strong_official_source_citations_recommended,yes,
https://www.expatcopilot.com/netherlands/integration/tools/integration-requirement-checker/,/netherlands/integration/tools/integration-requirement-checker/,tool_calculator,integration_legal,MEDIUM,Integration requirements can affect residence,yes,organization_only_ExpatCopilot,no,not_sampled,not_sampled,strong_official_source_citations_recommended,yes,
https://www.expatcopilot.com/netherlands/jobs/contractor-vs-employee-netherlands/,/netherlands/jobs/contractor-vs-employee-netherlands/,comparison,employment,MEDIUM,Work/career guidance — moderate YMYL,yes,organization_only_ExpatCopilot,no,not_sampled,not_sampled,strong_official_source_citations_recommended,maybe,
https://www.expatcopilot.com/netherlands/jobs/dutch-directness-at-work/,/netherlands/jobs/dutch-directness-at-work/,guide,employment,MEDIUM,Work/career guidance — moderate YMYL,yes,organization_only_ExpatCopilot,no,not_sampled,not_sampled,strong_official_source_citations_recommended,maybe,
https://www.expatcopilot.com/netherlands/jobs/dutch-workplace-culture/,/netherlands/jobs/dutch-workplace-culture/,guide,employment,MEDIUM,Work/career guidance — moderate YMYL,yes,organization_only_ExpatCopilot,no,not_sampled,not_sampled,strong_official_source_citations_recommended,maybe,
https://www.expatcopilot.com/netherlands/jobs/employee-benefits-netherlands/,/netherlands/jobs/employee-benefits-netherlands/,guide,employment,MEDIUM,Work/career guidance — moderate YMYL,yes,organization_only_ExpatCopilot,no,not_sampled,not_sampled,strong_official_source_citations_recommended,maybe,
https://www.expatcopilot.com/netherlands/jobs/employee-rights-netherlands/,/netherlands/jobs/employee-rights-netherlands/,guide,employment_law,HIGH,Employment rights / contracts / permits,yes,organization_only_ExpatCopilot,no,not_sampled,not_sampled,yes_employment_law_or_UWV_gov_sourcing,maybe,HIGH YMYL; confirm on-page not-advice + official citations in implementation pass
https://www.expatcopilot.com/netherlands/jobs/employment-contract-netherlands/,/netherlands/jobs/employment-contract-netherlands/,guide,employment_law,HIGH,Employment rights / contracts / permits,yes,organization_only_ExpatCopilot,no,not_legal_advice|not_immigration,3,yes_employment_law_or_UWV_gov_sourcing,maybe,
https://www.expatcopilot.com/netherlands/jobs/expat-salary-netherlands/,/netherlands/jobs/expat-salary-netherlands/,guide,compensation,MEDIUM,Salary/compensation figures influence job decisions,yes,organization_only_ExpatCopilot,no,not_sampled,not_sampled,strong_official_source_citations_recommended,maybe,
https://www.expatcopilot.com/netherlands/jobs/finding-jobs-netherlands/,/netherlands/jobs/finding-jobs-netherlands/,guide,immigration,HIGH,Visa/immigration status decisions,yes,organization_only_ExpatCopilot,no,not_sampled,not_sampled,yes_immigration_or_strong_IND_sourcing,maybe,HIGH YMYL; confirm on-page not-advice + official citations in implementation pass
https://www.expatcopilot.com/netherlands/jobs/freelancing-netherlands/,/netherlands/jobs/freelancing-netherlands/,guide,employment,MEDIUM,Work/career guidance — moderate YMYL,yes,organization_only_ExpatCopilot,no,not_sampled,not_sampled,strong_official_source_citations_recommended,maybe,
https://www.expatcopilot.com/netherlands/jobs/holiday-allowance-netherlands/,/netherlands/jobs/holiday-allowance-netherlands/,guide,compensation,MEDIUM,Salary/compensation figures influence job decisions,yes,organization_only_ExpatCopilot,no,not_sampled,not_sampled,strong_official_source_citations_recommended,maybe,
https://www.expatcopilot.com/netherlands/jobs/minimum-wage-netherlands/,/netherlands/jobs/minimum-wage-netherlands/,guide,compensation,MEDIUM,Salary/compensation figures influence job decisions,yes,organization_only_ExpatCopilot,no,not_sampled,not_sampled,strong_official_source_citations_recommended,maybe,
https://www.expatcopilot.com/netherlands/jobs/notice-period-netherlands/,/netherlands/jobs/notice-period-netherlands/,guide,employment_law,HIGH,Employment rights / contracts / permits,yes,organization_only_ExpatCopilot,no,not_sampled,not_sampled,yes_employment_law_or_UWV_gov_sourcing,maybe,HIGH YMYL; confirm on-page not-advice + official citations in implementation pass
https://www.expatcopilot.com/netherlands/jobs/pension-netherlands-expats/,/netherlands/jobs/pension-netherlands-expats/,guide,compensation,MEDIUM,Salary/compensation figures influence job decisions,yes,organization_only_ExpatCopilot,no,not_sampled,not_sampled,strong_official_source_citations_recommended,maybe,
https://www.expatcopilot.com/netherlands/jobs/probation-period-netherlands/,/netherlands/jobs/probation-period-netherlands/,guide,employment_law,HIGH,Employment rights / contracts / permits,yes,organization_only_ExpatCopilot,no,not_sampled,not_sampled,yes_employment_law_or_UWV_gov_sourcing,maybe,HIGH YMYL; confirm on-page not-advice + official citations in implementation pass
https://www.expatcopilot.com/netherlands/jobs/salary-negotiation-netherlands/,/netherlands/jobs/salary-negotiation-netherlands/,guide,compensation,MEDIUM,Salary/compensation figures influence job decisions,yes,organization_only_ExpatCopilot,no,not_sampled,not_sampled,strong_official_source_citations_recommended,maybe,
https://www.expatcopilot.com/netherlands/leaving/,/netherlands/leaving/,guide,leaving_admin,MEDIUM,Exit/repatriation obligations,yes,organization_only_ExpatCopilot,no,not_sampled,not_sampled,strong_official_source_citations_recommended,maybe,
https://www.expatcopilot.com/netherlands/leaving/tools/,/netherlands/leaving/tools/,tool_calculator,leaving_admin,MEDIUM,Exit/repatriation obligations,yes,organization_only_ExpatCopilot,no,not_sampled,not_sampled,strong_official_source_citations_recommended,yes,
https://www.expatcopilot.com/netherlands/leaving/tools/exit-readiness-checker/,/netherlands/leaving/tools/exit-readiness-checker/,tool_calculator,leaving_admin,MEDIUM,Exit/repatriation obligations,yes,organization_only_ExpatCopilot,no,not_sampled,not_sampled,strong_official_source_citations_recommended,yes,
https://www.expatcopilot.com/netherlands/leaving/tools/repatriation-cost-calculator/,/netherlands/leaving/tools/repatriation-cost-calculator/,tool_calculator,leaving_admin,MEDIUM,Exit/repatriation obligations,yes,organization_only_ExpatCopilot,no,not_sampled,not_sampled,strong_official_source_citations_recommended,yes,
https://www.expatcopilot.com/netherlands/leiden/,/netherlands/leiden/,city_page,cities_lifestyle,MEDIUM,City hubs include housing/cost/admin orientation,yes,organization_only_ExpatCopilot,no,not_sampled,not_sampled,strong_official_source_citations_recommended,maybe,
https://www.expatcopilot.com/netherlands/life/,/netherlands/life/,guide,lifestyle_culture,LOW,Lifestyle/culture — limited material harm if wrong,yes,organization_only_ExpatCopilot,no,not_sampled,not_sampled,standard_editorial,maybe,
https://www.expatcopilot.com/netherlands/life/community-basics-netherlands/,/netherlands/life/community-basics-netherlands/,guide,lifestyle_culture,LOW,Lifestyle/culture — limited material harm if wrong,yes,organization_only_ExpatCopilot,no,not_sampled,not_sampled,standard_editorial,maybe,
https://www.expatcopilot.com/netherlands/life/dating-in-the-netherlands/,/netherlands/life/dating-in-the-netherlands/,guide,lifestyle_culture,LOW,Lifestyle/culture — limited material harm if wrong,yes,organization_only_ExpatCopilot,no,none_detected_in_sample,0,standard_editorial,maybe,
https://www.expatcopilot.com/netherlands/life/dutch-birthday-traditions/,/netherlands/life/dutch-birthday-traditions/,guide,lifestyle_culture,LOW,Lifestyle/culture — limited material harm if wrong,yes,organization_only_ExpatCopilot,no,not_sampled,not_sampled,standard_editorial,maybe,
https://www.expatcopilot.com/netherlands/life/dutch-culture/,/netherlands/life/dutch-culture/,guide,lifestyle_culture,LOW,Lifestyle/culture — limited material harm if wrong,yes,organization_only_ExpatCopilot,no,not_sampled,not_sampled,standard_editorial,maybe,
https://www.expatcopilot.com/netherlands/life/dutch-etiquette/,/netherlands/life/dutch-etiquette/,guide,lifestyle_culture,LOW,Lifestyle/culture — limited material harm if wrong,yes,organization_only_ExpatCopilot,no,not_sampled,not_sampled,standard_editorial,maybe,
https://www.expatcopilot.com/netherlands/life/dutch-holidays-and-traditions/,/netherlands/life/dutch-holidays-and-traditions/,guide,lifestyle_culture,LOW,Lifestyle/culture — limited material harm if wrong,yes,organization_only_ExpatCopilot,no,not_sampled,not_sampled,standard_editorial,maybe,
https://www.expatcopilot.com/netherlands/life/dutch-humour/,/netherlands/life/dutch-humour/,guide,lifestyle_culture,LOW,Lifestyle/culture — limited material harm if wrong,yes,organization_only_ExpatCopilot,no,not_sampled,not_sampled,standard_editorial,maybe,
https://www.expatcopilot.com/netherlands/life/dutch-social-norms/,/netherlands/life/dutch-social-norms/,guide,lifestyle_culture,LOW,Lifestyle/culture — limited material harm if wrong,yes,organization_only_ExpatCopilot,no,not_sampled,not_sampled,standard_editorial,maybe,
https://www.expatcopilot.com/netherlands/life/expat-loneliness-netherlands/,/netherlands/life/expat-loneliness-netherlands/,guide,lifestyle_culture,LOW,Lifestyle/culture — limited material harm if wrong,yes,organization_only_ExpatCopilot,no,not_sampled,not_sampled,standard_editorial,maybe,
https://www.expatcopilot.com/netherlands/life/making-dutch-friends/,/netherlands/life/making-dutch-friends/,guide,lifestyle_culture,LOW,Lifestyle/culture — limited material harm if wrong,yes,organization_only_ExpatCopilot,no,not_sampled,not_sampled,standard_editorial,maybe,
https://www.expatcopilot.com/netherlands/living/,/netherlands/living/,guide,other,LOW,Not clearly YMYL-primary,yes,organization_only_ExpatCopilot,no,not_sampled,not_sampled,standard_editorial,maybe,
https://www.expatcopilot.com/netherlands/living/apps/,/netherlands/living/apps/,guide,lifestyle_culture,LOW,Lifestyle/culture — limited material harm if wrong,yes,organization_only_ExpatCopilot,no,not_sampled,not_sampled,standard_editorial,maybe,
https://www.expatcopilot.com/netherlands/living/buying-a-car-netherlands/,/netherlands/living/buying-a-car-netherlands/,guide,other,LOW,Not clearly YMYL-primary,yes,organization_only_ExpatCopilot,no,not_sampled,not_sampled,standard_editorial,maybe,
https://www.expatcopilot.com/netherlands/living/car-insurance-netherlands/,/netherlands/living/car-insurance-netherlands/,guide,other,LOW,Not clearly YMYL-primary,yes,organization_only_ExpatCopilot,no,not_sampled,not_sampled,standard_editorial,maybe,
https://www.expatcopilot.com/netherlands/living/car-sharing-netherlands/,/netherlands/living/car-sharing-netherlands/,guide,other,LOW,Not clearly YMYL-primary,yes,organization_only_ExpatCopilot,no,not_sampled,not_sampled,standard_editorial,maybe,
https://www.expatcopilot.com/netherlands/living/daily-life/,/netherlands/living/daily-life/,guide,lifestyle_culture,LOW,Lifestyle/culture — limited material harm if wrong,yes,organization_only_ExpatCopilot,no,not_sampled,not_sampled,standard_editorial,maybe,
https://www.expatcopilot.com/netherlands/living/driving-licence-exchange-netherlands/,/netherlands/living/driving-licence-exchange-netherlands/,guide,other,LOW,Not clearly YMYL-primary,yes,organization_only_ExpatCopilot,no,not_sampled,not_sampled,standard_editorial,maybe,
https://www.expatcopilot.com/netherlands/living/electric-vehicles-netherlands/,/netherlands/living/electric-vehicles-netherlands/,guide,other,LOW,Not clearly YMYL-primary,yes,organization_only_ExpatCopilot,no,not_sampled,not_sampled,standard_editorial,maybe,
https://www.expatcopilot.com/netherlands/living/emergencies-safety/,/netherlands/living/emergencies-safety/,guide,other,LOW,Not clearly YMYL-primary,yes,organization_only_ExpatCopilot,no,not_sampled,not_sampled,standard_editorial,maybe,
https://www.expatcopilot.com/netherlands/living/getting-around/,/netherlands/living/getting-around/,guide,transport,LOW,Transport orientation,yes,organization_only_ExpatCopilot,no,not_sampled,not_sampled,standard_editorial,maybe,
https://www.expatcopilot.com/netherlands/living/government-portals-overview/,/netherlands/living/government-portals-overview/,guide,admin_legal,MEDIUM,Administrative/legal obligations,yes,organization_only_ExpatCopilot,no,not_sampled,not_sampled,strong_official_source_citations_recommended,maybe,
https://www.expatcopilot.com/netherlands/living/healthcare-basics/,/netherlands/living/healthcare-basics/,guide,other,LOW,Not clearly YMYL-primary,yes,organization_only_ExpatCopilot,no,not_sampled,not_sampled,standard_editorial,maybe,
https://www.expatcopilot.com/netherlands/living/language/,/netherlands/living/language/,guide,lifestyle_culture,LOW,Lifestyle/culture — limited material harm if wrong,yes,organization_only_ExpatCopilot,no,not_sampled,not_sampled,standard_editorial,maybe,
https://www.expatcopilot.com/netherlands/living/lease-cars-netherlands/,/netherlands/living/lease-cars-netherlands/,guide,other,LOW,Not clearly YMYL-primary,yes,organization_only_ExpatCopilot,no,not_sampled,not_sampled,standard_editorial,maybe,
https://www.expatcopilot.com/netherlands/living/mot-apk-netherlands/,/netherlands/living/mot-apk-netherlands/,guide,other,LOW,Not clearly YMYL-primary,yes,organization_only_ExpatCopilot,no,not_sampled,not_sampled,standard_editorial,maybe,
https://www.expatcopilot.com/netherlands/living/payments/,/netherlands/living/payments/,guide,other,LOW,Not clearly YMYL-primary,yes,organization_only_ExpatCopilot,no,not_sampled,not_sampled,standard_editorial,maybe,
https://www.expatcopilot.com/netherlands/living/rental-market/,/netherlands/living/rental-market/,guide,other,LOW,Not clearly YMYL-primary,yes,organization_only_ExpatCopilot,no,not_sampled,not_sampled,standard_editorial,maybe,
https://www.expatcopilot.com/netherlands/living/road-tax-netherlands/,/netherlands/living/road-tax-netherlands/,guide,other,LOW,Not clearly YMYL-primary,yes,organization_only_ExpatCopilot,no,not_sampled,not_sampled,standard_editorial,maybe,
https://www.expatcopilot.com/netherlands/living/shopping-groceries/,/netherlands/living/shopping-groceries/,guide,other,LOW,Not clearly YMYL-primary,yes,organization_only_ExpatCopilot,no,not_sampled,not_sampled,standard_editorial,maybe,
https://www.expatcopilot.com/netherlands/living/speed-cameras-netherlands/,/netherlands/living/speed-cameras-netherlands/,guide,other,LOW,Not clearly YMYL-primary,yes,organization_only_ExpatCopilot,no,not_sampled,not_sampled,standard_editorial,maybe,
https://www.expatcopilot.com/netherlands/living/survival-guide/,/netherlands/living/survival-guide/,guide,lifestyle_culture,LOW,Lifestyle/culture — limited material harm if wrong,yes,organization_only_ExpatCopilot,no,none_detected_in_sample,2,standard_editorial,maybe,
https://www.expatcopilot.com/netherlands/living/tools/utilities-services-comparison/,/netherlands/living/tools/utilities-services-comparison/,tool_calculator,tools_general,MEDIUM,Planning tools may influence money/admin decisions,yes,organization_only_ExpatCopilot,no,not_sampled,not_sampled,strong_official_source_citations_recommended,yes,
https://www.expatcopilot.com/netherlands/living/weather/,/netherlands/living/weather/,guide,lifestyle_culture,LOW,Lifestyle/culture — limited material harm if wrong,yes,organization_only_ExpatCopilot,no,not_sampled,not_sampled,standard_editorial,maybe,
https://www.expatcopilot.com/netherlands/maastricht/,/netherlands/maastricht/,city_page,cities_lifestyle,MEDIUM,City hubs include housing/cost/admin orientation,yes,organization_only_ExpatCopilot,no,not_sampled,not_sampled,strong_official_source_citations_recommended,maybe,
https://www.expatcopilot.com/netherlands/money/,/netherlands/money/,guide,finance,MEDIUM,Financial planning / banking — material money impact,yes,organization_only_ExpatCopilot,no,not_sampled,not_sampled,strong_official_source_citations_recommended,maybe,
https://www.expatcopilot.com/netherlands/money/banking/,/netherlands/money/banking/,guide,finance,MEDIUM,Financial planning / banking — material money impact,yes,organization_only_ExpatCopilot,no,not_sampled,not_sampled,strong_official_source_citations_recommended,yes,
https://www.expatcopilot.com/netherlands/money/banking/account-rejection/,/netherlands/money/banking/account-rejection/,guide,finance,MEDIUM,Financial planning / banking — material money impact,yes,organization_only_ExpatCopilot,no,not_sampled,not_sampled,strong_official_source_citations_recommended,yes,
https://www.expatcopilot.com/netherlands/money/banking/best-bank-zzp/,/netherlands/money/banking/best-bank-zzp/,guide,finance,MEDIUM,Financial planning / banking — material money impact,yes,organization_only_ExpatCopilot,no,not_sampled,not_sampled,strong_official_source_citations_recommended,yes,
https://www.expatcopilot.com/netherlands/money/banking/best-banks-expats/,/netherlands/money/banking/best-banks-expats/,guide,finance,MEDIUM,Financial planning / banking — material money impact,yes,organization_only_ExpatCopilot,no,not_legal_advice|not_tax_advice|not_financial,0,strong_official_source_citations_recommended,yes,
https://www.expatcopilot.com/netherlands/money/banking/cash-vs-card/,/netherlands/money/banking/cash-vs-card/,comparison,finance,MEDIUM,Financial planning / banking — material money impact,yes,organization_only_ExpatCopilot,no,not_sampled,not_sampled,strong_official_source_citations_recommended,yes,
https://www.expatcopilot.com/netherlands/money/banking/cheapest-accounts/,/netherlands/money/banking/cheapest-accounts/,guide,finance,MEDIUM,Financial planning / banking — material money impact,yes,organization_only_ExpatCopilot,no,not_sampled,not_sampled,strong_official_source_citations_recommended,yes,
https://www.expatcopilot.com/netherlands/money/banking/credit-cards/,/netherlands/money/banking/credit-cards/,guide,finance,MEDIUM,Financial planning / banking — material money impact,yes,organization_only_ExpatCopilot,no,not_sampled,not_sampled,strong_official_source_citations_recommended,yes,
https://www.expatcopilot.com/netherlands/money/banking/debit-cards/,/netherlands/money/banking/debit-cards/,guide,finance,MEDIUM,Financial planning / banking — material money impact,yes,organization_only_ExpatCopilot,no,not_sampled,not_sampled,strong_official_source_citations_recommended,yes,
https://www.expatcopilot.com/netherlands/money/banking/fees/,/netherlands/money/banking/fees/,guide,finance,MEDIUM,Financial planning / banking — material money impact,yes,organization_only_ExpatCopilot,no,not_sampled,not_sampled,strong_official_source_citations_recommended,yes,
https://www.expatcopilot.com/netherlands/money/banking/how-payments-work/,/netherlands/money/banking/how-payments-work/,guide,finance,MEDIUM,Financial planning / banking — material money impact,yes,organization_only_ExpatCopilot,no,not_sampled,not_sampled,strong_official_source_citations_recommended,yes,
https://www.expatcopilot.com/netherlands/money/banking/international-transfers/,/netherlands/money/banking/international-transfers/,guide,finance,MEDIUM,Financial planning / banking — material money impact,yes,organization_only_ExpatCopilot,no,not_sampled,not_sampled,strong_official_source_citations_recommended,yes,
https://www.expatcopilot.com/netherlands/money/banking/joint-accounts/,/netherlands/money/banking/joint-accounts/,guide,finance,MEDIUM,Financial planning / banking — material money impact,yes,organization_only_ExpatCopilot,no,not_sampled,not_sampled,strong_official_source_citations_recommended,yes,
https://www.expatcopilot.com/netherlands/money/banking/security/,/netherlands/money/banking/security/,guide,finance,MEDIUM,Financial planning / banking — material money impact,yes,organization_only_ExpatCopilot,no,not_sampled,not_sampled,strong_official_source_citations_recommended,yes,
https://www.expatcopilot.com/netherlands/money/banking/student-accounts/,/netherlands/money/banking/student-accounts/,guide,finance,MEDIUM,Financial planning / banking — material money impact,yes,organization_only_ExpatCopilot,no,not_sampled,not_sampled,strong_official_source_citations_recommended,yes,
https://www.expatcopilot.com/netherlands/money/banking/traditional-vs-digital/,/netherlands/money/banking/traditional-vs-digital/,comparison,finance,MEDIUM,Financial planning / banking — material money impact,yes,organization_only_ExpatCopilot,no,not_sampled,not_sampled,strong_official_source_citations_recommended,yes,
https://www.expatcopilot.com/netherlands/money/banking/types-of-accounts/,/netherlands/money/banking/types-of-accounts/,guide,finance,MEDIUM,Financial planning / banking — material money impact,yes,organization_only_ExpatCopilot,no,not_sampled,not_sampled,strong_official_source_citations_recommended,yes,
https://www.expatcopilot.com/netherlands/money/banking/wise-vs-revolut/,/netherlands/money/banking/wise-vs-revolut/,comparison,finance,MEDIUM,Financial planning / banking — material money impact,yes,organization_only_ExpatCopilot,no,not_sampled,not_sampled,strong_official_source_citations_recommended,yes,
https://www.expatcopilot.com/netherlands/money/cost-of-living-netherlands/,/netherlands/money/cost-of-living-netherlands/,guide,finance,MEDIUM,Financial planning / banking — material money impact,yes,organization_only_ExpatCopilot,no,not_sampled,not_sampled,strong_official_source_citations_recommended,maybe,
https://www.expatcopilot.com/netherlands/money/expat-taxes-netherlands/,/netherlands/money/expat-taxes-netherlands/,guide,tax,HIGH,"Tax treatment, rulings, allowances, payroll tax",yes,organization_only_ExpatCopilot,no,not_sampled,not_sampled,yes_tax_or_strong_Belastingdienst_sourcing,maybe,HIGH YMYL; confirm on-page not-advice + official citations in implementation pass
https://www.expatcopilot.com/netherlands/money/financial-checklist-netherlands/,/netherlands/money/financial-checklist-netherlands/,guide,finance,MEDIUM,Financial planning / banking — material money impact,yes,organization_only_ExpatCopilot,no,not_sampled,not_sampled,strong_official_source_citations_recommended,maybe,
https://www.expatcopilot.com/netherlands/money/hidden-costs-netherlands/,/netherlands/money/hidden-costs-netherlands/,guide,finance,MEDIUM,Financial planning / banking — material money impact,yes,organization_only_ExpatCopilot,no,not_sampled,not_sampled,strong_official_source_citations_recommended,maybe,
https://www.expatcopilot.com/netherlands/money/how-taxes-work-in-the-netherlands/,/netherlands/money/how-taxes-work-in-the-netherlands/,guide,tax,HIGH,"Tax treatment, rulings, allowances, payroll tax",yes,organization_only_ExpatCopilot,no,not_tax_advice,2,yes_tax_or_strong_Belastingdienst_sourcing,maybe,
https://www.expatcopilot.com/netherlands/money/monthly-budget-netherlands/,/netherlands/money/monthly-budget-netherlands/,guide,finance,MEDIUM,Financial planning / banking — material money impact,yes,organization_only_ExpatCopilot,no,not_sampled,not_sampled,strong_official_source_citations_recommended,maybe,
https://www.expatcopilot.com/netherlands/money/saving-money-netherlands/,/netherlands/money/saving-money-netherlands/,guide,finance,MEDIUM,Financial planning / banking — material money impact,yes,organization_only_ExpatCopilot,no,not_sampled,not_sampled,strong_official_source_citations_recommended,maybe,
https://www.expatcopilot.com/netherlands/money/tax-guide-for-expats/,/netherlands/money/tax-guide-for-expats/,guide,finance,MEDIUM,Financial planning / banking — material money impact,yes,organization_only_ExpatCopilot,no,not_sampled,not_sampled,strong_official_source_citations_recommended,maybe,
https://www.expatcopilot.com/netherlands/money/tax-residency-netherlands/,/netherlands/money/tax-residency-netherlands/,guide,tax,HIGH,"Tax treatment, rulings, allowances, payroll tax",yes,organization_only_ExpatCopilot,no,not_sampled,not_sampled,yes_tax_or_strong_Belastingdienst_sourcing,maybe,HIGH YMYL; confirm on-page not-advice + official citations in implementation pass
https://www.expatcopilot.com/netherlands/money/tax-return-netherlands/,/netherlands/money/tax-return-netherlands/,guide,tax,HIGH,"Tax treatment, rulings, allowances, payroll tax",yes,organization_only_ExpatCopilot,no,not_sampled,not_sampled,yes_tax_or_strong_Belastingdienst_sourcing,maybe,HIGH YMYL; confirm on-page not-advice + official citations in implementation pass
https://www.expatcopilot.com/netherlands/money/taxes/tax-advisors/,/netherlands/money/taxes/tax-advisors/,guide,tax,HIGH,"Tax treatment, rulings, allowances, payroll tax",yes,organization_only_ExpatCopilot,no,not_sampled,not_sampled,yes_tax_or_strong_Belastingdienst_sourcing,maybe,HIGH YMYL; confirm on-page not-advice + official citations in implementation pass
https://www.expatcopilot.com/netherlands/money/tools/,/netherlands/money/tools/,tool_calculator,finance,MEDIUM,Financial planning / banking — material money impact,yes,organization_only_ExpatCopilot,no,not_sampled,not_sampled,strong_official_source_citations_recommended,yes,
https://www.expatcopilot.com/netherlands/money/tools/cost-of-living-calculator/,/netherlands/money/tools/cost-of-living-calculator/,tool_calculator,finance,MEDIUM,Financial planning / banking — material money impact,yes,organization_only_ExpatCopilot,no,not_legal_advice|not_tax_advice|not_financial,1,strong_official_source_citations_recommended,yes,
https://www.expatcopilot.com/netherlands/move-to-netherlands-without-job/,/netherlands/move-to-netherlands-without-job/,moving_guide,other,LOW,Not clearly YMYL-primary,yes,organization_only_ExpatCopilot,no,not_sampled,not_sampled,standard_editorial,maybe,
https://www.expatcopilot.com/netherlands/moving-checklist-netherlands/,/netherlands/moving-checklist-netherlands/,moving_guide,other,LOW,Not clearly YMYL-primary,yes,organization_only_ExpatCopilot,no,not_sampled,not_sampled,standard_editorial,maybe,
https://www.expatcopilot.com/netherlands/moving-mistakes-netherlands/,/netherlands/moving-mistakes-netherlands/,moving_guide,other,LOW,Not clearly YMYL-primary,yes,organization_only_ExpatCopilot,no,not_sampled,not_sampled,standard_editorial,maybe,
https://www.expatcopilot.com/netherlands/moving-requirements-netherlands/,/netherlands/moving-requirements-netherlands/,moving_guide,other,LOW,Not clearly YMYL-primary,yes,organization_only_ExpatCopilot,no,not_sampled,not_sampled,standard_editorial,maybe,
https://www.expatcopilot.com/netherlands/moving-to-netherlands-cost/,/netherlands/moving-to-netherlands-cost/,moving_guide,other,LOW,Not clearly YMYL-primary,yes,organization_only_ExpatCopilot,no,not_sampled,not_sampled,standard_editorial,maybe,
https://www.expatcopilot.com/netherlands/moving-to-netherlands-from/,/netherlands/moving-to-netherlands-from/,origin_country_guide,other,LOW,Not clearly YMYL-primary,yes,organization_only_ExpatCopilot,no,not_sampled,not_sampled,standard_editorial,maybe,
https://www.expatcopilot.com/netherlands/moving-to-netherlands-steps/,/netherlands/moving-to-netherlands-steps/,moving_guide,other,LOW,Not clearly YMYL-primary,yes,organization_only_ExpatCopilot,no,not_sampled,not_sampled,standard_editorial,maybe,
https://www.expatcopilot.com/netherlands/moving-to-netherlands-timeline/,/netherlands/moving-to-netherlands-timeline/,moving_guide,other,LOW,Not clearly YMYL-primary,yes,organization_only_ExpatCopilot,no,not_sampled,not_sampled,standard_editorial,maybe,
https://www.expatcopilot.com/netherlands/moving-to-netherlands-with-family/,/netherlands/moving-to-netherlands-with-family/,moving_guide,other,LOW,Not clearly YMYL-primary,yes,organization_only_ExpatCopilot,no,not_sampled,not_sampled,standard_editorial,maybe,
https://www.expatcopilot.com/netherlands/moving-to-netherlands-with-kids/,/netherlands/moving-to-netherlands-with-kids/,moving_guide,other,LOW,Not clearly YMYL-primary,yes,organization_only_ExpatCopilot,no,not_sampled,not_sampled,standard_editorial,maybe,
https://www.expatcopilot.com/netherlands/moving-to-netherlands-with-partner/,/netherlands/moving-to-netherlands-with-partner/,moving_guide,other,LOW,Not clearly YMYL-primary,yes,organization_only_ExpatCopilot,no,not_sampled,not_sampled,standard_editorial,maybe,
https://www.expatcopilot.com/netherlands/moving-to-the-netherlands/,/netherlands/moving-to-the-netherlands/,guide,other,LOW,Not clearly YMYL-primary,yes,organization_only_ExpatCopilot,no,not_sampled,not_sampled,standard_editorial,maybe,
https://www.expatcopilot.com/netherlands/moving/changing-jobs-netherlands/,/netherlands/moving/changing-jobs-netherlands/,guide,employment_law,HIGH,Employment rights / contracts / permits,yes,organization_only_ExpatCopilot,no,not_sampled,not_sampled,yes_employment_law_or_UWV_gov_sourcing,maybe,HIGH YMYL; confirm on-page not-advice + official citations in implementation pass
https://www.expatcopilot.com/netherlands/moving/extensions-changes/,/netherlands/moving/extensions-changes/,guide,other,LOW,Not clearly YMYL-primary,yes,organization_only_ExpatCopilot,no,not_sampled,not_sampled,standard_editorial,maybe,
https://www.expatcopilot.com/netherlands/moving/layoffs-netherlands/,/netherlands/moving/layoffs-netherlands/,guide,employment_law,HIGH,Employment rights / contracts / permits,yes,organization_only_ExpatCopilot,no,not_sampled,not_sampled,yes_employment_law_or_UWV_gov_sourcing,maybe,HIGH YMYL; confirm on-page not-advice + official citations in implementation pass
https://www.expatcopilot.com/netherlands/moving/moving-to-netherlands-from/argentina/,/netherlands/moving/moving-to-netherlands-from/argentina/,origin_country_guide,relocation_planning,MEDIUM,Relocation planning with admin implications,yes,organization_only_ExpatCopilot,no,not_sampled,not_sampled,strong_official_source_citations_recommended,maybe,
https://www.expatcopilot.com/netherlands/moving/moving-to-netherlands-from/australia/,/netherlands/moving/moving-to-netherlands-from/australia/,origin_country_guide,relocation_planning,MEDIUM,Relocation planning with admin implications,yes,organization_only_ExpatCopilot,no,not_sampled,not_sampled,strong_official_source_citations_recommended,maybe,
https://www.expatcopilot.com/netherlands/moving/moving-to-netherlands-from/brazil/,/netherlands/moving/moving-to-netherlands-from/brazil/,origin_country_guide,relocation_planning,MEDIUM,Relocation planning with admin implications,yes,organization_only_ExpatCopilot,no,not_sampled,not_sampled,strong_official_source_citations_recommended,maybe,
https://www.expatcopilot.com/netherlands/moving/moving-to-netherlands-from/canada/,/netherlands/moving/moving-to-netherlands-from/canada/,origin_country_guide,relocation_planning,MEDIUM,Relocation planning with admin implications,yes,organization_only_ExpatCopilot,no,not_sampled,not_sampled,strong_official_source_citations_recommended,maybe,
https://www.expatcopilot.com/netherlands/moving/moving-to-netherlands-from/chile/,/netherlands/moving/moving-to-netherlands-from/chile/,origin_country_guide,relocation_planning,MEDIUM,Relocation planning with admin implications,yes,organization_only_ExpatCopilot,no,not_sampled,not_sampled,strong_official_source_citations_recommended,maybe,
https://www.expatcopilot.com/netherlands/moving/moving-to-netherlands-from/denmark/,/netherlands/moving/moving-to-netherlands-from/denmark/,origin_country_guide,relocation_planning,MEDIUM,Relocation planning with admin implications,yes,organization_only_ExpatCopilot,no,not_sampled,not_sampled,strong_official_source_citations_recommended,maybe,
https://www.expatcopilot.com/netherlands/moving/moving-to-netherlands-from/france/,/netherlands/moving/moving-to-netherlands-from/france/,origin_country_guide,relocation_planning,MEDIUM,Relocation planning with admin implications,yes,organization_only_ExpatCopilot,no,not_sampled,not_sampled,strong_official_source_citations_recommended,maybe,
https://www.expatcopilot.com/netherlands/moving/moving-to-netherlands-from/germany/,/netherlands/moving/moving-to-netherlands-from/germany/,origin_country_guide,relocation_planning,MEDIUM,Relocation planning with admin implications,yes,organization_only_ExpatCopilot,no,not_sampled,not_sampled,strong_official_source_citations_recommended,maybe,
https://www.expatcopilot.com/netherlands/moving/moving-to-netherlands-from/india/,/netherlands/moving/moving-to-netherlands-from/india/,origin_country_guide,immigration,HIGH,Visa/immigration status decisions,yes,organization_only_ExpatCopilot,no,not_sampled,not_sampled,yes_immigration_or_strong_IND_sourcing,maybe,HIGH YMYL; confirm on-page not-advice + official citations in implementation pass
https://www.expatcopilot.com/netherlands/moving/moving-to-netherlands-from/indonesia/,/netherlands/moving/moving-to-netherlands-from/indonesia/,origin_country_guide,immigration,HIGH,Visa/immigration status decisions,yes,organization_only_ExpatCopilot,no,not_sampled,not_sampled,yes_immigration_or_strong_IND_sourcing,maybe,HIGH YMYL; confirm on-page not-advice + official citations in implementation pass
https://www.expatcopilot.com/netherlands/moving/moving-to-netherlands-from/ireland/,/netherlands/moving/moving-to-netherlands-from/ireland/,origin_country_guide,relocation_planning,MEDIUM,Relocation planning with admin implications,yes,organization_only_ExpatCopilot,no,not_sampled,not_sampled,strong_official_source_citations_recommended,maybe,
https://www.expatcopilot.com/netherlands/moving/moving-to-netherlands-from/italy/,/netherlands/moving/moving-to-netherlands-from/italy/,origin_country_guide,relocation_planning,MEDIUM,Relocation planning with admin implications,yes,organization_only_ExpatCopilot,no,not_sampled,not_sampled,strong_official_source_citations_recommended,maybe,
https://www.expatcopilot.com/netherlands/moving/moving-to-netherlands-from/japan/,/netherlands/moving/moving-to-netherlands-from/japan/,origin_country_guide,relocation_planning,MEDIUM,Relocation planning with admin implications,yes,organization_only_ExpatCopilot,no,not_sampled,not_sampled,strong_official_source_citations_recommended,maybe,
https://www.expatcopilot.com/netherlands/moving/moving-to-netherlands-from/kenya/,/netherlands/moving/moving-to-netherlands-from/kenya/,origin_country_guide,relocation_planning,MEDIUM,Relocation planning with admin implications,yes,organization_only_ExpatCopilot,no,not_sampled,not_sampled,strong_official_source_citations_recommended,maybe,
https://www.expatcopilot.com/netherlands/moving/moving-to-netherlands-from/mexico/,/netherlands/moving/moving-to-netherlands-from/mexico/,origin_country_guide,relocation_planning,MEDIUM,Relocation planning with admin implications,yes,organization_only_ExpatCopilot,no,not_sampled,not_sampled,strong_official_source_citations_recommended,maybe,
https://www.expatcopilot.com/netherlands/moving/moving-to-netherlands-from/new-zealand/,/netherlands/moving/moving-to-netherlands-from/new-zealand/,origin_country_guide,relocation_planning,MEDIUM,Relocation planning with admin implications,yes,organization_only_ExpatCopilot,no,not_sampled,not_sampled,strong_official_source_citations_recommended,maybe,
https://www.expatcopilot.com/netherlands/moving/moving-to-netherlands-from/nigeria/,/netherlands/moving/moving-to-netherlands-from/nigeria/,origin_country_guide,relocation_planning,MEDIUM,Relocation planning with admin implications,yes,organization_only_ExpatCopilot,no,not_sampled,not_sampled,strong_official_source_citations_recommended,maybe,
https://www.expatcopilot.com/netherlands/moving/moving-to-netherlands-from/norway/,/netherlands/moving/moving-to-netherlands-from/norway/,origin_country_guide,relocation_planning,MEDIUM,Relocation planning with admin implications,yes,organization_only_ExpatCopilot,no,not_sampled,not_sampled,strong_official_source_citations_recommended,maybe,
https://www.expatcopilot.com/netherlands/moving/moving-to-netherlands-from/pakistan/,/netherlands/moving/moving-to-netherlands-from/pakistan/,origin_country_guide,relocation_planning,MEDIUM,Relocation planning with admin implications,yes,organization_only_ExpatCopilot,no,not_sampled,not_sampled,strong_official_source_citations_recommended,maybe,
https://www.expatcopilot.com/netherlands/moving/moving-to-netherlands-from/philippines/,/netherlands/moving/moving-to-netherlands-from/philippines/,origin_country_guide,relocation_planning,MEDIUM,Relocation planning with admin implications,yes,organization_only_ExpatCopilot,no,not_sampled,not_sampled,strong_official_source_citations_recommended,maybe,
https://www.expatcopilot.com/netherlands/moving/moving-to-netherlands-from/singapore/,/netherlands/moving/moving-to-netherlands-from/singapore/,origin_country_guide,relocation_planning,MEDIUM,Relocation planning with admin implications,yes,organization_only_ExpatCopilot,no,not_sampled,not_sampled,strong_official_source_citations_recommended,maybe,
https://www.expatcopilot.com/netherlands/moving/moving-to-netherlands-from/south-africa/,/netherlands/moving/moving-to-netherlands-from/south-africa/,origin_country_guide,relocation_planning,MEDIUM,Relocation planning with admin implications,yes,organization_only_ExpatCopilot,no,not_sampled,not_sampled,strong_official_source_citations_recommended,maybe,
https://www.expatcopilot.com/netherlands/moving/moving-to-netherlands-from/south-korea/,/netherlands/moving/moving-to-netherlands-from/south-korea/,origin_country_guide,relocation_planning,MEDIUM,Relocation planning with admin implications,yes,organization_only_ExpatCopilot,no,not_sampled,not_sampled,strong_official_source_citations_recommended,maybe,
https://www.expatcopilot.com/netherlands/moving/moving-to-netherlands-from/spain/,/netherlands/moving/moving-to-netherlands-from/spain/,origin_country_guide,relocation_planning,MEDIUM,Relocation planning with admin implications,yes,organization_only_ExpatCopilot,no,not_sampled,not_sampled,strong_official_source_citations_recommended,maybe,
https://www.expatcopilot.com/netherlands/moving/moving-to-netherlands-from/sweden/,/netherlands/moving/moving-to-netherlands-from/sweden/,origin_country_guide,relocation_planning,MEDIUM,Relocation planning with admin implications,yes,organization_only_ExpatCopilot,no,not_sampled,not_sampled,strong_official_source_citations_recommended,maybe,
https://www.expatcopilot.com/netherlands/moving/moving-to-netherlands-from/switzerland/,/netherlands/moving/moving-to-netherlands-from/switzerland/,origin_country_guide,relocation_planning,MEDIUM,Relocation planning with admin implications,yes,organization_only_ExpatCopilot,no,not_sampled,not_sampled,strong_official_source_citations_recommended,maybe,
https://www.expatcopilot.com/netherlands/moving/moving-to-netherlands-from/turkey/,/netherlands/moving/moving-to-netherlands-from/turkey/,origin_country_guide,relocation_planning,MEDIUM,Relocation planning with admin implications,yes,organization_only_ExpatCopilot,no,not_sampled,not_sampled,strong_official_source_citations_recommended,maybe,
https://www.expatcopilot.com/netherlands/moving/moving-to-netherlands-from/uae/,/netherlands/moving/moving-to-netherlands-from/uae/,origin_country_guide,relocation_planning,MEDIUM,Relocation planning with admin implications,yes,organization_only_ExpatCopilot,no,not_sampled,not_sampled,strong_official_source_citations_recommended,maybe,
https://www.expatcopilot.com/netherlands/moving/moving-to-netherlands-from/united-kingdom/,/netherlands/moving/moving-to-netherlands-from/united-kingdom/,origin_country_guide,relocation_planning,MEDIUM,Relocation planning with admin implications,yes,organization_only_ExpatCopilot,no,not_sampled,not_sampled,strong_official_source_citations_recommended,maybe,
https://www.expatcopilot.com/netherlands/moving/moving-to-netherlands-from/united-states/,/netherlands/moving/moving-to-netherlands-from/united-states/,origin_country_guide,relocation_planning,MEDIUM,Relocation planning with admin implications,yes,organization_only_ExpatCopilot,no,not_sampled,not_sampled,strong_official_source_citations_recommended,maybe,
https://www.expatcopilot.com/netherlands/moving/residence-permits/,/netherlands/moving/residence-permits/,guide,immigration,HIGH,Visa/immigration status decisions,yes,organization_only_ExpatCopilot,no,not_sampled,not_sampled,yes_immigration_or_strong_IND_sourcing,maybe,HIGH YMYL; confirm on-page not-advice + official citations in implementation pass
https://www.expatcopilot.com/netherlands/moving/resigning-job-netherlands/,/netherlands/moving/resigning-job-netherlands/,guide,employment_law,HIGH,Employment rights / contracts / permits,yes,organization_only_ExpatCopilot,no,not_sampled,not_sampled,yes_employment_law_or_UWV_gov_sourcing,maybe,HIGH YMYL; confirm on-page not-advice + official citations in implementation pass
https://www.expatcopilot.com/netherlands/moving/status-changes/,/netherlands/moving/status-changes/,guide,other,LOW,Not clearly YMYL-primary,yes,organization_only_ExpatCopilot,no,not_sampled,not_sampled,standard_editorial,maybe,
https://www.expatcopilot.com/netherlands/moving/tools/,/netherlands/moving/tools/,tool_calculator,relocation_planning,MEDIUM,Relocation planning with admin implications,yes,organization_only_ExpatCopilot,no,not_sampled,not_sampled,strong_official_source_citations_recommended,yes,
https://www.expatcopilot.com/netherlands/moving/tools/arrival-planner/,/netherlands/moving/tools/arrival-planner/,tool_calculator,relocation_planning,MEDIUM,Relocation planning with admin implications,yes,organization_only_ExpatCopilot,no,not_sampled,not_sampled,strong_official_source_citations_recommended,yes,
https://www.expatcopilot.com/netherlands/moving/tools/arrival-planner/from/argentina/,/netherlands/moving/tools/arrival-planner/from/argentina/,tool_calculator,relocation_planning,MEDIUM,Relocation planning with admin implications,yes,organization_only_ExpatCopilot,no,not_sampled,not_sampled,strong_official_source_citations_recommended,yes,
https://www.expatcopilot.com/netherlands/moving/tools/arrival-planner/from/australia/,/netherlands/moving/tools/arrival-planner/from/australia/,tool_calculator,relocation_planning,MEDIUM,Relocation planning with admin implications,yes,organization_only_ExpatCopilot,no,not_sampled,not_sampled,strong_official_source_citations_recommended,yes,
https://www.expatcopilot.com/netherlands/moving/tools/arrival-planner/from/brazil/,/netherlands/moving/tools/arrival-planner/from/brazil/,tool_calculator,relocation_planning,MEDIUM,Relocation planning with admin implications,yes,organization_only_ExpatCopilot,no,not_sampled,not_sampled,strong_official_source_citations_recommended,yes,
https://www.expatcopilot.com/netherlands/moving/tools/arrival-planner/from/canada/,/netherlands/moving/tools/arrival-planner/from/canada/,tool_calculator,relocation_planning,MEDIUM,Relocation planning with admin implications,yes,organization_only_ExpatCopilot,no,not_sampled,not_sampled,strong_official_source_citations_recommended,yes,
https://www.expatcopilot.com/netherlands/moving/tools/arrival-planner/from/chile/,/netherlands/moving/tools/arrival-planner/from/chile/,tool_calculator,relocation_planning,MEDIUM,Relocation planning with admin implications,yes,organization_only_ExpatCopilot,no,not_sampled,not_sampled,strong_official_source_citations_recommended,yes,
https://www.expatcopilot.com/netherlands/moving/tools/arrival-planner/from/denmark/,/netherlands/moving/tools/arrival-planner/from/denmark/,tool_calculator,relocation_planning,MEDIUM,Relocation planning with admin implications,yes,organization_only_ExpatCopilot,no,not_sampled,not_sampled,strong_official_source_citations_recommended,yes,
https://www.expatcopilot.com/netherlands/moving/tools/arrival-planner/from/france/,/netherlands/moving/tools/arrival-planner/from/france/,tool_calculator,relocation_planning,MEDIUM,Relocation planning with admin implications,yes,organization_only_ExpatCopilot,no,not_sampled,not_sampled,strong_official_source_citations_recommended,yes,
https://www.expatcopilot.com/netherlands/moving/tools/arrival-planner/from/germany/,/netherlands/moving/tools/arrival-planner/from/germany/,tool_calculator,relocation_planning,MEDIUM,Relocation planning with admin implications,yes,organization_only_ExpatCopilot,no,not_sampled,not_sampled,strong_official_source_citations_recommended,yes,
https://www.expatcopilot.com/netherlands/moving/tools/arrival-planner/from/india/,/netherlands/moving/tools/arrival-planner/from/india/,tool_calculator,immigration,HIGH,Visa/immigration status decisions,yes,organization_only_ExpatCopilot,no,not_sampled,not_sampled,yes_immigration_or_strong_IND_sourcing,yes,HIGH YMYL; confirm on-page not-advice + official citations in implementation pass
https://www.expatcopilot.com/netherlands/moving/tools/arrival-planner/from/indonesia/,/netherlands/moving/tools/arrival-planner/from/indonesia/,tool_calculator,immigration,HIGH,Visa/immigration status decisions,yes,organization_only_ExpatCopilot,no,not_sampled,not_sampled,yes_immigration_or_strong_IND_sourcing,yes,HIGH YMYL; confirm on-page not-advice + official citations in implementation pass
https://www.expatcopilot.com/netherlands/moving/tools/arrival-planner/from/ireland/,/netherlands/moving/tools/arrival-planner/from/ireland/,tool_calculator,relocation_planning,MEDIUM,Relocation planning with admin implications,yes,organization_only_ExpatCopilot,no,not_sampled,not_sampled,strong_official_source_citations_recommended,yes,
https://www.expatcopilot.com/netherlands/moving/tools/arrival-planner/from/italy/,/netherlands/moving/tools/arrival-planner/from/italy/,tool_calculator,relocation_planning,MEDIUM,Relocation planning with admin implications,yes,organization_only_ExpatCopilot,no,not_sampled,not_sampled,strong_official_source_citations_recommended,yes,
https://www.expatcopilot.com/netherlands/moving/tools/arrival-planner/from/japan/,/netherlands/moving/tools/arrival-planner/from/japan/,tool_calculator,relocation_planning,MEDIUM,Relocation planning with admin implications,yes,organization_only_ExpatCopilot,no,not_sampled,not_sampled,strong_official_source_citations_recommended,yes,
https://www.expatcopilot.com/netherlands/moving/tools/arrival-planner/from/kenya/,/netherlands/moving/tools/arrival-planner/from/kenya/,tool_calculator,relocation_planning,MEDIUM,Relocation planning with admin implications,yes,organization_only_ExpatCopilot,no,not_sampled,not_sampled,strong_official_source_citations_recommended,yes,
https://www.expatcopilot.com/netherlands/moving/tools/arrival-planner/from/mexico/,/netherlands/moving/tools/arrival-planner/from/mexico/,tool_calculator,relocation_planning,MEDIUM,Relocation planning with admin implications,yes,organization_only_ExpatCopilot,no,not_sampled,not_sampled,strong_official_source_citations_recommended,yes,
https://www.expatcopilot.com/netherlands/moving/tools/arrival-planner/from/new-zealand/,/netherlands/moving/tools/arrival-planner/from/new-zealand/,tool_calculator,relocation_planning,MEDIUM,Relocation planning with admin implications,yes,organization_only_ExpatCopilot,no,not_sampled,not_sampled,strong_official_source_citations_recommended,yes,
https://www.expatcopilot.com/netherlands/moving/tools/arrival-planner/from/nigeria/,/netherlands/moving/tools/arrival-planner/from/nigeria/,tool_calculator,relocation_planning,MEDIUM,Relocation planning with admin implications,yes,organization_only_ExpatCopilot,no,not_sampled,not_sampled,strong_official_source_citations_recommended,yes,
https://www.expatcopilot.com/netherlands/moving/tools/arrival-planner/from/norway/,/netherlands/moving/tools/arrival-planner/from/norway/,tool_calculator,relocation_planning,MEDIUM,Relocation planning with admin implications,yes,organization_only_ExpatCopilot,no,not_sampled,not_sampled,strong_official_source_citations_recommended,yes,
https://www.expatcopilot.com/netherlands/moving/tools/arrival-planner/from/pakistan/,/netherlands/moving/tools/arrival-planner/from/pakistan/,tool_calculator,relocation_planning,MEDIUM,Relocation planning with admin implications,yes,organization_only_ExpatCopilot,no,not_sampled,not_sampled,strong_official_source_citations_recommended,yes,
https://www.expatcopilot.com/netherlands/moving/tools/arrival-planner/from/philippines/,/netherlands/moving/tools/arrival-planner/from/philippines/,tool_calculator,relocation_planning,MEDIUM,Relocation planning with admin implications,yes,organization_only_ExpatCopilot,no,not_sampled,not_sampled,strong_official_source_citations_recommended,yes,
https://www.expatcopilot.com/netherlands/moving/tools/arrival-planner/from/singapore/,/netherlands/moving/tools/arrival-planner/from/singapore/,tool_calculator,relocation_planning,MEDIUM,Relocation planning with admin implications,yes,organization_only_ExpatCopilot,no,not_sampled,not_sampled,strong_official_source_citations_recommended,yes,
https://www.expatcopilot.com/netherlands/moving/tools/arrival-planner/from/south-africa/,/netherlands/moving/tools/arrival-planner/from/south-africa/,tool_calculator,relocation_planning,MEDIUM,Relocation planning with admin implications,yes,organization_only_ExpatCopilot,no,not_sampled,not_sampled,strong_official_source_citations_recommended,yes,
https://www.expatcopilot.com/netherlands/moving/tools/arrival-planner/from/south-korea/,/netherlands/moving/tools/arrival-planner/from/south-korea/,tool_calculator,relocation_planning,MEDIUM,Relocation planning with admin implications,yes,organization_only_ExpatCopilot,no,not_sampled,not_sampled,strong_official_source_citations_recommended,yes,
https://www.expatcopilot.com/netherlands/moving/tools/arrival-planner/from/spain/,/netherlands/moving/tools/arrival-planner/from/spain/,tool_calculator,relocation_planning,MEDIUM,Relocation planning with admin implications,yes,organization_only_ExpatCopilot,no,not_sampled,not_sampled,strong_official_source_citations_recommended,yes,
https://www.expatcopilot.com/netherlands/moving/tools/arrival-planner/from/sweden/,/netherlands/moving/tools/arrival-planner/from/sweden/,tool_calculator,relocation_planning,MEDIUM,Relocation planning with admin implications,yes,organization_only_ExpatCopilot,no,not_sampled,not_sampled,strong_official_source_citations_recommended,yes,
https://www.expatcopilot.com/netherlands/moving/tools/arrival-planner/from/switzerland/,/netherlands/moving/tools/arrival-planner/from/switzerland/,tool_calculator,relocation_planning,MEDIUM,Relocation planning with admin implications,yes,organization_only_ExpatCopilot,no,not_sampled,not_sampled,strong_official_source_citations_recommended,yes,
https://www.expatcopilot.com/netherlands/moving/tools/arrival-planner/from/turkey/,/netherlands/moving/tools/arrival-planner/from/turkey/,tool_calculator,relocation_planning,MEDIUM,Relocation planning with admin implications,yes,organization_only_ExpatCopilot,no,not_sampled,not_sampled,strong_official_source_citations_recommended,yes,
https://www.expatcopilot.com/netherlands/moving/tools/arrival-planner/from/uae/,/netherlands/moving/tools/arrival-planner/from/uae/,tool_calculator,relocation_planning,MEDIUM,Relocation planning with admin implications,yes,organization_only_ExpatCopilot,no,not_sampled,not_sampled,strong_official_source_citations_recommended,yes,
https://www.expatcopilot.com/netherlands/moving/tools/arrival-planner/from/united-kingdom/,/netherlands/moving/tools/arrival-planner/from/united-kingdom/,tool_calculator,relocation_planning,MEDIUM,Relocation planning with admin implications,yes,organization_only_ExpatCopilot,no,not_sampled,not_sampled,strong_official_source_citations_recommended,yes,
https://www.expatcopilot.com/netherlands/moving/tools/arrival-planner/from/united-states/,/netherlands/moving/tools/arrival-planner/from/united-states/,tool_calculator,relocation_planning,MEDIUM,Relocation planning with admin implications,yes,organization_only_ExpatCopilot,no,not_sampled,not_sampled,strong_official_source_citations_recommended,yes,
https://www.expatcopilot.com/netherlands/moving/tools/document-readiness/from/argentina/,/netherlands/moving/tools/document-readiness/from/argentina/,tool_calculator,immigration,HIGH,Visa/immigration status decisions,yes,organization_only_ExpatCopilot,no,not_sampled,not_sampled,yes_immigration_or_strong_IND_sourcing,yes,HIGH YMYL; confirm on-page not-advice + official citations in implementation pass
https://www.expatcopilot.com/netherlands/moving/tools/document-readiness/from/australia/,/netherlands/moving/tools/document-readiness/from/australia/,tool_calculator,immigration,HIGH,Visa/immigration status decisions,yes,organization_only_ExpatCopilot,no,not_sampled,not_sampled,yes_immigration_or_strong_IND_sourcing,yes,HIGH YMYL; confirm on-page not-advice + official citations in implementation pass
https://www.expatcopilot.com/netherlands/moving/tools/document-readiness/from/brazil/,/netherlands/moving/tools/document-readiness/from/brazil/,tool_calculator,immigration,HIGH,Visa/immigration status decisions,yes,organization_only_ExpatCopilot,no,not_sampled,not_sampled,yes_immigration_or_strong_IND_sourcing,yes,HIGH YMYL; confirm on-page not-advice + official citations in implementation pass
https://www.expatcopilot.com/netherlands/moving/tools/document-readiness/from/canada/,/netherlands/moving/tools/document-readiness/from/canada/,tool_calculator,immigration,HIGH,Visa/immigration status decisions,yes,organization_only_ExpatCopilot,no,not_sampled,not_sampled,yes_immigration_or_strong_IND_sourcing,yes,HIGH YMYL; confirm on-page not-advice + official citations in implementation pass
https://www.expatcopilot.com/netherlands/moving/tools/document-readiness/from/chile/,/netherlands/moving/tools/document-readiness/from/chile/,tool_calculator,immigration,HIGH,Visa/immigration status decisions,yes,organization_only_ExpatCopilot,no,not_sampled,not_sampled,yes_immigration_or_strong_IND_sourcing,yes,HIGH YMYL; confirm on-page not-advice + official citations in implementation pass
https://www.expatcopilot.com/netherlands/moving/tools/document-readiness/from/denmark/,/netherlands/moving/tools/document-readiness/from/denmark/,tool_calculator,immigration,HIGH,Visa/immigration status decisions,yes,organization_only_ExpatCopilot,no,not_sampled,not_sampled,yes_immigration_or_strong_IND_sourcing,yes,HIGH YMYL; confirm on-page not-advice + official citations in implementation pass
https://www.expatcopilot.com/netherlands/moving/tools/document-readiness/from/france/,/netherlands/moving/tools/document-readiness/from/france/,tool_calculator,immigration,HIGH,Visa/immigration status decisions,yes,organization_only_ExpatCopilot,no,not_sampled,not_sampled,yes_immigration_or_strong_IND_sourcing,yes,HIGH YMYL; confirm on-page not-advice + official citations in implementation pass
https://www.expatcopilot.com/netherlands/moving/tools/document-readiness/from/germany/,/netherlands/moving/tools/document-readiness/from/germany/,tool_calculator,immigration,HIGH,Visa/immigration status decisions,yes,organization_only_ExpatCopilot,no,not_sampled,not_sampled,yes_immigration_or_strong_IND_sourcing,yes,HIGH YMYL; confirm on-page not-advice + official citations in implementation pass
https://www.expatcopilot.com/netherlands/moving/tools/document-readiness/from/india/,/netherlands/moving/tools/document-readiness/from/india/,tool_calculator,immigration,HIGH,Visa/immigration status decisions,yes,organization_only_ExpatCopilot,no,not_sampled,not_sampled,yes_immigration_or_strong_IND_sourcing,yes,HIGH YMYL; confirm on-page not-advice + official citations in implementation pass
https://www.expatcopilot.com/netherlands/moving/tools/document-readiness/from/indonesia/,/netherlands/moving/tools/document-readiness/from/indonesia/,tool_calculator,immigration,HIGH,Visa/immigration status decisions,yes,organization_only_ExpatCopilot,no,not_sampled,not_sampled,yes_immigration_or_strong_IND_sourcing,yes,HIGH YMYL; confirm on-page not-advice + official citations in implementation pass
https://www.expatcopilot.com/netherlands/moving/tools/document-readiness/from/ireland/,/netherlands/moving/tools/document-readiness/from/ireland/,tool_calculator,immigration,HIGH,Visa/immigration status decisions,yes,organization_only_ExpatCopilot,no,not_sampled,not_sampled,yes_immigration_or_strong_IND_sourcing,yes,HIGH YMYL; confirm on-page not-advice + official citations in implementation pass
https://www.expatcopilot.com/netherlands/moving/tools/document-readiness/from/italy/,/netherlands/moving/tools/document-readiness/from/italy/,tool_calculator,immigration,HIGH,Visa/immigration status decisions,yes,organization_only_ExpatCopilot,no,not_sampled,not_sampled,yes_immigration_or_strong_IND_sourcing,yes,HIGH YMYL; confirm on-page not-advice + official citations in implementation pass
https://www.expatcopilot.com/netherlands/moving/tools/document-readiness/from/japan/,/netherlands/moving/tools/document-readiness/from/japan/,tool_calculator,immigration,HIGH,Visa/immigration status decisions,yes,organization_only_ExpatCopilot,no,not_sampled,not_sampled,yes_immigration_or_strong_IND_sourcing,yes,HIGH YMYL; confirm on-page not-advice + official citations in implementation pass
https://www.expatcopilot.com/netherlands/moving/tools/document-readiness/from/kenya/,/netherlands/moving/tools/document-readiness/from/kenya/,tool_calculator,immigration,HIGH,Visa/immigration status decisions,yes,organization_only_ExpatCopilot,no,not_sampled,not_sampled,yes_immigration_or_strong_IND_sourcing,yes,HIGH YMYL; confirm on-page not-advice + official citations in implementation pass
https://www.expatcopilot.com/netherlands/moving/tools/document-readiness/from/mexico/,/netherlands/moving/tools/document-readiness/from/mexico/,tool_calculator,immigration,HIGH,Visa/immigration status decisions,yes,organization_only_ExpatCopilot,no,not_sampled,not_sampled,yes_immigration_or_strong_IND_sourcing,yes,HIGH YMYL; confirm on-page not-advice + official citations in implementation pass
https://www.expatcopilot.com/netherlands/moving/tools/document-readiness/from/new-zealand/,/netherlands/moving/tools/document-readiness/from/new-zealand/,tool_calculator,immigration,HIGH,Visa/immigration status decisions,yes,organization_only_ExpatCopilot,no,not_sampled,not_sampled,yes_immigration_or_strong_IND_sourcing,yes,HIGH YMYL; confirm on-page not-advice + official citations in implementation pass
https://www.expatcopilot.com/netherlands/moving/tools/document-readiness/from/nigeria/,/netherlands/moving/tools/document-readiness/from/nigeria/,tool_calculator,immigration,HIGH,Visa/immigration status decisions,yes,organization_only_ExpatCopilot,no,not_sampled,not_sampled,yes_immigration_or_strong_IND_sourcing,yes,HIGH YMYL; confirm on-page not-advice + official citations in implementation pass
https://www.expatcopilot.com/netherlands/moving/tools/document-readiness/from/norway/,/netherlands/moving/tools/document-readiness/from/norway/,tool_calculator,immigration,HIGH,Visa/immigration status decisions,yes,organization_only_ExpatCopilot,no,not_sampled,not_sampled,yes_immigration_or_strong_IND_sourcing,yes,HIGH YMYL; confirm on-page not-advice + official citations in implementation pass
https://www.expatcopilot.com/netherlands/moving/tools/document-readiness/from/pakistan/,/netherlands/moving/tools/document-readiness/from/pakistan/,tool_calculator,immigration,HIGH,Visa/immigration status decisions,yes,organization_only_ExpatCopilot,no,not_sampled,not_sampled,yes_immigration_or_strong_IND_sourcing,yes,HIGH YMYL; confirm on-page not-advice + official citations in implementation pass
https://www.expatcopilot.com/netherlands/moving/tools/document-readiness/from/philippines/,/netherlands/moving/tools/document-readiness/from/philippines/,tool_calculator,immigration,HIGH,Visa/immigration status decisions,yes,organization_only_ExpatCopilot,no,not_sampled,not_sampled,yes_immigration_or_strong_IND_sourcing,yes,HIGH YMYL; confirm on-page not-advice + official citations in implementation pass
https://www.expatcopilot.com/netherlands/moving/tools/document-readiness/from/singapore/,/netherlands/moving/tools/document-readiness/from/singapore/,tool_calculator,immigration,HIGH,Visa/immigration status decisions,yes,organization_only_ExpatCopilot,no,not_sampled,not_sampled,yes_immigration_or_strong_IND_sourcing,yes,HIGH YMYL; confirm on-page not-advice + official citations in implementation pass
https://www.expatcopilot.com/netherlands/moving/tools/document-readiness/from/south-africa/,/netherlands/moving/tools/document-readiness/from/south-africa/,tool_calculator,immigration,HIGH,Visa/immigration status decisions,yes,organization_only_ExpatCopilot,no,not_sampled,not_sampled,yes_immigration_or_strong_IND_sourcing,yes,HIGH YMYL; confirm on-page not-advice + official citations in implementation pass
https://www.expatcopilot.com/netherlands/moving/tools/document-readiness/from/south-korea/,/netherlands/moving/tools/document-readiness/from/south-korea/,tool_calculator,immigration,HIGH,Visa/immigration status decisions,yes,organization_only_ExpatCopilot,no,not_sampled,not_sampled,yes_immigration_or_strong_IND_sourcing,yes,HIGH YMYL; confirm on-page not-advice + official citations in implementation pass
https://www.expatcopilot.com/netherlands/moving/tools/document-readiness/from/spain/,/netherlands/moving/tools/document-readiness/from/spain/,tool_calculator,immigration,HIGH,Visa/immigration status decisions,yes,organization_only_ExpatCopilot,no,not_sampled,not_sampled,yes_immigration_or_strong_IND_sourcing,yes,HIGH YMYL; confirm on-page not-advice + official citations in implementation pass
https://www.expatcopilot.com/netherlands/moving/tools/document-readiness/from/sweden/,/netherlands/moving/tools/document-readiness/from/sweden/,tool_calculator,immigration,HIGH,Visa/immigration status decisions,yes,organization_only_ExpatCopilot,no,not_sampled,not_sampled,yes_immigration_or_strong_IND_sourcing,yes,HIGH YMYL; confirm on-page not-advice + official citations in implementation pass
https://www.expatcopilot.com/netherlands/moving/tools/document-readiness/from/switzerland/,/netherlands/moving/tools/document-readiness/from/switzerland/,tool_calculator,immigration,HIGH,Visa/immigration status decisions,yes,organization_only_ExpatCopilot,no,not_sampled,not_sampled,yes_immigration_or_strong_IND_sourcing,yes,HIGH YMYL; confirm on-page not-advice + official citations in implementation pass
https://www.expatcopilot.com/netherlands/moving/tools/document-readiness/from/turkey/,/netherlands/moving/tools/document-readiness/from/turkey/,tool_calculator,immigration,HIGH,Visa/immigration status decisions,yes,organization_only_ExpatCopilot,no,not_sampled,not_sampled,yes_immigration_or_strong_IND_sourcing,yes,HIGH YMYL; confirm on-page not-advice + official citations in implementation pass
https://www.expatcopilot.com/netherlands/moving/tools/document-readiness/from/uae/,/netherlands/moving/tools/document-readiness/from/uae/,tool_calculator,immigration,HIGH,Visa/immigration status decisions,yes,organization_only_ExpatCopilot,no,not_sampled,not_sampled,yes_immigration_or_strong_IND_sourcing,yes,HIGH YMYL; confirm on-page not-advice + official citations in implementation pass
https://www.expatcopilot.com/netherlands/moving/tools/document-readiness/from/united-kingdom/,/netherlands/moving/tools/document-readiness/from/united-kingdom/,tool_calculator,immigration,HIGH,Visa/immigration status decisions,yes,organization_only_ExpatCopilot,no,not_sampled,not_sampled,yes_immigration_or_strong_IND_sourcing,yes,HIGH YMYL; confirm on-page not-advice + official citations in implementation pass
https://www.expatcopilot.com/netherlands/moving/tools/document-readiness/from/united-states/,/netherlands/moving/tools/document-readiness/from/united-states/,tool_calculator,immigration,HIGH,Visa/immigration status decisions,yes,organization_only_ExpatCopilot,no,not_sampled,not_sampled,yes_immigration_or_strong_IND_sourcing,yes,HIGH YMYL; confirm on-page not-advice + official citations in implementation pass
https://www.expatcopilot.com/netherlands/moving/tools/first-90-days/,/netherlands/moving/tools/first-90-days/,tool_calculator,relocation_planning,MEDIUM,Relocation planning with admin implications,yes,organization_only_ExpatCopilot,no,not_sampled,not_sampled,strong_official_source_citations_recommended,yes,
https://www.expatcopilot.com/netherlands/moving/tools/first-90-days/from/argentina/,/netherlands/moving/tools/first-90-days/from/argentina/,tool_calculator,relocation_planning,MEDIUM,Relocation planning with admin implications,yes,organization_only_ExpatCopilot,no,not_sampled,not_sampled,strong_official_source_citations_recommended,yes,
https://www.expatcopilot.com/netherlands/moving/tools/first-90-days/from/australia/,/netherlands/moving/tools/first-90-days/from/australia/,tool_calculator,relocation_planning,MEDIUM,Relocation planning with admin implications,yes,organization_only_ExpatCopilot,no,not_sampled,not_sampled,strong_official_source_citations_recommended,yes,
https://www.expatcopilot.com/netherlands/moving/tools/first-90-days/from/brazil/,/netherlands/moving/tools/first-90-days/from/brazil/,tool_calculator,relocation_planning,MEDIUM,Relocation planning with admin implications,yes,organization_only_ExpatCopilot,no,not_sampled,not_sampled,strong_official_source_citations_recommended,yes,
https://www.expatcopilot.com/netherlands/moving/tools/first-90-days/from/canada/,/netherlands/moving/tools/first-90-days/from/canada/,tool_calculator,relocation_planning,MEDIUM,Relocation planning with admin implications,yes,organization_only_ExpatCopilot,no,not_sampled,not_sampled,strong_official_source_citations_recommended,yes,
https://www.expatcopilot.com/netherlands/moving/tools/first-90-days/from/chile/,/netherlands/moving/tools/first-90-days/from/chile/,tool_calculator,relocation_planning,MEDIUM,Relocation planning with admin implications,yes,organization_only_ExpatCopilot,no,not_sampled,not_sampled,strong_official_source_citations_recommended,yes,
https://www.expatcopilot.com/netherlands/moving/tools/first-90-days/from/denmark/,/netherlands/moving/tools/first-90-days/from/denmark/,tool_calculator,relocation_planning,MEDIUM,Relocation planning with admin implications,yes,organization_only_ExpatCopilot,no,not_sampled,not_sampled,strong_official_source_citations_recommended,yes,
https://www.expatcopilot.com/netherlands/moving/tools/first-90-days/from/france/,/netherlands/moving/tools/first-90-days/from/france/,tool_calculator,relocation_planning,MEDIUM,Relocation planning with admin implications,yes,organization_only_ExpatCopilot,no,not_sampled,not_sampled,strong_official_source_citations_recommended,yes,
https://www.expatcopilot.com/netherlands/moving/tools/first-90-days/from/germany/,/netherlands/moving/tools/first-90-days/from/germany/,tool_calculator,relocation_planning,MEDIUM,Relocation planning with admin implications,yes,organization_only_ExpatCopilot,no,not_sampled,not_sampled,strong_official_source_citations_recommended,yes,
https://www.expatcopilot.com/netherlands/moving/tools/first-90-days/from/india/,/netherlands/moving/tools/first-90-days/from/india/,tool_calculator,immigration,HIGH,Visa/immigration status decisions,yes,organization_only_ExpatCopilot,no,not_sampled,not_sampled,yes_immigration_or_strong_IND_sourcing,yes,HIGH YMYL; confirm on-page not-advice + official citations in implementation pass
https://www.expatcopilot.com/netherlands/moving/tools/first-90-days/from/indonesia/,/netherlands/moving/tools/first-90-days/from/indonesia/,tool_calculator,immigration,HIGH,Visa/immigration status decisions,yes,organization_only_ExpatCopilot,no,not_sampled,not_sampled,yes_immigration_or_strong_IND_sourcing,yes,HIGH YMYL; confirm on-page not-advice + official citations in implementation pass
https://www.expatcopilot.com/netherlands/moving/tools/first-90-days/from/ireland/,/netherlands/moving/tools/first-90-days/from/ireland/,tool_calculator,relocation_planning,MEDIUM,Relocation planning with admin implications,yes,organization_only_ExpatCopilot,no,not_sampled,not_sampled,strong_official_source_citations_recommended,yes,
https://www.expatcopilot.com/netherlands/moving/tools/first-90-days/from/italy/,/netherlands/moving/tools/first-90-days/from/italy/,tool_calculator,relocation_planning,MEDIUM,Relocation planning with admin implications,yes,organization_only_ExpatCopilot,no,not_sampled,not_sampled,strong_official_source_citations_recommended,yes,
https://www.expatcopilot.com/netherlands/moving/tools/first-90-days/from/japan/,/netherlands/moving/tools/first-90-days/from/japan/,tool_calculator,relocation_planning,MEDIUM,Relocation planning with admin implications,yes,organization_only_ExpatCopilot,no,not_sampled,not_sampled,strong_official_source_citations_recommended,yes,
https://www.expatcopilot.com/netherlands/moving/tools/first-90-days/from/kenya/,/netherlands/moving/tools/first-90-days/from/kenya/,tool_calculator,relocation_planning,MEDIUM,Relocation planning with admin implications,yes,organization_only_ExpatCopilot,no,not_sampled,not_sampled,strong_official_source_citations_recommended,yes,
https://www.expatcopilot.com/netherlands/moving/tools/first-90-days/from/mexico/,/netherlands/moving/tools/first-90-days/from/mexico/,tool_calculator,relocation_planning,MEDIUM,Relocation planning with admin implications,yes,organization_only_ExpatCopilot,no,not_sampled,not_sampled,strong_official_source_citations_recommended,yes,
https://www.expatcopilot.com/netherlands/moving/tools/first-90-days/from/new-zealand/,/netherlands/moving/tools/first-90-days/from/new-zealand/,tool_calculator,relocation_planning,MEDIUM,Relocation planning with admin implications,yes,organization_only_ExpatCopilot,no,not_sampled,not_sampled,strong_official_source_citations_recommended,yes,
https://www.expatcopilot.com/netherlands/moving/tools/first-90-days/from/nigeria/,/netherlands/moving/tools/first-90-days/from/nigeria/,tool_calculator,relocation_planning,MEDIUM,Relocation planning with admin implications,yes,organization_only_ExpatCopilot,no,not_sampled,not_sampled,strong_official_source_citations_recommended,yes,
https://www.expatcopilot.com/netherlands/moving/tools/first-90-days/from/norway/,/netherlands/moving/tools/first-90-days/from/norway/,tool_calculator,relocation_planning,MEDIUM,Relocation planning with admin implications,yes,organization_only_ExpatCopilot,no,not_sampled,not_sampled,strong_official_source_citations_recommended,yes,
https://www.expatcopilot.com/netherlands/moving/tools/first-90-days/from/pakistan/,/netherlands/moving/tools/first-90-days/from/pakistan/,tool_calculator,relocation_planning,MEDIUM,Relocation planning with admin implications,yes,organization_only_ExpatCopilot,no,not_sampled,not_sampled,strong_official_source_citations_recommended,yes,
https://www.expatcopilot.com/netherlands/moving/tools/first-90-days/from/philippines/,/netherlands/moving/tools/first-90-days/from/philippines/,tool_calculator,relocation_planning,MEDIUM,Relocation planning with admin implications,yes,organization_only_ExpatCopilot,no,not_sampled,not_sampled,strong_official_source_citations_recommended,yes,
https://www.expatcopilot.com/netherlands/moving/tools/first-90-days/from/singapore/,/netherlands/moving/tools/first-90-days/from/singapore/,tool_calculator,relocation_planning,MEDIUM,Relocation planning with admin implications,yes,organization_only_ExpatCopilot,no,not_sampled,not_sampled,strong_official_source_citations_recommended,yes,
https://www.expatcopilot.com/netherlands/moving/tools/first-90-days/from/south-africa/,/netherlands/moving/tools/first-90-days/from/south-africa/,tool_calculator,relocation_planning,MEDIUM,Relocation planning with admin implications,yes,organization_only_ExpatCopilot,no,not_sampled,not_sampled,strong_official_source_citations_recommended,yes,
https://www.expatcopilot.com/netherlands/moving/tools/first-90-days/from/south-korea/,/netherlands/moving/tools/first-90-days/from/south-korea/,tool_calculator,relocation_planning,MEDIUM,Relocation planning with admin implications,yes,organization_only_ExpatCopilot,no,not_sampled,not_sampled,strong_official_source_citations_recommended,yes,
https://www.expatcopilot.com/netherlands/moving/tools/first-90-days/from/spain/,/netherlands/moving/tools/first-90-days/from/spain/,tool_calculator,relocation_planning,MEDIUM,Relocation planning with admin implications,yes,organization_only_ExpatCopilot,no,not_sampled,not_sampled,strong_official_source_citations_recommended,yes,
https://www.expatcopilot.com/netherlands/moving/tools/first-90-days/from/sweden/,/netherlands/moving/tools/first-90-days/from/sweden/,tool_calculator,relocation_planning,MEDIUM,Relocation planning with admin implications,yes,organization_only_ExpatCopilot,no,not_sampled,not_sampled,strong_official_source_citations_recommended,yes,
https://www.expatcopilot.com/netherlands/moving/tools/first-90-days/from/switzerland/,/netherlands/moving/tools/first-90-days/from/switzerland/,tool_calculator,relocation_planning,MEDIUM,Relocation planning with admin implications,yes,organization_only_ExpatCopilot,no,not_sampled,not_sampled,strong_official_source_citations_recommended,yes,
https://www.expatcopilot.com/netherlands/moving/tools/first-90-days/from/turkey/,/netherlands/moving/tools/first-90-days/from/turkey/,tool_calculator,relocation_planning,MEDIUM,Relocation planning with admin implications,yes,organization_only_ExpatCopilot,no,not_sampled,not_sampled,strong_official_source_citations_recommended,yes,
https://www.expatcopilot.com/netherlands/moving/tools/first-90-days/from/uae/,/netherlands/moving/tools/first-90-days/from/uae/,tool_calculator,relocation_planning,MEDIUM,Relocation planning with admin implications,yes,organization_only_ExpatCopilot,no,not_sampled,not_sampled,strong_official_source_citations_recommended,yes,
https://www.expatcopilot.com/netherlands/moving/tools/first-90-days/from/united-kingdom/,/netherlands/moving/tools/first-90-days/from/united-kingdom/,tool_calculator,relocation_planning,MEDIUM,Relocation planning with admin implications,yes,organization_only_ExpatCopilot,no,not_sampled,not_sampled,strong_official_source_citations_recommended,yes,
https://www.expatcopilot.com/netherlands/moving/tools/first-90-days/from/united-states/,/netherlands/moving/tools/first-90-days/from/united-states/,tool_calculator,relocation_planning,MEDIUM,Relocation planning with admin implications,yes,organization_only_ExpatCopilot,no,not_sampled,not_sampled,strong_official_source_citations_recommended,yes,
https://www.expatcopilot.com/netherlands/moving/tools/hsm-salary-checker/,/netherlands/moving/tools/hsm-salary-checker/,tool_calculator,immigration,HIGH,Visa/immigration status decisions,yes,organization_only_ExpatCopilot,no,not_sampled,not_sampled,yes_immigration_or_strong_IND_sourcing,yes,HIGH YMYL; confirm on-page not-advice + official citations in implementation pass
https://www.expatcopilot.com/netherlands/moving/tools/moving-checklist/,/netherlands/moving/tools/moving-checklist/,tool_calculator,relocation_planning,MEDIUM,Relocation planning with admin implications,yes,organization_only_ExpatCopilot,no,not_sampled,not_sampled,strong_official_source_citations_recommended,yes,
https://www.expatcopilot.com/netherlands/moving/tools/moving-checklist/from/argentina/,/netherlands/moving/tools/moving-checklist/from/argentina/,tool_calculator,relocation_planning,MEDIUM,Relocation planning with admin implications,yes,organization_only_ExpatCopilot,no,not_sampled,not_sampled,strong_official_source_citations_recommended,yes,
https://www.expatcopilot.com/netherlands/moving/tools/moving-checklist/from/australia/,/netherlands/moving/tools/moving-checklist/from/australia/,tool_calculator,relocation_planning,MEDIUM,Relocation planning with admin implications,yes,organization_only_ExpatCopilot,no,not_sampled,not_sampled,strong_official_source_citations_recommended,yes,
https://www.expatcopilot.com/netherlands/moving/tools/moving-checklist/from/brazil/,/netherlands/moving/tools/moving-checklist/from/brazil/,tool_calculator,relocation_planning,MEDIUM,Relocation planning with admin implications,yes,organization_only_ExpatCopilot,no,not_sampled,not_sampled,strong_official_source_citations_recommended,yes,
https://www.expatcopilot.com/netherlands/moving/tools/moving-checklist/from/canada/,/netherlands/moving/tools/moving-checklist/from/canada/,tool_calculator,relocation_planning,MEDIUM,Relocation planning with admin implications,yes,organization_only_ExpatCopilot,no,not_sampled,not_sampled,strong_official_source_citations_recommended,yes,
https://www.expatcopilot.com/netherlands/moving/tools/moving-checklist/from/chile/,/netherlands/moving/tools/moving-checklist/from/chile/,tool_calculator,relocation_planning,MEDIUM,Relocation planning with admin implications,yes,organization_only_ExpatCopilot,no,not_sampled,not_sampled,strong_official_source_citations_recommended,yes,
https://www.expatcopilot.com/netherlands/moving/tools/moving-checklist/from/denmark/,/netherlands/moving/tools/moving-checklist/from/denmark/,tool_calculator,relocation_planning,MEDIUM,Relocation planning with admin implications,yes,organization_only_ExpatCopilot,no,not_sampled,not_sampled,strong_official_source_citations_recommended,yes,
https://www.expatcopilot.com/netherlands/moving/tools/moving-checklist/from/france/,/netherlands/moving/tools/moving-checklist/from/france/,tool_calculator,relocation_planning,MEDIUM,Relocation planning with admin implications,yes,organization_only_ExpatCopilot,no,not_sampled,not_sampled,strong_official_source_citations_recommended,yes,
https://www.expatcopilot.com/netherlands/moving/tools/moving-checklist/from/germany/,/netherlands/moving/tools/moving-checklist/from/germany/,tool_calculator,relocation_planning,MEDIUM,Relocation planning with admin implications,yes,organization_only_ExpatCopilot,no,not_sampled,not_sampled,strong_official_source_citations_recommended,yes,
https://www.expatcopilot.com/netherlands/moving/tools/moving-checklist/from/india/,/netherlands/moving/tools/moving-checklist/from/india/,tool_calculator,immigration,HIGH,Visa/immigration status decisions,yes,organization_only_ExpatCopilot,no,not_sampled,not_sampled,yes_immigration_or_strong_IND_sourcing,yes,HIGH YMYL; confirm on-page not-advice + official citations in implementation pass
https://www.expatcopilot.com/netherlands/moving/tools/moving-checklist/from/indonesia/,/netherlands/moving/tools/moving-checklist/from/indonesia/,tool_calculator,immigration,HIGH,Visa/immigration status decisions,yes,organization_only_ExpatCopilot,no,not_sampled,not_sampled,yes_immigration_or_strong_IND_sourcing,yes,HIGH YMYL; confirm on-page not-advice + official citations in implementation pass
https://www.expatcopilot.com/netherlands/moving/tools/moving-checklist/from/ireland/,/netherlands/moving/tools/moving-checklist/from/ireland/,tool_calculator,relocation_planning,MEDIUM,Relocation planning with admin implications,yes,organization_only_ExpatCopilot,no,not_sampled,not_sampled,strong_official_source_citations_recommended,yes,
https://www.expatcopilot.com/netherlands/moving/tools/moving-checklist/from/italy/,/netherlands/moving/tools/moving-checklist/from/italy/,tool_calculator,relocation_planning,MEDIUM,Relocation planning with admin implications,yes,organization_only_ExpatCopilot,no,not_sampled,not_sampled,strong_official_source_citations_recommended,yes,
https://www.expatcopilot.com/netherlands/moving/tools/moving-checklist/from/japan/,/netherlands/moving/tools/moving-checklist/from/japan/,tool_calculator,relocation_planning,MEDIUM,Relocation planning with admin implications,yes,organization_only_ExpatCopilot,no,not_sampled,not_sampled,strong_official_source_citations_recommended,yes,
https://www.expatcopilot.com/netherlands/moving/tools/moving-checklist/from/kenya/,/netherlands/moving/tools/moving-checklist/from/kenya/,tool_calculator,relocation_planning,MEDIUM,Relocation planning with admin implications,yes,organization_only_ExpatCopilot,no,not_sampled,not_sampled,strong_official_source_citations_recommended,yes,
https://www.expatcopilot.com/netherlands/moving/tools/moving-checklist/from/mexico/,/netherlands/moving/tools/moving-checklist/from/mexico/,tool_calculator,relocation_planning,MEDIUM,Relocation planning with admin implications,yes,organization_only_ExpatCopilot,no,not_sampled,not_sampled,strong_official_source_citations_recommended,yes,
https://www.expatcopilot.com/netherlands/moving/tools/moving-checklist/from/new-zealand/,/netherlands/moving/tools/moving-checklist/from/new-zealand/,tool_calculator,relocation_planning,MEDIUM,Relocation planning with admin implications,yes,organization_only_ExpatCopilot,no,not_sampled,not_sampled,strong_official_source_citations_recommended,yes,
https://www.expatcopilot.com/netherlands/moving/tools/moving-checklist/from/nigeria/,/netherlands/moving/tools/moving-checklist/from/nigeria/,tool_calculator,relocation_planning,MEDIUM,Relocation planning with admin implications,yes,organization_only_ExpatCopilot,no,not_sampled,not_sampled,strong_official_source_citations_recommended,yes,
https://www.expatcopilot.com/netherlands/moving/tools/moving-checklist/from/norway/,/netherlands/moving/tools/moving-checklist/from/norway/,tool_calculator,relocation_planning,MEDIUM,Relocation planning with admin implications,yes,organization_only_ExpatCopilot,no,not_sampled,not_sampled,strong_official_source_citations_recommended,yes,
https://www.expatcopilot.com/netherlands/moving/tools/moving-checklist/from/pakistan/,/netherlands/moving/tools/moving-checklist/from/pakistan/,tool_calculator,relocation_planning,MEDIUM,Relocation planning with admin implications,yes,organization_only_ExpatCopilot,no,not_sampled,not_sampled,strong_official_source_citations_recommended,yes,
https://www.expatcopilot.com/netherlands/moving/tools/moving-checklist/from/philippines/,/netherlands/moving/tools/moving-checklist/from/philippines/,tool_calculator,relocation_planning,MEDIUM,Relocation planning with admin implications,yes,organization_only_ExpatCopilot,no,not_sampled,not_sampled,strong_official_source_citations_recommended,yes,
https://www.expatcopilot.com/netherlands/moving/tools/moving-checklist/from/singapore/,/netherlands/moving/tools/moving-checklist/from/singapore/,tool_calculator,relocation_planning,MEDIUM,Relocation planning with admin implications,yes,organization_only_ExpatCopilot,no,not_sampled,not_sampled,strong_official_source_citations_recommended,yes,
https://www.expatcopilot.com/netherlands/moving/tools/moving-checklist/from/south-africa/,/netherlands/moving/tools/moving-checklist/from/south-africa/,tool_calculator,relocation_planning,MEDIUM,Relocation planning with admin implications,yes,organization_only_ExpatCopilot,no,not_sampled,not_sampled,strong_official_source_citations_recommended,yes,
https://www.expatcopilot.com/netherlands/moving/tools/moving-checklist/from/south-korea/,/netherlands/moving/tools/moving-checklist/from/south-korea/,tool_calculator,relocation_planning,MEDIUM,Relocation planning with admin implications,yes,organization_only_ExpatCopilot,no,not_sampled,not_sampled,strong_official_source_citations_recommended,yes,
https://www.expatcopilot.com/netherlands/moving/tools/moving-checklist/from/spain/,/netherlands/moving/tools/moving-checklist/from/spain/,tool_calculator,relocation_planning,MEDIUM,Relocation planning with admin implications,yes,organization_only_ExpatCopilot,no,not_sampled,not_sampled,strong_official_source_citations_recommended,yes,
https://www.expatcopilot.com/netherlands/moving/tools/moving-checklist/from/sweden/,/netherlands/moving/tools/moving-checklist/from/sweden/,tool_calculator,relocation_planning,MEDIUM,Relocation planning with admin implications,yes,organization_only_ExpatCopilot,no,not_sampled,not_sampled,strong_official_source_citations_recommended,yes,
https://www.expatcopilot.com/netherlands/moving/tools/moving-checklist/from/switzerland/,/netherlands/moving/tools/moving-checklist/from/switzerland/,tool_calculator,relocation_planning,MEDIUM,Relocation planning with admin implications,yes,organization_only_ExpatCopilot,no,not_sampled,not_sampled,strong_official_source_citations_recommended,yes,
https://www.expatcopilot.com/netherlands/moving/tools/moving-checklist/from/turkey/,/netherlands/moving/tools/moving-checklist/from/turkey/,tool_calculator,relocation_planning,MEDIUM,Relocation planning with admin implications,yes,organization_only_ExpatCopilot,no,not_sampled,not_sampled,strong_official_source_citations_recommended,yes,
https://www.expatcopilot.com/netherlands/moving/tools/moving-checklist/from/uae/,/netherlands/moving/tools/moving-checklist/from/uae/,tool_calculator,relocation_planning,MEDIUM,Relocation planning with admin implications,yes,organization_only_ExpatCopilot,no,not_sampled,not_sampled,strong_official_source_citations_recommended,yes,
https://www.expatcopilot.com/netherlands/moving/tools/moving-checklist/from/united-kingdom/,/netherlands/moving/tools/moving-checklist/from/united-kingdom/,tool_calculator,relocation_planning,MEDIUM,Relocation planning with admin implications,yes,organization_only_ExpatCopilot,no,not_sampled,not_sampled,strong_official_source_citations_recommended,yes,
https://www.expatcopilot.com/netherlands/moving/tools/moving-checklist/from/united-states/,/netherlands/moving/tools/moving-checklist/from/united-states/,tool_calculator,relocation_planning,MEDIUM,Relocation planning with admin implications,yes,organization_only_ExpatCopilot,no,not_sampled,not_sampled,strong_official_source_citations_recommended,yes,
https://www.expatcopilot.com/netherlands/moving/tools/relocation-cost-estimator/,/netherlands/moving/tools/relocation-cost-estimator/,tool_calculator,relocation_planning,MEDIUM,Relocation planning with admin implications,yes,organization_only_ExpatCopilot,no,not_sampled,not_sampled,strong_official_source_citations_recommended,yes,
https://www.expatcopilot.com/netherlands/moving/twv-work-permit/,/netherlands/moving/twv-work-permit/,guide,employment_law,HIGH,Employment rights / contracts / permits,yes,organization_only_ExpatCopilot,no,not_sampled,not_sampled,yes_employment_law_or_UWV_gov_sourcing,maybe,HIGH YMYL; confirm on-page not-advice + official citations in implementation pass
https://www.expatcopilot.com/netherlands/moving/visas-residency/,/netherlands/moving/visas-residency/,visa_guide,immigration,HIGH,Visa/immigration status decisions,yes,organization_only_ExpatCopilot,no,not_sampled,not_sampled,yes_immigration_or_strong_IND_sourcing,maybe,HIGH YMYL; confirm on-page not-advice + official citations in implementation pass
https://www.expatcopilot.com/netherlands/moving/working-in-the-netherlands/,/netherlands/moving/working-in-the-netherlands/,guide,employment,MEDIUM,Work/career guidance — moderate YMYL,yes,organization_only_ExpatCopilot,no,not_tax_advice,3,strong_official_source_citations_recommended,maybe,
https://www.expatcopilot.com/netherlands/municipality-registration-netherlands/,/netherlands/municipality-registration-netherlands/,moving_guide,admin_legal,MEDIUM,Administrative/legal obligations,yes,organization_only_ExpatCopilot,no,not_sampled,not_sampled,strong_official_source_citations_recommended,maybe,
https://www.expatcopilot.com/netherlands/nijmegen/,/netherlands/nijmegen/,city_page,cities_lifestyle,MEDIUM,City hubs include housing/cost/admin orientation,yes,organization_only_ExpatCopilot,no,not_sampled,not_sampled,strong_official_source_citations_recommended,maybe,
https://www.expatcopilot.com/netherlands/official-figures/,/netherlands/official-figures/,guide,official_figures,HIGH,"Cited rates/thresholds — high misuse risk if wrong, but clearly labeled orientation",yes,organization_only_ExpatCopilot,no,not_legal_advice,4,ongoing_official_source_verification,maybe,
https://www.expatcopilot.com/netherlands/open-bank-account-netherlands/,/netherlands/open-bank-account-netherlands/,moving_guide,finance,MEDIUM,Financial planning / banking — material money impact,yes,organization_only_ExpatCopilot,no,not_sampled,not_sampled,strong_official_source_citations_recommended,maybe,
https://www.expatcopilot.com/netherlands/practical-life/digid-netherlands/,/netherlands/practical-life/digid-netherlands/,guide,admin_legal,MEDIUM,Administrative/legal obligations,yes,organization_only_ExpatCopilot,no,not_sampled,not_sampled,strong_official_source_citations_recommended,maybe,
https://www.expatcopilot.com/netherlands/practical-life/government-portals-netherlands/,/netherlands/practical-life/government-portals-netherlands/,guide,admin_legal,MEDIUM,Administrative/legal obligations,yes,organization_only_ExpatCopilot,no,not_sampled,not_sampled,strong_official_source_citations_recommended,maybe,
https://www.expatcopilot.com/netherlands/practical-life/municipality-services-netherlands/,/netherlands/practical-life/municipality-services-netherlands/,guide,admin_legal,MEDIUM,Administrative/legal obligations,yes,organization_only_ExpatCopilot,no,not_sampled,not_sampled,strong_official_source_citations_recommended,maybe,
https://www.expatcopilot.com/netherlands/practical-life/parking-and-local-permits-netherlands/,/netherlands/practical-life/parking-and-local-permits-netherlands/,guide,admin_legal,MEDIUM,Administrative/legal obligations,yes,organization_only_ExpatCopilot,no,not_sampled,not_sampled,strong_official_source_citations_recommended,maybe,
https://www.expatcopilot.com/netherlands/practical-life/privacy-and-safety-basics-netherlands/,/netherlands/practical-life/privacy-and-safety-basics-netherlands/,guide,admin_legal,MEDIUM,Administrative/legal obligations,yes,organization_only_ExpatCopilot,no,not_sampled,not_sampled,strong_official_source_citations_recommended,maybe,
https://www.expatcopilot.com/netherlands/practical-life/registering-your-address-netherlands/,/netherlands/practical-life/registering-your-address-netherlands/,guide,admin_legal,MEDIUM,Administrative/legal obligations,yes,organization_only_ExpatCopilot,no,not_sampled,not_sampled,strong_official_source_citations_recommended,maybe,
https://www.expatcopilot.com/netherlands/practical-life/subscriptions-and-cancellations-netherlands/,/netherlands/practical-life/subscriptions-and-cancellations-netherlands/,guide,admin_legal,MEDIUM,Administrative/legal obligations,yes,organization_only_ExpatCopilot,no,not_sampled,not_sampled,strong_official_source_citations_recommended,maybe,
https://www.expatcopilot.com/netherlands/practical-life/waste-and-recycling-netherlands/,/netherlands/practical-life/waste-and-recycling-netherlands/,guide,admin_legal,MEDIUM,Administrative/legal obligations,yes,organization_only_ExpatCopilot,no,not_sampled,not_sampled,strong_official_source_citations_recommended,maybe,
https://www.expatcopilot.com/netherlands/randstad/,/netherlands/randstad/,guide,other,LOW,Not clearly YMYL-primary,yes,organization_only_ExpatCopilot,no,not_sampled,not_sampled,standard_editorial,maybe,
https://www.expatcopilot.com/netherlands/rotterdam/,/netherlands/rotterdam/,city_page,cities_lifestyle,MEDIUM,City hubs include housing/cost/admin orientation,yes,organization_only_ExpatCopilot,no,not_sampled,not_sampled,strong_official_source_citations_recommended,maybe,
https://www.expatcopilot.com/netherlands/services/,/netherlands/services/,service_directory,services_directory,MEDIUM,Service directories can influence vendor choice; affiliate present,yes,organization_only_ExpatCopilot,no,not_sampled,not_sampled,strong_official_source_citations_recommended,yes,
https://www.expatcopilot.com/netherlands/services/banks/,/netherlands/services/banks/,service_directory,services_directory,MEDIUM,Service directories can influence vendor choice; affiliate present,yes,organization_only_ExpatCopilot,no,not_sampled,not_sampled,strong_official_source_citations_recommended,yes,
https://www.expatcopilot.com/netherlands/services/financial-advisors/,/netherlands/services/financial-advisors/,service_directory,finance,MEDIUM,Financial planning / banking — material money impact,yes,organization_only_ExpatCopilot,no,not_sampled,not_sampled,strong_official_source_citations_recommended,yes,
https://www.expatcopilot.com/netherlands/services/health-insurance/,/netherlands/services/health-insurance/,service_directory,insurance,HIGH,Mandatory health insurance choices,yes,organization_only_ExpatCopilot,no,not_sampled,not_sampled,yes_verify_insurer_regulator_sources,yes,HIGH YMYL; confirm on-page not-advice + official citations in implementation pass
https://www.expatcopilot.com/netherlands/services/highly-skilled-migrant-sponsors/,/netherlands/services/highly-skilled-migrant-sponsors/,service_directory,immigration,HIGH,Visa/immigration status decisions,yes,organization_only_ExpatCopilot,no,not_sampled,not_sampled,yes_immigration_or_strong_IND_sourcing,yes,HIGH YMYL; confirm on-page not-advice + official citations in implementation pass
https://www.expatcopilot.com/netherlands/services/housing-platforms/,/netherlands/services/housing-platforms/,service_directory,housing,MEDIUM,Housing costs / process — significant financial impact,yes,organization_only_ExpatCopilot,no,not_sampled,not_sampled,strong_official_source_citations_recommended,yes,
https://www.expatcopilot.com/netherlands/services/immigration-lawyers/,/netherlands/services/immigration-lawyers/,service_directory,professional_services,MEDIUM,Discovery of regulated professionals,yes,organization_only_ExpatCopilot,no,not_sampled,not_sampled,strong_official_source_citations_recommended,yes,
https://www.expatcopilot.com/netherlands/services/insurance-providers/,/netherlands/services/insurance-providers/,service_directory,insurance,MEDIUM,Insurance product discovery,yes,organization_only_ExpatCopilot,no,not_sampled,not_sampled,strong_official_source_citations_recommended,yes,
https://www.expatcopilot.com/netherlands/services/mobile-connectivity/,/netherlands/services/mobile-connectivity/,service_directory,services_directory,MEDIUM,Service directories can influence vendor choice; affiliate present,yes,organization_only_ExpatCopilot,no,not_sampled,not_sampled,strong_official_source_citations_recommended,yes,
https://www.expatcopilot.com/netherlands/services/mortgage-advisors/,/netherlands/services/mortgage-advisors/,service_directory,housing,MEDIUM,Housing costs / process — significant financial impact,yes,organization_only_ExpatCopilot,no,not_sampled,not_sampled,strong_official_source_citations_recommended,yes,
https://www.expatcopilot.com/netherlands/services/relocation-agencies/,/netherlands/services/relocation-agencies/,service_directory,services_directory,MEDIUM,Service directories can influence vendor choice; affiliate present,yes,organization_only_ExpatCopilot,no,not_sampled,not_sampled,strong_official_source_citations_recommended,yes,
https://www.expatcopilot.com/netherlands/services/relocation-services/,/netherlands/services/relocation-services/,service_directory,services_directory,MEDIUM,Service directories can influence vendor choice; affiliate present,yes,organization_only_ExpatCopilot,no,not_sampled,not_sampled,strong_official_source_citations_recommended,yes,
https://www.expatcopilot.com/netherlands/services/rental-agencies/,/netherlands/services/rental-agencies/,service_directory,housing,MEDIUM,Housing costs / process — significant financial impact,yes,organization_only_ExpatCopilot,no,not_sampled,not_sampled,strong_official_source_citations_recommended,yes,
https://www.expatcopilot.com/netherlands/services/startup-visa-advisors/,/netherlands/services/startup-visa-advisors/,service_directory,services_directory,MEDIUM,Service directories can influence vendor choice; affiliate present,yes,organization_only_ExpatCopilot,no,not_sampled,not_sampled,strong_official_source_citations_recommended,yes,
https://www.expatcopilot.com/netherlands/services/tax-advisors/,/netherlands/services/tax-advisors/,service_directory,professional_services,MEDIUM,Discovery of regulated professionals,yes,organization_only_ExpatCopilot,no,not_sampled,not_sampled,strong_official_source_citations_recommended,yes,
https://www.expatcopilot.com/netherlands/services/visa-consultants/,/netherlands/services/visa-consultants/,service_directory,immigration,HIGH,Visa/immigration status decisions,yes,organization_only_ExpatCopilot,no,not_sampled,not_sampled,yes_immigration_or_strong_IND_sourcing,yes,HIGH YMYL; confirm on-page not-advice + official citations in implementation pass
https://www.expatcopilot.com/netherlands/shipping-household-goods-netherlands/,/netherlands/shipping-household-goods-netherlands/,moving_guide,other,LOW,Not clearly YMYL-primary,yes,organization_only_ExpatCopilot,no,not_sampled,not_sampled,standard_editorial,maybe,
https://www.expatcopilot.com/netherlands/taxes/,/netherlands/taxes/,guide,tax,HIGH,"Tax treatment, rulings, allowances, payroll tax",yes,organization_only_ExpatCopilot,no,not_sampled,not_sampled,yes_tax_or_strong_Belastingdienst_sourcing,maybe,HIGH YMYL; confirm on-page not-advice + official citations in implementation pass
https://www.expatcopilot.com/netherlands/taxes/30-percent-ruling/,/netherlands/taxes/30-percent-ruling/,guide,tax,HIGH,"Tax treatment, rulings, allowances, payroll tax",yes,organization_only_ExpatCopilot,no,not_tax_advice|not_immigration,2,yes_tax_or_strong_Belastingdienst_sourcing,maybe,
https://www.expatcopilot.com/netherlands/taxes/average-salary-netherlands/,/netherlands/taxes/average-salary-netherlands/,guide,tax,HIGH,"Tax treatment, rulings, allowances, payroll tax",yes,organization_only_ExpatCopilot,no,not_sampled,not_sampled,yes_tax_or_strong_Belastingdienst_sourcing,maybe,HIGH YMYL; confirm on-page not-advice + official citations in implementation pass
https://www.expatcopilot.com/netherlands/taxes/bonus-tax-netherlands/,/netherlands/taxes/bonus-tax-netherlands/,guide,tax,HIGH,"Tax treatment, rulings, allowances, payroll tax",yes,organization_only_ExpatCopilot,no,not_sampled,not_sampled,yes_tax_or_strong_Belastingdienst_sourcing,maybe,HIGH YMYL; confirm on-page not-advice + official citations in implementation pass
https://www.expatcopilot.com/netherlands/taxes/childcare-allowance-netherlands/,/netherlands/taxes/childcare-allowance-netherlands/,guide,tax,HIGH,"Tax treatment, rulings, allowances, payroll tax",yes,organization_only_ExpatCopilot,no,not_sampled,not_sampled,yes_tax_or_strong_Belastingdienst_sourcing,maybe,HIGH YMYL; confirm on-page not-advice + official citations in implementation pass
https://www.expatcopilot.com/netherlands/taxes/double-taxation-netherlands/,/netherlands/taxes/double-taxation-netherlands/,guide,tax,HIGH,"Tax treatment, rulings, allowances, payroll tax",yes,organization_only_ExpatCopilot,no,not_sampled,not_sampled,yes_tax_or_strong_Belastingdienst_sourcing,maybe,HIGH YMYL; confirm on-page not-advice + official citations in implementation pass
https://www.expatcopilot.com/netherlands/taxes/foreign-income-netherlands/,/netherlands/taxes/foreign-income-netherlands/,guide,tax,HIGH,"Tax treatment, rulings, allowances, payroll tax",yes,organization_only_ExpatCopilot,no,not_sampled,not_sampled,yes_tax_or_strong_Belastingdienst_sourcing,maybe,HIGH YMYL; confirm on-page not-advice + official citations in implementation pass
https://www.expatcopilot.com/netherlands/taxes/gross-vs-net-salary/,/netherlands/taxes/gross-vs-net-salary/,comparison,tax,HIGH,"Tax treatment, rulings, allowances, payroll tax",yes,organization_only_ExpatCopilot,no,not_sampled,not_sampled,yes_tax_or_strong_Belastingdienst_sourcing,maybe,HIGH YMYL; confirm on-page not-advice + official citations in implementation pass
https://www.expatcopilot.com/netherlands/taxes/healthcare-allowance-netherlands/,/netherlands/taxes/healthcare-allowance-netherlands/,guide,tax,HIGH,"Tax treatment, rulings, allowances, payroll tax",yes,organization_only_ExpatCopilot,no,not_sampled,not_sampled,yes_tax_or_strong_Belastingdienst_sourcing,maybe,HIGH YMYL; confirm on-page not-advice + official citations in implementation pass
https://www.expatcopilot.com/netherlands/taxes/leaving-netherlands-tax/,/netherlands/taxes/leaving-netherlands-tax/,guide,tax,HIGH,"Tax treatment, rulings, allowances, payroll tax",yes,organization_only_ExpatCopilot,no,not_sampled,not_sampled,yes_tax_or_strong_Belastingdienst_sourcing,maybe,HIGH YMYL; confirm on-page not-advice + official citations in implementation pass
https://www.expatcopilot.com/netherlands/taxes/net-salary-netherlands/,/netherlands/taxes/net-salary-netherlands/,guide,tax,HIGH,"Tax treatment, rulings, allowances, payroll tax",yes,organization_only_ExpatCopilot,no,not_sampled,not_sampled,yes_tax_or_strong_Belastingdienst_sourcing,maybe,HIGH YMYL; confirm on-page not-advice + official citations in implementation pass
https://www.expatcopilot.com/netherlands/taxes/payroll-tax-netherlands/,/netherlands/taxes/payroll-tax-netherlands/,guide,tax,HIGH,"Tax treatment, rulings, allowances, payroll tax",yes,organization_only_ExpatCopilot,no,not_sampled,not_sampled,yes_tax_or_strong_Belastingdienst_sourcing,maybe,HIGH YMYL; confirm on-page not-advice + official citations in implementation pass
https://www.expatcopilot.com/netherlands/taxes/property-tax-netherlands/,/netherlands/taxes/property-tax-netherlands/,guide,tax,HIGH,"Tax treatment, rulings, allowances, payroll tax",yes,organization_only_ExpatCopilot,no,not_sampled,not_sampled,yes_tax_or_strong_Belastingdienst_sourcing,maybe,HIGH YMYL; confirm on-page not-advice + official citations in implementation pass
https://www.expatcopilot.com/netherlands/taxes/rent-allowance-netherlands/,/netherlands/taxes/rent-allowance-netherlands/,guide,tax,HIGH,"Tax treatment, rulings, allowances, payroll tax",yes,organization_only_ExpatCopilot,no,not_sampled,not_sampled,yes_tax_or_strong_Belastingdienst_sourcing,maybe,HIGH YMYL; confirm on-page not-advice + official citations in implementation pass
https://www.expatcopilot.com/netherlands/taxes/taxes-after-moving-netherlands/,/netherlands/taxes/taxes-after-moving-netherlands/,guide,tax,HIGH,"Tax treatment, rulings, allowances, payroll tax",yes,organization_only_ExpatCopilot,no,not_sampled,not_sampled,yes_tax_or_strong_Belastingdienst_sourcing,maybe,HIGH YMYL; confirm on-page not-advice + official citations in implementation pass
https://www.expatcopilot.com/netherlands/taxes/tools/,/netherlands/taxes/tools/,tool_calculator,tax,HIGH,"Tax treatment, rulings, allowances, payroll tax",yes,organization_only_ExpatCopilot,no,not_sampled,not_sampled,yes_tax_or_strong_Belastingdienst_sourcing,yes,HIGH YMYL; confirm on-page not-advice + official citations in implementation pass
https://www.expatcopilot.com/netherlands/taxes/tools/30-ruling-calculator/,/netherlands/taxes/tools/30-ruling-calculator/,tool_calculator,tax,HIGH,"Tax treatment, rulings, allowances, payroll tax",yes,organization_only_ExpatCopilot,no,not_sampled,not_sampled,yes_tax_or_strong_Belastingdienst_sourcing,yes,HIGH YMYL; confirm on-page not-advice + official citations in implementation pass
https://www.expatcopilot.com/netherlands/taxes/tools/double-tax-awareness-tool/,/netherlands/taxes/tools/double-tax-awareness-tool/,tool_calculator,tax,HIGH,"Tax treatment, rulings, allowances, payroll tax",yes,organization_only_ExpatCopilot,no,not_sampled,not_sampled,yes_tax_or_strong_Belastingdienst_sourcing,yes,HIGH YMYL; confirm on-page not-advice + official citations in implementation pass
https://www.expatcopilot.com/netherlands/taxes/tools/dutch-salary-net-calculator/,/netherlands/taxes/tools/dutch-salary-net-calculator/,tool_calculator,tax,HIGH,"Tax treatment, rulings, allowances, payroll tax",yes,organization_only_ExpatCopilot,no,not_legal_advice|not_tax_advice,2,yes_tax_or_strong_Belastingdienst_sourcing,yes,
https://www.expatcopilot.com/netherlands/taxes/tools/healthcare-allowance-estimator/,/netherlands/taxes/tools/healthcare-allowance-estimator/,tool_calculator,tax,HIGH,"Tax treatment, rulings, allowances, payroll tax",yes,organization_only_ExpatCopilot,no,not_sampled,not_sampled,yes_tax_or_strong_Belastingdienst_sourcing,yes,HIGH YMYL; confirm on-page not-advice + official citations in implementation pass
https://www.expatcopilot.com/netherlands/the-hague/,/netherlands/the-hague/,city_page,cities_lifestyle,MEDIUM,City hubs include housing/cost/admin orientation,yes,organization_only_ExpatCopilot,no,not_sampled,not_sampled,strong_official_source_citations_recommended,maybe,
https://www.expatcopilot.com/netherlands/tilburg/,/netherlands/tilburg/,city_page,cities_lifestyle,MEDIUM,City hubs include housing/cost/admin orientation,yes,organization_only_ExpatCopilot,no,not_sampled,not_sampled,strong_official_source_citations_recommended,maybe,
https://www.expatcopilot.com/netherlands/tools/,/netherlands/tools/,tool_calculator,tools_general,MEDIUM,Planning tools may influence money/admin decisions,yes,organization_only_ExpatCopilot,no,not_sampled,not_sampled,strong_official_source_citations_recommended,yes,
https://www.expatcopilot.com/netherlands/tools/advanced/,/netherlands/tools/advanced/,tool_calculator,tools_general,MEDIUM,Planning tools may influence money/admin decisions,yes,organization_only_ExpatCopilot,no,not_sampled,not_sampled,strong_official_source_citations_recommended,yes,
https://www.expatcopilot.com/netherlands/tools/bank-comparison/,/netherlands/tools/bank-comparison/,tool_calculator,finance,MEDIUM,Financial planning / banking — material money impact,yes,organization_only_ExpatCopilot,no,not_sampled,not_sampled,strong_official_source_citations_recommended,yes,
https://www.expatcopilot.com/netherlands/tools/banking-cost-estimator/,/netherlands/tools/banking-cost-estimator/,tool_calculator,finance,MEDIUM,Financial planning / banking — material money impact,yes,organization_only_ExpatCopilot,no,not_sampled,not_sampled,strong_official_source_citations_recommended,yes,
https://www.expatcopilot.com/netherlands/tools/city-comparison/,/netherlands/tools/city-comparison/,tool_calculator,tools_general,MEDIUM,Planning tools may influence money/admin decisions,yes,organization_only_ExpatCopilot,no,not_sampled,not_sampled,strong_official_source_citations_recommended,yes,
https://www.expatcopilot.com/netherlands/tools/transfer-cost-calculator/,/netherlands/tools/transfer-cost-calculator/,tool_calculator,finance,MEDIUM,Financial planning / banking — material money impact,yes,organization_only_ExpatCopilot,no,not_sampled,not_sampled,strong_official_source_citations_recommended,yes,
https://www.expatcopilot.com/netherlands/transport/tools/,/netherlands/transport/tools/,tool_calculator,transport,LOW,Transport orientation,yes,organization_only_ExpatCopilot,no,not_sampled,not_sampled,standard_editorial,yes,
https://www.expatcopilot.com/netherlands/utilities/,/netherlands/utilities/,guide,other,LOW,Not clearly YMYL-primary,yes,organization_only_ExpatCopilot,no,not_sampled,not_sampled,standard_editorial,maybe,
https://www.expatcopilot.com/netherlands/utilities/energy-and-water-netherlands/,/netherlands/utilities/energy-and-water-netherlands/,guide,other,LOW,Not clearly YMYL-primary,yes,organization_only_ExpatCopilot,no,not_sampled,not_sampled,standard_editorial,maybe,
https://www.expatcopilot.com/netherlands/utilities/internet-and-mobile-netherlands/,/netherlands/utilities/internet-and-mobile-netherlands/,guide,other,LOW,Not clearly YMYL-primary,yes,organization_only_ExpatCopilot,no,not_sampled,not_sampled,standard_editorial,maybe,
https://www.expatcopilot.com/netherlands/utilities/utilities-netherlands/,/netherlands/utilities/utilities-netherlands/,guide,other,LOW,Not clearly YMYL-primary,yes,organization_only_ExpatCopilot,no,not_sampled,not_sampled,standard_editorial,maybe,
https://www.expatcopilot.com/netherlands/utrecht/,/netherlands/utrecht/,city_page,cities_lifestyle,MEDIUM,City hubs include housing/cost/admin orientation,yes,organization_only_ExpatCopilot,no,not_sampled,not_sampled,strong_official_source_citations_recommended,maybe,
https://www.expatcopilot.com/netherlands/visa-application-plan/,/netherlands/visa-application-plan/,tool_calculator,immigration,HIGH,Visa/immigration status decisions,yes,organization_only_ExpatCopilot,no,not_sampled,not_sampled,yes_immigration_or_strong_IND_sourcing,maybe,HIGH YMYL; confirm on-page not-advice + official citations in implementation pass
https://www.expatcopilot.com/netherlands/visa-checker/,/netherlands/visa-checker/,tool_calculator,immigration,HIGH,Visa/immigration status decisions,yes,organization_only_ExpatCopilot,no,not_legal_advice,2,yes_immigration_or_strong_IND_sourcing,maybe,
https://www.expatcopilot.com/netherlands/visa-cost-calculator/,/netherlands/visa-cost-calculator/,tool_calculator,immigration,HIGH,Visa/immigration status decisions,yes,organization_only_ExpatCopilot,no,not_sampled,not_sampled,yes_immigration_or_strong_IND_sourcing,maybe,HIGH YMYL; confirm on-page not-advice + official citations in implementation pass
https://www.expatcopilot.com/netherlands/visa-timeline-estimator/,/netherlands/visa-timeline-estimator/,tool_calculator,immigration,HIGH,Visa/immigration status decisions,yes,organization_only_ExpatCopilot,no,not_sampled,not_sampled,yes_immigration_or_strong_IND_sourcing,maybe,HIGH YMYL; confirm on-page not-advice + official citations in implementation pass
https://www.expatcopilot.com/netherlands/visa/compare-visas/,/netherlands/visa/compare-visas/,visa_guide,immigration,HIGH,Visa/immigration status decisions,yes,organization_only_ExpatCopilot,no,not_sampled,not_sampled,yes_immigration_or_strong_IND_sourcing,maybe,HIGH YMYL; confirm on-page not-advice + official citations in implementation pass
https://www.expatcopilot.com/netherlands/visa/dutch-american-friendship-treaty/,/netherlands/visa/dutch-american-friendship-treaty/,visa_guide,immigration,HIGH,Visa/immigration status decisions,yes,organization_only_ExpatCopilot,no,not_sampled,not_sampled,yes_immigration_or_strong_IND_sourcing,maybe,HIGH YMYL; confirm on-page not-advice + official citations in implementation pass
https://www.expatcopilot.com/netherlands/visa/eu-blue-card/,/netherlands/visa/eu-blue-card/,visa_guide,immigration,HIGH,Visa/immigration status decisions,yes,organization_only_ExpatCopilot,no,not_sampled,not_sampled,yes_immigration_or_strong_IND_sourcing,maybe,HIGH YMYL; confirm on-page not-advice + official citations in implementation pass
https://www.expatcopilot.com/netherlands/visa/highly-skilled-migrant/,/netherlands/visa/highly-skilled-migrant/,visa_guide,immigration,HIGH,Visa/immigration status decisions,yes,organization_only_ExpatCopilot,no,not_legal_advice|not_immigration,2,yes_immigration_or_strong_IND_sourcing,maybe,
https://www.expatcopilot.com/netherlands/visa/partner-family-visa/,/netherlands/visa/partner-family-visa/,visa_guide,immigration,HIGH,Visa/immigration status decisions,yes,organization_only_ExpatCopilot,no,not_sampled,not_sampled,yes_immigration_or_strong_IND_sourcing,maybe,HIGH YMYL; confirm on-page not-advice + official citations in implementation pass
https://www.expatcopilot.com/netherlands/visa/self-employed-visa/,/netherlands/visa/self-employed-visa/,visa_guide,immigration,HIGH,Visa/immigration status decisions,yes,organization_only_ExpatCopilot,no,not_sampled,not_sampled,yes_immigration_or_strong_IND_sourcing,maybe,HIGH YMYL; confirm on-page not-advice + official citations in implementation pass
https://www.expatcopilot.com/netherlands/visa/student-visa/,/netherlands/visa/student-visa/,visa_guide,immigration,HIGH,Visa/immigration status decisions,yes,organization_only_ExpatCopilot,no,not_sampled,not_sampled,yes_immigration_or_strong_IND_sourcing,maybe,HIGH YMYL; confirm on-page not-advice + official citations in implementation pass
https://www.expatcopilot.com/netherlands/work/tools/,/netherlands/work/tools/,tool_calculator,employment,MEDIUM,Work/career guidance — moderate YMYL,yes,organization_only_ExpatCopilot,no,not_sampled,not_sampled,strong_official_source_citations_recommended,yes,
https://www.expatcopilot.com/netherlands/work/tools/employment-contract-risk-scanner/,/netherlands/work/tools/employment-contract-risk-scanner/,tool_calculator,employment,MEDIUM,Work/career guidance — moderate YMYL,yes,organization_only_ExpatCopilot,no,not_sampled,not_sampled,strong_official_source_citations_recommended,yes,
https://www.expatcopilot.com/netherlands/work/tools/employment-type-scenario-tool/,/netherlands/work/tools/employment-type-scenario-tool/,tool_calculator,employment,MEDIUM,Work/career guidance — moderate YMYL,yes,organization_only_ExpatCopilot,no,not_sampled,not_sampled,strong_official_source_citations_recommended,yes,
https://www.expatcopilot.com/netherlands/work/tools/job-offer-comparison/,/netherlands/work/tools/job-offer-comparison/,tool_calculator,employment,MEDIUM,Work/career guidance — moderate YMYL,yes,organization_only_ExpatCopilot,no,not_sampled,not_sampled,strong_official_source_citations_recommended,yes,
https://www.expatcopilot.com/netherlands/work/tools/payslip-decoder/,/netherlands/work/tools/payslip-decoder/,tool_calculator,employment,MEDIUM,Work/career guidance — moderate YMYL,yes,organization_only_ExpatCopilot,no,not_sampled,not_sampled,strong_official_source_citations_recommended,yes,
https://www.expatcopilot.com/privacy/,/privacy/,trust_legal,trust_or_hub,LOW,Trust/hub page; not primary advice content,yes,organization_only_ExpatCopilot,no,not_sampled,not_sampled,standard_editorial,maybe,
https://www.expatcopilot.com/sitemap/,/sitemap/,hub,other,LOW,Not clearly YMYL-primary,yes,organization_only_ExpatCopilot,no,not_sampled,not_sampled,standard_editorial,maybe,
https://www.expatcopilot.com/sources/,/sources/,trust_legal,trust_or_hub,LOW,Trust/hub page; not primary advice content,yes,organization_only_ExpatCopilot,no,none_detected_in_sample,4,standard_editorial,maybe,
https://www.expatcopilot.com/terms/,/terms/,trust_legal,trust_or_hub,LOW,Trust/hub page; not primary advice content,yes,organization_only_ExpatCopilot,no,not_sampled,not_sampled,standard_editorial,maybe,
